SET DEFINE OFF;


-------------------------------------------------
--       PD00000460-10007083
-------------------------------------------------
-- Productos con diferentes financiaciones

DELETE FROM "COHERENCE_COMMON"."ECI_FIN_PROMOTION_AMOUNT_SIM"
WHERE PROMOTION_ID IN (
'20200317',
'20200318',
'20200319',
'20200320',
'20200321'
);

DELETE FROM "COHERENCE_COMMON"."ECI_FINANCING_PROMOTION_AMOUNT"
WHERE PROMOTION_ID IN (
'20200317',
'20200318',
'20200319',
'20200320',
'20200321'
);

DELETE FROM "COHERENCE_COMMON"."ECI_FINANCING_PROMOTION_REF"
WHERE PROMOTION_ID IN (
'20200317',
'20200318',
'20200319',
'20200320',
'20200321'
);

DELETE FROM "COHERENCE_COMMON"."ECI_FIN_PROMOTION_REF_KEY"
WHERE CATALOG_REF_ID IN (
'001004720111469   ',
'001004710355720   ',
'001004720114331   ',
'001004721219576   ',
'001004710107113   ',
'001004710374085   ',
'001004710109473   '
);

DELETE FROM "COHERENCE_COMMON"."ECI_FINANCING_PROMOTION_CENTRE"
WHERE PROMOTION_ID IN (
'20200317',
'20200318',
'20200319',
'20200320',
'20200321'
);

DELETE FROM "COHERENCE_COMMON"."ECI_FINANCING_PROMOTION"
WHERE PROMOTION_ID IN (
'20200317',
'20200318',
'20200319',
'20200320',
'20200321'
);


INSERT INTO "COHERENCE_COMMON"."ECI_FINANCING_PROMOTION" (PROMOTION_ID, COD_FINANCING_PROMOTION, DESC_PROMOTION, PAYMENT_TYPE, FINANCING_TYPE, MONTHS_FIRST_STRETCH_INIT, MONTHS_FIRST_STRETCH_END, MIN_QUOTE_CONTRACTS, MIN_IMPORT, PROCESSING_COSTS, END_DATE_FINANCING_PROM, PERCENTAGE_INTEREST_INIT, PERCENTAGE_INTEREST_END, EXPIRATION_TYPE, INITIAL_DATE, END_DATE) VALUES ('20200317', '20180701', 'PROMO_M_1', 'FPP', '1', '1', '36', '30', '0', '0', TO_TIMESTAMP('2019-02-28 00:00:00', 'YYYY-MM-DD HH24:MI:SS'), '0', '0', 'M', TO_TIMESTAMP('2018-07-04 00:00:00', 'YYYY-MM-DD HH24:MI:SS'), TO_TIMESTAMP('2099-07-25 23:59:00', 'YYYY-MM-DD HH24:MI:SS'));
INSERT INTO "COHERENCE_COMMON"."ECI_FINANCING_PROMOTION" (PROMOTION_ID, COD_FINANCING_PROMOTION, DESC_PROMOTION, PAYMENT_TYPE, FINANCING_TYPE, MONTHS_FIRST_STRETCH_INIT, MONTHS_FIRST_STRETCH_END, MIN_QUOTE_CONTRACTS, MIN_IMPORT, PROCESSING_COSTS, END_DATE_FINANCING_PROM, PERCENTAGE_INTEREST_INIT, PERCENTAGE_INTEREST_END, EXPIRATION_TYPE, INITIAL_DATE, END_DATE) VALUES ('20200318', '20180701', 'PROMO_M_2', 'FPP', '1', '1', '36', '30', '0', '0', TO_TIMESTAMP('2019-02-28 00:00:00', 'YYYY-MM-DD HH24:MI:SS'), '0', '0', 'M', TO_TIMESTAMP('2018-07-04 00:00:00', 'YYYY-MM-DD HH24:MI:SS'), TO_TIMESTAMP('2099-07-25 23:59:00', 'YYYY-MM-DD HH24:MI:SS'));
INSERT INTO "COHERENCE_COMMON"."ECI_FINANCING_PROMOTION" (PROMOTION_ID, COD_FINANCING_PROMOTION, DESC_PROMOTION, PAYMENT_TYPE, FINANCING_TYPE, MONTHS_FIRST_STRETCH_INIT, MONTHS_FIRST_STRETCH_END, MIN_QUOTE_CONTRACTS, MIN_IMPORT, PROCESSING_COSTS, END_DATE_FINANCING_PROM, PERCENTAGE_INTEREST_INIT, PERCENTAGE_INTEREST_END, EXPIRATION_TYPE, INITIAL_DATE, END_DATE) VALUES ('20200319', '20180701', 'PROMO_M_3', 'FPP', '1', '1', '36', '30', '0', '9', TO_TIMESTAMP('2019-02-28 00:00:00', 'YYYY-MM-DD HH24:MI:SS'), '0', '0', 'M', TO_TIMESTAMP('2018-07-04 00:00:00', 'YYYY-MM-DD HH24:MI:SS'), TO_TIMESTAMP('2099-07-25 23:59:00', 'YYYY-MM-DD HH24:MI:SS'));
INSERT INTO "COHERENCE_COMMON"."ECI_FINANCING_PROMOTION" (PROMOTION_ID, COD_FINANCING_PROMOTION, DESC_PROMOTION, PAYMENT_TYPE, FINANCING_TYPE, MONTHS_FIRST_STRETCH_INIT, MONTHS_FIRST_STRETCH_END, MIN_QUOTE_CONTRACTS, MIN_IMPORT, PROCESSING_COSTS, END_DATE_FINANCING_PROM, PERCENTAGE_INTEREST_INIT, PERCENTAGE_INTEREST_END, EXPIRATION_TYPE, INITIAL_DATE, END_DATE) VALUES ('20200320', '20180701', 'PROMO_M_4', 'FPP', '1', '1', '36', '30', '0', '9', TO_TIMESTAMP('2019-02-28 00:00:00', 'YYYY-MM-DD HH24:MI:SS'), '0', '0', 'M', TO_TIMESTAMP('2018-07-04 00:00:00', 'YYYY-MM-DD HH24:MI:SS'), TO_TIMESTAMP('2099-07-25 23:59:00', 'YYYY-MM-DD HH24:MI:SS'));
INSERT INTO "COHERENCE_COMMON"."ECI_FINANCING_PROMOTION" (PROMOTION_ID, COD_FINANCING_PROMOTION, DESC_PROMOTION, PAYMENT_TYPE, FINANCING_TYPE, MONTHS_FIRST_STRETCH_INIT, MONTHS_FIRST_STRETCH_END, MIN_QUOTE_CONTRACTS, MIN_IMPORT, PROCESSING_COSTS, END_DATE_FINANCING_PROM, PERCENTAGE_INTEREST_INIT, PERCENTAGE_INTEREST_END, EXPIRATION_TYPE, INITIAL_DATE, END_DATE) VALUES ('20200321', '20180701', 'PROMO_M_5', 'FPP', '1', '1', '36', '30', '0', '0', TO_TIMESTAMP('2019-02-28 00:00:00', 'YYYY-MM-DD HH24:MI:SS'), '0', '0', 'M', TO_TIMESTAMP('2018-07-04 00:00:00', 'YYYY-MM-DD HH24:MI:SS'), TO_TIMESTAMP('2099-07-25 23:59:00', 'YYYY-MM-DD HH24:MI:SS'));

INSERT INTO "COHERENCE_COMMON"."ECI_FINANCING_PROMOTION_CENTRE" (COMPANY_ID, CENTRE_ID, PROMOTION_ID) VALUES ('001', '0090', '20200317');
INSERT INTO "COHERENCE_COMMON"."ECI_FINANCING_PROMOTION_CENTRE" (COMPANY_ID, CENTRE_ID, PROMOTION_ID) VALUES ('001', '0090', '20200318');
INSERT INTO "COHERENCE_COMMON"."ECI_FINANCING_PROMOTION_CENTRE" (COMPANY_ID, CENTRE_ID, PROMOTION_ID) VALUES ('001', '0090', '20200319');
INSERT INTO "COHERENCE_COMMON"."ECI_FINANCING_PROMOTION_CENTRE" (COMPANY_ID, CENTRE_ID, PROMOTION_ID) VALUES ('001', '0090', '20200320');
INSERT INTO "COHERENCE_COMMON"."ECI_FINANCING_PROMOTION_CENTRE" (COMPANY_ID, CENTRE_ID, PROMOTION_ID) VALUES ('001', '0090', '20200321');

INSERT INTO "COHERENCE_COMMON"."ECI_FIN_PROMOTION_REF_KEY" (COMPANY_ID, CENTRE_ID, CATALOG_REF_ID, IDX) VALUES ('001', '0090', '001004710355720   ', '1000');
INSERT INTO "COHERENCE_COMMON"."ECI_FIN_PROMOTION_REF_KEY" (COMPANY_ID, CENTRE_ID, CATALOG_REF_ID, IDX) VALUES ('001', '0090', '001004710107113   ', '1000');
INSERT INTO "COHERENCE_COMMON"."ECI_FIN_PROMOTION_REF_KEY" (COMPANY_ID, CENTRE_ID, CATALOG_REF_ID, IDX) VALUES ('001', '0090', '001004720111469   ', '1000');
INSERT INTO "COHERENCE_COMMON"."ECI_FIN_PROMOTION_REF_KEY" (COMPANY_ID, CENTRE_ID, CATALOG_REF_ID, IDX) VALUES ('001', '0090', '001004720114331   ', '1000');
INSERT INTO "COHERENCE_COMMON"."ECI_FIN_PROMOTION_REF_KEY" (COMPANY_ID, CENTRE_ID, CATALOG_REF_ID, IDX) VALUES ('001', '0090', '001004721219576   ', '1000');
INSERT INTO "COHERENCE_COMMON"."ECI_FIN_PROMOTION_REF_KEY" (COMPANY_ID, CENTRE_ID, CATALOG_REF_ID, IDX) VALUES ('001', '0090', '001004710374085   ', '1000');
INSERT INTO "COHERENCE_COMMON"."ECI_FIN_PROMOTION_REF_KEY" (COMPANY_ID, CENTRE_ID, CATALOG_REF_ID, IDX) VALUES ('001', '0090', '001004710109473   ', '1000');


INSERT INTO "COHERENCE_COMMON"."ECI_FINANCING_PROMOTION_REF" (COMPANY_ID, CENTRE_ID, CATALOG_REF_ID, PROMOTION_ID, INIT_DATE_PROMOTION, END_DATE_PROMOTION) VALUES ('001', '0090', '001004710355720   ', '20200317', TO_TIMESTAMP('2018-04-17 00:00:00', 'YYYY-MM-DD HH24:MI:SS'), TO_TIMESTAMP('2099-07-25 23:59:00', 'YYYY-MM-DD HH24:MI:SS'));
INSERT INTO "COHERENCE_COMMON"."ECI_FINANCING_PROMOTION_REF" (COMPANY_ID, CENTRE_ID, CATALOG_REF_ID, PROMOTION_ID, INIT_DATE_PROMOTION, END_DATE_PROMOTION) VALUES ('001', '0090', '001004710355720   ', '20200318', TO_TIMESTAMP('2018-04-17 00:00:00', 'YYYY-MM-DD HH24:MI:SS'), TO_TIMESTAMP('2099-07-25 23:59:00', 'YYYY-MM-DD HH24:MI:SS'));
INSERT INTO "COHERENCE_COMMON"."ECI_FINANCING_PROMOTION_REF" (COMPANY_ID, CENTRE_ID, CATALOG_REF_ID, PROMOTION_ID, INIT_DATE_PROMOTION, END_DATE_PROMOTION) VALUES ('001', '0090', '001004710107113   ', '20200317', TO_TIMESTAMP('2018-04-17 00:00:00', 'YYYY-MM-DD HH24:MI:SS'), TO_TIMESTAMP('2099-07-25 23:59:00', 'YYYY-MM-DD HH24:MI:SS'));
INSERT INTO "COHERENCE_COMMON"."ECI_FINANCING_PROMOTION_REF" (COMPANY_ID, CENTRE_ID, CATALOG_REF_ID, PROMOTION_ID, INIT_DATE_PROMOTION, END_DATE_PROMOTION) VALUES ('001', '0090', '001004710107113   ', '20200319', TO_TIMESTAMP('2018-04-17 00:00:00', 'YYYY-MM-DD HH24:MI:SS'), TO_TIMESTAMP('2099-07-25 23:59:00', 'YYYY-MM-DD HH24:MI:SS'));
INSERT INTO "COHERENCE_COMMON"."ECI_FINANCING_PROMOTION_REF" (COMPANY_ID, CENTRE_ID, CATALOG_REF_ID, PROMOTION_ID, INIT_DATE_PROMOTION, END_DATE_PROMOTION) VALUES ('001', '0090', '001004720111469   ', '20200319', TO_TIMESTAMP('2018-04-17 00:00:00', 'YYYY-MM-DD HH24:MI:SS'), TO_TIMESTAMP('2099-07-25 23:59:00', 'YYYY-MM-DD HH24:MI:SS'));
INSERT INTO "COHERENCE_COMMON"."ECI_FINANCING_PROMOTION_REF" (COMPANY_ID, CENTRE_ID, CATALOG_REF_ID, PROMOTION_ID, INIT_DATE_PROMOTION, END_DATE_PROMOTION) VALUES ('001', '0090', '001004720111469   ', '20200320', TO_TIMESTAMP('2018-04-17 00:00:00', 'YYYY-MM-DD HH24:MI:SS'), TO_TIMESTAMP('2099-07-25 23:59:00', 'YYYY-MM-DD HH24:MI:SS'));
INSERT INTO "COHERENCE_COMMON"."ECI_FINANCING_PROMOTION_REF" (COMPANY_ID, CENTRE_ID, CATALOG_REF_ID, PROMOTION_ID, INIT_DATE_PROMOTION, END_DATE_PROMOTION) VALUES ('001', '0090', '001004720114331   ', '20200317', TO_TIMESTAMP('2018-04-17 00:00:00', 'YYYY-MM-DD HH24:MI:SS'), TO_TIMESTAMP('2099-07-25 23:59:00', 'YYYY-MM-DD HH24:MI:SS'));
INSERT INTO "COHERENCE_COMMON"."ECI_FINANCING_PROMOTION_REF" (COMPANY_ID, CENTRE_ID, CATALOG_REF_ID, PROMOTION_ID, INIT_DATE_PROMOTION, END_DATE_PROMOTION) VALUES ('001', '0090', '001004720114331   ', '20200318', TO_TIMESTAMP('2018-04-17 00:00:00', 'YYYY-MM-DD HH24:MI:SS'), TO_TIMESTAMP('2099-07-25 23:59:00', 'YYYY-MM-DD HH24:MI:SS'));
INSERT INTO "COHERENCE_COMMON"."ECI_FINANCING_PROMOTION_REF" (COMPANY_ID, CENTRE_ID, CATALOG_REF_ID, PROMOTION_ID, INIT_DATE_PROMOTION, END_DATE_PROMOTION) VALUES ('001', '0090', '001004720114331   ', '20200321', TO_TIMESTAMP('2018-04-17 00:00:00', 'YYYY-MM-DD HH24:MI:SS'), TO_TIMESTAMP('2099-07-25 23:59:00', 'YYYY-MM-DD HH24:MI:SS'));
INSERT INTO "COHERENCE_COMMON"."ECI_FINANCING_PROMOTION_REF" (COMPANY_ID, CENTRE_ID, CATALOG_REF_ID, PROMOTION_ID, INIT_DATE_PROMOTION, END_DATE_PROMOTION) VALUES ('001', '0090', '001004721219576   ', '20200317', TO_TIMESTAMP('2018-04-17 00:00:00', 'YYYY-MM-DD HH24:MI:SS'), TO_TIMESTAMP('2099-07-25 23:59:00', 'YYYY-MM-DD HH24:MI:SS'));
INSERT INTO "COHERENCE_COMMON"."ECI_FINANCING_PROMOTION_REF" (COMPANY_ID, CENTRE_ID, CATALOG_REF_ID, PROMOTION_ID, INIT_DATE_PROMOTION, END_DATE_PROMOTION) VALUES ('001', '0090', '001004721219576   ', '20200319', TO_TIMESTAMP('2018-04-17 00:00:00', 'YYYY-MM-DD HH24:MI:SS'), TO_TIMESTAMP('2099-07-25 23:59:00', 'YYYY-MM-DD HH24:MI:SS'));
INSERT INTO "COHERENCE_COMMON"."ECI_FINANCING_PROMOTION_REF" (COMPANY_ID, CENTRE_ID, CATALOG_REF_ID, PROMOTION_ID, INIT_DATE_PROMOTION, END_DATE_PROMOTION) VALUES ('001', '0090', '001004721219576   ', '20200320', TO_TIMESTAMP('2018-04-17 00:00:00', 'YYYY-MM-DD HH24:MI:SS'), TO_TIMESTAMP('2099-07-25 23:59:00', 'YYYY-MM-DD HH24:MI:SS'));
INSERT INTO "COHERENCE_COMMON"."ECI_FINANCING_PROMOTION_REF" (COMPANY_ID, CENTRE_ID, CATALOG_REF_ID, PROMOTION_ID, INIT_DATE_PROMOTION, END_DATE_PROMOTION) VALUES ('001', '0090', '001004710374085   ', '20200317', TO_TIMESTAMP('2018-04-17 00:00:00', 'YYYY-MM-DD HH24:MI:SS'), TO_TIMESTAMP('2099-07-25 23:59:00', 'YYYY-MM-DD HH24:MI:SS'));
INSERT INTO "COHERENCE_COMMON"."ECI_FINANCING_PROMOTION_REF" (COMPANY_ID, CENTRE_ID, CATALOG_REF_ID, PROMOTION_ID, INIT_DATE_PROMOTION, END_DATE_PROMOTION) VALUES ('001', '0090', '001004710374085   ', '20200318', TO_TIMESTAMP('2018-04-17 00:00:00', 'YYYY-MM-DD HH24:MI:SS'), TO_TIMESTAMP('2099-07-25 23:59:00', 'YYYY-MM-DD HH24:MI:SS'));
INSERT INTO "COHERENCE_COMMON"."ECI_FINANCING_PROMOTION_REF" (COMPANY_ID, CENTRE_ID, CATALOG_REF_ID, PROMOTION_ID, INIT_DATE_PROMOTION, END_DATE_PROMOTION) VALUES ('001', '0090', '001004710374085   ', '20200319', TO_TIMESTAMP('2018-04-17 00:00:00', 'YYYY-MM-DD HH24:MI:SS'), TO_TIMESTAMP('2099-07-25 23:59:00', 'YYYY-MM-DD HH24:MI:SS'));
INSERT INTO "COHERENCE_COMMON"."ECI_FINANCING_PROMOTION_REF" (COMPANY_ID, CENTRE_ID, CATALOG_REF_ID, PROMOTION_ID, INIT_DATE_PROMOTION, END_DATE_PROMOTION) VALUES ('001', '0090', '001004710109473   ', '20200317', TO_TIMESTAMP('2018-04-17 00:00:00', 'YYYY-MM-DD HH24:MI:SS'), TO_TIMESTAMP('2099-07-25 23:59:00', 'YYYY-MM-DD HH24:MI:SS'));
INSERT INTO "COHERENCE_COMMON"."ECI_FINANCING_PROMOTION_REF" (COMPANY_ID, CENTRE_ID, CATALOG_REF_ID, PROMOTION_ID, INIT_DATE_PROMOTION, END_DATE_PROMOTION) VALUES ('001', '0090', '001004710109473   ', '20200319', TO_TIMESTAMP('2018-04-17 00:00:00', 'YYYY-MM-DD HH24:MI:SS'), TO_TIMESTAMP('2099-07-25 23:59:00', 'YYYY-MM-DD HH24:MI:SS'));
INSERT INTO "COHERENCE_COMMON"."ECI_FINANCING_PROMOTION_REF" (COMPANY_ID, CENTRE_ID, CATALOG_REF_ID, PROMOTION_ID, INIT_DATE_PROMOTION, END_DATE_PROMOTION) VALUES ('001', '0090', '001004710109473   ', '20200320', TO_TIMESTAMP('2018-04-17 00:00:00', 'YYYY-MM-DD HH24:MI:SS'), TO_TIMESTAMP('2099-07-25 23:59:00', 'YYYY-MM-DD HH24:MI:SS'));

Insert into COHERENCE_COMMON.ECI_FINANCING_PROMOTION_AMOUNT (PROMOTION_ID,FINANCING_AMOUNT,PROMOTION_DESC,IND_DOUBLE_TIN,START_DATE,END_DATE) values ('20200317','246.91','PROD1_PROMO_M_1','0',to_timestamp('04/07/2018 00:00:00','DD/MM/YYYY HH24:MI:SS'),to_timestamp('25/07/2099 23:59:00','DD/MM/YYYY HH24:MI:SS'));
Insert into COHERENCE_COMMON.ECI_FINANCING_PROMOTION_AMOUNT (PROMOTION_ID,FINANCING_AMOUNT,PROMOTION_DESC,IND_DOUBLE_TIN,START_DATE,END_DATE) values ('20200318','246.91','PROD1_PROMO_M_2','0',to_timestamp('04/07/2018 00:00:00','DD/MM/YYYY HH24:MI:SS'),to_timestamp('25/07/2099 23:59:00','DD/MM/YYYY HH24:MI:SS'));
Insert into COHERENCE_COMMON.ECI_FINANCING_PROMOTION_AMOUNT (PROMOTION_ID,FINANCING_AMOUNT,PROMOTION_DESC,IND_DOUBLE_TIN,START_DATE,END_DATE) values ('20200317','398.05','PROD2_PROMO_M_1','0',to_timestamp('04/07/2018 00:00:00','DD/MM/YYYY HH24:MI:SS'),to_timestamp('25/07/2099 23:59:00','DD/MM/YYYY HH24:MI:SS'));
Insert into COHERENCE_COMMON.ECI_FINANCING_PROMOTION_AMOUNT (PROMOTION_ID,FINANCING_AMOUNT,PROMOTION_DESC,IND_DOUBLE_TIN,START_DATE,END_DATE) values ('20200319','398.05','PROD2_PROMO_M_3','0',to_timestamp('04/07/2018 00:00:00','DD/MM/YYYY HH24:MI:SS'),to_timestamp('25/07/2099 23:59:00','DD/MM/YYYY HH24:MI:SS'));
Insert into COHERENCE_COMMON.ECI_FINANCING_PROMOTION_AMOUNT (PROMOTION_ID,FINANCING_AMOUNT,PROMOTION_DESC,IND_DOUBLE_TIN,START_DATE,END_DATE) values ('20200319','189.05','PROD3_PROMO_M_3','0',to_timestamp('04/07/2018 00:00:00','DD/MM/YYYY HH24:MI:SS'),to_timestamp('25/07/2099 23:59:00','DD/MM/YYYY HH24:MI:SS'));
Insert into COHERENCE_COMMON.ECI_FINANCING_PROMOTION_AMOUNT (PROMOTION_ID,FINANCING_AMOUNT,PROMOTION_DESC,IND_DOUBLE_TIN,START_DATE,END_DATE) values ('20200320','189.05','PROD3_PROMO_M_4','0',to_timestamp('04/07/2018 00:00:00','DD/MM/YYYY HH24:MI:SS'),to_timestamp('25/07/2099 23:59:00','DD/MM/YYYY HH24:MI:SS'));
Insert into COHERENCE_COMMON.ECI_FINANCING_PROMOTION_AMOUNT (PROMOTION_ID,FINANCING_AMOUNT,PROMOTION_DESC,IND_DOUBLE_TIN,START_DATE,END_DATE) values ('20200317','407.55','PROD4_PROMO_M_1','0',to_timestamp('04/07/2018 00:00:00','DD/MM/YYYY HH24:MI:SS'),to_timestamp('25/07/2099 23:59:00','DD/MM/YYYY HH24:MI:SS'));
Insert into COHERENCE_COMMON.ECI_FINANCING_PROMOTION_AMOUNT (PROMOTION_ID,FINANCING_AMOUNT,PROMOTION_DESC,IND_DOUBLE_TIN,START_DATE,END_DATE) values ('20200318','407.55','PROD4_PROMO_M_2','0',to_timestamp('04/07/2018 00:00:00','DD/MM/YYYY HH24:MI:SS'),to_timestamp('25/07/2099 23:59:00','DD/MM/YYYY HH24:MI:SS'));
Insert into COHERENCE_COMMON.ECI_FINANCING_PROMOTION_AMOUNT (PROMOTION_ID,FINANCING_AMOUNT,PROMOTION_DESC,IND_DOUBLE_TIN,START_DATE,END_DATE) values ('20200321','407.55','PROD4_PROMO_M_5','0',to_timestamp('04/07/2018 00:00:00','DD/MM/YYYY HH24:MI:SS'),to_timestamp('25/07/2099 23:59:00','DD/MM/YYYY HH24:MI:SS'));
Insert into COHERENCE_COMMON.ECI_FINANCING_PROMOTION_AMOUNT (PROMOTION_ID,FINANCING_AMOUNT,PROMOTION_DESC,IND_DOUBLE_TIN,START_DATE,END_DATE) values ('20200317','1173.25','PROD5_PROMO_M_1','0',to_timestamp('04/07/2018 00:00:00','DD/MM/YYYY HH24:MI:SS'),to_timestamp('25/07/2099 23:59:00','DD/MM/YYYY HH24:MI:SS'));
Insert into COHERENCE_COMMON.ECI_FINANCING_PROMOTION_AMOUNT (PROMOTION_ID,FINANCING_AMOUNT,PROMOTION_DESC,IND_DOUBLE_TIN,START_DATE,END_DATE) values ('20200319','1173.25','PROD5_PROMO_M_3','0',to_timestamp('04/07/2018 00:00:00','DD/MM/YYYY HH24:MI:SS'),to_timestamp('25/07/2099 23:59:00','DD/MM/YYYY HH24:MI:SS'));
Insert into COHERENCE_COMMON.ECI_FINANCING_PROMOTION_AMOUNT (PROMOTION_ID,FINANCING_AMOUNT,PROMOTION_DESC,IND_DOUBLE_TIN,START_DATE,END_DATE) values ('20200320','1173.25','PROD5_PROMO_M_4','0',to_timestamp('04/07/2018 00:00:00','DD/MM/YYYY HH24:MI:SS'),to_timestamp('25/07/2099 23:59:00','DD/MM/YYYY HH24:MI:SS'));
Insert into COHERENCE_COMMON.ECI_FINANCING_PROMOTION_AMOUNT (PROMOTION_ID,FINANCING_AMOUNT,PROMOTION_DESC,IND_DOUBLE_TIN,START_DATE,END_DATE) values ('20200317','483.69','PROD6_PROMO_M_1','0',to_timestamp('04/07/2018 00:00:00','DD/MM/YYYY HH24:MI:SS'),to_timestamp('25/07/2099 23:59:00','DD/MM/YYYY HH24:MI:SS'));
Insert into COHERENCE_COMMON.ECI_FINANCING_PROMOTION_AMOUNT (PROMOTION_ID,FINANCING_AMOUNT,PROMOTION_DESC,IND_DOUBLE_TIN,START_DATE,END_DATE) values ('20200318','483.69','PROD6_PROMO_M_2','0',to_timestamp('04/07/2018 00:00:00','DD/MM/YYYY HH24:MI:SS'),to_timestamp('25/07/2099 23:59:00','DD/MM/YYYY HH24:MI:SS'));
Insert into COHERENCE_COMMON.ECI_FINANCING_PROMOTION_AMOUNT (PROMOTION_ID,FINANCING_AMOUNT,PROMOTION_DESC,IND_DOUBLE_TIN,START_DATE,END_DATE) values ('20200319','483.69','PROD6_PROMO_M_3','0',to_timestamp('04/07/2018 00:00:00','DD/MM/YYYY HH24:MI:SS'),to_timestamp('25/07/2099 23:59:00','DD/MM/YYYY HH24:MI:SS'));
Insert into COHERENCE_COMMON.ECI_FINANCING_PROMOTION_AMOUNT (PROMOTION_ID,FINANCING_AMOUNT,PROMOTION_DESC,IND_DOUBLE_TIN,START_DATE,END_DATE) values ('20200317','315.40','PROD7_PROMO_M_1','0',to_timestamp('04/07/2018 00:00:00','DD/MM/YYYY HH24:MI:SS'),to_timestamp('25/07/2099 23:59:00','DD/MM/YYYY HH24:MI:SS'));
Insert into COHERENCE_COMMON.ECI_FINANCING_PROMOTION_AMOUNT (PROMOTION_ID,FINANCING_AMOUNT,PROMOTION_DESC,IND_DOUBLE_TIN,START_DATE,END_DATE) values ('20200319','315.40','PROD7_PROMO_M_3','0',to_timestamp('04/07/2018 00:00:00','DD/MM/YYYY HH24:MI:SS'),to_timestamp('25/07/2099 23:59:00','DD/MM/YYYY HH24:MI:SS'));
Insert into COHERENCE_COMMON.ECI_FINANCING_PROMOTION_AMOUNT (PROMOTION_ID,FINANCING_AMOUNT,PROMOTION_DESC,IND_DOUBLE_TIN,START_DATE,END_DATE) values ('20200320','315.40','PROD7_PROMO_M_4','0',to_timestamp('04/07/2018 00:00:00','DD/MM/YYYY HH24:MI:SS'),to_timestamp('25/07/2099 23:59:00','DD/MM/YYYY HH24:MI:SS'));

Insert into COHERENCE_COMMON.ECI_FIN_PROMOTION_AMOUNT_SIM (PROMOTION_ID,FINANCING_AMOUNT,TERMS_NUMBER,AMOUNT_FEE,CURRENCY_CODE_FEE,TAE,AMOUNT_TOTAL,CURRENCY_CODE_TOTAL,CHILD_IDX) values ('20200317','246.91','1','246.91',null,'0','246.91',null,'1');
Insert into COHERENCE_COMMON.ECI_FIN_PROMOTION_AMOUNT_SIM (PROMOTION_ID,FINANCING_AMOUNT,TERMS_NUMBER,AMOUNT_FEE,CURRENCY_CODE_FEE,TAE,AMOUNT_TOTAL,CURRENCY_CODE_TOTAL,CHILD_IDX) values ('20200317','246.91','6','30',null,'0','246.91',null,'2');
Insert into COHERENCE_COMMON.ECI_FIN_PROMOTION_AMOUNT_SIM (PROMOTION_ID,FINANCING_AMOUNT,TERMS_NUMBER,AMOUNT_FEE,CURRENCY_CODE_FEE,TAE,AMOUNT_TOTAL,CURRENCY_CODE_TOTAL,CHILD_IDX) values ('20200317','246.91','12','16',null,'0','246.91',null,'3');
Insert into COHERENCE_COMMON.ECI_FIN_PROMOTION_AMOUNT_SIM (PROMOTION_ID,FINANCING_AMOUNT,TERMS_NUMBER,AMOUNT_FEE,CURRENCY_CODE_FEE,TAE,AMOUNT_TOTAL,CURRENCY_CODE_TOTAL,CHILD_IDX) values ('20200318','246.91','1','246.91',null,'0','246.91',null,'1');
Insert into COHERENCE_COMMON.ECI_FIN_PROMOTION_AMOUNT_SIM (PROMOTION_ID,FINANCING_AMOUNT,TERMS_NUMBER,AMOUNT_FEE,CURRENCY_CODE_FEE,TAE,AMOUNT_TOTAL,CURRENCY_CODE_TOTAL,CHILD_IDX) values ('20200318','246.91','6','30',null,'0','246.91',null,'2');
Insert into COHERENCE_COMMON.ECI_FIN_PROMOTION_AMOUNT_SIM (PROMOTION_ID,FINANCING_AMOUNT,TERMS_NUMBER,AMOUNT_FEE,CURRENCY_CODE_FEE,TAE,AMOUNT_TOTAL,CURRENCY_CODE_TOTAL,CHILD_IDX) values ('20200318','246.91','24','20',null,'0','246.91',null,'3');
Insert into COHERENCE_COMMON.ECI_FIN_PROMOTION_AMOUNT_SIM (PROMOTION_ID,FINANCING_AMOUNT,TERMS_NUMBER,AMOUNT_FEE,CURRENCY_CODE_FEE,TAE,AMOUNT_TOTAL,CURRENCY_CODE_TOTAL,CHILD_IDX) values ('20200317','398.05','1','398.05',null,'0','398.05',null,'1');
Insert into COHERENCE_COMMON.ECI_FIN_PROMOTION_AMOUNT_SIM (PROMOTION_ID,FINANCING_AMOUNT,TERMS_NUMBER,AMOUNT_FEE,CURRENCY_CODE_FEE,TAE,AMOUNT_TOTAL,CURRENCY_CODE_TOTAL,CHILD_IDX) values ('20200317','398.05','6','30',null,'0','398.05',null,'2');
Insert into COHERENCE_COMMON.ECI_FIN_PROMOTION_AMOUNT_SIM (PROMOTION_ID,FINANCING_AMOUNT,TERMS_NUMBER,AMOUNT_FEE,CURRENCY_CODE_FEE,TAE,AMOUNT_TOTAL,CURRENCY_CODE_TOTAL,CHILD_IDX) values ('20200317','398.05','12','16',null,'0','398.05',null,'3');
Insert into COHERENCE_COMMON.ECI_FIN_PROMOTION_AMOUNT_SIM (PROMOTION_ID,FINANCING_AMOUNT,TERMS_NUMBER,AMOUNT_FEE,CURRENCY_CODE_FEE,TAE,AMOUNT_TOTAL,CURRENCY_CODE_TOTAL,CHILD_IDX) values ('20200319','398.05','1','398.05',null,'0','398.05',null,'1');
Insert into COHERENCE_COMMON.ECI_FIN_PROMOTION_AMOUNT_SIM (PROMOTION_ID,FINANCING_AMOUNT,TERMS_NUMBER,AMOUNT_FEE,CURRENCY_CODE_FEE,TAE,AMOUNT_TOTAL,CURRENCY_CODE_TOTAL,CHILD_IDX) values ('20200319','398.05','6','30',null,'0','398.05',null,'2');
Insert into COHERENCE_COMMON.ECI_FIN_PROMOTION_AMOUNT_SIM (PROMOTION_ID,FINANCING_AMOUNT,TERMS_NUMBER,AMOUNT_FEE,CURRENCY_CODE_FEE,TAE,AMOUNT_TOTAL,CURRENCY_CODE_TOTAL,CHILD_IDX) values ('20200319','398.05','12','20',null,'0','398.05',null,'3');
Insert into COHERENCE_COMMON.ECI_FIN_PROMOTION_AMOUNT_SIM (PROMOTION_ID,FINANCING_AMOUNT,TERMS_NUMBER,AMOUNT_FEE,CURRENCY_CODE_FEE,TAE,AMOUNT_TOTAL,CURRENCY_CODE_TOTAL,CHILD_IDX) values ('20200319','189.05','1','189.05',null,'0','189.05',null,'1');
Insert into COHERENCE_COMMON.ECI_FIN_PROMOTION_AMOUNT_SIM (PROMOTION_ID,FINANCING_AMOUNT,TERMS_NUMBER,AMOUNT_FEE,CURRENCY_CODE_FEE,TAE,AMOUNT_TOTAL,CURRENCY_CODE_TOTAL,CHILD_IDX) values ('20200319','189.05','6','30',null,'0','189.05',null,'2');
Insert into COHERENCE_COMMON.ECI_FIN_PROMOTION_AMOUNT_SIM (PROMOTION_ID,FINANCING_AMOUNT,TERMS_NUMBER,AMOUNT_FEE,CURRENCY_CODE_FEE,TAE,AMOUNT_TOTAL,CURRENCY_CODE_TOTAL,CHILD_IDX) values ('20200319','189.05','12','20',null,'0','189.05',null,'3');
Insert into COHERENCE_COMMON.ECI_FIN_PROMOTION_AMOUNT_SIM (PROMOTION_ID,FINANCING_AMOUNT,TERMS_NUMBER,AMOUNT_FEE,CURRENCY_CODE_FEE,TAE,AMOUNT_TOTAL,CURRENCY_CODE_TOTAL,CHILD_IDX) values ('20200320','189.05','1','189.05',null,'0','189.05',null,'1');
Insert into COHERENCE_COMMON.ECI_FIN_PROMOTION_AMOUNT_SIM (PROMOTION_ID,FINANCING_AMOUNT,TERMS_NUMBER,AMOUNT_FEE,CURRENCY_CODE_FEE,TAE,AMOUNT_TOTAL,CURRENCY_CODE_TOTAL,CHILD_IDX) values ('20200320','189.05','6','30',null,'0','189.05',null,'2');
Insert into COHERENCE_COMMON.ECI_FIN_PROMOTION_AMOUNT_SIM (PROMOTION_ID,FINANCING_AMOUNT,TERMS_NUMBER,AMOUNT_FEE,CURRENCY_CODE_FEE,TAE,AMOUNT_TOTAL,CURRENCY_CODE_TOTAL,CHILD_IDX) values ('20200320','189.05','12','16',null,'0','189.05',null,'3');
Insert into COHERENCE_COMMON.ECI_FIN_PROMOTION_AMOUNT_SIM (PROMOTION_ID,FINANCING_AMOUNT,TERMS_NUMBER,AMOUNT_FEE,CURRENCY_CODE_FEE,TAE,AMOUNT_TOTAL,CURRENCY_CODE_TOTAL,CHILD_IDX) values ('20200317','407.55','1','407.55',null,'0','407.55',null,'1');
Insert into COHERENCE_COMMON.ECI_FIN_PROMOTION_AMOUNT_SIM (PROMOTION_ID,FINANCING_AMOUNT,TERMS_NUMBER,AMOUNT_FEE,CURRENCY_CODE_FEE,TAE,AMOUNT_TOTAL,CURRENCY_CODE_TOTAL,CHILD_IDX) values ('20200317','407.55','6','30',null,'0','407.55',null,'2');
Insert into COHERENCE_COMMON.ECI_FIN_PROMOTION_AMOUNT_SIM (PROMOTION_ID,FINANCING_AMOUNT,TERMS_NUMBER,AMOUNT_FEE,CURRENCY_CODE_FEE,TAE,AMOUNT_TOTAL,CURRENCY_CODE_TOTAL,CHILD_IDX) values ('20200317','407.55','12','16',null,'0','407.55',null,'3');
Insert into COHERENCE_COMMON.ECI_FIN_PROMOTION_AMOUNT_SIM (PROMOTION_ID,FINANCING_AMOUNT,TERMS_NUMBER,AMOUNT_FEE,CURRENCY_CODE_FEE,TAE,AMOUNT_TOTAL,CURRENCY_CODE_TOTAL,CHILD_IDX) values ('20200318','407.55','1','407.55',null,'0','407.55',null,'1');
Insert into COHERENCE_COMMON.ECI_FIN_PROMOTION_AMOUNT_SIM (PROMOTION_ID,FINANCING_AMOUNT,TERMS_NUMBER,AMOUNT_FEE,CURRENCY_CODE_FEE,TAE,AMOUNT_TOTAL,CURRENCY_CODE_TOTAL,CHILD_IDX) values ('20200318','407.55','6','30',null,'0','407.55',null,'2');
Insert into COHERENCE_COMMON.ECI_FIN_PROMOTION_AMOUNT_SIM (PROMOTION_ID,FINANCING_AMOUNT,TERMS_NUMBER,AMOUNT_FEE,CURRENCY_CODE_FEE,TAE,AMOUNT_TOTAL,CURRENCY_CODE_TOTAL,CHILD_IDX) values ('20200318','407.55','24','20',null,'0','407.55',null,'3');
Insert into COHERENCE_COMMON.ECI_FIN_PROMOTION_AMOUNT_SIM (PROMOTION_ID,FINANCING_AMOUNT,TERMS_NUMBER,AMOUNT_FEE,CURRENCY_CODE_FEE,TAE,AMOUNT_TOTAL,CURRENCY_CODE_TOTAL,CHILD_IDX) values ('20200321','407.55','1','407.55',null,'0','407.55',null,'1');
Insert into COHERENCE_COMMON.ECI_FIN_PROMOTION_AMOUNT_SIM (PROMOTION_ID,FINANCING_AMOUNT,TERMS_NUMBER,AMOUNT_FEE,CURRENCY_CODE_FEE,TAE,AMOUNT_TOTAL,CURRENCY_CODE_TOTAL,CHILD_IDX) values ('20200321','407.55','6','30',null,'0','407.55',null,'2');
Insert into COHERENCE_COMMON.ECI_FIN_PROMOTION_AMOUNT_SIM (PROMOTION_ID,FINANCING_AMOUNT,TERMS_NUMBER,AMOUNT_FEE,CURRENCY_CODE_FEE,TAE,AMOUNT_TOTAL,CURRENCY_CODE_TOTAL,CHILD_IDX) values ('20200321','407.55','36','20',null,'0','407.55',null,'3');
Insert into COHERENCE_COMMON.ECI_FIN_PROMOTION_AMOUNT_SIM (PROMOTION_ID,FINANCING_AMOUNT,TERMS_NUMBER,AMOUNT_FEE,CURRENCY_CODE_FEE,TAE,AMOUNT_TOTAL,CURRENCY_CODE_TOTAL,CHILD_IDX) values ('20200317','1173.25','1','1173.25',null,'0','1173.25',null,'1');
Insert into COHERENCE_COMMON.ECI_FIN_PROMOTION_AMOUNT_SIM (PROMOTION_ID,FINANCING_AMOUNT,TERMS_NUMBER,AMOUNT_FEE,CURRENCY_CODE_FEE,TAE,AMOUNT_TOTAL,CURRENCY_CODE_TOTAL,CHILD_IDX) values ('20200317','1173.25','6','30',null,'0','1173.25',null,'2');
Insert into COHERENCE_COMMON.ECI_FIN_PROMOTION_AMOUNT_SIM (PROMOTION_ID,FINANCING_AMOUNT,TERMS_NUMBER,AMOUNT_FEE,CURRENCY_CODE_FEE,TAE,AMOUNT_TOTAL,CURRENCY_CODE_TOTAL,CHILD_IDX) values ('20200317','1173.25','12','16',null,'0','1173.25',null,'3');
Insert into COHERENCE_COMMON.ECI_FIN_PROMOTION_AMOUNT_SIM (PROMOTION_ID,FINANCING_AMOUNT,TERMS_NUMBER,AMOUNT_FEE,CURRENCY_CODE_FEE,TAE,AMOUNT_TOTAL,CURRENCY_CODE_TOTAL,CHILD_IDX) values ('20200319','1173.25','1','1173.25',null,'0','1173.25',null,'1');
Insert into COHERENCE_COMMON.ECI_FIN_PROMOTION_AMOUNT_SIM (PROMOTION_ID,FINANCING_AMOUNT,TERMS_NUMBER,AMOUNT_FEE,CURRENCY_CODE_FEE,TAE,AMOUNT_TOTAL,CURRENCY_CODE_TOTAL,CHILD_IDX) values ('20200319','1173.25','6','30',null,'0','1173.25',null,'2');
Insert into COHERENCE_COMMON.ECI_FIN_PROMOTION_AMOUNT_SIM (PROMOTION_ID,FINANCING_AMOUNT,TERMS_NUMBER,AMOUNT_FEE,CURRENCY_CODE_FEE,TAE,AMOUNT_TOTAL,CURRENCY_CODE_TOTAL,CHILD_IDX) values ('20200319','1173.25','12','16',null,'0','1173.25',null,'3');
Insert into COHERENCE_COMMON.ECI_FIN_PROMOTION_AMOUNT_SIM (PROMOTION_ID,FINANCING_AMOUNT,TERMS_NUMBER,AMOUNT_FEE,CURRENCY_CODE_FEE,TAE,AMOUNT_TOTAL,CURRENCY_CODE_TOTAL,CHILD_IDX) values ('20200320','1173.25','1','1173.25',null,'0','1173.25',null,'1');
Insert into COHERENCE_COMMON.ECI_FIN_PROMOTION_AMOUNT_SIM (PROMOTION_ID,FINANCING_AMOUNT,TERMS_NUMBER,AMOUNT_FEE,CURRENCY_CODE_FEE,TAE,AMOUNT_TOTAL,CURRENCY_CODE_TOTAL,CHILD_IDX) values ('20200320','1173.25','6','30',null,'0','1173.25',null,'2');
Insert into COHERENCE_COMMON.ECI_FIN_PROMOTION_AMOUNT_SIM (PROMOTION_ID,FINANCING_AMOUNT,TERMS_NUMBER,AMOUNT_FEE,CURRENCY_CODE_FEE,TAE,AMOUNT_TOTAL,CURRENCY_CODE_TOTAL,CHILD_IDX) values ('20200320','1173.25','24','20',null,'0','1173.25',null,'3');
Insert into COHERENCE_COMMON.ECI_FIN_PROMOTION_AMOUNT_SIM (PROMOTION_ID,FINANCING_AMOUNT,TERMS_NUMBER,AMOUNT_FEE,CURRENCY_CODE_FEE,TAE,AMOUNT_TOTAL,CURRENCY_CODE_TOTAL,CHILD_IDX) values ('20200317','483.69','1','483.69',null,'0','483.69',null,'1');
Insert into COHERENCE_COMMON.ECI_FIN_PROMOTION_AMOUNT_SIM (PROMOTION_ID,FINANCING_AMOUNT,TERMS_NUMBER,AMOUNT_FEE,CURRENCY_CODE_FEE,TAE,AMOUNT_TOTAL,CURRENCY_CODE_TOTAL,CHILD_IDX) values ('20200317','483.69','6','30',null,'0','483.69',null,'2');
Insert into COHERENCE_COMMON.ECI_FIN_PROMOTION_AMOUNT_SIM (PROMOTION_ID,FINANCING_AMOUNT,TERMS_NUMBER,AMOUNT_FEE,CURRENCY_CODE_FEE,TAE,AMOUNT_TOTAL,CURRENCY_CODE_TOTAL,CHILD_IDX) values ('20200317','483.69','12','16',null,'0','483.69',null,'3');
Insert into COHERENCE_COMMON.ECI_FIN_PROMOTION_AMOUNT_SIM (PROMOTION_ID,FINANCING_AMOUNT,TERMS_NUMBER,AMOUNT_FEE,CURRENCY_CODE_FEE,TAE,AMOUNT_TOTAL,CURRENCY_CODE_TOTAL,CHILD_IDX) values ('20200318','483.69','1','483.69',null,'0','483.69',null,'1');
Insert into COHERENCE_COMMON.ECI_FIN_PROMOTION_AMOUNT_SIM (PROMOTION_ID,FINANCING_AMOUNT,TERMS_NUMBER,AMOUNT_FEE,CURRENCY_CODE_FEE,TAE,AMOUNT_TOTAL,CURRENCY_CODE_TOTAL,CHILD_IDX) values ('20200318','483.69','6','30',null,'0','483.69',null,'2');
Insert into COHERENCE_COMMON.ECI_FIN_PROMOTION_AMOUNT_SIM (PROMOTION_ID,FINANCING_AMOUNT,TERMS_NUMBER,AMOUNT_FEE,CURRENCY_CODE_FEE,TAE,AMOUNT_TOTAL,CURRENCY_CODE_TOTAL,CHILD_IDX) values ('20200318','483.69','24','20',null,'0','483.69',null,'3');
Insert into COHERENCE_COMMON.ECI_FIN_PROMOTION_AMOUNT_SIM (PROMOTION_ID,FINANCING_AMOUNT,TERMS_NUMBER,AMOUNT_FEE,CURRENCY_CODE_FEE,TAE,AMOUNT_TOTAL,CURRENCY_CODE_TOTAL,CHILD_IDX) values ('20200319','483.69','1','483.69',null,'0','483.69',null,'1');
Insert into COHERENCE_COMMON.ECI_FIN_PROMOTION_AMOUNT_SIM (PROMOTION_ID,FINANCING_AMOUNT,TERMS_NUMBER,AMOUNT_FEE,CURRENCY_CODE_FEE,TAE,AMOUNT_TOTAL,CURRENCY_CODE_TOTAL,CHILD_IDX) values ('20200319','483.69','6','30',null,'0','483.69',null,'2');
Insert into COHERENCE_COMMON.ECI_FIN_PROMOTION_AMOUNT_SIM (PROMOTION_ID,FINANCING_AMOUNT,TERMS_NUMBER,AMOUNT_FEE,CURRENCY_CODE_FEE,TAE,AMOUNT_TOTAL,CURRENCY_CODE_TOTAL,CHILD_IDX) values ('20200319','483.69','24','16',null,'0','483.69',null,'3');
Insert into COHERENCE_COMMON.ECI_FIN_PROMOTION_AMOUNT_SIM (PROMOTION_ID,FINANCING_AMOUNT,TERMS_NUMBER,AMOUNT_FEE,CURRENCY_CODE_FEE,TAE,AMOUNT_TOTAL,CURRENCY_CODE_TOTAL,CHILD_IDX) values ('20200317','315.40','1','315.40',null,'0','315.40',null,'1');
Insert into COHERENCE_COMMON.ECI_FIN_PROMOTION_AMOUNT_SIM (PROMOTION_ID,FINANCING_AMOUNT,TERMS_NUMBER,AMOUNT_FEE,CURRENCY_CODE_FEE,TAE,AMOUNT_TOTAL,CURRENCY_CODE_TOTAL,CHILD_IDX) values ('20200317','315.40','6','30',null,'0','315.40',null,'2');
Insert into COHERENCE_COMMON.ECI_FIN_PROMOTION_AMOUNT_SIM (PROMOTION_ID,FINANCING_AMOUNT,TERMS_NUMBER,AMOUNT_FEE,CURRENCY_CODE_FEE,TAE,AMOUNT_TOTAL,CURRENCY_CODE_TOTAL,CHILD_IDX) values ('20200317','315.40','12','16',null,'0','315.40',null,'3');
Insert into COHERENCE_COMMON.ECI_FIN_PROMOTION_AMOUNT_SIM (PROMOTION_ID,FINANCING_AMOUNT,TERMS_NUMBER,AMOUNT_FEE,CURRENCY_CODE_FEE,TAE,AMOUNT_TOTAL,CURRENCY_CODE_TOTAL,CHILD_IDX) values ('20200319','315.40','1','315.40',null,'0','315.40',null,'1');
Insert into COHERENCE_COMMON.ECI_FIN_PROMOTION_AMOUNT_SIM (PROMOTION_ID,FINANCING_AMOUNT,TERMS_NUMBER,AMOUNT_FEE,CURRENCY_CODE_FEE,TAE,AMOUNT_TOTAL,CURRENCY_CODE_TOTAL,CHILD_IDX) values ('20200319','315.40','6','30',null,'0','315.40',null,'2');
Insert into COHERENCE_COMMON.ECI_FIN_PROMOTION_AMOUNT_SIM (PROMOTION_ID,FINANCING_AMOUNT,TERMS_NUMBER,AMOUNT_FEE,CURRENCY_CODE_FEE,TAE,AMOUNT_TOTAL,CURRENCY_CODE_TOTAL,CHILD_IDX) values ('20200319','315.40','24','20',null,'0','315.40',null,'3');
Insert into COHERENCE_COMMON.ECI_FIN_PROMOTION_AMOUNT_SIM (PROMOTION_ID,FINANCING_AMOUNT,TERMS_NUMBER,AMOUNT_FEE,CURRENCY_CODE_FEE,TAE,AMOUNT_TOTAL,CURRENCY_CODE_TOTAL,CHILD_IDX) values ('20200320','315.40','1','315.40',null,'0','315.40',null,'1');
Insert into COHERENCE_COMMON.ECI_FIN_PROMOTION_AMOUNT_SIM (PROMOTION_ID,FINANCING_AMOUNT,TERMS_NUMBER,AMOUNT_FEE,CURRENCY_CODE_FEE,TAE,AMOUNT_TOTAL,CURRENCY_CODE_TOTAL,CHILD_IDX) values ('20200320','315.40','6','30',null,'0','315.40',null,'2');
Insert into COHERENCE_COMMON.ECI_FIN_PROMOTION_AMOUNT_SIM (PROMOTION_ID,FINANCING_AMOUNT,TERMS_NUMBER,AMOUNT_FEE,CURRENCY_CODE_FEE,TAE,AMOUNT_TOTAL,CURRENCY_CODE_TOTAL,CHILD_IDX) values ('20200320','315.40','24','16',null,'0','315.40',null,'3');

commit;
-------------------------------------------------