SET DEFINE OFF;
-------------------------------------------------
--       PD00000516-3094
-------------------------------------------------
-- Carga de datos de gestión de envíos de BCC en esquema CA

-- Gastos de envío
delete from ECI_DELIVERY_COST
where version_deleted=0 and version_editable=0 and is_head=1;

--Configuración de Gestión Logística-Proveedor-Destino
delete from ECI_FT_LOGISTIC_PAYMENT_TYPE where fromto_logistic_id in (
select a.fromto_logistic_id from ECI_FT_LOGISTIC_PAYMENT_TYPE a
join ECI_FROMTO_LOGISTIC_CONFIG b on a.fromto_logistic_id=b.fromto_logistic_id
where b.version_deleted=0 and b.version_editable=0 and b.is_head=1);

delete from ECI_FT_LOGISTIC_STSCOST where fromto_logistic_id in (
select a.fromto_logistic_id from ECI_FT_LOGISTIC_STSCOST a
join ECI_FROMTO_LOGISTIC_CONFIG b on a.fromto_logistic_id=b.fromto_logistic_id
where b.version_deleted=0 and b.version_editable=0 and b.is_head=1);

delete from ECI_FT_LOGISTIC_DELIVERY_COST where fromto_logistic_id in (
select a.fromto_logistic_id from ECI_FT_LOGISTIC_DELIVERY_COST a
join ECI_FROMTO_LOGISTIC_CONFIG b on a.fromto_logistic_id=b.fromto_logistic_id
where b.version_deleted=0 and b.version_editable=0 and b.is_head=1);

delete from ECI_FT_LOGISTIC_CNCCOST where fromto_logistic_id in (
select a.fromto_logistic_id from ECI_FT_LOGISTIC_CNCCOST a
join ECI_FROMTO_LOGISTIC_CONFIG b on a.fromto_logistic_id=b.fromto_logistic_id
where b.version_deleted=0 and b.version_editable=0 and b.is_head=1);

delete from ECI_FT_LGSTIC_EXPRESS_COST where fromto_logistic_id in (
select a.fromto_logistic_id from ECI_FT_LGSTIC_EXPRESS_COST a
join ECI_FROMTO_LOGISTIC_CONFIG b on a.fromto_logistic_id=b.fromto_logistic_id
where b.version_deleted=0 and b.version_editable=0 and b.is_head=1);

delete from ECI_FT_LGSTIC_EXP_PRIME_COST where fromto_logistic_id in (
select a.fromto_logistic_id from ECI_FT_LGSTIC_EXP_PRIME_COST a
join ECI_FROMTO_LOGISTIC_CONFIG b on a.fromto_logistic_id=b.fromto_logistic_id
where b.version_deleted=0 and b.version_editable=0 and b.is_head=1);

delete from ECI_FT_LGSTIC_ECI_EXP_COST where fromto_logistic_id in (
select a.fromto_logistic_id from ECI_FT_LGSTIC_ECI_EXP_COST a
join ECI_FROMTO_LOGISTIC_CONFIG b on a.fromto_logistic_id=b.fromto_logistic_id
where b.version_deleted=0 and b.version_editable=0 and b.is_head=1);

delete from ECI_FT_LGSTIC_CATERING_COST where fromto_logistic_id in (
select a.fromto_logistic_id from ECI_FT_LGSTIC_CATERING_COST a
join ECI_FROMTO_LOGISTIC_CONFIG b on a.fromto_logistic_id=b.fromto_logistic_id
where b.version_deleted=0 and b.version_editable=0 and b.is_head=1);

delete from ECI_FROMTO_LOGISTIC_CONFIG
where version_deleted=0 and version_editable=0 and is_head=1;

--Configuración de Vía-Proveedor-Destino
delete from ECI_FROMTO_RESTR_PAYMENT_TYPE where fromto_id in (
select a.fromto_id from ECI_FROMTO_RESTR_PAYMENT_TYPE a
join ECI_FROMTO_CONFIG b on a.fromto_id=b.fromto_id
where b.version_deleted=0 and b.version_editable=0 and b.is_head=1);

delete from ECI_FROMTO_PAYMENT_TYPE where fromto_id in (
select a.fromto_id from ECI_FROMTO_PAYMENT_TYPE a
join ECI_FROMTO_CONFIG b on a.fromto_id=b.fromto_id
where b.version_deleted=0 and b.version_editable=0 and b.is_head=1);

delete from ECI_FROMTO_STSCOST where fromto_id in (
select a.fromto_id from ECI_FROMTO_STSCOST a
join ECI_FROMTO_CONFIG b on a.fromto_id=b.fromto_id
where b.version_deleted=0 and b.version_editable=0 and b.is_head=1);

delete from ECI_FROMTO_EXPRESS_COST where fromto_id in (
select a.fromto_id from ECI_FROMTO_EXPRESS_COST a
join ECI_FROMTO_CONFIG b on a.fromto_id=b.fromto_id
where b.version_deleted=0 and b.version_editable=0 and b.is_head=1);

delete from ECI_FROMTO_EXP_PREMIUM_COST where fromto_id in (
select a.fromto_id from ECI_FROMTO_EXP_PREMIUM_COST a
join ECI_FROMTO_CONFIG b on a.fromto_id=b.fromto_id
where b.version_deleted=0 and b.version_editable=0 and b.is_head=1);

delete from ECI_FROMTO_DELIVERY_COST where fromto_id in (
select a.fromto_id from ECI_FROMTO_DELIVERY_COST a
join ECI_FROMTO_CONFIG b on a.fromto_id=b.fromto_id
where b.version_deleted=0 and b.version_editable=0 and b.is_head=1);

delete from ECI_FROMTO_CNC_COST where fromto_id in (
select a.fromto_id from ECI_FROMTO_CNC_COST a
join ECI_FROMTO_CONFIG b on a.fromto_id=b.fromto_id
where b.version_deleted=0 and b.version_editable=0 and b.is_head=1);

delete from ECI_FROMTO_CONFIG
where version_deleted=0 and version_editable=0 and is_head=1;

-- Configuración de Formas de Pago
delete from ECI_PAYMENT_TYPE 
where version_deleted=0 and version_editable=0 and is_head=1;

-- Configuración de Tipos de Entrega
delete from ECI_DELIVERY_TYPE 
where version_deleted=0 and version_editable=0 and is_head=1;

-- Configuración de Destinos
delete from SINT_REGION_REGION_XLATE where region_id in (
select a.region_id from SINT_REGION_REGION_XLATE a
join ECI_REGIONS b on a.region_id=b.region_id
where b.version_deleted=0 and b.version_editable=0 and b.is_head=1);

delete from SINT_REGION_XLATE where translation_id in (
select a.translation_id from SINT_REGION_XLATE a
join SINT_REGION_REGION_XLATE b on a.translation_id=b.translation_id);

delete from ECI_REGIONS_SITES where region_id in (
select a.region_id from ECI_REGIONS_SITES a
join ECI_REGIONS b on a.region_id=b.region_id
where b.version_deleted=0 and b.version_editable=0 and b.is_head=1);

delete from ECI_REGIONS_PROVINCES_AREAS where region_id in (
select a.region_id from ECI_REGIONS_PROVINCES_AREAS a
join ECI_REGIONS b on a.region_id=b.region_id
where b.version_deleted=0 and b.version_editable=0 and b.is_head=1);

delete from ECI_REGIONS_COUNTRIES where region_id in (
select a.region_id from ECI_REGIONS_COUNTRIES a
join ECI_REGIONS b on a.region_id=b.region_id
where b.version_deleted=0 and b.version_editable=0 and b.is_head=1);

delete from ECI_REGIONS 
where version_deleted=0 and version_editable=0 and is_head=1;

-- Configuración de Ámbitos
delete from ECI_PROVINCES where province_area_id in (
select a.province_area_id from ECI_PROVINCES a
join ECI_PROVINCE_AREAS b on a.province_area_id=b.province_area_id
where b.version_deleted=0 and b.version_editable=0 and b.is_head=1);

delete from ECI_PROV_AREA_PCODE_AREAS where province_area_id in (
select a.province_area_id from ECI_PROV_AREA_PCODE_AREAS a
join ECI_PROVINCE_AREAS b on a.province_area_id=b.province_area_id
where b.version_deleted=0 and b.version_editable=0 and b.is_head=1);

delete from ECI_PROVINCE_AREAS 
where version_deleted=0 and version_editable=0 and is_head=1;

-- Configuración de Regiones
delete from ECI_POSTALCODE_AREA_PCODE where postalcode_area_id in (
select a.postalcode_area_id from ECI_POSTALCODE_AREA_PCODE a
join eci_postalcode_area b on a.postalcode_area_id=b.id
where b.version_deleted=0 and b.version_editable=0 and b.is_head=1);

delete from ECI_POSTALCODE_AREA_DIST where postalcode_area_id in (
select a.postalcode_area_id from ECI_POSTALCODE_AREA_DIST a
join eci_postalcode_area b on a.postalcode_area_id=b.id
where b.version_deleted=0 and b.version_editable=0 and b.is_head=1);

delete from eci_postalcode_area 
where version_deleted=0 and version_editable=0 and is_head=1;

-------------------------------------------
-- Configuración de Regiones
Insert into ECI_POSTALCODE_AREA (ID,POSTALCODE_AREA_NAME,POSTALCODE_AREA_COUNTRY_ID,VERSION_DELETED,VERSION_EDITABLE,PRED_VERSION,WORKSPACE_ID,BRANCH_ID,IS_HEAD,CHECKIN_DATE,ASSET_VERSION) values ('300008','Region PT Islas','10','0','0','5','487220548760','10100','1',to_date('21/06/2017','DD/MM/YYYY'),'6');
Insert into ECI_POSTALCODE_AREA (ID,POSTALCODE_AREA_NAME,POSTALCODE_AREA_COUNTRY_ID,VERSION_DELETED,VERSION_EDITABLE,PRED_VERSION,WORKSPACE_ID,BRANCH_ID,IS_HEAD,CHECKIN_DATE,ASSET_VERSION) values ('700010','Region PT Continental','10','0','0','4','487220548760','10100','1',to_date('21/06/2017','DD/MM/YYYY'),'5');
Insert into ECI_POSTALCODE_AREA (ID,POSTALCODE_AREA_NAME,POSTALCODE_AREA_COUNTRY_ID,VERSION_DELETED,VERSION_EDITABLE,PRED_VERSION,WORKSPACE_ID,BRANCH_ID,IS_HEAD,CHECKIN_DATE,ASSET_VERSION) values ('300002','Región ESP CP''s','11','0','0','3','487220504148','10100','1',to_date('07/09/2016','DD/MM/YYYY'),'4');
Insert into ECI_POSTALCODE_AREA (ID,POSTALCODE_AREA_NAME,POSTALCODE_AREA_COUNTRY_ID,VERSION_DELETED,VERSION_EDITABLE,PRED_VERSION,WORKSPACE_ID,BRANCH_ID,IS_HEAD,CHECKIN_DATE,ASSET_VERSION) values ('1000006','Fuerteventura','11','0','0',null,'487220521448','10100','1',to_date('21/12/2016','DD/MM/YYYY'),'1');
Insert into ECI_POSTALCODE_AREA (ID,POSTALCODE_AREA_NAME,POSTALCODE_AREA_COUNTRY_ID,VERSION_DELETED,VERSION_EDITABLE,PRED_VERSION,WORKSPACE_ID,BRANCH_ID,IS_HEAD,CHECKIN_DATE,ASSET_VERSION) values ('700012','REGIÓN ZARAGOZA CENTRO ','11','0','0','1','487220505165','10100','1',to_date('13/09/2016','DD/MM/YYYY'),'2');
Insert into ECI_POSTALCODE_AREA (ID,POSTALCODE_AREA_NAME,POSTALCODE_AREA_COUNTRY_ID,VERSION_DELETED,VERSION_EDITABLE,PRED_VERSION,WORKSPACE_ID,BRANCH_ID,IS_HEAD,CHECKIN_DATE,ASSET_VERSION) values ('1100002','Formentera','11','0','0',null,'487220586652','10100','1',to_date('06/03/2018','DD/MM/YYYY'),'1');
Insert into ECI_POSTALCODE_AREA (ID,POSTALCODE_AREA_NAME,POSTALCODE_AREA_COUNTRY_ID,VERSION_DELETED,VERSION_EDITABLE,PRED_VERSION,WORKSPACE_ID,BRANCH_ID,IS_HEAD,CHECKIN_DATE,ASSET_VERSION) values ('1300002','Region PT Islas codigo postal','11','0','0',null,'487220636351','10100','1',to_date('18/07/2019','DD/MM/YYYY'),'1');
Insert into ECI_POSTALCODE_AREA (ID,POSTALCODE_AREA_NAME,POSTALCODE_AREA_COUNTRY_ID,VERSION_DELETED,VERSION_EDITABLE,PRED_VERSION,WORKSPACE_ID,BRANCH_ID,IS_HEAD,CHECKIN_DATE,ASSET_VERSION) values ('1200002','Mallorca','11','0','0',null,'487220607642','10100','1',to_date('30/07/2018','DD/MM/YYYY'),'1');
Insert into ECI_POSTALCODE_AREA (ID,POSTALCODE_AREA_NAME,POSTALCODE_AREA_COUNTRY_ID,VERSION_DELETED,VERSION_EDITABLE,PRED_VERSION,WORKSPACE_ID,BRANCH_ID,IS_HEAD,CHECKIN_DATE,ASSET_VERSION) values ('1200004','Menorca','11','0','0',null,'487220607642','10100','1',to_date('30/07/2018','DD/MM/YYYY'),'1');
Insert into ECI_POSTALCODE_AREA (ID,POSTALCODE_AREA_NAME,POSTALCODE_AREA_COUNTRY_ID,VERSION_DELETED,VERSION_EDITABLE,PRED_VERSION,WORKSPACE_ID,BRANCH_ID,IS_HEAD,CHECKIN_DATE,ASSET_VERSION) values ('1200006','Formentera','11','0','0',null,'487220607642','10100','1',to_date('30/07/2018','DD/MM/YYYY'),'1');
Insert into ECI_POSTALCODE_AREA (ID,POSTALCODE_AREA_NAME,POSTALCODE_AREA_COUNTRY_ID,VERSION_DELETED,VERSION_EDITABLE,PRED_VERSION,WORKSPACE_ID,BRANCH_ID,IS_HEAD,CHECKIN_DATE,ASSET_VERSION) values ('1200008','Ibiza','11','0','0',null,'487220607642','10100','1',to_date('30/07/2018','DD/MM/YYYY'),'1');
Insert into ECI_POSTALCODE_AREA (ID,POSTALCODE_AREA_NAME,POSTALCODE_AREA_COUNTRY_ID,VERSION_DELETED,VERSION_EDITABLE,PRED_VERSION,WORKSPACE_ID,BRANCH_ID,IS_HEAD,CHECKIN_DATE,ASSET_VERSION) values ('1400002','Madeira','10','0','0',null,'487220649241','10100','1',to_date('27/02/2020','DD/MM/YYYY'),'1');
Insert into ECI_POSTALCODE_AREA (ID,POSTALCODE_AREA_NAME,POSTALCODE_AREA_COUNTRY_ID,VERSION_DELETED,VERSION_EDITABLE,PRED_VERSION,WORKSPACE_ID,BRANCH_ID,IS_HEAD,CHECKIN_DATE,ASSET_VERSION) values ('1400004','Açores','10','0','0',null,'487220649241','10100','1',to_date('27/02/2020','DD/MM/YYYY'),'1');
Insert into ECI_POSTALCODE_AREA (ID,POSTALCODE_AREA_NAME,POSTALCODE_AREA_COUNTRY_ID,VERSION_DELETED,VERSION_EDITABLE,PRED_VERSION,WORKSPACE_ID,BRANCH_ID,IS_HEAD,CHECKIN_DATE,ASSET_VERSION) values ('1400006','PT Todas Ilhas','10','0','0',null,'487220649241','10100','1',to_date('27/02/2020','DD/MM/YYYY'),'1');

Insert into ECI_POSTALCODE_AREA_DIST (POSTALCODE_AREA_ID,DISTRICT_CODE,ASSET_VERSION) values ('1400002','32','1');
Insert into ECI_POSTALCODE_AREA_DIST (POSTALCODE_AREA_ID,DISTRICT_CODE,ASSET_VERSION) values ('1400002','31','1');
Insert into ECI_POSTALCODE_AREA_DIST (POSTALCODE_AREA_ID,DISTRICT_CODE,ASSET_VERSION) values ('1400004','49','1');
Insert into ECI_POSTALCODE_AREA_DIST (POSTALCODE_AREA_ID,DISTRICT_CODE,ASSET_VERSION) values ('1400004','48','1');
Insert into ECI_POSTALCODE_AREA_DIST (POSTALCODE_AREA_ID,DISTRICT_CODE,ASSET_VERSION) values ('1400004','47','1');
Insert into ECI_POSTALCODE_AREA_DIST (POSTALCODE_AREA_ID,DISTRICT_CODE,ASSET_VERSION) values ('1400004','46','1');
Insert into ECI_POSTALCODE_AREA_DIST (POSTALCODE_AREA_ID,DISTRICT_CODE,ASSET_VERSION) values ('1400004','45','1');
Insert into ECI_POSTALCODE_AREA_DIST (POSTALCODE_AREA_ID,DISTRICT_CODE,ASSET_VERSION) values ('1400004','44','1');
Insert into ECI_POSTALCODE_AREA_DIST (POSTALCODE_AREA_ID,DISTRICT_CODE,ASSET_VERSION) values ('1400004','43','1');
Insert into ECI_POSTALCODE_AREA_DIST (POSTALCODE_AREA_ID,DISTRICT_CODE,ASSET_VERSION) values ('1400004','42','1');
Insert into ECI_POSTALCODE_AREA_DIST (POSTALCODE_AREA_ID,DISTRICT_CODE,ASSET_VERSION) values ('1400004','41','1');
Insert into ECI_POSTALCODE_AREA_DIST (POSTALCODE_AREA_ID,DISTRICT_CODE,ASSET_VERSION) values ('1400006','9000000-9980999','1');
Insert into ECI_POSTALCODE_AREA_DIST (POSTALCODE_AREA_ID,DISTRICT_CODE,ASSET_VERSION) values ('300008','49','6');
Insert into ECI_POSTALCODE_AREA_DIST (POSTALCODE_AREA_ID,DISTRICT_CODE,ASSET_VERSION) values ('300008','48','6');
Insert into ECI_POSTALCODE_AREA_DIST (POSTALCODE_AREA_ID,DISTRICT_CODE,ASSET_VERSION) values ('300008','47','6');
Insert into ECI_POSTALCODE_AREA_DIST (POSTALCODE_AREA_ID,DISTRICT_CODE,ASSET_VERSION) values ('300008','46','6');
Insert into ECI_POSTALCODE_AREA_DIST (POSTALCODE_AREA_ID,DISTRICT_CODE,ASSET_VERSION) values ('300008','45','6');
Insert into ECI_POSTALCODE_AREA_DIST (POSTALCODE_AREA_ID,DISTRICT_CODE,ASSET_VERSION) values ('300008','44','6');
Insert into ECI_POSTALCODE_AREA_DIST (POSTALCODE_AREA_ID,DISTRICT_CODE,ASSET_VERSION) values ('300008','43','6');
Insert into ECI_POSTALCODE_AREA_DIST (POSTALCODE_AREA_ID,DISTRICT_CODE,ASSET_VERSION) values ('300008','42','6');
Insert into ECI_POSTALCODE_AREA_DIST (POSTALCODE_AREA_ID,DISTRICT_CODE,ASSET_VERSION) values ('300008','41','6');
Insert into ECI_POSTALCODE_AREA_DIST (POSTALCODE_AREA_ID,DISTRICT_CODE,ASSET_VERSION) values ('300008','40','6');
Insert into ECI_POSTALCODE_AREA_DIST (POSTALCODE_AREA_ID,DISTRICT_CODE,ASSET_VERSION) values ('300008','39','6');
Insert into ECI_POSTALCODE_AREA_DIST (POSTALCODE_AREA_ID,DISTRICT_CODE,ASSET_VERSION) values ('300008','38','6');
Insert into ECI_POSTALCODE_AREA_DIST (POSTALCODE_AREA_ID,DISTRICT_CODE,ASSET_VERSION) values ('300008','37','6');
Insert into ECI_POSTALCODE_AREA_DIST (POSTALCODE_AREA_ID,DISTRICT_CODE,ASSET_VERSION) values ('300008','36','6');
Insert into ECI_POSTALCODE_AREA_DIST (POSTALCODE_AREA_ID,DISTRICT_CODE,ASSET_VERSION) values ('300008','35','6');
Insert into ECI_POSTALCODE_AREA_DIST (POSTALCODE_AREA_ID,DISTRICT_CODE,ASSET_VERSION) values ('300008','34','6');
Insert into ECI_POSTALCODE_AREA_DIST (POSTALCODE_AREA_ID,DISTRICT_CODE,ASSET_VERSION) values ('300008','33','6');
Insert into ECI_POSTALCODE_AREA_DIST (POSTALCODE_AREA_ID,DISTRICT_CODE,ASSET_VERSION) values ('300008','32','6');
Insert into ECI_POSTALCODE_AREA_DIST (POSTALCODE_AREA_ID,DISTRICT_CODE,ASSET_VERSION) values ('300008','31','6');
Insert into ECI_POSTALCODE_AREA_DIST (POSTALCODE_AREA_ID,DISTRICT_CODE,ASSET_VERSION) values ('700010','30','5');
Insert into ECI_POSTALCODE_AREA_DIST (POSTALCODE_AREA_ID,DISTRICT_CODE,ASSET_VERSION) values ('700010','29','5');
Insert into ECI_POSTALCODE_AREA_DIST (POSTALCODE_AREA_ID,DISTRICT_CODE,ASSET_VERSION) values ('700010','28','5');
Insert into ECI_POSTALCODE_AREA_DIST (POSTALCODE_AREA_ID,DISTRICT_CODE,ASSET_VERSION) values ('700010','27','5');
Insert into ECI_POSTALCODE_AREA_DIST (POSTALCODE_AREA_ID,DISTRICT_CODE,ASSET_VERSION) values ('700010','26','5');
Insert into ECI_POSTALCODE_AREA_DIST (POSTALCODE_AREA_ID,DISTRICT_CODE,ASSET_VERSION) values ('700010','25','5');
Insert into ECI_POSTALCODE_AREA_DIST (POSTALCODE_AREA_ID,DISTRICT_CODE,ASSET_VERSION) values ('700010','24','5');
Insert into ECI_POSTALCODE_AREA_DIST (POSTALCODE_AREA_ID,DISTRICT_CODE,ASSET_VERSION) values ('700010','23','5');
Insert into ECI_POSTALCODE_AREA_DIST (POSTALCODE_AREA_ID,DISTRICT_CODE,ASSET_VERSION) values ('700010','22','5');
Insert into ECI_POSTALCODE_AREA_DIST (POSTALCODE_AREA_ID,DISTRICT_CODE,ASSET_VERSION) values ('700010','21','5');
Insert into ECI_POSTALCODE_AREA_DIST (POSTALCODE_AREA_ID,DISTRICT_CODE,ASSET_VERSION) values ('700010','20','5');
Insert into ECI_POSTALCODE_AREA_DIST (POSTALCODE_AREA_ID,DISTRICT_CODE,ASSET_VERSION) values ('700010','19','5');
Insert into ECI_POSTALCODE_AREA_DIST (POSTALCODE_AREA_ID,DISTRICT_CODE,ASSET_VERSION) values ('700010','18','5');
Insert into ECI_POSTALCODE_AREA_DIST (POSTALCODE_AREA_ID,DISTRICT_CODE,ASSET_VERSION) values ('700010','17','5');
Insert into ECI_POSTALCODE_AREA_DIST (POSTALCODE_AREA_ID,DISTRICT_CODE,ASSET_VERSION) values ('700010','16','5');
Insert into ECI_POSTALCODE_AREA_DIST (POSTALCODE_AREA_ID,DISTRICT_CODE,ASSET_VERSION) values ('700010','15','5');
Insert into ECI_POSTALCODE_AREA_DIST (POSTALCODE_AREA_ID,DISTRICT_CODE,ASSET_VERSION) values ('700010','14','5');
Insert into ECI_POSTALCODE_AREA_DIST (POSTALCODE_AREA_ID,DISTRICT_CODE,ASSET_VERSION) values ('700010','13','5');
Insert into ECI_POSTALCODE_AREA_DIST (POSTALCODE_AREA_ID,DISTRICT_CODE,ASSET_VERSION) values ('700010','12','5');
Insert into ECI_POSTALCODE_AREA_DIST (POSTALCODE_AREA_ID,DISTRICT_CODE,ASSET_VERSION) values ('700010','11','5');
Insert into ECI_POSTALCODE_AREA_DIST (POSTALCODE_AREA_ID,DISTRICT_CODE,ASSET_VERSION) values ('700010','10','5');
Insert into ECI_POSTALCODE_AREA_DIST (POSTALCODE_AREA_ID,DISTRICT_CODE,ASSET_VERSION) values ('700010','09','5');
Insert into ECI_POSTALCODE_AREA_DIST (POSTALCODE_AREA_ID,DISTRICT_CODE,ASSET_VERSION) values ('700010','08','5');
Insert into ECI_POSTALCODE_AREA_DIST (POSTALCODE_AREA_ID,DISTRICT_CODE,ASSET_VERSION) values ('700010','07','5');
Insert into ECI_POSTALCODE_AREA_DIST (POSTALCODE_AREA_ID,DISTRICT_CODE,ASSET_VERSION) values ('700010','06','5');
Insert into ECI_POSTALCODE_AREA_DIST (POSTALCODE_AREA_ID,DISTRICT_CODE,ASSET_VERSION) values ('700010','05','5');
Insert into ECI_POSTALCODE_AREA_DIST (POSTALCODE_AREA_ID,DISTRICT_CODE,ASSET_VERSION) values ('700010','04','5');
Insert into ECI_POSTALCODE_AREA_DIST (POSTALCODE_AREA_ID,DISTRICT_CODE,ASSET_VERSION) values ('700010','03','5');
Insert into ECI_POSTALCODE_AREA_DIST (POSTALCODE_AREA_ID,DISTRICT_CODE,ASSET_VERSION) values ('700010','02','5');
Insert into ECI_POSTALCODE_AREA_DIST (POSTALCODE_AREA_ID,DISTRICT_CODE,ASSET_VERSION) values ('700010','01','5');

Insert into ECI_POSTALCODE_AREA_PCODE (POSTALCODE_AREA_ID,POSTALCODE,ASSET_VERSION) values ('1000006','35601','1');
Insert into ECI_POSTALCODE_AREA_PCODE (POSTALCODE_AREA_ID,POSTALCODE,ASSET_VERSION) values ('1100002','07872','1');
Insert into ECI_POSTALCODE_AREA_PCODE (POSTALCODE_AREA_ID,POSTALCODE,ASSET_VERSION) values ('1100002','07871','1');
Insert into ECI_POSTALCODE_AREA_PCODE (POSTALCODE_AREA_ID,POSTALCODE,ASSET_VERSION) values ('1100002','07870','1');
Insert into ECI_POSTALCODE_AREA_PCODE (POSTALCODE_AREA_ID,POSTALCODE,ASSET_VERSION) values ('1100002','07860','1');
Insert into ECI_POSTALCODE_AREA_PCODE (POSTALCODE_AREA_ID,POSTALCODE,ASSET_VERSION) values ('1200002','07001-07699','1');
Insert into ECI_POSTALCODE_AREA_PCODE (POSTALCODE_AREA_ID,POSTALCODE,ASSET_VERSION) values ('1200004','07700-07799','1');
Insert into ECI_POSTALCODE_AREA_PCODE (POSTALCODE_AREA_ID,POSTALCODE,ASSET_VERSION) values ('1200006','07860-07872','1');
Insert into ECI_POSTALCODE_AREA_PCODE (POSTALCODE_AREA_ID,POSTALCODE,ASSET_VERSION) values ('1200008','07800-07859','1');
Insert into ECI_POSTALCODE_AREA_PCODE (POSTALCODE_AREA_ID,POSTALCODE,ASSET_VERSION) values ('1300002','42','1');
Insert into ECI_POSTALCODE_AREA_PCODE (POSTALCODE_AREA_ID,POSTALCODE,ASSET_VERSION) values ('300002','28010','4');
Insert into ECI_POSTALCODE_AREA_PCODE (POSTALCODE_AREA_ID,POSTALCODE,ASSET_VERSION) values ('300002','28005','4');
Insert into ECI_POSTALCODE_AREA_PCODE (POSTALCODE_AREA_ID,POSTALCODE,ASSET_VERSION) values ('300002','28004','4');
Insert into ECI_POSTALCODE_AREA_PCODE (POSTALCODE_AREA_ID,POSTALCODE,ASSET_VERSION) values ('300002','28003','4');
Insert into ECI_POSTALCODE_AREA_PCODE (POSTALCODE_AREA_ID,POSTALCODE,ASSET_VERSION) values ('700012','50050','2');

-- Configuración de Ámbitos
Insert into ECI_PROVINCE_AREAS (PROVINCE_AREA_ID,VERSION_DELETED,VERSION_EDITABLE,PRED_VERSION,WORKSPACE_ID,BRANCH_ID,IS_HEAD,CHECKIN_DATE,ASSET_VERSION,PROVINCE_AREA_NAME,COUNTRY_ID,COUNTRY_LOCALE) values ('100008','0','0',null,'117005522445','10100','1',to_date('19/07/2013','DD/MM/YYYY'),'1','Baleares','011','es_ES');
Insert into ECI_PROVINCE_AREAS (PROVINCE_AREA_ID,VERSION_DELETED,VERSION_EDITABLE,PRED_VERSION,WORKSPACE_ID,BRANCH_ID,IS_HEAD,CHECKIN_DATE,ASSET_VERSION,PROVINCE_AREA_NAME,COUNTRY_ID,COUNTRY_LOCALE) values ('100004','0','0',null,'117005522445','10100','1',to_date('19/07/2013','DD/MM/YYYY'),'1','Canarias','011','es_ES');
Insert into ECI_PROVINCE_AREAS (PROVINCE_AREA_ID,VERSION_DELETED,VERSION_EDITABLE,PRED_VERSION,WORKSPACE_ID,BRANCH_ID,IS_HEAD,CHECKIN_DATE,ASSET_VERSION,PROVINCE_AREA_NAME,COUNTRY_ID,COUNTRY_LOCALE) values ('100006','0','0',null,'117005522445','10100','1',to_date('19/07/2013','DD/MM/YYYY'),'1','Ceuta y Melilla','011','es_ES');
Insert into ECI_PROVINCE_AREAS (PROVINCE_AREA_ID,VERSION_DELETED,VERSION_EDITABLE,PRED_VERSION,WORKSPACE_ID,BRANCH_ID,IS_HEAD,CHECKIN_DATE,ASSET_VERSION,PROVINCE_AREA_NAME,COUNTRY_ID,COUNTRY_LOCALE) values ('100010','0','0','1','316131322543','10100','1',to_date('17/09/2013','DD/MM/YYYY'),'2','Península','011','es_ES');
Insert into ECI_PROVINCE_AREAS (PROVINCE_AREA_ID,VERSION_DELETED,VERSION_EDITABLE,PRED_VERSION,WORKSPACE_ID,BRANCH_ID,IS_HEAD,CHECKIN_DATE,ASSET_VERSION,PROVINCE_AREA_NAME,COUNTRY_ID,COUNTRY_LOCALE) values ('487226342352','0','0',null,'487220454959','10100','1',to_date('30/10/2015','DD/MM/YYYY'),'1','Murcia','011','es_ES');
Insert into ECI_PROVINCE_AREAS (PROVINCE_AREA_ID,VERSION_DELETED,VERSION_EDITABLE,PRED_VERSION,WORKSPACE_ID,BRANCH_ID,IS_HEAD,CHECKIN_DATE,ASSET_VERSION,PROVINCE_AREA_NAME,COUNTRY_ID,COUNTRY_LOCALE) values ('487226342344','0','0',null,'487220454944','10100','1',to_date('30/10/2015','DD/MM/YYYY'),'1','Pais Vasco','011','es_ES');
Insert into ECI_PROVINCE_AREAS (PROVINCE_AREA_ID,VERSION_DELETED,VERSION_EDITABLE,PRED_VERSION,WORKSPACE_ID,BRANCH_ID,IS_HEAD,CHECKIN_DATE,ASSET_VERSION,PROVINCE_AREA_NAME,COUNTRY_ID,COUNTRY_LOCALE) values ('487228642342','0','0',null,'487220503042','10100','1',to_date('02/09/2016','DD/MM/YYYY'),'1','Ambito ESP Provincias','11','es_ES');
Insert into ECI_PROVINCE_AREAS (PROVINCE_AREA_ID,VERSION_DELETED,VERSION_EDITABLE,PRED_VERSION,WORKSPACE_ID,BRANCH_ID,IS_HEAD,CHECKIN_DATE,ASSET_VERSION,PROVINCE_AREA_NAME,COUNTRY_ID,COUNTRY_LOCALE) values ('487228642344','0','0',null,'487220503042','10100','1',to_date('02/09/2016','DD/MM/YYYY'),'1','Ambito ESP Regiones','11','es_ES');
Insert into ECI_PROVINCE_AREAS (PROVINCE_AREA_ID,VERSION_DELETED,VERSION_EDITABLE,PRED_VERSION,WORKSPACE_ID,BRANCH_ID,IS_HEAD,CHECKIN_DATE,ASSET_VERSION,PROVINCE_AREA_NAME,COUNTRY_ID,COUNTRY_LOCALE) values ('487229642342','0','0',null,'487220521448','10100','1',to_date('21/12/2016','DD/MM/YYYY'),'1','Canarias - Fuerteventura','11','es_ES');
Insert into ECI_PROVINCE_AREAS (PROVINCE_AREA_ID,VERSION_DELETED,VERSION_EDITABLE,PRED_VERSION,WORKSPACE_ID,BRANCH_ID,IS_HEAD,CHECKIN_DATE,ASSET_VERSION,PROVINCE_AREA_NAME,COUNTRY_ID,COUNTRY_LOCALE) values ('487228642346','0','0','1','487220548649','10100','1',to_date('20/06/2017','DD/MM/YYYY'),'2','Ambito PT Continental','10','es_ES');
Insert into ECI_PROVINCE_AREAS (PROVINCE_AREA_ID,VERSION_DELETED,VERSION_EDITABLE,PRED_VERSION,WORKSPACE_ID,BRANCH_ID,IS_HEAD,CHECKIN_DATE,ASSET_VERSION,PROVINCE_AREA_NAME,COUNTRY_ID,COUNTRY_LOCALE) values ('487228742346','0','0','2','487220505165','10100','1',to_date('13/09/2016','DD/MM/YYYY'),'3','AMBITO ZARAGOZA CENTRO','11','es_ES');
Insert into ECI_PROVINCE_AREAS (PROVINCE_AREA_ID,VERSION_DELETED,VERSION_EDITABLE,PRED_VERSION,WORKSPACE_ID,BRANCH_ID,IS_HEAD,CHECKIN_DATE,ASSET_VERSION,PROVINCE_AREA_NAME,COUNTRY_ID,COUNTRY_LOCALE) values ('487223642344','0','0',null,'487220394444','10100','1',to_date('23/10/2014','DD/MM/YYYY'),'1','Andalucía','011','es_ES');
Insert into ECI_PROVINCE_AREAS (PROVINCE_AREA_ID,VERSION_DELETED,VERSION_EDITABLE,PRED_VERSION,WORKSPACE_ID,BRANCH_ID,IS_HEAD,CHECKIN_DATE,ASSET_VERSION,PROVINCE_AREA_NAME,COUNTRY_ID,COUNTRY_LOCALE) values ('487224442346','0','0','1','487220423241','10100','1',to_date('16/04/2015','DD/MM/YYYY'),'2','Islas','011','es_ES');
Insert into ECI_PROVINCE_AREAS (PROVINCE_AREA_ID,VERSION_DELETED,VERSION_EDITABLE,PRED_VERSION,WORKSPACE_ID,BRANCH_ID,IS_HEAD,CHECKIN_DATE,ASSET_VERSION,PROVINCE_AREA_NAME,COUNTRY_ID,COUNTRY_LOCALE) values ('487226342360','0','0',null,'487220454993','10100','1',to_date('02/11/2015','DD/MM/YYYY'),'1','Toledo','011','es_ES');
Insert into ECI_PROVINCE_AREAS (PROVINCE_AREA_ID,VERSION_DELETED,VERSION_EDITABLE,PRED_VERSION,WORKSPACE_ID,BRANCH_ID,IS_HEAD,CHECKIN_DATE,ASSET_VERSION,PROVINCE_AREA_NAME,COUNTRY_ID,COUNTRY_LOCALE) values ('487224642344','0','0','1','487220505447','10100','1',to_date('14/09/2016','DD/MM/YYYY'),'2','ARAGÓN','11','es_ES');
Insert into ECI_PROVINCE_AREAS (PROVINCE_AREA_ID,VERSION_DELETED,VERSION_EDITABLE,PRED_VERSION,WORKSPACE_ID,BRANCH_ID,IS_HEAD,CHECKIN_DATE,ASSET_VERSION,PROVINCE_AREA_NAME,COUNTRY_ID,COUNTRY_LOCALE) values ('487231642342','0','0',null,'487220586652','10100','1',to_date('06/03/2018','DD/MM/YYYY'),'1','Ambito Formentera','11','es_ES');
Insert into ECI_PROVINCE_AREAS (PROVINCE_AREA_ID,VERSION_DELETED,VERSION_EDITABLE,PRED_VERSION,WORKSPACE_ID,BRANCH_ID,IS_HEAD,CHECKIN_DATE,ASSET_VERSION,PROVINCE_AREA_NAME,COUNTRY_ID,COUNTRY_LOCALE) values ('487231542343','0','0','1','487220636351','10100','1',to_date('18/07/2019','DD/MM/YYYY'),'2','Ambito PT Islas','10','es_ES');
Insert into ECI_PROVINCE_AREAS (PROVINCE_AREA_ID,VERSION_DELETED,VERSION_EDITABLE,PRED_VERSION,WORKSPACE_ID,BRANCH_ID,IS_HEAD,CHECKIN_DATE,ASSET_VERSION,PROVINCE_AREA_NAME,COUNTRY_ID,COUNTRY_LOCALE) values ('487232242342','0','0','1','487220649250','10100','1',to_date('28/02/2020','DD/MM/YYYY'),'2','Portugal Continental','10','es_ES');
Insert into ECI_PROVINCE_AREAS (PROVINCE_AREA_ID,VERSION_DELETED,VERSION_EDITABLE,PRED_VERSION,WORKSPACE_ID,BRANCH_ID,IS_HEAD,CHECKIN_DATE,ASSET_VERSION,PROVINCE_AREA_NAME,COUNTRY_ID,COUNTRY_LOCALE) values ('487231742342','0','0',null,'487220607642','10100','1',to_date('30/07/2018','DD/MM/YYYY'),'1','Baleares (Mallorca)','11','es_ES');
Insert into ECI_PROVINCE_AREAS (PROVINCE_AREA_ID,VERSION_DELETED,VERSION_EDITABLE,PRED_VERSION,WORKSPACE_ID,BRANCH_ID,IS_HEAD,CHECKIN_DATE,ASSET_VERSION,PROVINCE_AREA_NAME,COUNTRY_ID,COUNTRY_LOCALE) values ('487231742344','0','0',null,'487220607642','10100','1',to_date('30/07/2018','DD/MM/YYYY'),'1','Baleares (Menorca, Ibiza, Formentera)','11','es_ES');
Insert into ECI_PROVINCE_AREAS (PROVINCE_AREA_ID,VERSION_DELETED,VERSION_EDITABLE,PRED_VERSION,WORKSPACE_ID,BRANCH_ID,IS_HEAD,CHECKIN_DATE,ASSET_VERSION,PROVINCE_AREA_NAME,COUNTRY_ID,COUNTRY_LOCALE) values ('487232242344','0','0',null,'487220649241','10100','1',to_date('27/02/2020','DD/MM/YYYY'),'1','Portugal - Ilhas (Açores e Madeira)','10','es_ES');

Insert into ECI_PROV_AREA_PCODE_AREAS (PROVINCE_AREA_ID,POSTALCODE_AREA_ID,ASSET_VERSION) values ('487228642344','300002','1');
Insert into ECI_PROV_AREA_PCODE_AREAS (PROVINCE_AREA_ID,POSTALCODE_AREA_ID,ASSET_VERSION) values ('487229642342','1000006','1');
Insert into ECI_PROV_AREA_PCODE_AREAS (PROVINCE_AREA_ID,POSTALCODE_AREA_ID,ASSET_VERSION) values ('487228642346','700010','2');
Insert into ECI_PROV_AREA_PCODE_AREAS (PROVINCE_AREA_ID,POSTALCODE_AREA_ID,ASSET_VERSION) values ('487228742346','700012','3');
Insert into ECI_PROV_AREA_PCODE_AREAS (PROVINCE_AREA_ID,POSTALCODE_AREA_ID,ASSET_VERSION) values ('487231642342','1100002','1');
Insert into ECI_PROV_AREA_PCODE_AREAS (PROVINCE_AREA_ID,POSTALCODE_AREA_ID,ASSET_VERSION) values ('487231542343','1300002','2');
Insert into ECI_PROV_AREA_PCODE_AREAS (PROVINCE_AREA_ID,POSTALCODE_AREA_ID,ASSET_VERSION) values ('487232242342','700010','2');
Insert into ECI_PROV_AREA_PCODE_AREAS (PROVINCE_AREA_ID,POSTALCODE_AREA_ID,ASSET_VERSION) values ('487231742342','1200002','1');
Insert into ECI_PROV_AREA_PCODE_AREAS (PROVINCE_AREA_ID,POSTALCODE_AREA_ID,ASSET_VERSION) values ('487231742344','1200008','1');
Insert into ECI_PROV_AREA_PCODE_AREAS (PROVINCE_AREA_ID,POSTALCODE_AREA_ID,ASSET_VERSION) values ('487231742344','1200004','1');
Insert into ECI_PROV_AREA_PCODE_AREAS (PROVINCE_AREA_ID,POSTALCODE_AREA_ID,ASSET_VERSION) values ('487231742344','1100002','1');
Insert into ECI_PROV_AREA_PCODE_AREAS (PROVINCE_AREA_ID,POSTALCODE_AREA_ID,ASSET_VERSION) values ('487232242344','1400006','1');

Insert into ECI_PROVINCES (PROVINCE_ID,LOCALE,PROVINCE_AREA_ID,ASSET_VERSION) values ('50','es_ES','100010','2');
Insert into ECI_PROVINCES (PROVINCE_ID,LOCALE,PROVINCE_AREA_ID,ASSET_VERSION) values ('49','es_ES','100010','2');
Insert into ECI_PROVINCES (PROVINCE_ID,LOCALE,PROVINCE_AREA_ID,ASSET_VERSION) values ('48','es_ES','100010','2');
Insert into ECI_PROVINCES (PROVINCE_ID,LOCALE,PROVINCE_AREA_ID,ASSET_VERSION) values ('47','es_ES','100010','2');
Insert into ECI_PROVINCES (PROVINCE_ID,LOCALE,PROVINCE_AREA_ID,ASSET_VERSION) values ('46','es_ES','100010','2');
Insert into ECI_PROVINCES (PROVINCE_ID,LOCALE,PROVINCE_AREA_ID,ASSET_VERSION) values ('45','es_ES','100010','2');
Insert into ECI_PROVINCES (PROVINCE_ID,LOCALE,PROVINCE_AREA_ID,ASSET_VERSION) values ('44','es_ES','100010','2');
Insert into ECI_PROVINCES (PROVINCE_ID,LOCALE,PROVINCE_AREA_ID,ASSET_VERSION) values ('43','es_ES','100010','2');
Insert into ECI_PROVINCES (PROVINCE_ID,LOCALE,PROVINCE_AREA_ID,ASSET_VERSION) values ('42','es_ES','100010','2');
Insert into ECI_PROVINCES (PROVINCE_ID,LOCALE,PROVINCE_AREA_ID,ASSET_VERSION) values ('41','es_ES','100010','2');
Insert into ECI_PROVINCES (PROVINCE_ID,LOCALE,PROVINCE_AREA_ID,ASSET_VERSION) values ('40','es_ES','100010','2');
Insert into ECI_PROVINCES (PROVINCE_ID,LOCALE,PROVINCE_AREA_ID,ASSET_VERSION) values ('39','es_ES','100010','2');
Insert into ECI_PROVINCES (PROVINCE_ID,LOCALE,PROVINCE_AREA_ID,ASSET_VERSION) values ('37','es_ES','100010','2');
Insert into ECI_PROVINCES (PROVINCE_ID,LOCALE,PROVINCE_AREA_ID,ASSET_VERSION) values ('36','es_ES','100010','2');
Insert into ECI_PROVINCES (PROVINCE_ID,LOCALE,PROVINCE_AREA_ID,ASSET_VERSION) values ('34','es_ES','100010','2');
Insert into ECI_PROVINCES (PROVINCE_ID,LOCALE,PROVINCE_AREA_ID,ASSET_VERSION) values ('33','es_ES','100010','2');
Insert into ECI_PROVINCES (PROVINCE_ID,LOCALE,PROVINCE_AREA_ID,ASSET_VERSION) values ('32','es_ES','100010','2');
Insert into ECI_PROVINCES (PROVINCE_ID,LOCALE,PROVINCE_AREA_ID,ASSET_VERSION) values ('31','es_ES','100010','2');
Insert into ECI_PROVINCES (PROVINCE_ID,LOCALE,PROVINCE_AREA_ID,ASSET_VERSION) values ('30','es_ES','100010','2');
Insert into ECI_PROVINCES (PROVINCE_ID,LOCALE,PROVINCE_AREA_ID,ASSET_VERSION) values ('29','es_ES','100010','2');
Insert into ECI_PROVINCES (PROVINCE_ID,LOCALE,PROVINCE_AREA_ID,ASSET_VERSION) values ('28','es_ES','100010','2');
Insert into ECI_PROVINCES (PROVINCE_ID,LOCALE,PROVINCE_AREA_ID,ASSET_VERSION) values ('27','es_ES','100010','2');
Insert into ECI_PROVINCES (PROVINCE_ID,LOCALE,PROVINCE_AREA_ID,ASSET_VERSION) values ('26','es_ES','100010','2');
Insert into ECI_PROVINCES (PROVINCE_ID,LOCALE,PROVINCE_AREA_ID,ASSET_VERSION) values ('25','es_ES','100010','2');
Insert into ECI_PROVINCES (PROVINCE_ID,LOCALE,PROVINCE_AREA_ID,ASSET_VERSION) values ('24','es_ES','100010','2');
Insert into ECI_PROVINCES (PROVINCE_ID,LOCALE,PROVINCE_AREA_ID,ASSET_VERSION) values ('23','es_ES','100010','2');
Insert into ECI_PROVINCES (PROVINCE_ID,LOCALE,PROVINCE_AREA_ID,ASSET_VERSION) values ('22','es_ES','100010','2');
Insert into ECI_PROVINCES (PROVINCE_ID,LOCALE,PROVINCE_AREA_ID,ASSET_VERSION) values ('21','es_ES','100010','2');
Insert into ECI_PROVINCES (PROVINCE_ID,LOCALE,PROVINCE_AREA_ID,ASSET_VERSION) values ('20','es_ES','100010','2');
Insert into ECI_PROVINCES (PROVINCE_ID,LOCALE,PROVINCE_AREA_ID,ASSET_VERSION) values ('19','es_ES','100010','2');
Insert into ECI_PROVINCES (PROVINCE_ID,LOCALE,PROVINCE_AREA_ID,ASSET_VERSION) values ('18','es_ES','100010','2');
Insert into ECI_PROVINCES (PROVINCE_ID,LOCALE,PROVINCE_AREA_ID,ASSET_VERSION) values ('17','es_ES','100010','2');
Insert into ECI_PROVINCES (PROVINCE_ID,LOCALE,PROVINCE_AREA_ID,ASSET_VERSION) values ('16','es_ES','100010','2');
Insert into ECI_PROVINCES (PROVINCE_ID,LOCALE,PROVINCE_AREA_ID,ASSET_VERSION) values ('15','es_ES','100010','2');
Insert into ECI_PROVINCES (PROVINCE_ID,LOCALE,PROVINCE_AREA_ID,ASSET_VERSION) values ('14','es_ES','100010','2');
Insert into ECI_PROVINCES (PROVINCE_ID,LOCALE,PROVINCE_AREA_ID,ASSET_VERSION) values ('13','es_ES','100010','2');
Insert into ECI_PROVINCES (PROVINCE_ID,LOCALE,PROVINCE_AREA_ID,ASSET_VERSION) values ('12','es_ES','100010','2');
Insert into ECI_PROVINCES (PROVINCE_ID,LOCALE,PROVINCE_AREA_ID,ASSET_VERSION) values ('11','es_ES','100010','2');
Insert into ECI_PROVINCES (PROVINCE_ID,LOCALE,PROVINCE_AREA_ID,ASSET_VERSION) values ('10','es_ES','100010','2');
Insert into ECI_PROVINCES (PROVINCE_ID,LOCALE,PROVINCE_AREA_ID,ASSET_VERSION) values ('09','es_ES','100010','2');
Insert into ECI_PROVINCES (PROVINCE_ID,LOCALE,PROVINCE_AREA_ID,ASSET_VERSION) values ('08','es_ES','100010','2');
Insert into ECI_PROVINCES (PROVINCE_ID,LOCALE,PROVINCE_AREA_ID,ASSET_VERSION) values ('06','es_ES','100010','2');
Insert into ECI_PROVINCES (PROVINCE_ID,LOCALE,PROVINCE_AREA_ID,ASSET_VERSION) values ('05','es_ES','100010','2');
Insert into ECI_PROVINCES (PROVINCE_ID,LOCALE,PROVINCE_AREA_ID,ASSET_VERSION) values ('04','es_ES','100010','2');
Insert into ECI_PROVINCES (PROVINCE_ID,LOCALE,PROVINCE_AREA_ID,ASSET_VERSION) values ('03','es_ES','100010','2');
Insert into ECI_PROVINCES (PROVINCE_ID,LOCALE,PROVINCE_AREA_ID,ASSET_VERSION) values ('02','es_ES','100010','2');
Insert into ECI_PROVINCES (PROVINCE_ID,LOCALE,PROVINCE_AREA_ID,ASSET_VERSION) values ('01','es_ES','100010','2');
Insert into ECI_PROVINCES (PROVINCE_ID,LOCALE,PROVINCE_AREA_ID,ASSET_VERSION) values ('48','es_ES','487226342344','1');
Insert into ECI_PROVINCES (PROVINCE_ID,LOCALE,PROVINCE_AREA_ID,ASSET_VERSION) values ('20','es_ES','487226342344','1');
Insert into ECI_PROVINCES (PROVINCE_ID,LOCALE,PROVINCE_AREA_ID,ASSET_VERSION) values ('01','es_ES','487226342344','1');
Insert into ECI_PROVINCES (PROVINCE_ID,LOCALE,PROVINCE_AREA_ID,ASSET_VERSION) values ('33','es_ES','487228642342','1');
Insert into ECI_PROVINCES (PROVINCE_ID,LOCALE,PROVINCE_AREA_ID,ASSET_VERSION) values ('15','es_ES','487228642342','1');
Insert into ECI_PROVINCES (PROVINCE_ID,LOCALE,PROVINCE_AREA_ID,ASSET_VERSION) values ('05','es_ES','487228642342','1');
Insert into ECI_PROVINCES (PROVINCE_ID,LOCALE,PROVINCE_AREA_ID,ASSET_VERSION) values ('04','es_ES','487228642342','1');
Insert into ECI_PROVINCES (PROVINCE_ID,LOCALE,PROVINCE_AREA_ID,ASSET_VERSION) values ('03','es_ES','487228642342','1');
Insert into ECI_PROVINCES (PROVINCE_ID,LOCALE,PROVINCE_AREA_ID,ASSET_VERSION) values ('02','es_ES','487228642342','1');
Insert into ECI_PROVINCES (PROVINCE_ID,LOCALE,PROVINCE_AREA_ID,ASSET_VERSION) values ('01','es_ES','487228642342','1');
Insert into ECI_PROVINCES (PROVINCE_ID,LOCALE,PROVINCE_AREA_ID,ASSET_VERSION) values ('41','es_ES','487223642344','1');
Insert into ECI_PROVINCES (PROVINCE_ID,LOCALE,PROVINCE_AREA_ID,ASSET_VERSION) values ('29','es_ES','487223642344','1');
Insert into ECI_PROVINCES (PROVINCE_ID,LOCALE,PROVINCE_AREA_ID,ASSET_VERSION) values ('23','es_ES','487223642344','1');
Insert into ECI_PROVINCES (PROVINCE_ID,LOCALE,PROVINCE_AREA_ID,ASSET_VERSION) values ('21','es_ES','487223642344','1');
Insert into ECI_PROVINCES (PROVINCE_ID,LOCALE,PROVINCE_AREA_ID,ASSET_VERSION) values ('18','es_ES','487223642344','1');
Insert into ECI_PROVINCES (PROVINCE_ID,LOCALE,PROVINCE_AREA_ID,ASSET_VERSION) values ('14','es_ES','487223642344','1');
Insert into ECI_PROVINCES (PROVINCE_ID,LOCALE,PROVINCE_AREA_ID,ASSET_VERSION) values ('11','es_ES','487223642344','1');
Insert into ECI_PROVINCES (PROVINCE_ID,LOCALE,PROVINCE_AREA_ID,ASSET_VERSION) values ('04','es_ES','487223642344','1');
Insert into ECI_PROVINCES (PROVINCE_ID,LOCALE,PROVINCE_AREA_ID,ASSET_VERSION) values ('07','es_ES','100008','1');
Insert into ECI_PROVINCES (PROVINCE_ID,LOCALE,PROVINCE_AREA_ID,ASSET_VERSION) values ('38','es_ES','487224442346','2');
Insert into ECI_PROVINCES (PROVINCE_ID,LOCALE,PROVINCE_AREA_ID,ASSET_VERSION) values ('35','es_ES','487224442346','2');
Insert into ECI_PROVINCES (PROVINCE_ID,LOCALE,PROVINCE_AREA_ID,ASSET_VERSION) values ('15','es_ES','487224442346','2');
Insert into ECI_PROVINCES (PROVINCE_ID,LOCALE,PROVINCE_AREA_ID,ASSET_VERSION) values ('07','es_ES','487224442346','2');
Insert into ECI_PROVINCES (PROVINCE_ID,LOCALE,PROVINCE_AREA_ID,ASSET_VERSION) values ('50','es_ES','487224642344','2');
Insert into ECI_PROVINCES (PROVINCE_ID,LOCALE,PROVINCE_AREA_ID,ASSET_VERSION) values ('44','es_ES','487224642344','2');
Insert into ECI_PROVINCES (PROVINCE_ID,LOCALE,PROVINCE_AREA_ID,ASSET_VERSION) values ('22','es_ES','487224642344','2');
Insert into ECI_PROVINCES (PROVINCE_ID,LOCALE,PROVINCE_AREA_ID,ASSET_VERSION) values ('30','es_ES','487226342352','1');
Insert into ECI_PROVINCES (PROVINCE_ID,LOCALE,PROVINCE_AREA_ID,ASSET_VERSION) values ('38','es_ES','100004','1');
Insert into ECI_PROVINCES (PROVINCE_ID,LOCALE,PROVINCE_AREA_ID,ASSET_VERSION) values ('35','es_ES','100004','1');
Insert into ECI_PROVINCES (PROVINCE_ID,LOCALE,PROVINCE_AREA_ID,ASSET_VERSION) values ('45','es_ES','487226342360','1');
Insert into ECI_PROVINCES (PROVINCE_ID,LOCALE,PROVINCE_AREA_ID,ASSET_VERSION) values ('52','es_ES','100006','1');
Insert into ECI_PROVINCES (PROVINCE_ID,LOCALE,PROVINCE_AREA_ID,ASSET_VERSION) values ('51','es_ES','100006','1');

-- Configuración de Destinos
Insert into ECI_REGIONS (REGION_ID,VERSION_DELETED,VERSION_EDITABLE,PRED_VERSION,WORKSPACE_ID,BRANCH_ID,IS_HEAD,CHECKIN_DATE,ASSET_VERSION,REGION_NAME,REGION_TYPE,DESCRIPTION,TALON,IVA,PRESUPUESTADO,REGION_ORDER,MAX_UNITS) values ('117005622346','0','0','3','487220549848','10100','1',to_date('26/06/2017','DD/MM/YYYY'),'4','Ceuta y Melilla','1', EMPTY_CLOB(),'0','0','1','3',null);
Insert into ECI_REGIONS (REGION_ID,VERSION_DELETED,VERSION_EDITABLE,PRED_VERSION,WORKSPACE_ID,BRANCH_ID,IS_HEAD,CHECKIN_DATE,ASSET_VERSION,REGION_NAME,REGION_TYPE,DESCRIPTION,TALON,IVA,PRESUPUESTADO,REGION_ORDER,MAX_UNITS) values ('117005622342','0','0','5','487220463746','10100','1',to_date('17/12/2015','DD/MM/YYYY'),'6','América','2', EMPTY_CLOB(),'0','0','1','7',null);
Insert into ECI_REGIONS (REGION_ID,VERSION_DELETED,VERSION_EDITABLE,PRED_VERSION,WORKSPACE_ID,BRANCH_ID,IS_HEAD,CHECKIN_DATE,ASSET_VERSION,REGION_NAME,REGION_TYPE,DESCRIPTION,TALON,IVA,PRESUPUESTADO,REGION_ORDER,MAX_UNITS) values ('117005622354','0','0','3','487220463746','10100','1',to_date('17/12/2015','DD/MM/YYYY'),'4','Unión Europea A','2', EMPTY_CLOB(),'1','1','1','4',null);
Insert into ECI_REGIONS (REGION_ID,VERSION_DELETED,VERSION_EDITABLE,PRED_VERSION,WORKSPACE_ID,BRANCH_ID,IS_HEAD,CHECKIN_DATE,ASSET_VERSION,REGION_NAME,REGION_TYPE,DESCRIPTION,TALON,IVA,PRESUPUESTADO,REGION_ORDER,MAX_UNITS) values ('117005622356','0','0','3','487220463746','10100','1',to_date('17/12/2015','DD/MM/YYYY'),'4','Unión Europea B','2', EMPTY_CLOB(),'1','1','1','5',null);
Insert into ECI_REGIONS (REGION_ID,VERSION_DELETED,VERSION_EDITABLE,PRED_VERSION,WORKSPACE_ID,BRANCH_ID,IS_HEAD,CHECKIN_DATE,ASSET_VERSION,REGION_NAME,REGION_TYPE,DESCRIPTION,TALON,IVA,PRESUPUESTADO,REGION_ORDER,MAX_UNITS) values ('117005622358','0','0','3','487220463746','10100','1',to_date('17/12/2015','DD/MM/YYYY'),'4','Unión Europea C','2', EMPTY_CLOB(),'1','1','1','6',null);
Insert into ECI_REGIONS (REGION_ID,VERSION_DELETED,VERSION_EDITABLE,PRED_VERSION,WORKSPACE_ID,BRANCH_ID,IS_HEAD,CHECKIN_DATE,ASSET_VERSION,REGION_NAME,REGION_TYPE,DESCRIPTION,TALON,IVA,PRESUPUESTADO,REGION_ORDER,MAX_UNITS) values ('117005622352','0','0','4','487220463746','10100','1',to_date('17/12/2015','DD/MM/YYYY'),'5','Resto de Europa, Africa y Asia','2', EMPTY_CLOB(),'0','0','1','8',null);
Insert into ECI_REGIONS (REGION_ID,VERSION_DELETED,VERSION_EDITABLE,PRED_VERSION,WORKSPACE_ID,BRANCH_ID,IS_HEAD,CHECKIN_DATE,ASSET_VERSION,REGION_NAME,REGION_TYPE,DESCRIPTION,TALON,IVA,PRESUPUESTADO,REGION_ORDER,MAX_UNITS) values ('117005622350','0','0','18','487220649252','10100','1',to_date('28/02/2020','DD/MM/YYYY'),'19','Portugal','3', EMPTY_CLOB(),'1','1','0','3',null);
Insert into ECI_REGIONS (REGION_ID,VERSION_DELETED,VERSION_EDITABLE,PRED_VERSION,WORKSPACE_ID,BRANCH_ID,IS_HEAD,CHECKIN_DATE,ASSET_VERSION,REGION_NAME,REGION_TYPE,DESCRIPTION,TALON,IVA,PRESUPUESTADO,REGION_ORDER,MAX_UNITS) values ('487228742341','0','0','9','487220649241','10100','1',to_date('27/02/2020','DD/MM/YYYY'),'10','Portugal - Ilhas (Açores e Madeira)','3', EMPTY_CLOB(),'1','1','0','3',null);
Insert into ECI_REGIONS (REGION_ID,VERSION_DELETED,VERSION_EDITABLE,PRED_VERSION,WORKSPACE_ID,BRANCH_ID,IS_HEAD,CHECKIN_DATE,ASSET_VERSION,REGION_NAME,REGION_TYPE,DESCRIPTION,TALON,IVA,PRESUPUESTADO,REGION_ORDER,MAX_UNITS) values ('117005622344','0','0','17','487220632943','10100','1',to_date('05/06/2019','DD/MM/YYYY'),'18','Canarias','1', EMPTY_CLOB(),'0','1','1','2',null);
Insert into ECI_REGIONS (REGION_ID,VERSION_DELETED,VERSION_EDITABLE,PRED_VERSION,WORKSPACE_ID,BRANCH_ID,IS_HEAD,CHECKIN_DATE,ASSET_VERSION,REGION_NAME,REGION_TYPE,DESCRIPTION,TALON,IVA,PRESUPUESTADO,REGION_ORDER,MAX_UNITS) values ('487231542342','0','0',null,'487220607642','10100','1',to_date('30/07/2018','DD/MM/YYYY'),'1','Menorca, Ibiza y Formentera','1', EMPTY_CLOB(),'1','1','1',null,null);
Insert into ECI_REGIONS (REGION_ID,VERSION_DELETED,VERSION_EDITABLE,PRED_VERSION,WORKSPACE_ID,BRANCH_ID,IS_HEAD,CHECKIN_DATE,ASSET_VERSION,REGION_NAME,REGION_TYPE,DESCRIPTION,TALON,IVA,PRESUPUESTADO,REGION_ORDER,MAX_UNITS) values ('117005622348','0','0','22','487220607647','10100','1',to_date('30/07/2018','DD/MM/YYYY'),'23','España peninsular, Mallorca','1', EMPTY_CLOB(),'1','1','1','1',null);
Insert into ECI_REGIONS (REGION_ID,VERSION_DELETED,VERSION_EDITABLE,PRED_VERSION,WORKSPACE_ID,BRANCH_ID,IS_HEAD,CHECKIN_DATE,ASSET_VERSION,REGION_NAME,REGION_TYPE,DESCRIPTION,TALON,IVA,PRESUPUESTADO,REGION_ORDER,MAX_UNITS) values ('487231142341','0','0','1','487220649241','10100','1',to_date('27/02/2020','DD/MM/YYYY'),'2','España peninsular y Baleares Hipercor','1', EMPTY_CLOB(),'0','1','1','4',null);

Insert into ECI_REGIONS_COUNTRIES (COUNTRY_ID,LOCALE,REGION_ID,ASSET_VERSION) values ('018','es_ES','117005622354','4');
Insert into ECI_REGIONS_COUNTRIES (COUNTRY_ID,LOCALE,REGION_ID,ASSET_VERSION) values ('017','es_ES','117005622354','4');
Insert into ECI_REGIONS_COUNTRIES (COUNTRY_ID,LOCALE,REGION_ID,ASSET_VERSION) values ('008','es_ES','117005622354','4');
Insert into ECI_REGIONS_COUNTRIES (COUNTRY_ID,LOCALE,REGION_ID,ASSET_VERSION) values ('006','es_ES','117005622354','4');
Insert into ECI_REGIONS_COUNTRIES (COUNTRY_ID,LOCALE,REGION_ID,ASSET_VERSION) values ('005','es_ES','117005622354','4');
Insert into ECI_REGIONS_COUNTRIES (COUNTRY_ID,LOCALE,REGION_ID,ASSET_VERSION) values ('004','es_ES','117005622354','4');
Insert into ECI_REGIONS_COUNTRIES (COUNTRY_ID,LOCALE,REGION_ID,ASSET_VERSION) values ('003','es_ES','117005622354','4');
Insert into ECI_REGIONS_COUNTRIES (COUNTRY_ID,LOCALE,REGION_ID,ASSET_VERSION) values ('001','es_ES','117005622354','4');
Insert into ECI_REGIONS_COUNTRIES (COUNTRY_ID,LOCALE,REGION_ID,ASSET_VERSION) values ('600','es_ES','117005622358','4');
Insert into ECI_REGIONS_COUNTRIES (COUNTRY_ID,LOCALE,REGION_ID,ASSET_VERSION) values ('046','es_ES','117005622358','4');
Insert into ECI_REGIONS_COUNTRIES (COUNTRY_ID,LOCALE,REGION_ID,ASSET_VERSION) values ('009','es_ES','117005622358','4');
Insert into ECI_REGIONS_COUNTRIES (COUNTRY_ID,LOCALE,REGION_ID,ASSET_VERSION) values ('007','es_ES','117005622358','4');
Insert into ECI_REGIONS_COUNTRIES (COUNTRY_ID,LOCALE,REGION_ID,ASSET_VERSION) values ('010','es_ES','117005622350','19');
Insert into ECI_REGIONS_COUNTRIES (COUNTRY_ID,LOCALE,REGION_ID,ASSET_VERSION) values ('010','es_ES','117005622350','18');
Insert into ECI_REGIONS_COUNTRIES (COUNTRY_ID,LOCALE,REGION_ID,ASSET_VERSION) values ('010','es_ES','117005622350','17');
Insert into ECI_REGIONS_COUNTRIES (COUNTRY_ID,LOCALE,REGION_ID,ASSET_VERSION) values ('010','es_ES','117005622350','15');
Insert into ECI_REGIONS_COUNTRIES (COUNTRY_ID,LOCALE,REGION_ID,ASSET_VERSION) values ('011','es_ES','117005622348','23');
Insert into ECI_REGIONS_COUNTRIES (COUNTRY_ID,LOCALE,REGION_ID,ASSET_VERSION) values ('011','es_ES','487231142341','2');
Insert into ECI_REGIONS_COUNTRIES (COUNTRY_ID,LOCALE,REGION_ID,ASSET_VERSION) values ('955','es_ES','117005622352','5');
Insert into ECI_REGIONS_COUNTRIES (COUNTRY_ID,LOCALE,REGION_ID,ASSET_VERSION) values ('825','es_ES','117005622352','5');
Insert into ECI_REGIONS_COUNTRIES (COUNTRY_ID,LOCALE,REGION_ID,ASSET_VERSION) values ('824','es_ES','117005622352','5');
Insert into ECI_REGIONS_COUNTRIES (COUNTRY_ID,LOCALE,REGION_ID,ASSET_VERSION) values ('823','es_ES','117005622352','5');
Insert into ECI_REGIONS_COUNTRIES (COUNTRY_ID,LOCALE,REGION_ID,ASSET_VERSION) values ('822','es_ES','117005622352','5');
Insert into ECI_REGIONS_COUNTRIES (COUNTRY_ID,LOCALE,REGION_ID,ASSET_VERSION) values ('820','es_ES','117005622352','5');
Insert into ECI_REGIONS_COUNTRIES (COUNTRY_ID,LOCALE,REGION_ID,ASSET_VERSION) values ('819','es_ES','117005622352','5');
Insert into ECI_REGIONS_COUNTRIES (COUNTRY_ID,LOCALE,REGION_ID,ASSET_VERSION) values ('817','es_ES','117005622352','5');
Insert into ECI_REGIONS_COUNTRIES (COUNTRY_ID,LOCALE,REGION_ID,ASSET_VERSION) values ('816','es_ES','117005622352','5');
Insert into ECI_REGIONS_COUNTRIES (COUNTRY_ID,LOCALE,REGION_ID,ASSET_VERSION) values ('815','es_ES','117005622352','5');
Insert into ECI_REGIONS_COUNTRIES (COUNTRY_ID,LOCALE,REGION_ID,ASSET_VERSION) values ('813','es_ES','117005622352','5');
Insert into ECI_REGIONS_COUNTRIES (COUNTRY_ID,LOCALE,REGION_ID,ASSET_VERSION) values ('812','es_ES','117005622352','5');
Insert into ECI_REGIONS_COUNTRIES (COUNTRY_ID,LOCALE,REGION_ID,ASSET_VERSION) values ('811','es_ES','117005622352','5');
Insert into ECI_REGIONS_COUNTRIES (COUNTRY_ID,LOCALE,REGION_ID,ASSET_VERSION) values ('809','es_ES','117005622352','5');
Insert into ECI_REGIONS_COUNTRIES (COUNTRY_ID,LOCALE,REGION_ID,ASSET_VERSION) values ('807','es_ES','117005622352','5');
Insert into ECI_REGIONS_COUNTRIES (COUNTRY_ID,LOCALE,REGION_ID,ASSET_VERSION) values ('806','es_ES','117005622352','5');
Insert into ECI_REGIONS_COUNTRIES (COUNTRY_ID,LOCALE,REGION_ID,ASSET_VERSION) values ('804','es_ES','117005622352','5');
Insert into ECI_REGIONS_COUNTRIES (COUNTRY_ID,LOCALE,REGION_ID,ASSET_VERSION) values ('803','es_ES','117005622352','5');
Insert into ECI_REGIONS_COUNTRIES (COUNTRY_ID,LOCALE,REGION_ID,ASSET_VERSION) values ('801','es_ES','117005622352','5');
Insert into ECI_REGIONS_COUNTRIES (COUNTRY_ID,LOCALE,REGION_ID,ASSET_VERSION) values ('800','es_ES','117005622352','5');
Insert into ECI_REGIONS_COUNTRIES (COUNTRY_ID,LOCALE,REGION_ID,ASSET_VERSION) values ('743','es_ES','117005622352','5');
Insert into ECI_REGIONS_COUNTRIES (COUNTRY_ID,LOCALE,REGION_ID,ASSET_VERSION) values ('740','es_ES','117005622352','5');
Insert into ECI_REGIONS_COUNTRIES (COUNTRY_ID,LOCALE,REGION_ID,ASSET_VERSION) values ('736','es_ES','117005622352','5');
Insert into ECI_REGIONS_COUNTRIES (COUNTRY_ID,LOCALE,REGION_ID,ASSET_VERSION) values ('732','es_ES','117005622352','5');
Insert into ECI_REGIONS_COUNTRIES (COUNTRY_ID,LOCALE,REGION_ID,ASSET_VERSION) values ('728','es_ES','117005622352','5');
Insert into ECI_REGIONS_COUNTRIES (COUNTRY_ID,LOCALE,REGION_ID,ASSET_VERSION) values ('724','es_ES','117005622352','5');
Insert into ECI_REGIONS_COUNTRIES (COUNTRY_ID,LOCALE,REGION_ID,ASSET_VERSION) values ('720','es_ES','117005622352','5');
Insert into ECI_REGIONS_COUNTRIES (COUNTRY_ID,LOCALE,REGION_ID,ASSET_VERSION) values ('716','es_ES','117005622352','5');
Insert into ECI_REGIONS_COUNTRIES (COUNTRY_ID,LOCALE,REGION_ID,ASSET_VERSION) values ('708','es_ES','117005622352','5');
Insert into ECI_REGIONS_COUNTRIES (COUNTRY_ID,LOCALE,REGION_ID,ASSET_VERSION) values ('706','es_ES','117005622352','5');
Insert into ECI_REGIONS_COUNTRIES (COUNTRY_ID,LOCALE,REGION_ID,ASSET_VERSION) values ('703','es_ES','117005622352','5');
Insert into ECI_REGIONS_COUNTRIES (COUNTRY_ID,LOCALE,REGION_ID,ASSET_VERSION) values ('701','es_ES','117005622352','5');
Insert into ECI_REGIONS_COUNTRIES (COUNTRY_ID,LOCALE,REGION_ID,ASSET_VERSION) values ('700','es_ES','117005622352','5');
Insert into ECI_REGIONS_COUNTRIES (COUNTRY_ID,LOCALE,REGION_ID,ASSET_VERSION) values ('696','es_ES','117005622352','5');
Insert into ECI_REGIONS_COUNTRIES (COUNTRY_ID,LOCALE,REGION_ID,ASSET_VERSION) values ('690','es_ES','117005622352','5');
Insert into ECI_REGIONS_COUNTRIES (COUNTRY_ID,LOCALE,REGION_ID,ASSET_VERSION) values ('684','es_ES','117005622352','5');
Insert into ECI_REGIONS_COUNTRIES (COUNTRY_ID,LOCALE,REGION_ID,ASSET_VERSION) values ('680','es_ES','117005622352','5');
Insert into ECI_REGIONS_COUNTRIES (COUNTRY_ID,LOCALE,REGION_ID,ASSET_VERSION) values ('676','es_ES','117005622352','5');
Insert into ECI_REGIONS_COUNTRIES (COUNTRY_ID,LOCALE,REGION_ID,ASSET_VERSION) values ('675','es_ES','117005622352','5');
Insert into ECI_REGIONS_COUNTRIES (COUNTRY_ID,LOCALE,REGION_ID,ASSET_VERSION) values ('672','es_ES','117005622352','5');
Insert into ECI_REGIONS_COUNTRIES (COUNTRY_ID,LOCALE,REGION_ID,ASSET_VERSION) values ('669','es_ES','117005622352','5');
Insert into ECI_REGIONS_COUNTRIES (COUNTRY_ID,LOCALE,REGION_ID,ASSET_VERSION) values ('667','es_ES','117005622352','5');
Insert into ECI_REGIONS_COUNTRIES (COUNTRY_ID,LOCALE,REGION_ID,ASSET_VERSION) values ('666','es_ES','117005622352','5');
Insert into ECI_REGIONS_COUNTRIES (COUNTRY_ID,LOCALE,REGION_ID,ASSET_VERSION) values ('664','es_ES','117005622352','5');
Insert into ECI_REGIONS_COUNTRIES (COUNTRY_ID,LOCALE,REGION_ID,ASSET_VERSION) values ('662','es_ES','117005622352','5');
Insert into ECI_REGIONS_COUNTRIES (COUNTRY_ID,LOCALE,REGION_ID,ASSET_VERSION) values ('660','es_ES','117005622352','5');
Insert into ECI_REGIONS_COUNTRIES (COUNTRY_ID,LOCALE,REGION_ID,ASSET_VERSION) values ('653','es_ES','117005622352','5');
Insert into ECI_REGIONS_COUNTRIES (COUNTRY_ID,LOCALE,REGION_ID,ASSET_VERSION) values ('649','es_ES','117005622352','5');
Insert into ECI_REGIONS_COUNTRIES (COUNTRY_ID,LOCALE,REGION_ID,ASSET_VERSION) values ('647','es_ES','117005622352','5');
Insert into ECI_REGIONS_COUNTRIES (COUNTRY_ID,LOCALE,REGION_ID,ASSET_VERSION) values ('644','es_ES','117005622352','5');
Insert into ECI_REGIONS_COUNTRIES (COUNTRY_ID,LOCALE,REGION_ID,ASSET_VERSION) values ('640','es_ES','117005622352','5');
Insert into ECI_REGIONS_COUNTRIES (COUNTRY_ID,LOCALE,REGION_ID,ASSET_VERSION) values ('636','es_ES','117005622352','5');
Insert into ECI_REGIONS_COUNTRIES (COUNTRY_ID,LOCALE,REGION_ID,ASSET_VERSION) values ('632','es_ES','117005622352','5');
Insert into ECI_REGIONS_COUNTRIES (COUNTRY_ID,LOCALE,REGION_ID,ASSET_VERSION) values ('628','es_ES','117005622352','5');
Insert into ECI_REGIONS_COUNTRIES (COUNTRY_ID,LOCALE,REGION_ID,ASSET_VERSION) values ('625','es_ES','117005622352','5');
Insert into ECI_REGIONS_COUNTRIES (COUNTRY_ID,LOCALE,REGION_ID,ASSET_VERSION) values ('624','es_ES','117005622352','5');
Insert into ECI_REGIONS_COUNTRIES (COUNTRY_ID,LOCALE,REGION_ID,ASSET_VERSION) values ('616','es_ES','117005622352','5');
Insert into ECI_REGIONS_COUNTRIES (COUNTRY_ID,LOCALE,REGION_ID,ASSET_VERSION) values ('612','es_ES','117005622352','5');
Insert into ECI_REGIONS_COUNTRIES (COUNTRY_ID,LOCALE,REGION_ID,ASSET_VERSION) values ('608','es_ES','117005622352','5');
Insert into ECI_REGIONS_COUNTRIES (COUNTRY_ID,LOCALE,REGION_ID,ASSET_VERSION) values ('604','es_ES','117005622352','5');
Insert into ECI_REGIONS_COUNTRIES (COUNTRY_ID,LOCALE,REGION_ID,ASSET_VERSION) values ('529','es_ES','117005622352','5');
Insert into ECI_REGIONS_COUNTRIES (COUNTRY_ID,LOCALE,REGION_ID,ASSET_VERSION) values ('512','es_ES','117005622352','5');
Insert into ECI_REGIONS_COUNTRIES (COUNTRY_ID,LOCALE,REGION_ID,ASSET_VERSION) values ('492','es_ES','117005622352','5');
Insert into ECI_REGIONS_COUNTRIES (COUNTRY_ID,LOCALE,REGION_ID,ASSET_VERSION) values ('478','es_ES','117005622352','5');
Insert into ECI_REGIONS_COUNTRIES (COUNTRY_ID,LOCALE,REGION_ID,ASSET_VERSION) values ('474','es_ES','117005622352','5');
Insert into ECI_REGIONS_COUNTRIES (COUNTRY_ID,LOCALE,REGION_ID,ASSET_VERSION) values ('473','es_ES','117005622352','5');
Insert into ECI_REGIONS_COUNTRIES (COUNTRY_ID,LOCALE,REGION_ID,ASSET_VERSION) values ('472','es_ES','117005622352','5');
Insert into ECI_REGIONS_COUNTRIES (COUNTRY_ID,LOCALE,REGION_ID,ASSET_VERSION) values ('470','es_ES','117005622352','5');
Insert into ECI_REGIONS_COUNTRIES (COUNTRY_ID,LOCALE,REGION_ID,ASSET_VERSION) values ('469','es_ES','117005622352','5');
Insert into ECI_REGIONS_COUNTRIES (COUNTRY_ID,LOCALE,REGION_ID,ASSET_VERSION) values ('467','es_ES','117005622352','5');
Insert into ECI_REGIONS_COUNTRIES (COUNTRY_ID,LOCALE,REGION_ID,ASSET_VERSION) values ('465','es_ES','117005622352','5');
Insert into ECI_REGIONS_COUNTRIES (COUNTRY_ID,LOCALE,REGION_ID,ASSET_VERSION) values ('463','es_ES','117005622352','5');
Insert into ECI_REGIONS_COUNTRIES (COUNTRY_ID,LOCALE,REGION_ID,ASSET_VERSION) values ('461','es_ES','117005622352','5');
Insert into ECI_REGIONS_COUNTRIES (COUNTRY_ID,LOCALE,REGION_ID,ASSET_VERSION) values ('460','es_ES','117005622352','5');
Insert into ECI_REGIONS_COUNTRIES (COUNTRY_ID,LOCALE,REGION_ID,ASSET_VERSION) values ('459','es_ES','117005622352','5');
Insert into ECI_REGIONS_COUNTRIES (COUNTRY_ID,LOCALE,REGION_ID,ASSET_VERSION) values ('457','es_ES','117005622352','5');
Insert into ECI_REGIONS_COUNTRIES (COUNTRY_ID,LOCALE,REGION_ID,ASSET_VERSION) values ('454','es_ES','117005622352','5');
Insert into ECI_REGIONS_COUNTRIES (COUNTRY_ID,LOCALE,REGION_ID,ASSET_VERSION) values ('453','es_ES','117005622352','5');
Insert into ECI_REGIONS_COUNTRIES (COUNTRY_ID,LOCALE,REGION_ID,ASSET_VERSION) values ('452','es_ES','117005622352','5');
Insert into ECI_REGIONS_COUNTRIES (COUNTRY_ID,LOCALE,REGION_ID,ASSET_VERSION) values ('449','es_ES','117005622352','5');
Insert into ECI_REGIONS_COUNTRIES (COUNTRY_ID,LOCALE,REGION_ID,ASSET_VERSION) values ('446','es_ES','117005622352','5');
Insert into ECI_REGIONS_COUNTRIES (COUNTRY_ID,LOCALE,REGION_ID,ASSET_VERSION) values ('428','es_ES','117005622352','5');
Insert into ECI_REGIONS_COUNTRIES (COUNTRY_ID,LOCALE,REGION_ID,ASSET_VERSION) values ('421','es_ES','117005622352','5');
Insert into ECI_REGIONS_COUNTRIES (COUNTRY_ID,LOCALE,REGION_ID,ASSET_VERSION) values ('413','es_ES','117005622352','5');
Insert into ECI_REGIONS_COUNTRIES (COUNTRY_ID,LOCALE,REGION_ID,ASSET_VERSION) values ('408','es_ES','117005622352','5');
Insert into ECI_REGIONS_COUNTRIES (COUNTRY_ID,LOCALE,REGION_ID,ASSET_VERSION) values ('406','es_ES','117005622352','5');
Insert into ECI_REGIONS_COUNTRIES (COUNTRY_ID,LOCALE,REGION_ID,ASSET_VERSION) values ('395','es_ES','117005622352','5');
Insert into ECI_REGIONS_COUNTRIES (COUNTRY_ID,LOCALE,REGION_ID,ASSET_VERSION) values ('393','es_ES','117005622352','5');
Insert into ECI_REGIONS_COUNTRIES (COUNTRY_ID,LOCALE,REGION_ID,ASSET_VERSION) values ('391','es_ES','117005622352','5');
Insert into ECI_REGIONS_COUNTRIES (COUNTRY_ID,LOCALE,REGION_ID,ASSET_VERSION) values ('389','es_ES','117005622352','5');
Insert into ECI_REGIONS_COUNTRIES (COUNTRY_ID,LOCALE,REGION_ID,ASSET_VERSION) values ('388','es_ES','117005622352','5');
Insert into ECI_REGIONS_COUNTRIES (COUNTRY_ID,LOCALE,REGION_ID,ASSET_VERSION) values ('386','es_ES','117005622352','5');
Insert into ECI_REGIONS_COUNTRIES (COUNTRY_ID,LOCALE,REGION_ID,ASSET_VERSION) values ('382','es_ES','117005622352','5');
Insert into ECI_REGIONS_COUNTRIES (COUNTRY_ID,LOCALE,REGION_ID,ASSET_VERSION) values ('378','es_ES','117005622352','5');
Insert into ECI_REGIONS_COUNTRIES (COUNTRY_ID,LOCALE,REGION_ID,ASSET_VERSION) values ('375','es_ES','117005622352','5');
Insert into ECI_REGIONS_COUNTRIES (COUNTRY_ID,LOCALE,REGION_ID,ASSET_VERSION) values ('373','es_ES','117005622352','5');
Insert into ECI_REGIONS_COUNTRIES (COUNTRY_ID,LOCALE,REGION_ID,ASSET_VERSION) values ('370','es_ES','117005622352','5');
Insert into ECI_REGIONS_COUNTRIES (COUNTRY_ID,LOCALE,REGION_ID,ASSET_VERSION) values ('366','es_ES','117005622352','5');
Insert into ECI_REGIONS_COUNTRIES (COUNTRY_ID,LOCALE,REGION_ID,ASSET_VERSION) values ('355','es_ES','117005622352','5');
Insert into ECI_REGIONS_COUNTRIES (COUNTRY_ID,LOCALE,REGION_ID,ASSET_VERSION) values ('352','es_ES','117005622352','5');
Insert into ECI_REGIONS_COUNTRIES (COUNTRY_ID,LOCALE,REGION_ID,ASSET_VERSION) values ('350','es_ES','117005622352','5');
Insert into ECI_REGIONS_COUNTRIES (COUNTRY_ID,LOCALE,REGION_ID,ASSET_VERSION) values ('346','es_ES','117005622352','5');
Insert into ECI_REGIONS_COUNTRIES (COUNTRY_ID,LOCALE,REGION_ID,ASSET_VERSION) values ('342','es_ES','117005622352','5');
Insert into ECI_REGIONS_COUNTRIES (COUNTRY_ID,LOCALE,REGION_ID,ASSET_VERSION) values ('338','es_ES','117005622352','5');
Insert into ECI_REGIONS_COUNTRIES (COUNTRY_ID,LOCALE,REGION_ID,ASSET_VERSION) values ('336','es_ES','117005622352','5');
Insert into ECI_REGIONS_COUNTRIES (COUNTRY_ID,LOCALE,REGION_ID,ASSET_VERSION) values ('334','es_ES','117005622352','5');
Insert into ECI_REGIONS_COUNTRIES (COUNTRY_ID,LOCALE,REGION_ID,ASSET_VERSION) values ('330','es_ES','117005622352','5');
Insert into ECI_REGIONS_COUNTRIES (COUNTRY_ID,LOCALE,REGION_ID,ASSET_VERSION) values ('329','es_ES','117005622352','5');
Insert into ECI_REGIONS_COUNTRIES (COUNTRY_ID,LOCALE,REGION_ID,ASSET_VERSION) values ('328','es_ES','117005622352','5');
Insert into ECI_REGIONS_COUNTRIES (COUNTRY_ID,LOCALE,REGION_ID,ASSET_VERSION) values ('324','es_ES','117005622352','5');
Insert into ECI_REGIONS_COUNTRIES (COUNTRY_ID,LOCALE,REGION_ID,ASSET_VERSION) values ('322','es_ES','117005622352','5');
Insert into ECI_REGIONS_COUNTRIES (COUNTRY_ID,LOCALE,REGION_ID,ASSET_VERSION) values ('318','es_ES','117005622352','5');
Insert into ECI_REGIONS_COUNTRIES (COUNTRY_ID,LOCALE,REGION_ID,ASSET_VERSION) values ('314','es_ES','117005622352','5');
Insert into ECI_REGIONS_COUNTRIES (COUNTRY_ID,LOCALE,REGION_ID,ASSET_VERSION) values ('311','es_ES','117005622352','5');
Insert into ECI_REGIONS_COUNTRIES (COUNTRY_ID,LOCALE,REGION_ID,ASSET_VERSION) values ('310','es_ES','117005622352','5');
Insert into ECI_REGIONS_COUNTRIES (COUNTRY_ID,LOCALE,REGION_ID,ASSET_VERSION) values ('306','es_ES','117005622352','5');
Insert into ECI_REGIONS_COUNTRIES (COUNTRY_ID,LOCALE,REGION_ID,ASSET_VERSION) values ('302','es_ES','117005622352','5');
Insert into ECI_REGIONS_COUNTRIES (COUNTRY_ID,LOCALE,REGION_ID,ASSET_VERSION) values ('288','es_ES','117005622352','5');
Insert into ECI_REGIONS_COUNTRIES (COUNTRY_ID,LOCALE,REGION_ID,ASSET_VERSION) values ('284','es_ES','117005622352','5');
Insert into ECI_REGIONS_COUNTRIES (COUNTRY_ID,LOCALE,REGION_ID,ASSET_VERSION) values ('280','es_ES','117005622352','5');
Insert into ECI_REGIONS_COUNTRIES (COUNTRY_ID,LOCALE,REGION_ID,ASSET_VERSION) values ('276','es_ES','117005622352','5');
Insert into ECI_REGIONS_COUNTRIES (COUNTRY_ID,LOCALE,REGION_ID,ASSET_VERSION) values ('272','es_ES','117005622352','5');
Insert into ECI_REGIONS_COUNTRIES (COUNTRY_ID,LOCALE,REGION_ID,ASSET_VERSION) values ('268','es_ES','117005622352','5');
Insert into ECI_REGIONS_COUNTRIES (COUNTRY_ID,LOCALE,REGION_ID,ASSET_VERSION) values ('264','es_ES','117005622352','5');
Insert into ECI_REGIONS_COUNTRIES (COUNTRY_ID,LOCALE,REGION_ID,ASSET_VERSION) values ('260','es_ES','117005622352','5');
Insert into ECI_REGIONS_COUNTRIES (COUNTRY_ID,LOCALE,REGION_ID,ASSET_VERSION) values ('257','es_ES','117005622352','5');
Insert into ECI_REGIONS_COUNTRIES (COUNTRY_ID,LOCALE,REGION_ID,ASSET_VERSION) values ('252','es_ES','117005622352','5');
Insert into ECI_REGIONS_COUNTRIES (COUNTRY_ID,LOCALE,REGION_ID,ASSET_VERSION) values ('248','es_ES','117005622352','5');
Insert into ECI_REGIONS_COUNTRIES (COUNTRY_ID,LOCALE,REGION_ID,ASSET_VERSION) values ('247','es_ES','117005622352','5');
Insert into ECI_REGIONS_COUNTRIES (COUNTRY_ID,LOCALE,REGION_ID,ASSET_VERSION) values ('244','es_ES','117005622352','5');
Insert into ECI_REGIONS_COUNTRIES (COUNTRY_ID,LOCALE,REGION_ID,ASSET_VERSION) values ('240','es_ES','117005622352','5');
Insert into ECI_REGIONS_COUNTRIES (COUNTRY_ID,LOCALE,REGION_ID,ASSET_VERSION) values ('236','es_ES','117005622352','5');
Insert into ECI_REGIONS_COUNTRIES (COUNTRY_ID,LOCALE,REGION_ID,ASSET_VERSION) values ('232','es_ES','117005622352','5');
Insert into ECI_REGIONS_COUNTRIES (COUNTRY_ID,LOCALE,REGION_ID,ASSET_VERSION) values ('228','es_ES','117005622352','5');
Insert into ECI_REGIONS_COUNTRIES (COUNTRY_ID,LOCALE,REGION_ID,ASSET_VERSION) values ('224','es_ES','117005622352','5');
Insert into ECI_REGIONS_COUNTRIES (COUNTRY_ID,LOCALE,REGION_ID,ASSET_VERSION) values ('220','es_ES','117005622352','5');
Insert into ECI_REGIONS_COUNTRIES (COUNTRY_ID,LOCALE,REGION_ID,ASSET_VERSION) values ('216','es_ES','117005622352','5');
Insert into ECI_REGIONS_COUNTRIES (COUNTRY_ID,LOCALE,REGION_ID,ASSET_VERSION) values ('212','es_ES','117005622352','5');
Insert into ECI_REGIONS_COUNTRIES (COUNTRY_ID,LOCALE,REGION_ID,ASSET_VERSION) values ('208','es_ES','117005622352','5');
Insert into ECI_REGIONS_COUNTRIES (COUNTRY_ID,LOCALE,REGION_ID,ASSET_VERSION) values ('204','es_ES','117005622352','5');
Insert into ECI_REGIONS_COUNTRIES (COUNTRY_ID,LOCALE,REGION_ID,ASSET_VERSION) values ('096','es_ES','117005622352','5');
Insert into ECI_REGIONS_COUNTRIES (COUNTRY_ID,LOCALE,REGION_ID,ASSET_VERSION) values ('094','es_ES','117005622352','5');
Insert into ECI_REGIONS_COUNTRIES (COUNTRY_ID,LOCALE,REGION_ID,ASSET_VERSION) values ('093','es_ES','117005622352','5');
Insert into ECI_REGIONS_COUNTRIES (COUNTRY_ID,LOCALE,REGION_ID,ASSET_VERSION) values ('092','es_ES','117005622352','5');
Insert into ECI_REGIONS_COUNTRIES (COUNTRY_ID,LOCALE,REGION_ID,ASSET_VERSION) values ('083','es_ES','117005622352','5');
Insert into ECI_REGIONS_COUNTRIES (COUNTRY_ID,LOCALE,REGION_ID,ASSET_VERSION) values ('082','es_ES','117005622352','5');
Insert into ECI_REGIONS_COUNTRIES (COUNTRY_ID,LOCALE,REGION_ID,ASSET_VERSION) values ('081','es_ES','117005622352','5');
Insert into ECI_REGIONS_COUNTRIES (COUNTRY_ID,LOCALE,REGION_ID,ASSET_VERSION) values ('080','es_ES','117005622352','5');
Insert into ECI_REGIONS_COUNTRIES (COUNTRY_ID,LOCALE,REGION_ID,ASSET_VERSION) values ('079','es_ES','117005622352','5');
Insert into ECI_REGIONS_COUNTRIES (COUNTRY_ID,LOCALE,REGION_ID,ASSET_VERSION) values ('078','es_ES','117005622352','5');
Insert into ECI_REGIONS_COUNTRIES (COUNTRY_ID,LOCALE,REGION_ID,ASSET_VERSION) values ('077','es_ES','117005622352','5');
Insert into ECI_REGIONS_COUNTRIES (COUNTRY_ID,LOCALE,REGION_ID,ASSET_VERSION) values ('076','es_ES','117005622352','5');
Insert into ECI_REGIONS_COUNTRIES (COUNTRY_ID,LOCALE,REGION_ID,ASSET_VERSION) values ('075','es_ES','117005622352','5');
Insert into ECI_REGIONS_COUNTRIES (COUNTRY_ID,LOCALE,REGION_ID,ASSET_VERSION) values ('074','es_ES','117005622352','5');
Insert into ECI_REGIONS_COUNTRIES (COUNTRY_ID,LOCALE,REGION_ID,ASSET_VERSION) values ('073','es_ES','117005622352','5');
Insert into ECI_REGIONS_COUNTRIES (COUNTRY_ID,LOCALE,REGION_ID,ASSET_VERSION) values ('072','es_ES','117005622352','5');
Insert into ECI_REGIONS_COUNTRIES (COUNTRY_ID,LOCALE,REGION_ID,ASSET_VERSION) values ('070','es_ES','117005622352','5');
Insert into ECI_REGIONS_COUNTRIES (COUNTRY_ID,LOCALE,REGION_ID,ASSET_VERSION) values ('052','es_ES','117005622352','5');
Insert into ECI_REGIONS_COUNTRIES (COUNTRY_ID,LOCALE,REGION_ID,ASSET_VERSION) values ('047','es_ES','117005622352','5');
Insert into ECI_REGIONS_COUNTRIES (COUNTRY_ID,LOCALE,REGION_ID,ASSET_VERSION) values ('045','es_ES','117005622352','5');
Insert into ECI_REGIONS_COUNTRIES (COUNTRY_ID,LOCALE,REGION_ID,ASSET_VERSION) values ('044','es_ES','117005622352','5');
Insert into ECI_REGIONS_COUNTRIES (COUNTRY_ID,LOCALE,REGION_ID,ASSET_VERSION) values ('043','es_ES','117005622352','5');
Insert into ECI_REGIONS_COUNTRIES (COUNTRY_ID,LOCALE,REGION_ID,ASSET_VERSION) values ('041','es_ES','117005622352','5');
Insert into ECI_REGIONS_COUNTRIES (COUNTRY_ID,LOCALE,REGION_ID,ASSET_VERSION) values ('039','es_ES','117005622352','5');
Insert into ECI_REGIONS_COUNTRIES (COUNTRY_ID,LOCALE,REGION_ID,ASSET_VERSION) values ('037','es_ES','117005622352','5');
Insert into ECI_REGIONS_COUNTRIES (COUNTRY_ID,LOCALE,REGION_ID,ASSET_VERSION) values ('028','es_ES','117005622352','5');
Insert into ECI_REGIONS_COUNTRIES (COUNTRY_ID,LOCALE,REGION_ID,ASSET_VERSION) values ('024','es_ES','117005622352','5');
Insert into ECI_REGIONS_COUNTRIES (COUNTRY_ID,LOCALE,REGION_ID,ASSET_VERSION) values ('496','es_ES','117005622356','4');
Insert into ECI_REGIONS_COUNTRIES (COUNTRY_ID,LOCALE,REGION_ID,ASSET_VERSION) values ('462','es_ES','117005622356','4');
Insert into ECI_REGIONS_COUNTRIES (COUNTRY_ID,LOCALE,REGION_ID,ASSET_VERSION) values ('458','es_ES','117005622356','4');
Insert into ECI_REGIONS_COUNTRIES (COUNTRY_ID,LOCALE,REGION_ID,ASSET_VERSION) values ('377','es_ES','117005622356','4');
Insert into ECI_REGIONS_COUNTRIES (COUNTRY_ID,LOCALE,REGION_ID,ASSET_VERSION) values ('372','es_ES','117005622356','4');
Insert into ECI_REGIONS_COUNTRIES (COUNTRY_ID,LOCALE,REGION_ID,ASSET_VERSION) values ('091','es_ES','117005622356','4');
Insert into ECI_REGIONS_COUNTRIES (COUNTRY_ID,LOCALE,REGION_ID,ASSET_VERSION) values ('068','es_ES','117005622356','4');
Insert into ECI_REGIONS_COUNTRIES (COUNTRY_ID,LOCALE,REGION_ID,ASSET_VERSION) values ('066','es_ES','117005622356','4');
Insert into ECI_REGIONS_COUNTRIES (COUNTRY_ID,LOCALE,REGION_ID,ASSET_VERSION) values ('064','es_ES','117005622356','4');
Insert into ECI_REGIONS_COUNTRIES (COUNTRY_ID,LOCALE,REGION_ID,ASSET_VERSION) values ('063','es_ES','117005622356','4');
Insert into ECI_REGIONS_COUNTRIES (COUNTRY_ID,LOCALE,REGION_ID,ASSET_VERSION) values ('061','es_ES','117005622356','4');
Insert into ECI_REGIONS_COUNTRIES (COUNTRY_ID,LOCALE,REGION_ID,ASSET_VERSION) values ('060','es_ES','117005622356','4');
Insert into ECI_REGIONS_COUNTRIES (COUNTRY_ID,LOCALE,REGION_ID,ASSET_VERSION) values ('055','es_ES','117005622356','4');
Insert into ECI_REGIONS_COUNTRIES (COUNTRY_ID,LOCALE,REGION_ID,ASSET_VERSION) values ('054','es_ES','117005622356','4');
Insert into ECI_REGIONS_COUNTRIES (COUNTRY_ID,LOCALE,REGION_ID,ASSET_VERSION) values ('053','es_ES','117005622356','4');
Insert into ECI_REGIONS_COUNTRIES (COUNTRY_ID,LOCALE,REGION_ID,ASSET_VERSION) values ('038','es_ES','117005622356','4');
Insert into ECI_REGIONS_COUNTRIES (COUNTRY_ID,LOCALE,REGION_ID,ASSET_VERSION) values ('032','es_ES','117005622356','4');
Insert into ECI_REGIONS_COUNTRIES (COUNTRY_ID,LOCALE,REGION_ID,ASSET_VERSION) values ('030','es_ES','117005622356','4');
Insert into ECI_REGIONS_COUNTRIES (COUNTRY_ID,LOCALE,REGION_ID,ASSET_VERSION) values ('528','es_ES','117005622342','6');
Insert into ECI_REGIONS_COUNTRIES (COUNTRY_ID,LOCALE,REGION_ID,ASSET_VERSION) values ('524','es_ES','117005622342','6');
Insert into ECI_REGIONS_COUNTRIES (COUNTRY_ID,LOCALE,REGION_ID,ASSET_VERSION) values ('520','es_ES','117005622342','6');
Insert into ECI_REGIONS_COUNTRIES (COUNTRY_ID,LOCALE,REGION_ID,ASSET_VERSION) values ('516','es_ES','117005622342','6');
Insert into ECI_REGIONS_COUNTRIES (COUNTRY_ID,LOCALE,REGION_ID,ASSET_VERSION) values ('512','es_ES','117005622342','6');
Insert into ECI_REGIONS_COUNTRIES (COUNTRY_ID,LOCALE,REGION_ID,ASSET_VERSION) values ('508','es_ES','117005622342','6');
Insert into ECI_REGIONS_COUNTRIES (COUNTRY_ID,LOCALE,REGION_ID,ASSET_VERSION) values ('504','es_ES','117005622342','6');
Insert into ECI_REGIONS_COUNTRIES (COUNTRY_ID,LOCALE,REGION_ID,ASSET_VERSION) values ('500','es_ES','117005622342','6');
Insert into ECI_REGIONS_COUNTRIES (COUNTRY_ID,LOCALE,REGION_ID,ASSET_VERSION) values ('488','es_ES','117005622342','6');
Insert into ECI_REGIONS_COUNTRIES (COUNTRY_ID,LOCALE,REGION_ID,ASSET_VERSION) values ('484','es_ES','117005622342','6');
Insert into ECI_REGIONS_COUNTRIES (COUNTRY_ID,LOCALE,REGION_ID,ASSET_VERSION) values ('480','es_ES','117005622342','6');
Insert into ECI_REGIONS_COUNTRIES (COUNTRY_ID,LOCALE,REGION_ID,ASSET_VERSION) values ('464','es_ES','117005622342','6');
Insert into ECI_REGIONS_COUNTRIES (COUNTRY_ID,LOCALE,REGION_ID,ASSET_VERSION) values ('456','es_ES','117005622342','6');
Insert into ECI_REGIONS_COUNTRIES (COUNTRY_ID,LOCALE,REGION_ID,ASSET_VERSION) values ('452','es_ES','117005622342','6');
Insert into ECI_REGIONS_COUNTRIES (COUNTRY_ID,LOCALE,REGION_ID,ASSET_VERSION) values ('448','es_ES','117005622342','6');
Insert into ECI_REGIONS_COUNTRIES (COUNTRY_ID,LOCALE,REGION_ID,ASSET_VERSION) values ('442','es_ES','117005622342','6');
Insert into ECI_REGIONS_COUNTRIES (COUNTRY_ID,LOCALE,REGION_ID,ASSET_VERSION) values ('436','es_ES','117005622342','6');
Insert into ECI_REGIONS_COUNTRIES (COUNTRY_ID,LOCALE,REGION_ID,ASSET_VERSION) values ('432','es_ES','117005622342','6');
Insert into ECI_REGIONS_COUNTRIES (COUNTRY_ID,LOCALE,REGION_ID,ASSET_VERSION) values ('428','es_ES','117005622342','6');
Insert into ECI_REGIONS_COUNTRIES (COUNTRY_ID,LOCALE,REGION_ID,ASSET_VERSION) values ('424','es_ES','117005622342','6');
Insert into ECI_REGIONS_COUNTRIES (COUNTRY_ID,LOCALE,REGION_ID,ASSET_VERSION) values ('416','es_ES','117005622342','6');
Insert into ECI_REGIONS_COUNTRIES (COUNTRY_ID,LOCALE,REGION_ID,ASSET_VERSION) values ('412','es_ES','117005622342','6');
Insert into ECI_REGIONS_COUNTRIES (COUNTRY_ID,LOCALE,REGION_ID,ASSET_VERSION) values ('404','es_ES','117005622342','6');
Insert into ECI_REGIONS_COUNTRIES (COUNTRY_ID,LOCALE,REGION_ID,ASSET_VERSION) values ('400','es_ES','117005622342','6');

Insert into ECI_REGIONS_PROVINCES_AREAS (PROVINCE_AREA_ID,REGION_ID,ASSET_VERSION) values ('100004','117005622344','18');
Insert into ECI_REGIONS_PROVINCES_AREAS (PROVINCE_AREA_ID,REGION_ID,ASSET_VERSION) values ('100006','117005622346','4');
Insert into ECI_REGIONS_PROVINCES_AREAS (PROVINCE_AREA_ID,REGION_ID,ASSET_VERSION) values ('100010','487231142341','2');
Insert into ECI_REGIONS_PROVINCES_AREAS (PROVINCE_AREA_ID,REGION_ID,ASSET_VERSION) values ('100008','487231142341','2');
Insert into ECI_REGIONS_PROVINCES_AREAS (PROVINCE_AREA_ID,REGION_ID,ASSET_VERSION) values ('487231742342','117005622348','23');
Insert into ECI_REGIONS_PROVINCES_AREAS (PROVINCE_AREA_ID,REGION_ID,ASSET_VERSION) values ('100010','117005622348','23');
Insert into ECI_REGIONS_PROVINCES_AREAS (PROVINCE_AREA_ID,REGION_ID,ASSET_VERSION) values ('487232242342','117005622350','18');
Insert into ECI_REGIONS_PROVINCES_AREAS (PROVINCE_AREA_ID,REGION_ID,ASSET_VERSION) values ('487228642346','117005622350','19');
Insert into ECI_REGIONS_PROVINCES_AREAS (PROVINCE_AREA_ID,REGION_ID,ASSET_VERSION) values ('487228642346','117005622350','16');
Insert into ECI_REGIONS_PROVINCES_AREAS (PROVINCE_AREA_ID,REGION_ID,ASSET_VERSION) values ('487228642346','117005622350','15');
Insert into ECI_REGIONS_PROVINCES_AREAS (PROVINCE_AREA_ID,REGION_ID,ASSET_VERSION) values ('487231742344','487231542342','1');
Insert into ECI_REGIONS_PROVINCES_AREAS (PROVINCE_AREA_ID,REGION_ID,ASSET_VERSION) values ('487232242344','487228742341','10');

Insert into ECI_REGIONS_SITES (SITE_ID,REGION_ID,ASSET_VERSION) values ('hipercorStore','487231142341','2');

Insert into SINT_REGION_XLATE (TRANSLATION_ID,VERSION_DELETED,VERSION_EDITABLE,PRED_VERSION,WORKSPACE_ID,BRANCH_ID,IS_HEAD,CHECKIN_DATE,ASSET_VERSION,REGION_NAME) values ('100009','0','0',null,'487220506752','10100','1',to_date('22/09/2016','DD/MM/YYYY'),'1','Peninsular Spain and the Balearic Islands');
Insert into SINT_REGION_XLATE (TRANSLATION_ID,VERSION_DELETED,VERSION_EDITABLE,PRED_VERSION,WORKSPACE_ID,BRANCH_ID,IS_HEAD,CHECKIN_DATE,ASSET_VERSION,REGION_NAME) values ('100007','0','0',null,'487220506752','10100','1',to_date('22/09/2016','DD/MM/YYYY'),'1','España peninsular e islas Baleares');
Insert into SINT_REGION_XLATE (TRANSLATION_ID,VERSION_DELETED,VERSION_EDITABLE,PRED_VERSION,WORKSPACE_ID,BRANCH_ID,IS_HEAD,CHECKIN_DATE,ASSET_VERSION,REGION_NAME) values ('100008','0','0',null,'487220506752','10100','1',to_date('22/09/2016','DD/MM/YYYY'),'1','Espagne péninsulaire et les îles Baléares');
Insert into SINT_REGION_XLATE (TRANSLATION_ID,VERSION_DELETED,VERSION_EDITABLE,PRED_VERSION,WORKSPACE_ID,BRANCH_ID,IS_HEAD,CHECKIN_DATE,ASSET_VERSION,REGION_NAME) values ('200003','0','0',null,'487220506852','10100','1',to_date('22/09/2016','DD/MM/YYYY'),'1','en_GB_Canarias');
Insert into SINT_REGION_XLATE (TRANSLATION_ID,VERSION_DELETED,VERSION_EDITABLE,PRED_VERSION,WORKSPACE_ID,BRANCH_ID,IS_HEAD,CHECKIN_DATE,ASSET_VERSION,REGION_NAME) values ('200001','0','0',null,'487220506852','10100','1',to_date('22/09/2016','DD/MM/YYYY'),'1','Canarias');
Insert into SINT_REGION_XLATE (TRANSLATION_ID,VERSION_DELETED,VERSION_EDITABLE,PRED_VERSION,WORKSPACE_ID,BRANCH_ID,IS_HEAD,CHECKIN_DATE,ASSET_VERSION,REGION_NAME) values ('200002','0','0',null,'487220506852','10100','1',to_date('22/09/2016','DD/MM/YYYY'),'1','fr_FR_Canarias');

Insert into SINT_REGION_REGION_XLATE (REGION_ID,TRANSLATION_ID,LOCALE,ASSET_VERSION) values ('117005622344','200002','fr_FR','18');
Insert into SINT_REGION_REGION_XLATE (REGION_ID,TRANSLATION_ID,LOCALE,ASSET_VERSION) values ('117005622344','200001','es_ES','18');
Insert into SINT_REGION_REGION_XLATE (REGION_ID,TRANSLATION_ID,LOCALE,ASSET_VERSION) values ('117005622344','200003','en_GB','18');
Insert into SINT_REGION_REGION_XLATE (REGION_ID,TRANSLATION_ID,LOCALE,ASSET_VERSION) values ('117005622348','100008','fr_FR','23');
Insert into SINT_REGION_REGION_XLATE (REGION_ID,TRANSLATION_ID,LOCALE,ASSET_VERSION) values ('117005622348','100007','es_ES','23');
Insert into SINT_REGION_REGION_XLATE (REGION_ID,TRANSLATION_ID,LOCALE,ASSET_VERSION) values ('117005622348','100009','en_GB','23');
Insert into SINT_REGION_REGION_XLATE (REGION_ID,TRANSLATION_ID,LOCALE,ASSET_VERSION) values ('487231142341','100008','fr_FR','2');
Insert into SINT_REGION_REGION_XLATE (REGION_ID,TRANSLATION_ID,LOCALE,ASSET_VERSION) values ('487231142341','100007','es_ES','2');
Insert into SINT_REGION_REGION_XLATE (REGION_ID,TRANSLATION_ID,LOCALE,ASSET_VERSION) values ('487231142341','100009','en_GB','2');

-- Configuración de Tipos de Entrega
Insert into ECI_DELIVERY_TYPE (ID,VERSION_DELETED,VERSION_EDITABLE,PRED_VERSION,WORKSPACE_ID,BRANCH_ID,IS_HEAD,CHECKIN_DATE,ASSET_VERSION,DELIVERY_TYPE_NAME,DELIVERY_TYPE_REFERENCE) values ('100011','0','0',null,'487220510341','10100','1',to_date('14/10/2016','DD/MM/YYYY'),'1','Devolucion_Home Delivery','001027009000012   ');
Insert into ECI_DELIVERY_TYPE (ID,VERSION_DELETED,VERSION_EDITABLE,PRED_VERSION,WORKSPACE_ID,BRANCH_ID,IS_HEAD,CHECKIN_DATE,ASSET_VERSION,DELIVERY_TYPE_NAME,DELIVERY_TYPE_REFERENCE) values ('100009','0','0','12','487220592950','10100','1',to_date('05/04/2018','DD/MM/YYYY'),'13','LTC','001027009000012   ');
Insert into ECI_DELIVERY_TYPE (ID,VERSION_DELETED,VERSION_EDITABLE,PRED_VERSION,WORKSPACE_ID,BRANCH_ID,IS_HEAD,CHECKIN_DATE,ASSET_VERSION,DELIVERY_TYPE_NAME,DELIVERY_TYPE_REFERENCE) values ('100008','0','0','9','487220592950','10100','1',to_date('05/04/2018','DD/MM/YYYY'),'10','C&C','001027009000012   ');
Insert into ECI_DELIVERY_TYPE (ID,VERSION_DELETED,VERSION_EDITABLE,PRED_VERSION,WORKSPACE_ID,BRANCH_ID,IS_HEAD,CHECKIN_DATE,ASSET_VERSION,DELIVERY_TYPE_NAME,DELIVERY_TYPE_REFERENCE) values ('100006','0','0','9','487220587457','10100','1',to_date('12/04/2018','DD/MM/YYYY'),'10','STS','001027009000012   ');
Insert into ECI_DELIVERY_TYPE (ID,VERSION_DELETED,VERSION_EDITABLE,PRED_VERSION,WORKSPACE_ID,BRANCH_ID,IS_HEAD,CHECKIN_DATE,ASSET_VERSION,DELIVERY_TYPE_NAME,DELIVERY_TYPE_REFERENCE) values ('100010','0','0','3','487220587457','10100','1',to_date('12/04/2018','DD/MM/YYYY'),'4','C&S','001027009000012   ');
Insert into ECI_DELIVERY_TYPE (ID,VERSION_DELETED,VERSION_EDITABLE,PRED_VERSION,WORKSPACE_ID,BRANCH_ID,IS_HEAD,CHECKIN_DATE,ASSET_VERSION,DELIVERY_TYPE_NAME,DELIVERY_TYPE_REFERENCE) values ('100004','0','0','29','487220587457','10100','1',to_date('12/04/2018','DD/MM/YYYY'),'30','Home Delivery','001027009000012   ');
Insert into ECI_DELIVERY_TYPE (ID,VERSION_DELETED,VERSION_EDITABLE,PRED_VERSION,WORKSPACE_ID,BRANCH_ID,IS_HEAD,CHECKIN_DATE,ASSET_VERSION,DELIVERY_TYPE_NAME,DELIVERY_TYPE_REFERENCE) values ('1000010','0','0','2','487220587457','10100','1',to_date('12/04/2018','DD/MM/YYYY'),'3','VPR','001027001100018   ');
Insert into ECI_DELIVERY_TYPE (ID,VERSION_DELETED,VERSION_EDITABLE,PRED_VERSION,WORKSPACE_ID,BRANCH_ID,IS_HEAD,CHECKIN_DATE,ASSET_VERSION,DELIVERY_TYPE_NAME,DELIVERY_TYPE_REFERENCE) values ('100012','0','0','4','487220595243','10100','1',to_date('16/04/2018','DD/MM/YYYY'),'5','Devolucion_STS','001027009000012   ');
Insert into ECI_DELIVERY_TYPE (ID,VERSION_DELETED,VERSION_EDITABLE,PRED_VERSION,WORKSPACE_ID,BRANCH_ID,IS_HEAD,CHECKIN_DATE,ASSET_VERSION,DELIVERY_TYPE_NAME,DELIVERY_TYPE_REFERENCE) values ('1000013','0','0',null,'487220603541','10100','1',to_date('26/06/2018','DD/MM/YYYY'),'1','eciExpress','001027001600017   ');
Insert into ECI_DELIVERY_TYPE (ID,VERSION_DELETED,VERSION_EDITABLE,PRED_VERSION,WORKSPACE_ID,BRANCH_ID,IS_HEAD,CHECKIN_DATE,ASSET_VERSION,DELIVERY_TYPE_NAME,DELIVERY_TYPE_REFERENCE) values ('600010','0','0','5','487220595470','10100','1',to_date('17/04/2018','DD/MM/YYYY'),'6','BRICOR','019000304502438   ');
Insert into ECI_DELIVERY_TYPE (ID,VERSION_DELETED,VERSION_EDITABLE,PRED_VERSION,WORKSPACE_ID,BRANCH_ID,IS_HEAD,CHECKIN_DATE,ASSET_VERSION,DELIVERY_TYPE_NAME,DELIVERY_TYPE_REFERENCE) values ('700010','0','0','3','487220598041','10100','1',to_date('07/05/2018','DD/MM/YYYY'),'4','primeritiStore','001027002800012   ');
Insert into ECI_DELIVERY_TYPE (ID,VERSION_DELETED,VERSION_EDITABLE,PRED_VERSION,WORKSPACE_ID,BRANCH_ID,IS_HEAD,CHECKIN_DATE,ASSET_VERSION,DELIVERY_TYPE_NAME,DELIVERY_TYPE_REFERENCE) values ('1000014','0','0','1','487220648641','10100','1',to_date('26/02/2020','DD/MM/YYYY'),'2','cateringDelivery','001027009000012   ');
Insert into ECI_DELIVERY_TYPE (ID,VERSION_DELETED,VERSION_EDITABLE,PRED_VERSION,WORKSPACE_ID,BRANCH_ID,IS_HEAD,CHECKIN_DATE,ASSET_VERSION,DELIVERY_TYPE_NAME,DELIVERY_TYPE_REFERENCE) values ('800010','0','0','4','487220607570','10100','1',to_date('30/07/2018','DD/MM/YYYY'),'5','hipercorStore ','001027000100019   ');

-- Configuración de Formas de Pago
Insert into ECI_PAYMENT_TYPE (PAYMENT_TYPE_ID,VERSION_DELETED,VERSION_EDITABLE,PRED_VERSION,WORKSPACE_ID,BRANCH_ID,IS_HEAD,CHECKIN_DATE,ASSET_VERSION,NAME,CODE,PRIORITY,CURRENCY_CODE) values ('487221442342','0','0',null,'487220523542','10100','1',to_date('21/06/2017','DD/MM/YYYY'),'1','Transferencia Bancaria','Transferencia',null,'908');
Insert into ECI_PAYMENT_TYPE (PAYMENT_TYPE_ID,VERSION_DELETED,VERSION_EDITABLE,PRED_VERSION,WORKSPACE_ID,BRANCH_ID,IS_HEAD,CHECKIN_DATE,ASSET_VERSION,NAME,CODE,PRIORITY,CURRENCY_CODE) values ('487221542344','0','0',null,'487220529342','10100','1',to_date('09/02/2017','DD/MM/YYYY'),'1','Plazos Portugal','Plazos Portugal',null,'911');
Insert into ECI_PAYMENT_TYPE (PAYMENT_TYPE_ID,VERSION_DELETED,VERSION_EDITABLE,PRED_VERSION,WORKSPACE_ID,BRANCH_ID,IS_HEAD,CHECKIN_DATE,ASSET_VERSION,NAME,CODE,PRIORITY,CURRENCY_CODE) values ('487221742348','0','0',null,'487220536054','10100','1',to_date('29/03/2017','DD/MM/YYYY'),'1','OtrasCuentas','OtrasCuentas',null,'906');
Insert into ECI_PAYMENT_TYPE (PAYMENT_TYPE_ID,VERSION_DELETED,VERSION_EDITABLE,PRED_VERSION,WORKSPACE_ID,BRANCH_ID,IS_HEAD,CHECKIN_DATE,ASSET_VERSION,NAME,CODE,PRIORITY,CURRENCY_CODE) values ('487221742350','0','0',null,'487220536058','10100','1',to_date('29/03/2017','DD/MM/YYYY'),'1','Transferencia Bancaria','Transferencia',null,'908');
Insert into ECI_PAYMENT_TYPE (PAYMENT_TYPE_ID,VERSION_DELETED,VERSION_EDITABLE,PRED_VERSION,WORKSPACE_ID,BRANCH_ID,IS_HEAD,CHECKIN_DATE,ASSET_VERSION,NAME,CODE,PRIORITY,CURRENCY_CODE) values ('487221742352','0','0',null,'487220536058','10100','1',to_date('29/03/2017','DD/MM/YYYY'),'1','Plazos sin ECI (FPP varios)','Plazos sin ECI',null,'912');
Insert into ECI_PAYMENT_TYPE (PAYMENT_TYPE_ID,VERSION_DELETED,VERSION_EDITABLE,PRED_VERSION,WORKSPACE_ID,BRANCH_ID,IS_HEAD,CHECKIN_DATE,ASSET_VERSION,NAME,CODE,PRIORITY,CURRENCY_CODE) values ('487220542346','0','0','2','487220436941','10100','1',to_date('23/07/2015','DD/MM/YYYY'),'3','creditCard','creditCard',null,'000,001,002,003,004,005,006,007,008,009,011,012,013,014');
Insert into ECI_PAYMENT_TYPE (PAYMENT_TYPE_ID,VERSION_DELETED,VERSION_EDITABLE,PRED_VERSION,WORKSPACE_ID,BRANCH_ID,IS_HEAD,CHECKIN_DATE,ASSET_VERSION,NAME,CODE,PRIORITY,CURRENCY_CODE) values ('487220542352','0','0','2','487220436941','10100','1',to_date('23/07/2015','DD/MM/YYYY'),'3','giftCard','giftCard',null,'023');
Insert into ECI_PAYMENT_TYPE (PAYMENT_TYPE_ID,VERSION_DELETED,VERSION_EDITABLE,PRED_VERSION,WORKSPACE_ID,BRANCH_ID,IS_HEAD,CHECKIN_DATE,ASSET_VERSION,NAME,CODE,PRIORITY,CURRENCY_CODE) values ('487220542344','0','0','3','487220436941','10100','1',to_date('23/07/2015','DD/MM/YYYY'),'4','eciCard','eciCard',null,'022');
Insert into ECI_PAYMENT_TYPE (PAYMENT_TYPE_ID,VERSION_DELETED,VERSION_EDITABLE,PRED_VERSION,WORKSPACE_ID,BRANCH_ID,IS_HEAD,CHECKIN_DATE,ASSET_VERSION,NAME,CODE,PRIORITY,CURRENCY_CODE) values ('487220542350','0','0','3','487220436941','10100','1',to_date('23/07/2015','DD/MM/YYYY'),'4','paypalCard','paypalCard',null,'026');
Insert into ECI_PAYMENT_TYPE (PAYMENT_TYPE_ID,VERSION_DELETED,VERSION_EDITABLE,PRED_VERSION,WORKSPACE_ID,BRANCH_ID,IS_HEAD,CHECKIN_DATE,ASSET_VERSION,NAME,CODE,PRIORITY,CURRENCY_CODE) values ('487220542348','0','0','3','487220436941','10100','1',to_date('23/07/2015','DD/MM/YYYY'),'4','Plazos','Plazos',null,'020');
Insert into ECI_PAYMENT_TYPE (PAYMENT_TYPE_ID,VERSION_DELETED,VERSION_EDITABLE,PRED_VERSION,WORKSPACE_ID,BRANCH_ID,IS_HEAD,CHECKIN_DATE,ASSET_VERSION,NAME,CODE,PRIORITY,CURRENCY_CODE) values ('100002','0','0','3','487220436941','10100','1',to_date('23/07/2015','DD/MM/YYYY'),'4','cashPayment','cashPayment',null,'028');
Insert into ECI_PAYMENT_TYPE (PAYMENT_TYPE_ID,VERSION_DELETED,VERSION_EDITABLE,PRED_VERSION,WORKSPACE_ID,BRANCH_ID,IS_HEAD,CHECKIN_DATE,ASSET_VERSION,NAME,CODE,PRIORITY,CURRENCY_CODE) values ('487220742342','0','0','1','487220436941','10100','1',to_date('23/07/2015','DD/MM/YYYY'),'2','creditLine','creditLine',null,'029');
Insert into ECI_PAYMENT_TYPE (PAYMENT_TYPE_ID,VERSION_DELETED,VERSION_EDITABLE,PRED_VERSION,WORKSPACE_ID,BRANCH_ID,IS_HEAD,CHECKIN_DATE,ASSET_VERSION,NAME,CODE,PRIORITY,CURRENCY_CODE) values ('487221342344','0','0',null,'487220475841','10100','1',to_date('10/03/2016','DD/MM/YYYY'),'1','DivisionComercial','DivisionComercial',null,'907');
Insert into ECI_PAYMENT_TYPE (PAYMENT_TYPE_ID,VERSION_DELETED,VERSION_EDITABLE,PRED_VERSION,WORKSPACE_ID,BRANCH_ID,IS_HEAD,CHECKIN_DATE,ASSET_VERSION,NAME,CODE,PRIORITY,CURRENCY_CODE) values ('cupons','0','0',null,'487220629141','10100','1',to_date('28/03/2019','DD/MM/YYYY'),'1','Cupones','Cupones',null,'917');
Insert into ECI_PAYMENT_TYPE (PAYMENT_TYPE_ID,VERSION_DELETED,VERSION_EDITABLE,PRED_VERSION,WORKSPACE_ID,BRANCH_ID,IS_HEAD,CHECKIN_DATE,ASSET_VERSION,NAME,CODE,PRIORITY,CURRENCY_CODE) values ('100014','0','0',null,'487220624441','10100','1',to_date('19/02/2019','DD/MM/YYYY'),'1','PlanPagosPortugal','PPP',null,'151');
Insert into ECI_PAYMENT_TYPE (PAYMENT_TYPE_ID,VERSION_DELETED,VERSION_EDITABLE,PRED_VERSION,WORKSPACE_ID,BRANCH_ID,IS_HEAD,CHECKIN_DATE,ASSET_VERSION,NAME,CODE,PRIORITY,CURRENCY_CODE) values ('sibs','0','0',null,'487220642241','10100','1',to_date('25/02/2020','DD/MM/YYYY'),'1','SIBS','SIBS',null,'918');
Insert into ECI_PAYMENT_TYPE (PAYMENT_TYPE_ID,VERSION_DELETED,VERSION_EDITABLE,PRED_VERSION,WORKSPACE_ID,BRANCH_ID,IS_HEAD,CHECKIN_DATE,ASSET_VERSION,NAME,CODE,PRIORITY,CURRENCY_CODE) values ('multibanco','0','0','2','487220649345','10100','1',to_date('02/03/2020','DD/MM/YYYY'),'3','MULTIBANCO','MULTIBANCO',null,'920');
Insert into ECI_PAYMENT_TYPE (PAYMENT_TYPE_ID,VERSION_DELETED,VERSION_EDITABLE,PRED_VERSION,WORKSPACE_ID,BRANCH_ID,IS_HEAD,CHECKIN_DATE,ASSET_VERSION,NAME,CODE,PRIORITY,CURRENCY_CODE) values ('mbway','0','0',null,'487220647041','10100','1',to_date('25/02/2020','DD/MM/YYYY'),'1','MBWAY','MBWAY',null,'919');
Insert into ECI_PAYMENT_TYPE (PAYMENT_TYPE_ID,VERSION_DELETED,VERSION_EDITABLE,PRED_VERSION,WORKSPACE_ID,BRANCH_ID,IS_HEAD,CHECKIN_DATE,ASSET_VERSION,NAME,CODE,PRIORITY,CURRENCY_CODE) values ('487222242342','0','0',null,'487220647641','10100','1',to_date('07/02/2020','DD/MM/YYYY'),'1','cashPayment','cashPayment',null,'028');
Insert into ECI_PAYMENT_TYPE (PAYMENT_TYPE_ID,VERSION_DELETED,VERSION_EDITABLE,PRED_VERSION,WORKSPACE_ID,BRANCH_ID,IS_HEAD,CHECKIN_DATE,ASSET_VERSION,NAME,CODE,PRIORITY,CURRENCY_CODE) values ('487222242343','0','0',null,'487220647643','10100','1',to_date('07/02/2020','DD/MM/YYYY'),'1','creditLine','creditLine',null,'029');
Insert into ECI_PAYMENT_TYPE (PAYMENT_TYPE_ID,VERSION_DELETED,VERSION_EDITABLE,PRED_VERSION,WORKSPACE_ID,BRANCH_ID,IS_HEAD,CHECKIN_DATE,ASSET_VERSION,NAME,CODE,PRIORITY,CURRENCY_CODE) values ('487222242345','0','0',null,'487220647643','10100','1',to_date('07/02/2020','DD/MM/YYYY'),'1','Transferencia Bancaria','Transferencia Bancaria',null,'908');

--Configuración de Vía-Proveedor-Destino
Insert into ECI_FROMTO_CONFIG (FROMTO_ID,VERSION_DELETED,VERSION_EDITABLE,PRED_VERSION,WORKSPACE_ID,BRANCH_ID,IS_HEAD,CHECKIN_DATE,ASSET_VERSION,DISTRIBUTION_WAY,PROVIDER,REGION_ID,AVAILABLE_STS,COST_OF_CASH,AVAILABLE_CNC,AVAILABLE_CATERING) values ('487222842342','0','0',null,'487220442141','10100','1',to_date('27/08/2015','DD/MM/YYYY'),'1','04','N0000007','117005622346','0',null,'0','0');
Insert into ECI_FROMTO_CONFIG (FROMTO_ID,VERSION_DELETED,VERSION_EDITABLE,PRED_VERSION,WORKSPACE_ID,BRANCH_ID,IS_HEAD,CHECKIN_DATE,ASSET_VERSION,DISTRIBUTION_WAY,PROVIDER,REGION_ID,AVAILABLE_STS,COST_OF_CASH,AVAILABLE_CNC,AVAILABLE_CATERING) values ('100006','0','0','10','487220482552','10100','1',to_date('19/04/2016','DD/MM/YYYY'),'11','00','00000000','117005622348','1','1,5','0','0');
Insert into ECI_FROMTO_CONFIG (FROMTO_ID,VERSION_DELETED,VERSION_EDITABLE,PRED_VERSION,WORKSPACE_ID,BRANCH_ID,IS_HEAD,CHECKIN_DATE,ASSET_VERSION,DISTRIBUTION_WAY,PROVIDER,REGION_ID,AVAILABLE_STS,COST_OF_CASH,AVAILABLE_CNC,AVAILABLE_CATERING) values ('487222742341','0','0','11','487220487562','10100','1',to_date('25/05/2016','DD/MM/YYYY'),'12','02','N0000001','117005622348','0',null,'0','0');
Insert into ECI_FROMTO_CONFIG (FROMTO_ID,VERSION_DELETED,VERSION_EDITABLE,PRED_VERSION,WORKSPACE_ID,BRANCH_ID,IS_HEAD,CHECKIN_DATE,ASSET_VERSION,DISTRIBUTION_WAY,PROVIDER,REGION_ID,AVAILABLE_STS,COST_OF_CASH,AVAILABLE_CNC,AVAILABLE_CATERING) values ('487223442344','0','0',null,'487220460645','10100','1',to_date('30/11/2015','DD/MM/YYYY'),'1','08','N0000005','117005622344','0',null,'0','0');
Insert into ECI_FROMTO_CONFIG (FROMTO_ID,VERSION_DELETED,VERSION_EDITABLE,PRED_VERSION,WORKSPACE_ID,BRANCH_ID,IS_HEAD,CHECKIN_DATE,ASSET_VERSION,DISTRIBUTION_WAY,PROVIDER,REGION_ID,AVAILABLE_STS,COST_OF_CASH,AVAILABLE_CNC,AVAILABLE_CATERING) values ('487221942342','0','0','2','487220402351','10100','1',to_date('19/12/2014','DD/MM/YYYY'),'3','00','00000000','117005622350','0',null,'0','0');
Insert into ECI_FROMTO_CONFIG (FROMTO_ID,VERSION_DELETED,VERSION_EDITABLE,PRED_VERSION,WORKSPACE_ID,BRANCH_ID,IS_HEAD,CHECKIN_DATE,ASSET_VERSION,DISTRIBUTION_WAY,PROVIDER,REGION_ID,AVAILABLE_STS,COST_OF_CASH,AVAILABLE_CNC,AVAILABLE_CATERING) values ('141013222350','0','0','2','487220390251','10100','1',to_date('25/09/2014','DD/MM/YYYY'),'3','00','00000000','117005622352','0',null,'0','0');
Insert into ECI_FROMTO_CONFIG (FROMTO_ID,VERSION_DELETED,VERSION_EDITABLE,PRED_VERSION,WORKSPACE_ID,BRANCH_ID,IS_HEAD,CHECKIN_DATE,ASSET_VERSION,DISTRIBUTION_WAY,PROVIDER,REGION_ID,AVAILABLE_STS,COST_OF_CASH,AVAILABLE_CNC,AVAILABLE_CATERING) values ('141013222352','0','0','3','487220390251','10100','1',to_date('25/09/2014','DD/MM/YYYY'),'4','00','00000000','117005622354','0',null,'0','0');
Insert into ECI_FROMTO_CONFIG (FROMTO_ID,VERSION_DELETED,VERSION_EDITABLE,PRED_VERSION,WORKSPACE_ID,BRANCH_ID,IS_HEAD,CHECKIN_DATE,ASSET_VERSION,DISTRIBUTION_WAY,PROVIDER,REGION_ID,AVAILABLE_STS,COST_OF_CASH,AVAILABLE_CNC,AVAILABLE_CATERING) values ('141013222360','0','0','2','487220390251','10100','1',to_date('25/09/2014','DD/MM/YYYY'),'3','00','00000000','117005622358','0',null,'0','0');
Insert into ECI_FROMTO_CONFIG (FROMTO_ID,VERSION_DELETED,VERSION_EDITABLE,PRED_VERSION,WORKSPACE_ID,BRANCH_ID,IS_HEAD,CHECKIN_DATE,ASSET_VERSION,DISTRIBUTION_WAY,PROVIDER,REGION_ID,AVAILABLE_STS,COST_OF_CASH,AVAILABLE_CNC,AVAILABLE_CATERING) values ('487224342342','0','0','2','487220556147','10100','1',to_date('10/08/2017','DD/MM/YYYY'),'3','04','N0000007','117005622348','0',null,'0','0');
Insert into ECI_FROMTO_CONFIG (FROMTO_ID,VERSION_DELETED,VERSION_EDITABLE,PRED_VERSION,WORKSPACE_ID,BRANCH_ID,IS_HEAD,CHECKIN_DATE,ASSET_VERSION,DISTRIBUTION_WAY,PROVIDER,REGION_ID,AVAILABLE_STS,COST_OF_CASH,AVAILABLE_CNC,AVAILABLE_CATERING) values ('141013222348','0','0','4','487220395867','10100','1',to_date('05/11/2014','DD/MM/YYYY'),'5','00','00000000','117005622346','0',null,'0','0');
Insert into ECI_FROMTO_CONFIG (FROMTO_ID,VERSION_DELETED,VERSION_EDITABLE,PRED_VERSION,WORKSPACE_ID,BRANCH_ID,IS_HEAD,CHECKIN_DATE,ASSET_VERSION,DISTRIBUTION_WAY,PROVIDER,REGION_ID,AVAILABLE_STS,COST_OF_CASH,AVAILABLE_CNC,AVAILABLE_CATERING) values ('141013222344','0','0','2','487220390242','10100','1',to_date('25/09/2014','DD/MM/YYYY'),'3','00','00000000','117005622342','0',null,'0','0');
Insert into ECI_FROMTO_CONFIG (FROMTO_ID,VERSION_DELETED,VERSION_EDITABLE,PRED_VERSION,WORKSPACE_ID,BRANCH_ID,IS_HEAD,CHECKIN_DATE,ASSET_VERSION,DISTRIBUTION_WAY,PROVIDER,REGION_ID,AVAILABLE_STS,COST_OF_CASH,AVAILABLE_CNC,AVAILABLE_CATERING) values ('141013222358','0','0','2','487220390242','10100','1',to_date('25/09/2014','DD/MM/YYYY'),'3','00','00000000','117005622356','0',null,'0','0');
Insert into ECI_FROMTO_CONFIG (FROMTO_ID,VERSION_DELETED,VERSION_EDITABLE,PRED_VERSION,WORKSPACE_ID,BRANCH_ID,IS_HEAD,CHECKIN_DATE,ASSET_VERSION,DISTRIBUTION_WAY,PROVIDER,REGION_ID,AVAILABLE_STS,COST_OF_CASH,AVAILABLE_CNC,AVAILABLE_CATERING) values ('487222442342','0','0','4','487220518256','10100','1',to_date('28/11/2016','DD/MM/YYYY'),'5','01',null,'117005622348','0',null,'0','0');
Insert into ECI_FROMTO_CONFIG (FROMTO_ID,VERSION_DELETED,VERSION_EDITABLE,PRED_VERSION,WORKSPACE_ID,BRANCH_ID,IS_HEAD,CHECKIN_DATE,ASSET_VERSION,DISTRIBUTION_WAY,PROVIDER,REGION_ID,AVAILABLE_STS,COST_OF_CASH,AVAILABLE_CNC,AVAILABLE_CATERING) values ('138012222344','0','0','5','487220430587','10100','1',to_date('04/06/2015','DD/MM/YYYY'),'6','00','00000000','117005622344','1',null,'0','0');
Insert into ECI_FROMTO_CONFIG (FROMTO_ID,VERSION_DELETED,VERSION_EDITABLE,PRED_VERSION,WORKSPACE_ID,BRANCH_ID,IS_HEAD,CHECKIN_DATE,ASSET_VERSION,DISTRIBUTION_WAY,PROVIDER,REGION_ID,AVAILABLE_STS,COST_OF_CASH,AVAILABLE_CNC,AVAILABLE_CATERING) values ('487221742350','0','0','5','487220588546','10100','1',to_date('06/03/2018','DD/MM/YYYY'),'6','08','N0000010','117005622348','0',null,'0','0');
Insert into ECI_FROMTO_CONFIG (FROMTO_ID,VERSION_DELETED,VERSION_EDITABLE,PRED_VERSION,WORKSPACE_ID,BRANCH_ID,IS_HEAD,CHECKIN_DATE,ASSET_VERSION,DISTRIBUTION_WAY,PROVIDER,REGION_ID,AVAILABLE_STS,COST_OF_CASH,AVAILABLE_CNC,AVAILABLE_CATERING) values ('487225542342','0','0','1','487220626841','10100','1',to_date('28/02/2019','DD/MM/YYYY'),'2','03','N0000002','117005622348','0',null,'0','0');
Insert into ECI_FROMTO_CONFIG (FROMTO_ID,VERSION_DELETED,VERSION_EDITABLE,PRED_VERSION,WORKSPACE_ID,BRANCH_ID,IS_HEAD,CHECKIN_DATE,ASSET_VERSION,DISTRIBUTION_WAY,PROVIDER,REGION_ID,AVAILABLE_STS,COST_OF_CASH,AVAILABLE_CNC,AVAILABLE_CATERING) values ('487226442344','0','0','1','487220635047','10100','1',to_date('28/06/2019','DD/MM/YYYY'),'2','01','H0000037','117005622348','0',null,'0','0');
Insert into ECI_FROMTO_CONFIG (FROMTO_ID,VERSION_DELETED,VERSION_EDITABLE,PRED_VERSION,WORKSPACE_ID,BRANCH_ID,IS_HEAD,CHECKIN_DATE,ASSET_VERSION,DISTRIBUTION_WAY,PROVIDER,REGION_ID,AVAILABLE_STS,COST_OF_CASH,AVAILABLE_CNC,AVAILABLE_CATERING) values ('487225242342','0','0',null,'487220614341','10100','1',to_date('04/10/2018','DD/MM/YYYY'),'1','01','H0000034','117005622348','0',null,'0','0');
Insert into ECI_FROMTO_CONFIG (FROMTO_ID,VERSION_DELETED,VERSION_EDITABLE,PRED_VERSION,WORKSPACE_ID,BRANCH_ID,IS_HEAD,CHECKIN_DATE,ASSET_VERSION,DISTRIBUTION_WAY,PROVIDER,REGION_ID,AVAILABLE_STS,COST_OF_CASH,AVAILABLE_CNC,AVAILABLE_CATERING) values ('487225242344','0','0',null,'487220614341','10100','1',to_date('04/10/2018','DD/MM/YYYY'),'1','01','H0000006','117005622348','0',null,'0','0');
Insert into ECI_FROMTO_CONFIG (FROMTO_ID,VERSION_DELETED,VERSION_EDITABLE,PRED_VERSION,WORKSPACE_ID,BRANCH_ID,IS_HEAD,CHECKIN_DATE,ASSET_VERSION,DISTRIBUTION_WAY,PROVIDER,REGION_ID,AVAILABLE_STS,COST_OF_CASH,AVAILABLE_CNC,AVAILABLE_CATERING) values ('487225242346','0','0',null,'487220614341','10100','1',to_date('04/10/2018','DD/MM/YYYY'),'1','01','H0000034','487231542342','0',null,'0','0');
Insert into ECI_FROMTO_CONFIG (FROMTO_ID,VERSION_DELETED,VERSION_EDITABLE,PRED_VERSION,WORKSPACE_ID,BRANCH_ID,IS_HEAD,CHECKIN_DATE,ASSET_VERSION,DISTRIBUTION_WAY,PROVIDER,REGION_ID,AVAILABLE_STS,COST_OF_CASH,AVAILABLE_CNC,AVAILABLE_CATERING) values ('487225242348','0','0',null,'487220614341','10100','1',to_date('04/10/2018','DD/MM/YYYY'),'1','01','H0000006',null,'0',null,'0','0');
Insert into ECI_FROMTO_CONFIG (FROMTO_ID,VERSION_DELETED,VERSION_EDITABLE,PRED_VERSION,WORKSPACE_ID,BRANCH_ID,IS_HEAD,CHECKIN_DATE,ASSET_VERSION,DISTRIBUTION_WAY,PROVIDER,REGION_ID,AVAILABLE_STS,COST_OF_CASH,AVAILABLE_CNC,AVAILABLE_CATERING) values ('487225242350','0','0',null,'487220614341','10100','1',to_date('04/10/2018','DD/MM/YYYY'),'1','01','H0000021','117005622348','0',null,'0','0');
Insert into ECI_FROMTO_CONFIG (FROMTO_ID,VERSION_DELETED,VERSION_EDITABLE,PRED_VERSION,WORKSPACE_ID,BRANCH_ID,IS_HEAD,CHECKIN_DATE,ASSET_VERSION,DISTRIBUTION_WAY,PROVIDER,REGION_ID,AVAILABLE_STS,COST_OF_CASH,AVAILABLE_CNC,AVAILABLE_CATERING) values ('487225242352','0','0',null,'487220614341','10100','1',to_date('04/10/2018','DD/MM/YYYY'),'1','01','H0000021','487231542342','0',null,'0','0');
Insert into ECI_FROMTO_CONFIG (FROMTO_ID,VERSION_DELETED,VERSION_EDITABLE,PRED_VERSION,WORKSPACE_ID,BRANCH_ID,IS_HEAD,CHECKIN_DATE,ASSET_VERSION,DISTRIBUTION_WAY,PROVIDER,REGION_ID,AVAILABLE_STS,COST_OF_CASH,AVAILABLE_CNC,AVAILABLE_CATERING) values ('487222942342','0','0','3','487220633943','10100','1',to_date('13/06/2019','DD/MM/YYYY'),'4','01','H0000042','117005622348','0',null,'1','0');
Insert into ECI_FROMTO_CONFIG (FROMTO_ID,VERSION_DELETED,VERSION_EDITABLE,PRED_VERSION,WORKSPACE_ID,BRANCH_ID,IS_HEAD,CHECKIN_DATE,ASSET_VERSION,DISTRIBUTION_WAY,PROVIDER,REGION_ID,AVAILABLE_STS,COST_OF_CASH,AVAILABLE_CNC,AVAILABLE_CATERING) values ('487222442344','0','0','8','487220633881','10100','1',to_date('13/06/2019','DD/MM/YYYY'),'9','01','H0000033','117005622348','0',null,'1','0');
Insert into ECI_FROMTO_CONFIG (FROMTO_ID,VERSION_DELETED,VERSION_EDITABLE,PRED_VERSION,WORKSPACE_ID,BRANCH_ID,IS_HEAD,CHECKIN_DATE,ASSET_VERSION,DISTRIBUTION_WAY,PROVIDER,REGION_ID,AVAILABLE_STS,COST_OF_CASH,AVAILABLE_CNC,AVAILABLE_CATERING) values ('487225942344','0','0',null,'487220621744','10100','1',to_date('03/01/2019','DD/MM/YYYY'),'1','01','H0000059','117005622348','0',null,'0','0');
Insert into ECI_FROMTO_CONFIG (FROMTO_ID,VERSION_DELETED,VERSION_EDITABLE,PRED_VERSION,WORKSPACE_ID,BRANCH_ID,IS_HEAD,CHECKIN_DATE,ASSET_VERSION,DISTRIBUTION_WAY,PROVIDER,REGION_ID,AVAILABLE_STS,COST_OF_CASH,AVAILABLE_CNC,AVAILABLE_CATERING) values ('487221042342','0','0','3','487220633889','10100','1',to_date('14/06/2019','DD/MM/YYYY'),'4','01','N0000008','117005622348','0',null,'0','0');
Insert into ECI_FROMTO_CONFIG (FROMTO_ID,VERSION_DELETED,VERSION_EDITABLE,PRED_VERSION,WORKSPACE_ID,BRANCH_ID,IS_HEAD,CHECKIN_DATE,ASSET_VERSION,DISTRIBUTION_WAY,PROVIDER,REGION_ID,AVAILABLE_STS,COST_OF_CASH,AVAILABLE_CNC,AVAILABLE_CATERING) values ('487226542342','0','0',null,'487220648943','10100','1',to_date('26/02/2020','DD/MM/YYYY'),'1','08','N0000005','117005622350','0',null,'0','0');
Insert into ECI_FROMTO_CONFIG (FROMTO_ID,VERSION_DELETED,VERSION_EDITABLE,PRED_VERSION,WORKSPACE_ID,BRANCH_ID,IS_HEAD,CHECKIN_DATE,ASSET_VERSION,DISTRIBUTION_WAY,PROVIDER,REGION_ID,AVAILABLE_STS,COST_OF_CASH,AVAILABLE_CNC,AVAILABLE_CATERING) values ('487225942342','0','0','1','487220628456','10100','1',to_date('15/03/2019','DD/MM/YYYY'),'2','01','H0000052','117005622348','0',null,'1','0');
Insert into ECI_FROMTO_CONFIG (FROMTO_ID,VERSION_DELETED,VERSION_EDITABLE,PRED_VERSION,WORKSPACE_ID,BRANCH_ID,IS_HEAD,CHECKIN_DATE,ASSET_VERSION,DISTRIBUTION_WAY,PROVIDER,REGION_ID,AVAILABLE_STS,COST_OF_CASH,AVAILABLE_CNC,AVAILABLE_CATERING) values ('487221142342','0','0','10','487220649243','10100','1',to_date('27/02/2020','DD/MM/YYYY'),'11','08','N0000005','117005622348','0',null,'0','0');
Insert into ECI_FROMTO_CONFIG (FROMTO_ID,VERSION_DELETED,VERSION_EDITABLE,PRED_VERSION,WORKSPACE_ID,BRANCH_ID,IS_HEAD,CHECKIN_DATE,ASSET_VERSION,DISTRIBUTION_WAY,PROVIDER,REGION_ID,AVAILABLE_STS,COST_OF_CASH,AVAILABLE_CNC,AVAILABLE_CATERING) values ('487223242342','0','0','6','487220645957','10100','1',to_date('13/01/2020','DD/MM/YYYY'),'7','01','99999999','117005622348','0',null,'1','0');
Insert into ECI_FROMTO_CONFIG (FROMTO_ID,VERSION_DELETED,VERSION_EDITABLE,PRED_VERSION,WORKSPACE_ID,BRANCH_ID,IS_HEAD,CHECKIN_DATE,ASSET_VERSION,DISTRIBUTION_WAY,PROVIDER,REGION_ID,AVAILABLE_STS,COST_OF_CASH,AVAILABLE_CNC,AVAILABLE_CATERING) values ('487226542341','0','0',null,'487220648941','10100','1',to_date('26/02/2020','DD/MM/YYYY'),'1','08','N0000010','117005622350','0',null,'0','0');
Insert into ECI_FROMTO_CONFIG (FROMTO_ID,VERSION_DELETED,VERSION_EDITABLE,PRED_VERSION,WORKSPACE_ID,BRANCH_ID,IS_HEAD,CHECKIN_DATE,ASSET_VERSION,DISTRIBUTION_WAY,PROVIDER,REGION_ID,AVAILABLE_STS,COST_OF_CASH,AVAILABLE_CNC,AVAILABLE_CATERING) values ('487225842345','0','0',null,'487220621443','10100','1',to_date('31/12/2018','DD/MM/YYYY'),'1','01','H0000049','117005622348','0',null,'0','0');

Insert into ECI_FROMTO_CNC_COST (FROMTO_ID,ASSET_VERSION,IDX,CNC_COST_ID) values ('487222942342','4','0','487229442352');
Insert into ECI_FROMTO_CNC_COST (FROMTO_ID,ASSET_VERSION,IDX,CNC_COST_ID) values ('487222942342','4','1','487229442348');
Insert into ECI_FROMTO_CNC_COST (FROMTO_ID,ASSET_VERSION,IDX,CNC_COST_ID) values ('487222942342','4','2','487229442346');
Insert into ECI_FROMTO_CNC_COST (FROMTO_ID,ASSET_VERSION,IDX,CNC_COST_ID) values ('487222942342','4','3','487229442344');
Insert into ECI_FROMTO_CNC_COST (FROMTO_ID,ASSET_VERSION,IDX,CNC_COST_ID) values ('487222442344','9','0','487228942346');
Insert into ECI_FROMTO_CNC_COST (FROMTO_ID,ASSET_VERSION,IDX,CNC_COST_ID) values ('487225942342','2','0','487228942344');
Insert into ECI_FROMTO_CNC_COST (FROMTO_ID,ASSET_VERSION,IDX,CNC_COST_ID) values ('487223242342','7','0','487230042344');
Insert into ECI_FROMTO_CNC_COST (FROMTO_ID,ASSET_VERSION,IDX,CNC_COST_ID) values ('487223242342','7','3','487229642344');
Insert into ECI_FROMTO_CNC_COST (FROMTO_ID,ASSET_VERSION,IDX,CNC_COST_ID) values ('487223242342','7','2','487229642346');
Insert into ECI_FROMTO_CNC_COST (FROMTO_ID,ASSET_VERSION,IDX,CNC_COST_ID) values ('487223242342','7','1','487229642352');

Insert into ECI_FROMTO_DELIVERY_COST (FROMTO_ID,DELIVERY_COST_ID,ASSET_VERSION,IDX) values ('100006','487221342346','11','0');
Insert into ECI_FROMTO_DELIVERY_COST (FROMTO_ID,DELIVERY_COST_ID,ASSET_VERSION,IDX) values ('100006','487221342344','11','1');
Insert into ECI_FROMTO_DELIVERY_COST (FROMTO_ID,DELIVERY_COST_ID,ASSET_VERSION,IDX) values ('100006','138012222368','11','2');
Insert into ECI_FROMTO_DELIVERY_COST (FROMTO_ID,DELIVERY_COST_ID,ASSET_VERSION,IDX) values ('100006','138012222366','11','3');
Insert into ECI_FROMTO_DELIVERY_COST (FROMTO_ID,DELIVERY_COST_ID,ASSET_VERSION,IDX) values ('100006','138012222364','11','4');
Insert into ECI_FROMTO_DELIVERY_COST (FROMTO_ID,DELIVERY_COST_ID,ASSET_VERSION,IDX) values ('100006','138012222362','11','5');
Insert into ECI_FROMTO_DELIVERY_COST (FROMTO_ID,DELIVERY_COST_ID,ASSET_VERSION,IDX) values ('100006','138012222360','11','6');
Insert into ECI_FROMTO_DELIVERY_COST (FROMTO_ID,DELIVERY_COST_ID,ASSET_VERSION,IDX) values ('100006','138012222358','11','7');
Insert into ECI_FROMTO_DELIVERY_COST (FROMTO_ID,DELIVERY_COST_ID,ASSET_VERSION,IDX) values ('100006','138012222356','11','8');
Insert into ECI_FROMTO_DELIVERY_COST (FROMTO_ID,DELIVERY_COST_ID,ASSET_VERSION,IDX) values ('100006','138012222354','11','9');
Insert into ECI_FROMTO_DELIVERY_COST (FROMTO_ID,DELIVERY_COST_ID,ASSET_VERSION,IDX) values ('100006','138012222352','11','10');
Insert into ECI_FROMTO_DELIVERY_COST (FROMTO_ID,DELIVERY_COST_ID,ASSET_VERSION,IDX) values ('100006','138012222350','11','11');
Insert into ECI_FROMTO_DELIVERY_COST (FROMTO_ID,DELIVERY_COST_ID,ASSET_VERSION,IDX) values ('100006','138012222348','11','12');
Insert into ECI_FROMTO_DELIVERY_COST (FROMTO_ID,DELIVERY_COST_ID,ASSET_VERSION,IDX) values ('100006','138012222346','11','13');
Insert into ECI_FROMTO_DELIVERY_COST (FROMTO_ID,DELIVERY_COST_ID,ASSET_VERSION,IDX) values ('100006','138012222342','11','14');
Insert into ECI_FROMTO_DELIVERY_COST (FROMTO_ID,DELIVERY_COST_ID,ASSET_VERSION,IDX) values ('138012222344','487221342354','6','0');
Insert into ECI_FROMTO_DELIVERY_COST (FROMTO_ID,DELIVERY_COST_ID,ASSET_VERSION,IDX) values ('138012222344','487221342352','6','1');
Insert into ECI_FROMTO_DELIVERY_COST (FROMTO_ID,DELIVERY_COST_ID,ASSET_VERSION,IDX) values ('138012222344','138012222432','6','2');
Insert into ECI_FROMTO_DELIVERY_COST (FROMTO_ID,DELIVERY_COST_ID,ASSET_VERSION,IDX) values ('138012222344','138012222430','6','3');
Insert into ECI_FROMTO_DELIVERY_COST (FROMTO_ID,DELIVERY_COST_ID,ASSET_VERSION,IDX) values ('138012222344','138012222428','6','4');
Insert into ECI_FROMTO_DELIVERY_COST (FROMTO_ID,DELIVERY_COST_ID,ASSET_VERSION,IDX) values ('138012222344','138012222426','6','5');
Insert into ECI_FROMTO_DELIVERY_COST (FROMTO_ID,DELIVERY_COST_ID,ASSET_VERSION,IDX) values ('138012222344','138012222424','6','6');
Insert into ECI_FROMTO_DELIVERY_COST (FROMTO_ID,DELIVERY_COST_ID,ASSET_VERSION,IDX) values ('138012222344','138012222422','6','7');
Insert into ECI_FROMTO_DELIVERY_COST (FROMTO_ID,DELIVERY_COST_ID,ASSET_VERSION,IDX) values ('138012222344','138012222420','6','8');
Insert into ECI_FROMTO_DELIVERY_COST (FROMTO_ID,DELIVERY_COST_ID,ASSET_VERSION,IDX) values ('138012222344','138012222418','6','9');
Insert into ECI_FROMTO_DELIVERY_COST (FROMTO_ID,DELIVERY_COST_ID,ASSET_VERSION,IDX) values ('138012222344','138012222416','6','10');
Insert into ECI_FROMTO_DELIVERY_COST (FROMTO_ID,DELIVERY_COST_ID,ASSET_VERSION,IDX) values ('138012222344','138012222414','6','11');
Insert into ECI_FROMTO_DELIVERY_COST (FROMTO_ID,DELIVERY_COST_ID,ASSET_VERSION,IDX) values ('138012222344','138012222412','6','16');
Insert into ECI_FROMTO_DELIVERY_COST (FROMTO_ID,DELIVERY_COST_ID,ASSET_VERSION,IDX) values ('138012222344','138012222410','6','15');
Insert into ECI_FROMTO_DELIVERY_COST (FROMTO_ID,DELIVERY_COST_ID,ASSET_VERSION,IDX) values ('138012222344','138012222408','6','14');
Insert into ECI_FROMTO_DELIVERY_COST (FROMTO_ID,DELIVERY_COST_ID,ASSET_VERSION,IDX) values ('138012222344','138012222406','6','13');
Insert into ECI_FROMTO_DELIVERY_COST (FROMTO_ID,DELIVERY_COST_ID,ASSET_VERSION,IDX) values ('138012222344','138012222404','6','12');
Insert into ECI_FROMTO_DELIVERY_COST (FROMTO_ID,DELIVERY_COST_ID,ASSET_VERSION,IDX) values ('141013222344','487221342358','3','0');
Insert into ECI_FROMTO_DELIVERY_COST (FROMTO_ID,DELIVERY_COST_ID,ASSET_VERSION,IDX) values ('141013222344','487221342356','3','1');
Insert into ECI_FROMTO_DELIVERY_COST (FROMTO_ID,DELIVERY_COST_ID,ASSET_VERSION,IDX) values ('141013222344','141013222350','3','2');
Insert into ECI_FROMTO_DELIVERY_COST (FROMTO_ID,DELIVERY_COST_ID,ASSET_VERSION,IDX) values ('141013222344','141013222348','3','3');
Insert into ECI_FROMTO_DELIVERY_COST (FROMTO_ID,DELIVERY_COST_ID,ASSET_VERSION,IDX) values ('141013222344','141013222346','3','4');
Insert into ECI_FROMTO_DELIVERY_COST (FROMTO_ID,DELIVERY_COST_ID,ASSET_VERSION,IDX) values ('141013222344','141013222344','3','5');
Insert into ECI_FROMTO_DELIVERY_COST (FROMTO_ID,DELIVERY_COST_ID,ASSET_VERSION,IDX) values ('141013222344','141013222342','3','6');
Insert into ECI_FROMTO_DELIVERY_COST (FROMTO_ID,DELIVERY_COST_ID,ASSET_VERSION,IDX) values ('141013222348','487221342362','5','0');
Insert into ECI_FROMTO_DELIVERY_COST (FROMTO_ID,DELIVERY_COST_ID,ASSET_VERSION,IDX) values ('141013222348','487221342360','5','1');
Insert into ECI_FROMTO_DELIVERY_COST (FROMTO_ID,DELIVERY_COST_ID,ASSET_VERSION,IDX) values ('141013222348','141013222360','5','2');
Insert into ECI_FROMTO_DELIVERY_COST (FROMTO_ID,DELIVERY_COST_ID,ASSET_VERSION,IDX) values ('141013222348','141013222358','5','3');
Insert into ECI_FROMTO_DELIVERY_COST (FROMTO_ID,DELIVERY_COST_ID,ASSET_VERSION,IDX) values ('141013222348','141013222356','5','4');
Insert into ECI_FROMTO_DELIVERY_COST (FROMTO_ID,DELIVERY_COST_ID,ASSET_VERSION,IDX) values ('141013222348','141013222354','5','5');
Insert into ECI_FROMTO_DELIVERY_COST (FROMTO_ID,DELIVERY_COST_ID,ASSET_VERSION,IDX) values ('141013222348','141013222352','5','6');
Insert into ECI_FROMTO_DELIVERY_COST (FROMTO_ID,DELIVERY_COST_ID,ASSET_VERSION,IDX) values ('141013222350','487221342366','3','0');
Insert into ECI_FROMTO_DELIVERY_COST (FROMTO_ID,DELIVERY_COST_ID,ASSET_VERSION,IDX) values ('141013222350','487221342364','3','1');
Insert into ECI_FROMTO_DELIVERY_COST (FROMTO_ID,DELIVERY_COST_ID,ASSET_VERSION,IDX) values ('141013222350','141013222370','3','2');
Insert into ECI_FROMTO_DELIVERY_COST (FROMTO_ID,DELIVERY_COST_ID,ASSET_VERSION,IDX) values ('141013222350','141013222368','3','3');
Insert into ECI_FROMTO_DELIVERY_COST (FROMTO_ID,DELIVERY_COST_ID,ASSET_VERSION,IDX) values ('141013222350','141013222366','3','4');
Insert into ECI_FROMTO_DELIVERY_COST (FROMTO_ID,DELIVERY_COST_ID,ASSET_VERSION,IDX) values ('141013222350','141013222364','3','5');
Insert into ECI_FROMTO_DELIVERY_COST (FROMTO_ID,DELIVERY_COST_ID,ASSET_VERSION,IDX) values ('141013222350','141013222362','3','6');
Insert into ECI_FROMTO_DELIVERY_COST (FROMTO_ID,DELIVERY_COST_ID,ASSET_VERSION,IDX) values ('141013222352','487221342370','4','0');
Insert into ECI_FROMTO_DELIVERY_COST (FROMTO_ID,DELIVERY_COST_ID,ASSET_VERSION,IDX) values ('141013222352','487221342368','4','1');
Insert into ECI_FROMTO_DELIVERY_COST (FROMTO_ID,DELIVERY_COST_ID,ASSET_VERSION,IDX) values ('141013222352','141013222384','4','2');
Insert into ECI_FROMTO_DELIVERY_COST (FROMTO_ID,DELIVERY_COST_ID,ASSET_VERSION,IDX) values ('141013222352','141013222382','4','3');
Insert into ECI_FROMTO_DELIVERY_COST (FROMTO_ID,DELIVERY_COST_ID,ASSET_VERSION,IDX) values ('141013222352','141013222380','4','4');
Insert into ECI_FROMTO_DELIVERY_COST (FROMTO_ID,DELIVERY_COST_ID,ASSET_VERSION,IDX) values ('141013222352','141013222378','4','5');
Insert into ECI_FROMTO_DELIVERY_COST (FROMTO_ID,DELIVERY_COST_ID,ASSET_VERSION,IDX) values ('141013222352','141013222376','4','6');
Insert into ECI_FROMTO_DELIVERY_COST (FROMTO_ID,DELIVERY_COST_ID,ASSET_VERSION,IDX) values ('141013222352','141013222374','4','7');
Insert into ECI_FROMTO_DELIVERY_COST (FROMTO_ID,DELIVERY_COST_ID,ASSET_VERSION,IDX) values ('141013222352','141013222372','4','8');
Insert into ECI_FROMTO_DELIVERY_COST (FROMTO_ID,DELIVERY_COST_ID,ASSET_VERSION,IDX) values ('141013222358','487221342350','3','0');
Insert into ECI_FROMTO_DELIVERY_COST (FROMTO_ID,DELIVERY_COST_ID,ASSET_VERSION,IDX) values ('141013222358','487221342348','3','1');
Insert into ECI_FROMTO_DELIVERY_COST (FROMTO_ID,DELIVERY_COST_ID,ASSET_VERSION,IDX) values ('141013222358','141013222400','3','2');
Insert into ECI_FROMTO_DELIVERY_COST (FROMTO_ID,DELIVERY_COST_ID,ASSET_VERSION,IDX) values ('141013222358','141013222398','3','3');
Insert into ECI_FROMTO_DELIVERY_COST (FROMTO_ID,DELIVERY_COST_ID,ASSET_VERSION,IDX) values ('141013222358','141013222396','3','4');
Insert into ECI_FROMTO_DELIVERY_COST (FROMTO_ID,DELIVERY_COST_ID,ASSET_VERSION,IDX) values ('141013222358','141013222394','3','5');
Insert into ECI_FROMTO_DELIVERY_COST (FROMTO_ID,DELIVERY_COST_ID,ASSET_VERSION,IDX) values ('141013222358','141013222392','3','6');
Insert into ECI_FROMTO_DELIVERY_COST (FROMTO_ID,DELIVERY_COST_ID,ASSET_VERSION,IDX) values ('141013222358','141013222390','3','7');
Insert into ECI_FROMTO_DELIVERY_COST (FROMTO_ID,DELIVERY_COST_ID,ASSET_VERSION,IDX) values ('141013222358','141013222388','3','8');
Insert into ECI_FROMTO_DELIVERY_COST (FROMTO_ID,DELIVERY_COST_ID,ASSET_VERSION,IDX) values ('141013222358','141013222386','3','9');
Insert into ECI_FROMTO_DELIVERY_COST (FROMTO_ID,DELIVERY_COST_ID,ASSET_VERSION,IDX) values ('141013222360','487221342374','3','0');
Insert into ECI_FROMTO_DELIVERY_COST (FROMTO_ID,DELIVERY_COST_ID,ASSET_VERSION,IDX) values ('141013222360','487221342372','3','1');
Insert into ECI_FROMTO_DELIVERY_COST (FROMTO_ID,DELIVERY_COST_ID,ASSET_VERSION,IDX) values ('141013222360','141013222416','3','2');
Insert into ECI_FROMTO_DELIVERY_COST (FROMTO_ID,DELIVERY_COST_ID,ASSET_VERSION,IDX) values ('141013222360','141013222414','3','3');
Insert into ECI_FROMTO_DELIVERY_COST (FROMTO_ID,DELIVERY_COST_ID,ASSET_VERSION,IDX) values ('141013222360','141013222410','3','4');
Insert into ECI_FROMTO_DELIVERY_COST (FROMTO_ID,DELIVERY_COST_ID,ASSET_VERSION,IDX) values ('141013222360','141013222408','3','5');
Insert into ECI_FROMTO_DELIVERY_COST (FROMTO_ID,DELIVERY_COST_ID,ASSET_VERSION,IDX) values ('141013222360','141013222406','3','6');
Insert into ECI_FROMTO_DELIVERY_COST (FROMTO_ID,DELIVERY_COST_ID,ASSET_VERSION,IDX) values ('141013222360','141013222404','3','7');
Insert into ECI_FROMTO_DELIVERY_COST (FROMTO_ID,DELIVERY_COST_ID,ASSET_VERSION,IDX) values ('141013222360','141013222402','3','8');
Insert into ECI_FROMTO_DELIVERY_COST (FROMTO_ID,DELIVERY_COST_ID,ASSET_VERSION,IDX) values ('487221942342','487221342436','3','4');
Insert into ECI_FROMTO_DELIVERY_COST (FROMTO_ID,DELIVERY_COST_ID,ASSET_VERSION,IDX) values ('487221942342','487221342434','3','5');
Insert into ECI_FROMTO_DELIVERY_COST (FROMTO_ID,DELIVERY_COST_ID,ASSET_VERSION,IDX) values ('487221942342','487221342432','3','6');
Insert into ECI_FROMTO_DELIVERY_COST (FROMTO_ID,DELIVERY_COST_ID,ASSET_VERSION,IDX) values ('487221942342','487221342430','3','7');
Insert into ECI_FROMTO_DELIVERY_COST (FROMTO_ID,DELIVERY_COST_ID,ASSET_VERSION,IDX) values ('487221942342','487221342428','3','8');
Insert into ECI_FROMTO_DELIVERY_COST (FROMTO_ID,DELIVERY_COST_ID,ASSET_VERSION,IDX) values ('487221942342','487221342426','3','9');
Insert into ECI_FROMTO_DELIVERY_COST (FROMTO_ID,DELIVERY_COST_ID,ASSET_VERSION,IDX) values ('487221942342','487221342424','3','10');
Insert into ECI_FROMTO_DELIVERY_COST (FROMTO_ID,DELIVERY_COST_ID,ASSET_VERSION,IDX) values ('487221942342','487221342422','3','11');
Insert into ECI_FROMTO_DELIVERY_COST (FROMTO_ID,DELIVERY_COST_ID,ASSET_VERSION,IDX) values ('487221942342','487221342420','3','12');
Insert into ECI_FROMTO_DELIVERY_COST (FROMTO_ID,DELIVERY_COST_ID,ASSET_VERSION,IDX) values ('487221942342','487221342418','3','13');
Insert into ECI_FROMTO_DELIVERY_COST (FROMTO_ID,DELIVERY_COST_ID,ASSET_VERSION,IDX) values ('487221942342','487221342416','3','14');
Insert into ECI_FROMTO_DELIVERY_COST (FROMTO_ID,DELIVERY_COST_ID,ASSET_VERSION,IDX) values ('487221942342','487221342414','3','15');
Insert into ECI_FROMTO_DELIVERY_COST (FROMTO_ID,DELIVERY_COST_ID,ASSET_VERSION,IDX) values ('487221942342','487221342444','3','0');
Insert into ECI_FROMTO_DELIVERY_COST (FROMTO_ID,DELIVERY_COST_ID,ASSET_VERSION,IDX) values ('487221942342','487221342442','3','1');
Insert into ECI_FROMTO_DELIVERY_COST (FROMTO_ID,DELIVERY_COST_ID,ASSET_VERSION,IDX) values ('487221942342','487221342440','3','2');
Insert into ECI_FROMTO_DELIVERY_COST (FROMTO_ID,DELIVERY_COST_ID,ASSET_VERSION,IDX) values ('487221942342','487221342438','3','3');
Insert into ECI_FROMTO_DELIVERY_COST (FROMTO_ID,DELIVERY_COST_ID,ASSET_VERSION,IDX) values ('487222442342','487225842354','5','0');
Insert into ECI_FROMTO_DELIVERY_COST (FROMTO_ID,DELIVERY_COST_ID,ASSET_VERSION,IDX) values ('487222442342','487222442348','5','1');
Insert into ECI_FROMTO_DELIVERY_COST (FROMTO_ID,DELIVERY_COST_ID,ASSET_VERSION,IDX) values ('487222442342','487222442344','5','2');
Insert into ECI_FROMTO_DELIVERY_COST (FROMTO_ID,DELIVERY_COST_ID,ASSET_VERSION,IDX) values ('487222442342','487222442342','5','3');
Insert into ECI_FROMTO_DELIVERY_COST (FROMTO_ID,DELIVERY_COST_ID,ASSET_VERSION,IDX) values ('487222442344','487229342368','9','0');
Insert into ECI_FROMTO_DELIVERY_COST (FROMTO_ID,DELIVERY_COST_ID,ASSET_VERSION,IDX) values ('487222442344','487222442356','9','1');
Insert into ECI_FROMTO_DELIVERY_COST (FROMTO_ID,DELIVERY_COST_ID,ASSET_VERSION,IDX) values ('487222442344','487222442354','9','2');
Insert into ECI_FROMTO_DELIVERY_COST (FROMTO_ID,DELIVERY_COST_ID,ASSET_VERSION,IDX) values ('487222442344','487222442350','9','3');
Insert into ECI_FROMTO_DELIVERY_COST (FROMTO_ID,DELIVERY_COST_ID,ASSET_VERSION,IDX) values ('487222742341','487220842368','12','0');
Insert into ECI_FROMTO_DELIVERY_COST (FROMTO_ID,DELIVERY_COST_ID,ASSET_VERSION,IDX) values ('487222742341','487220842366','12','1');
Insert into ECI_FROMTO_DELIVERY_COST (FROMTO_ID,DELIVERY_COST_ID,ASSET_VERSION,IDX) values ('487222742341','487220842364','12','2');
Insert into ECI_FROMTO_DELIVERY_COST (FROMTO_ID,DELIVERY_COST_ID,ASSET_VERSION,IDX) values ('487222742341','487220842362','12','3');
Insert into ECI_FROMTO_DELIVERY_COST (FROMTO_ID,DELIVERY_COST_ID,ASSET_VERSION,IDX) values ('487222742341','487220842360','12','4');
Insert into ECI_FROMTO_DELIVERY_COST (FROMTO_ID,DELIVERY_COST_ID,ASSET_VERSION,IDX) values ('487222742341','487220842358','12','5');
Insert into ECI_FROMTO_DELIVERY_COST (FROMTO_ID,DELIVERY_COST_ID,ASSET_VERSION,IDX) values ('487222742341','487220842356','12','6');
Insert into ECI_FROMTO_DELIVERY_COST (FROMTO_ID,DELIVERY_COST_ID,ASSET_VERSION,IDX) values ('487222742341','487220842354','12','7');
Insert into ECI_FROMTO_DELIVERY_COST (FROMTO_ID,DELIVERY_COST_ID,ASSET_VERSION,IDX) values ('487222742341','487220842352','12','8');
Insert into ECI_FROMTO_DELIVERY_COST (FROMTO_ID,DELIVERY_COST_ID,ASSET_VERSION,IDX) values ('487222742341','487220842350','12','9');
Insert into ECI_FROMTO_DELIVERY_COST (FROMTO_ID,DELIVERY_COST_ID,ASSET_VERSION,IDX) values ('487222742341','487220842348','12','10');
Insert into ECI_FROMTO_DELIVERY_COST (FROMTO_ID,DELIVERY_COST_ID,ASSET_VERSION,IDX) values ('487222742341','487220842346','12','11');
Insert into ECI_FROMTO_DELIVERY_COST (FROMTO_ID,DELIVERY_COST_ID,ASSET_VERSION,IDX) values ('487222742341','487220842344','12','12');
Insert into ECI_FROMTO_DELIVERY_COST (FROMTO_ID,DELIVERY_COST_ID,ASSET_VERSION,IDX) values ('487222742341','487220842342','12','13');
Insert into ECI_FROMTO_DELIVERY_COST (FROMTO_ID,DELIVERY_COST_ID,ASSET_VERSION,IDX) values ('487222842342','487222142342','1','0');
Insert into ECI_FROMTO_DELIVERY_COST (FROMTO_ID,DELIVERY_COST_ID,ASSET_VERSION,IDX) values ('487222942342','487222342352','4','0');
Insert into ECI_FROMTO_DELIVERY_COST (FROMTO_ID,DELIVERY_COST_ID,ASSET_VERSION,IDX) values ('487222942342','487222342348','4','1');
Insert into ECI_FROMTO_DELIVERY_COST (FROMTO_ID,DELIVERY_COST_ID,ASSET_VERSION,IDX) values ('487222942342','487222342342','4','2');
Insert into ECI_FROMTO_DELIVERY_COST (FROMTO_ID,DELIVERY_COST_ID,ASSET_VERSION,IDX) values ('487223242342','487222642348','7','0');
Insert into ECI_FROMTO_DELIVERY_COST (FROMTO_ID,DELIVERY_COST_ID,ASSET_VERSION,IDX) values ('487223242342','487222642346','7','1');
Insert into ECI_FROMTO_DELIVERY_COST (FROMTO_ID,DELIVERY_COST_ID,ASSET_VERSION,IDX) values ('487223242342','487222642344','7','2');
Insert into ECI_FROMTO_DELIVERY_COST (FROMTO_ID,DELIVERY_COST_ID,ASSET_VERSION,IDX) values ('487223242342','487222642342','7','3');
Insert into ECI_FROMTO_DELIVERY_COST (FROMTO_ID,DELIVERY_COST_ID,ASSET_VERSION,IDX) values ('487223442344','487223042376','1','0');
Insert into ECI_FROMTO_DELIVERY_COST (FROMTO_ID,DELIVERY_COST_ID,ASSET_VERSION,IDX) values ('487223442344','487223042374','1','1');
Insert into ECI_FROMTO_DELIVERY_COST (FROMTO_ID,DELIVERY_COST_ID,ASSET_VERSION,IDX) values ('487223442344','487223042372','1','2');
Insert into ECI_FROMTO_DELIVERY_COST (FROMTO_ID,DELIVERY_COST_ID,ASSET_VERSION,IDX) values ('487223442344','487223042370','1','3');
Insert into ECI_FROMTO_DELIVERY_COST (FROMTO_ID,DELIVERY_COST_ID,ASSET_VERSION,IDX) values ('487223442344','487223042368','1','4');
Insert into ECI_FROMTO_DELIVERY_COST (FROMTO_ID,DELIVERY_COST_ID,ASSET_VERSION,IDX) values ('487223442344','487223042366','1','5');
Insert into ECI_FROMTO_DELIVERY_COST (FROMTO_ID,DELIVERY_COST_ID,ASSET_VERSION,IDX) values ('487223442344','487223042364','1','6');
Insert into ECI_FROMTO_DELIVERY_COST (FROMTO_ID,DELIVERY_COST_ID,ASSET_VERSION,IDX) values ('487223442344','487223042362','1','7');
Insert into ECI_FROMTO_DELIVERY_COST (FROMTO_ID,DELIVERY_COST_ID,ASSET_VERSION,IDX) values ('487223442344','487223042360','1','8');
Insert into ECI_FROMTO_DELIVERY_COST (FROMTO_ID,DELIVERY_COST_ID,ASSET_VERSION,IDX) values ('487223442344','487223042358','1','9');
Insert into ECI_FROMTO_DELIVERY_COST (FROMTO_ID,DELIVERY_COST_ID,ASSET_VERSION,IDX) values ('487223442344','487223042356','1','10');
Insert into ECI_FROMTO_DELIVERY_COST (FROMTO_ID,DELIVERY_COST_ID,ASSET_VERSION,IDX) values ('487223442344','487223042354','1','11');
Insert into ECI_FROMTO_DELIVERY_COST (FROMTO_ID,DELIVERY_COST_ID,ASSET_VERSION,IDX) values ('487223442344','487223042352','1','12');
Insert into ECI_FROMTO_DELIVERY_COST (FROMTO_ID,DELIVERY_COST_ID,ASSET_VERSION,IDX) values ('487223442344','487223042348','1','13');
Insert into ECI_FROMTO_DELIVERY_COST (FROMTO_ID,DELIVERY_COST_ID,ASSET_VERSION,IDX) values ('487223442344','487223042346','1','14');
Insert into ECI_FROMTO_DELIVERY_COST (FROMTO_ID,DELIVERY_COST_ID,ASSET_VERSION,IDX) values ('487223442344','487223042344','1','15');
Insert into ECI_FROMTO_DELIVERY_COST (FROMTO_ID,DELIVERY_COST_ID,ASSET_VERSION,IDX) values ('487225242342','487227942348','1','0');
Insert into ECI_FROMTO_DELIVERY_COST (FROMTO_ID,DELIVERY_COST_ID,ASSET_VERSION,IDX) values ('487225242342','487227942346','1','1');
Insert into ECI_FROMTO_DELIVERY_COST (FROMTO_ID,DELIVERY_COST_ID,ASSET_VERSION,IDX) values ('487225242342','487227942344','1','2');
Insert into ECI_FROMTO_DELIVERY_COST (FROMTO_ID,DELIVERY_COST_ID,ASSET_VERSION,IDX) values ('487225242342','487227942342','1','3');
Insert into ECI_FROMTO_DELIVERY_COST (FROMTO_ID,DELIVERY_COST_ID,ASSET_VERSION,IDX) values ('487225242344','487227942356','1','0');
Insert into ECI_FROMTO_DELIVERY_COST (FROMTO_ID,DELIVERY_COST_ID,ASSET_VERSION,IDX) values ('487225242344','487227942354','1','1');
Insert into ECI_FROMTO_DELIVERY_COST (FROMTO_ID,DELIVERY_COST_ID,ASSET_VERSION,IDX) values ('487225242344','487227942352','1','2');
Insert into ECI_FROMTO_DELIVERY_COST (FROMTO_ID,DELIVERY_COST_ID,ASSET_VERSION,IDX) values ('487225242344','487227942350','1','3');
Insert into ECI_FROMTO_DELIVERY_COST (FROMTO_ID,DELIVERY_COST_ID,ASSET_VERSION,IDX) values ('487225242346','487227942364','1','0');
Insert into ECI_FROMTO_DELIVERY_COST (FROMTO_ID,DELIVERY_COST_ID,ASSET_VERSION,IDX) values ('487225242346','487227942362','1','1');
Insert into ECI_FROMTO_DELIVERY_COST (FROMTO_ID,DELIVERY_COST_ID,ASSET_VERSION,IDX) values ('487225242346','487227942360','1','2');
Insert into ECI_FROMTO_DELIVERY_COST (FROMTO_ID,DELIVERY_COST_ID,ASSET_VERSION,IDX) values ('487225242346','487227942358','1','3');
Insert into ECI_FROMTO_DELIVERY_COST (FROMTO_ID,DELIVERY_COST_ID,ASSET_VERSION,IDX) values ('487225242348','487227942372','1','0');
Insert into ECI_FROMTO_DELIVERY_COST (FROMTO_ID,DELIVERY_COST_ID,ASSET_VERSION,IDX) values ('487225242348','487227942370','1','1');
Insert into ECI_FROMTO_DELIVERY_COST (FROMTO_ID,DELIVERY_COST_ID,ASSET_VERSION,IDX) values ('487225242348','487227942368','1','2');
Insert into ECI_FROMTO_DELIVERY_COST (FROMTO_ID,DELIVERY_COST_ID,ASSET_VERSION,IDX) values ('487225242348','487227942366','1','3');
Insert into ECI_FROMTO_DELIVERY_COST (FROMTO_ID,DELIVERY_COST_ID,ASSET_VERSION,IDX) values ('487225242350','487227942380','1','0');
Insert into ECI_FROMTO_DELIVERY_COST (FROMTO_ID,DELIVERY_COST_ID,ASSET_VERSION,IDX) values ('487225242350','487227942378','1','1');
Insert into ECI_FROMTO_DELIVERY_COST (FROMTO_ID,DELIVERY_COST_ID,ASSET_VERSION,IDX) values ('487225242350','487227942376','1','2');
Insert into ECI_FROMTO_DELIVERY_COST (FROMTO_ID,DELIVERY_COST_ID,ASSET_VERSION,IDX) values ('487225242350','487227942374','1','3');
Insert into ECI_FROMTO_DELIVERY_COST (FROMTO_ID,DELIVERY_COST_ID,ASSET_VERSION,IDX) values ('487225242352','487227942388','1','0');
Insert into ECI_FROMTO_DELIVERY_COST (FROMTO_ID,DELIVERY_COST_ID,ASSET_VERSION,IDX) values ('487225242352','487227942386','1','1');
Insert into ECI_FROMTO_DELIVERY_COST (FROMTO_ID,DELIVERY_COST_ID,ASSET_VERSION,IDX) values ('487225242352','487227942384','1','2');
Insert into ECI_FROMTO_DELIVERY_COST (FROMTO_ID,DELIVERY_COST_ID,ASSET_VERSION,IDX) values ('487225242352','487227942382','1','3');
Insert into ECI_FROMTO_DELIVERY_COST (FROMTO_ID,DELIVERY_COST_ID,ASSET_VERSION,IDX) values ('487225542342','487228742348','2','0');
Insert into ECI_FROMTO_DELIVERY_COST (FROMTO_ID,DELIVERY_COST_ID,ASSET_VERSION,IDX) values ('487225542342','487228742346','2','1');
Insert into ECI_FROMTO_DELIVERY_COST (FROMTO_ID,DELIVERY_COST_ID,ASSET_VERSION,IDX) values ('487225842345','487228342352','1','0');
Insert into ECI_FROMTO_DELIVERY_COST (FROMTO_ID,DELIVERY_COST_ID,ASSET_VERSION,IDX) values ('487225842345','487228342350','1','1');
Insert into ECI_FROMTO_DELIVERY_COST (FROMTO_ID,DELIVERY_COST_ID,ASSET_VERSION,IDX) values ('487225842345','487228342348','1','2');
Insert into ECI_FROMTO_DELIVERY_COST (FROMTO_ID,DELIVERY_COST_ID,ASSET_VERSION,IDX) values ('487225842345','487228342346','1','3');
Insert into ECI_FROMTO_DELIVERY_COST (FROMTO_ID,DELIVERY_COST_ID,ASSET_VERSION,IDX) values ('487225942342','487228442348','2','0');
Insert into ECI_FROMTO_DELIVERY_COST (FROMTO_ID,DELIVERY_COST_ID,ASSET_VERSION,IDX) values ('487225942342','487228442346','2','1');
Insert into ECI_FROMTO_DELIVERY_COST (FROMTO_ID,DELIVERY_COST_ID,ASSET_VERSION,IDX) values ('487225942342','487228442344','2','2');
Insert into ECI_FROMTO_DELIVERY_COST (FROMTO_ID,DELIVERY_COST_ID,ASSET_VERSION,IDX) values ('487225942342','487228442342','2','3');
Insert into ECI_FROMTO_DELIVERY_COST (FROMTO_ID,DELIVERY_COST_ID,ASSET_VERSION,IDX) values ('487225942344','487228442356','1','0');
Insert into ECI_FROMTO_DELIVERY_COST (FROMTO_ID,DELIVERY_COST_ID,ASSET_VERSION,IDX) values ('487225942344','487228442354','1','1');
Insert into ECI_FROMTO_DELIVERY_COST (FROMTO_ID,DELIVERY_COST_ID,ASSET_VERSION,IDX) values ('487225942344','487228442352','1','2');
Insert into ECI_FROMTO_DELIVERY_COST (FROMTO_ID,DELIVERY_COST_ID,ASSET_VERSION,IDX) values ('487225942344','487228442350','1','3');
Insert into ECI_FROMTO_DELIVERY_COST (FROMTO_ID,DELIVERY_COST_ID,ASSET_VERSION,IDX) values ('487226442344','487229742348','2','0');
Insert into ECI_FROMTO_DELIVERY_COST (FROMTO_ID,DELIVERY_COST_ID,ASSET_VERSION,IDX) values ('487226442344','487229742346','2','1');
Insert into ECI_FROMTO_DELIVERY_COST (FROMTO_ID,DELIVERY_COST_ID,ASSET_VERSION,IDX) values ('487226442344','487229742344','2','2');
Insert into ECI_FROMTO_DELIVERY_COST (FROMTO_ID,DELIVERY_COST_ID,ASSET_VERSION,IDX) values ('487226442344','487229742342','2','3');
Insert into ECI_FROMTO_DELIVERY_COST (FROMTO_ID,DELIVERY_COST_ID,ASSET_VERSION,IDX) values ('487226542341','487227142342','1','5');
Insert into ECI_FROMTO_DELIVERY_COST (FROMTO_ID,DELIVERY_COST_ID,ASSET_VERSION,IDX) values ('487226542341','487221342412','1','0');
Insert into ECI_FROMTO_DELIVERY_COST (FROMTO_ID,DELIVERY_COST_ID,ASSET_VERSION,IDX) values ('487226542341','487221342410','1','1');
Insert into ECI_FROMTO_DELIVERY_COST (FROMTO_ID,DELIVERY_COST_ID,ASSET_VERSION,IDX) values ('487226542341','487221342408','1','2');
Insert into ECI_FROMTO_DELIVERY_COST (FROMTO_ID,DELIVERY_COST_ID,ASSET_VERSION,IDX) values ('487226542341','487221342406','1','3');
Insert into ECI_FROMTO_DELIVERY_COST (FROMTO_ID,DELIVERY_COST_ID,ASSET_VERSION,IDX) values ('487226542341','487221342404','1','4');
Insert into ECI_FROMTO_DELIVERY_COST (FROMTO_ID,DELIVERY_COST_ID,ASSET_VERSION,IDX) values ('487226542341','487221342402','1','6');
Insert into ECI_FROMTO_DELIVERY_COST (FROMTO_ID,DELIVERY_COST_ID,ASSET_VERSION,IDX) values ('487226542341','487221342400','1','7');
Insert into ECI_FROMTO_DELIVERY_COST (FROMTO_ID,DELIVERY_COST_ID,ASSET_VERSION,IDX) values ('487226542341','487221342398','1','8');
Insert into ECI_FROMTO_DELIVERY_COST (FROMTO_ID,DELIVERY_COST_ID,ASSET_VERSION,IDX) values ('487226542341','487221342394','1','9');
Insert into ECI_FROMTO_DELIVERY_COST (FROMTO_ID,DELIVERY_COST_ID,ASSET_VERSION,IDX) values ('487226542341','487221342392','1','10');
Insert into ECI_FROMTO_DELIVERY_COST (FROMTO_ID,DELIVERY_COST_ID,ASSET_VERSION,IDX) values ('487226542341','487221342390','1','11');
Insert into ECI_FROMTO_DELIVERY_COST (FROMTO_ID,DELIVERY_COST_ID,ASSET_VERSION,IDX) values ('487226542341','487221342388','1','12');
Insert into ECI_FROMTO_DELIVERY_COST (FROMTO_ID,DELIVERY_COST_ID,ASSET_VERSION,IDX) values ('487226542341','487221342386','1','13');
Insert into ECI_FROMTO_DELIVERY_COST (FROMTO_ID,DELIVERY_COST_ID,ASSET_VERSION,IDX) values ('487226542342','487228842350','1','0');
Insert into ECI_FROMTO_DELIVERY_COST (FROMTO_ID,DELIVERY_COST_ID,ASSET_VERSION,IDX) values ('487226542342','487228842348','1','1');
Insert into ECI_FROMTO_DELIVERY_COST (FROMTO_ID,DELIVERY_COST_ID,ASSET_VERSION,IDX) values ('487226542342','487222942376','1','2');
Insert into ECI_FROMTO_DELIVERY_COST (FROMTO_ID,DELIVERY_COST_ID,ASSET_VERSION,IDX) values ('487226542342','487222942374','1','3');
Insert into ECI_FROMTO_DELIVERY_COST (FROMTO_ID,DELIVERY_COST_ID,ASSET_VERSION,IDX) values ('487226542342','487222942372','1','4');
Insert into ECI_FROMTO_DELIVERY_COST (FROMTO_ID,DELIVERY_COST_ID,ASSET_VERSION,IDX) values ('487226542342','487222942370','1','5');
Insert into ECI_FROMTO_DELIVERY_COST (FROMTO_ID,DELIVERY_COST_ID,ASSET_VERSION,IDX) values ('487226542342','487222942368','1','6');
Insert into ECI_FROMTO_DELIVERY_COST (FROMTO_ID,DELIVERY_COST_ID,ASSET_VERSION,IDX) values ('487226542342','487222942366','1','7');
Insert into ECI_FROMTO_DELIVERY_COST (FROMTO_ID,DELIVERY_COST_ID,ASSET_VERSION,IDX) values ('487226542342','487222942364','1','8');
Insert into ECI_FROMTO_DELIVERY_COST (FROMTO_ID,DELIVERY_COST_ID,ASSET_VERSION,IDX) values ('487226542342','487222942362','1','9');
Insert into ECI_FROMTO_DELIVERY_COST (FROMTO_ID,DELIVERY_COST_ID,ASSET_VERSION,IDX) values ('487226542342','487222942360','1','10');
Insert into ECI_FROMTO_DELIVERY_COST (FROMTO_ID,DELIVERY_COST_ID,ASSET_VERSION,IDX) values ('487226542342','487222942358','1','11');
Insert into ECI_FROMTO_DELIVERY_COST (FROMTO_ID,DELIVERY_COST_ID,ASSET_VERSION,IDX) values ('487226542342','487222942356','1','12');
Insert into ECI_FROMTO_DELIVERY_COST (FROMTO_ID,DELIVERY_COST_ID,ASSET_VERSION,IDX) values ('487226542342','487222942354','1','13');
Insert into ECI_FROMTO_DELIVERY_COST (FROMTO_ID,DELIVERY_COST_ID,ASSET_VERSION,IDX) values ('487226542342','487222942352','1','14');
Insert into ECI_FROMTO_DELIVERY_COST (FROMTO_ID,DELIVERY_COST_ID,ASSET_VERSION,IDX) values ('487226542342','487222942350','1','15');
Insert into ECI_FROMTO_DELIVERY_COST (FROMTO_ID,DELIVERY_COST_ID,ASSET_VERSION,IDX) values ('487221042342','487229342376','4','0');
Insert into ECI_FROMTO_DELIVERY_COST (FROMTO_ID,DELIVERY_COST_ID,ASSET_VERSION,IDX) values ('487221042342','487229342374','4','1');
Insert into ECI_FROMTO_DELIVERY_COST (FROMTO_ID,DELIVERY_COST_ID,ASSET_VERSION,IDX) values ('487221042342','487221342384','4','2');
Insert into ECI_FROMTO_DELIVERY_COST (FROMTO_ID,DELIVERY_COST_ID,ASSET_VERSION,IDX) values ('487221042342','487221342382','4','3');
Insert into ECI_FROMTO_DELIVERY_COST (FROMTO_ID,DELIVERY_COST_ID,ASSET_VERSION,IDX) values ('487221042342','487221342380','4','4');
Insert into ECI_FROMTO_DELIVERY_COST (FROMTO_ID,DELIVERY_COST_ID,ASSET_VERSION,IDX) values ('487221042342','487221342378','4','5');
Insert into ECI_FROMTO_DELIVERY_COST (FROMTO_ID,DELIVERY_COST_ID,ASSET_VERSION,IDX) values ('487221042342','487221342376','4','6');
Insert into ECI_FROMTO_DELIVERY_COST (FROMTO_ID,DELIVERY_COST_ID,ASSET_VERSION,IDX) values ('487221042342','487220742348','4','10');
Insert into ECI_FROMTO_DELIVERY_COST (FROMTO_ID,DELIVERY_COST_ID,ASSET_VERSION,IDX) values ('487221042342','487220742346','4','9');
Insert into ECI_FROMTO_DELIVERY_COST (FROMTO_ID,DELIVERY_COST_ID,ASSET_VERSION,IDX) values ('487221042342','487220742344','4','8');
Insert into ECI_FROMTO_DELIVERY_COST (FROMTO_ID,DELIVERY_COST_ID,ASSET_VERSION,IDX) values ('487221042342','487220742342','4','7');
Insert into ECI_FROMTO_DELIVERY_COST (FROMTO_ID,DELIVERY_COST_ID,ASSET_VERSION,IDX) values ('487221142342','487228842350','11','0');
Insert into ECI_FROMTO_DELIVERY_COST (FROMTO_ID,DELIVERY_COST_ID,ASSET_VERSION,IDX) values ('487221142342','487228842350','10','0');
Insert into ECI_FROMTO_DELIVERY_COST (FROMTO_ID,DELIVERY_COST_ID,ASSET_VERSION,IDX) values ('487221142342','487228842348','11','1');
Insert into ECI_FROMTO_DELIVERY_COST (FROMTO_ID,DELIVERY_COST_ID,ASSET_VERSION,IDX) values ('487221142342','487228842348','10','1');
Insert into ECI_FROMTO_DELIVERY_COST (FROMTO_ID,DELIVERY_COST_ID,ASSET_VERSION,IDX) values ('487221142342','487222942376','11','2');
Insert into ECI_FROMTO_DELIVERY_COST (FROMTO_ID,DELIVERY_COST_ID,ASSET_VERSION,IDX) values ('487221142342','487222942376','10','2');
Insert into ECI_FROMTO_DELIVERY_COST (FROMTO_ID,DELIVERY_COST_ID,ASSET_VERSION,IDX) values ('487221142342','487222942374','11','3');
Insert into ECI_FROMTO_DELIVERY_COST (FROMTO_ID,DELIVERY_COST_ID,ASSET_VERSION,IDX) values ('487221142342','487222942374','10','3');
Insert into ECI_FROMTO_DELIVERY_COST (FROMTO_ID,DELIVERY_COST_ID,ASSET_VERSION,IDX) values ('487221142342','487222942372','11','4');
Insert into ECI_FROMTO_DELIVERY_COST (FROMTO_ID,DELIVERY_COST_ID,ASSET_VERSION,IDX) values ('487221142342','487222942372','10','4');
Insert into ECI_FROMTO_DELIVERY_COST (FROMTO_ID,DELIVERY_COST_ID,ASSET_VERSION,IDX) values ('487221142342','487222942370','11','5');
Insert into ECI_FROMTO_DELIVERY_COST (FROMTO_ID,DELIVERY_COST_ID,ASSET_VERSION,IDX) values ('487221142342','487222942370','10','5');
Insert into ECI_FROMTO_DELIVERY_COST (FROMTO_ID,DELIVERY_COST_ID,ASSET_VERSION,IDX) values ('487221142342','487222942368','11','6');
Insert into ECI_FROMTO_DELIVERY_COST (FROMTO_ID,DELIVERY_COST_ID,ASSET_VERSION,IDX) values ('487221142342','487222942368','10','6');
Insert into ECI_FROMTO_DELIVERY_COST (FROMTO_ID,DELIVERY_COST_ID,ASSET_VERSION,IDX) values ('487221142342','487222942366','11','7');
Insert into ECI_FROMTO_DELIVERY_COST (FROMTO_ID,DELIVERY_COST_ID,ASSET_VERSION,IDX) values ('487221142342','487222942366','10','7');
Insert into ECI_FROMTO_DELIVERY_COST (FROMTO_ID,DELIVERY_COST_ID,ASSET_VERSION,IDX) values ('487221142342','487222942364','11','8');
Insert into ECI_FROMTO_DELIVERY_COST (FROMTO_ID,DELIVERY_COST_ID,ASSET_VERSION,IDX) values ('487221142342','487222942364','10','8');
Insert into ECI_FROMTO_DELIVERY_COST (FROMTO_ID,DELIVERY_COST_ID,ASSET_VERSION,IDX) values ('487221142342','487222942362','11','9');
Insert into ECI_FROMTO_DELIVERY_COST (FROMTO_ID,DELIVERY_COST_ID,ASSET_VERSION,IDX) values ('487221142342','487222942362','10','9');
Insert into ECI_FROMTO_DELIVERY_COST (FROMTO_ID,DELIVERY_COST_ID,ASSET_VERSION,IDX) values ('487221142342','487222942360','11','10');
Insert into ECI_FROMTO_DELIVERY_COST (FROMTO_ID,DELIVERY_COST_ID,ASSET_VERSION,IDX) values ('487221142342','487222942360','10','10');
Insert into ECI_FROMTO_DELIVERY_COST (FROMTO_ID,DELIVERY_COST_ID,ASSET_VERSION,IDX) values ('487221142342','487222942358','11','11');
Insert into ECI_FROMTO_DELIVERY_COST (FROMTO_ID,DELIVERY_COST_ID,ASSET_VERSION,IDX) values ('487221142342','487222942358','10','11');
Insert into ECI_FROMTO_DELIVERY_COST (FROMTO_ID,DELIVERY_COST_ID,ASSET_VERSION,IDX) values ('487221142342','487222942356','11','12');
Insert into ECI_FROMTO_DELIVERY_COST (FROMTO_ID,DELIVERY_COST_ID,ASSET_VERSION,IDX) values ('487221142342','487222942356','10','12');
Insert into ECI_FROMTO_DELIVERY_COST (FROMTO_ID,DELIVERY_COST_ID,ASSET_VERSION,IDX) values ('487221142342','487222942354','11','13');
Insert into ECI_FROMTO_DELIVERY_COST (FROMTO_ID,DELIVERY_COST_ID,ASSET_VERSION,IDX) values ('487221142342','487222942354','10','13');
Insert into ECI_FROMTO_DELIVERY_COST (FROMTO_ID,DELIVERY_COST_ID,ASSET_VERSION,IDX) values ('487221142342','487222942352','11','14');
Insert into ECI_FROMTO_DELIVERY_COST (FROMTO_ID,DELIVERY_COST_ID,ASSET_VERSION,IDX) values ('487221142342','487222942352','10','14');
Insert into ECI_FROMTO_DELIVERY_COST (FROMTO_ID,DELIVERY_COST_ID,ASSET_VERSION,IDX) values ('487221142342','487222942350','11','15');
Insert into ECI_FROMTO_DELIVERY_COST (FROMTO_ID,DELIVERY_COST_ID,ASSET_VERSION,IDX) values ('487221142342','487222942350','10','15');
Insert into ECI_FROMTO_DELIVERY_COST (FROMTO_ID,DELIVERY_COST_ID,ASSET_VERSION,IDX) values ('487221742350','487227142342','6','5');
Insert into ECI_FROMTO_DELIVERY_COST (FROMTO_ID,DELIVERY_COST_ID,ASSET_VERSION,IDX) values ('487221742350','487221342412','6','0');
Insert into ECI_FROMTO_DELIVERY_COST (FROMTO_ID,DELIVERY_COST_ID,ASSET_VERSION,IDX) values ('487221742350','487221342410','6','1');
Insert into ECI_FROMTO_DELIVERY_COST (FROMTO_ID,DELIVERY_COST_ID,ASSET_VERSION,IDX) values ('487221742350','487221342408','6','2');
Insert into ECI_FROMTO_DELIVERY_COST (FROMTO_ID,DELIVERY_COST_ID,ASSET_VERSION,IDX) values ('487221742350','487221342406','6','3');
Insert into ECI_FROMTO_DELIVERY_COST (FROMTO_ID,DELIVERY_COST_ID,ASSET_VERSION,IDX) values ('487221742350','487221342404','6','4');
Insert into ECI_FROMTO_DELIVERY_COST (FROMTO_ID,DELIVERY_COST_ID,ASSET_VERSION,IDX) values ('487221742350','487221342402','6','6');
Insert into ECI_FROMTO_DELIVERY_COST (FROMTO_ID,DELIVERY_COST_ID,ASSET_VERSION,IDX) values ('487221742350','487221342400','6','7');
Insert into ECI_FROMTO_DELIVERY_COST (FROMTO_ID,DELIVERY_COST_ID,ASSET_VERSION,IDX) values ('487221742350','487221342398','6','8');
Insert into ECI_FROMTO_DELIVERY_COST (FROMTO_ID,DELIVERY_COST_ID,ASSET_VERSION,IDX) values ('487221742350','487221342394','6','9');
Insert into ECI_FROMTO_DELIVERY_COST (FROMTO_ID,DELIVERY_COST_ID,ASSET_VERSION,IDX) values ('487221742350','487221342392','6','10');
Insert into ECI_FROMTO_DELIVERY_COST (FROMTO_ID,DELIVERY_COST_ID,ASSET_VERSION,IDX) values ('487221742350','487221342390','6','11');
Insert into ECI_FROMTO_DELIVERY_COST (FROMTO_ID,DELIVERY_COST_ID,ASSET_VERSION,IDX) values ('487221742350','487221342388','6','12');
Insert into ECI_FROMTO_DELIVERY_COST (FROMTO_ID,DELIVERY_COST_ID,ASSET_VERSION,IDX) values ('487221742350','487221342386','6','13');

Insert into ECI_FROMTO_EXP_PREMIUM_COST (FROMTO_ID,EXPRESS_PREMIUM_COST_ID,ASSET_VERSION,IDX) values ('100006','487224142374','11','0');
Insert into ECI_FROMTO_EXP_PREMIUM_COST (FROMTO_ID,EXPRESS_PREMIUM_COST_ID,ASSET_VERSION,IDX) values ('100006','487224142372','11','1');
Insert into ECI_FROMTO_EXP_PREMIUM_COST (FROMTO_ID,EXPRESS_PREMIUM_COST_ID,ASSET_VERSION,IDX) values ('100006','487224142368','11','2');
Insert into ECI_FROMTO_EXP_PREMIUM_COST (FROMTO_ID,EXPRESS_PREMIUM_COST_ID,ASSET_VERSION,IDX) values ('100006','487224142366','11','3');

Insert into ECI_FROMTO_EXPRESS_COST (FROMTO_ID,EXPRESS_COST_ID,ASSET_VERSION,IDX) values ('100006','487224142354','11','0');
Insert into ECI_FROMTO_EXPRESS_COST (FROMTO_ID,EXPRESS_COST_ID,ASSET_VERSION,IDX) values ('100006','487224142350','11','1');
Insert into ECI_FROMTO_EXPRESS_COST (FROMTO_ID,EXPRESS_COST_ID,ASSET_VERSION,IDX) values ('100006','487224142348','11','2');
Insert into ECI_FROMTO_EXPRESS_COST (FROMTO_ID,EXPRESS_COST_ID,ASSET_VERSION,IDX) values ('100006','487224142346','11','3');

Insert into ECI_FROMTO_STSCOST (FROMTO_ID,STS_COST_ID,ASSET_VERSION,IDX) values ('100006','487222542352','11','0');
Insert into ECI_FROMTO_STSCOST (FROMTO_ID,STS_COST_ID,ASSET_VERSION,IDX) values ('100006','487222542350','11','1');
Insert into ECI_FROMTO_STSCOST (FROMTO_ID,STS_COST_ID,ASSET_VERSION,IDX) values ('100006','487222542348','11','2');
Insert into ECI_FROMTO_STSCOST (FROMTO_ID,STS_COST_ID,ASSET_VERSION,IDX) values ('100006','487222542346','11','3');
Insert into ECI_FROMTO_STSCOST (FROMTO_ID,STS_COST_ID,ASSET_VERSION,IDX) values ('100006','487221942366','11','4');
Insert into ECI_FROMTO_STSCOST (FROMTO_ID,STS_COST_ID,ASSET_VERSION,IDX) values ('100006','487221942364','11','5');
Insert into ECI_FROMTO_STSCOST (FROMTO_ID,STS_COST_ID,ASSET_VERSION,IDX) values ('100006','487221942362','11','6');
Insert into ECI_FROMTO_STSCOST (FROMTO_ID,STS_COST_ID,ASSET_VERSION,IDX) values ('100006','487221942360','11','7');
Insert into ECI_FROMTO_STSCOST (FROMTO_ID,STS_COST_ID,ASSET_VERSION,IDX) values ('100006','487221942358','11','8');
Insert into ECI_FROMTO_STSCOST (FROMTO_ID,STS_COST_ID,ASSET_VERSION,IDX) values ('100006','487221942356','11','9');
Insert into ECI_FROMTO_STSCOST (FROMTO_ID,STS_COST_ID,ASSET_VERSION,IDX) values ('100006','487221942354','11','10');
Insert into ECI_FROMTO_STSCOST (FROMTO_ID,STS_COST_ID,ASSET_VERSION,IDX) values ('100006','487221942352','11','11');
Insert into ECI_FROMTO_STSCOST (FROMTO_ID,STS_COST_ID,ASSET_VERSION,IDX) values ('100006','487221942350','11','12');
Insert into ECI_FROMTO_STSCOST (FROMTO_ID,STS_COST_ID,ASSET_VERSION,IDX) values ('100006','487221942348','11','13');
Insert into ECI_FROMTO_STSCOST (FROMTO_ID,STS_COST_ID,ASSET_VERSION,IDX) values ('100006','487221942346','11','14');
Insert into ECI_FROMTO_STSCOST (FROMTO_ID,STS_COST_ID,ASSET_VERSION,IDX) values ('100006','487221942342','11','15');
Insert into ECI_FROMTO_STSCOST (FROMTO_ID,STS_COST_ID,ASSET_VERSION,IDX) values ('138012222344','487222042368','6','0');
Insert into ECI_FROMTO_STSCOST (FROMTO_ID,STS_COST_ID,ASSET_VERSION,IDX) values ('138012222344','487222042366','6','1');
Insert into ECI_FROMTO_STSCOST (FROMTO_ID,STS_COST_ID,ASSET_VERSION,IDX) values ('138012222344','487222042364','6','2');
Insert into ECI_FROMTO_STSCOST (FROMTO_ID,STS_COST_ID,ASSET_VERSION,IDX) values ('138012222344','487222042362','6','3');
Insert into ECI_FROMTO_STSCOST (FROMTO_ID,STS_COST_ID,ASSET_VERSION,IDX) values ('138012222344','487222042360','6','4');
Insert into ECI_FROMTO_STSCOST (FROMTO_ID,STS_COST_ID,ASSET_VERSION,IDX) values ('138012222344','487222042358','6','5');
Insert into ECI_FROMTO_STSCOST (FROMTO_ID,STS_COST_ID,ASSET_VERSION,IDX) values ('138012222344','487222042356','6','6');
Insert into ECI_FROMTO_STSCOST (FROMTO_ID,STS_COST_ID,ASSET_VERSION,IDX) values ('138012222344','487222042354','6','7');
Insert into ECI_FROMTO_STSCOST (FROMTO_ID,STS_COST_ID,ASSET_VERSION,IDX) values ('138012222344','487222042352','6','8');
Insert into ECI_FROMTO_STSCOST (FROMTO_ID,STS_COST_ID,ASSET_VERSION,IDX) values ('138012222344','487222042350','6','9');
Insert into ECI_FROMTO_STSCOST (FROMTO_ID,STS_COST_ID,ASSET_VERSION,IDX) values ('138012222344','487222042348','6','10');
Insert into ECI_FROMTO_STSCOST (FROMTO_ID,STS_COST_ID,ASSET_VERSION,IDX) values ('138012222344','487222042344','6','11');

Insert into ECI_FROMTO_PAYMENT_TYPE (FROMTO_ID,PAYMENT_TYPE_ID,ASSET_VERSION) values ('487221042342','487220542346','4');
Insert into ECI_FROMTO_PAYMENT_TYPE (FROMTO_ID,PAYMENT_TYPE_ID,ASSET_VERSION) values ('487221042342','487220542344','4');
Insert into ECI_FROMTO_PAYMENT_TYPE (FROMTO_ID,PAYMENT_TYPE_ID,ASSET_VERSION) values ('487221042342','487220542352','4');
Insert into ECI_FROMTO_PAYMENT_TYPE (FROMTO_ID,PAYMENT_TYPE_ID,ASSET_VERSION) values ('487221042342','487220542350','4');
Insert into ECI_FROMTO_PAYMENT_TYPE (FROMTO_ID,PAYMENT_TYPE_ID,ASSET_VERSION) values ('487221042342','487220542348','4');
Insert into ECI_FROMTO_PAYMENT_TYPE (FROMTO_ID,PAYMENT_TYPE_ID,ASSET_VERSION) values ('487221142342','487220542346','11');
Insert into ECI_FROMTO_PAYMENT_TYPE (FROMTO_ID,PAYMENT_TYPE_ID,ASSET_VERSION) values ('487221142342','487220542346','10');
Insert into ECI_FROMTO_PAYMENT_TYPE (FROMTO_ID,PAYMENT_TYPE_ID,ASSET_VERSION) values ('487221142342','487220542344','11');
Insert into ECI_FROMTO_PAYMENT_TYPE (FROMTO_ID,PAYMENT_TYPE_ID,ASSET_VERSION) values ('487221142342','487220542344','10');
Insert into ECI_FROMTO_PAYMENT_TYPE (FROMTO_ID,PAYMENT_TYPE_ID,ASSET_VERSION) values ('487221142342','100002','11');
Insert into ECI_FROMTO_PAYMENT_TYPE (FROMTO_ID,PAYMENT_TYPE_ID,ASSET_VERSION) values ('487221142342','100002','10');
Insert into ECI_FROMTO_PAYMENT_TYPE (FROMTO_ID,PAYMENT_TYPE_ID,ASSET_VERSION) values ('487221142342','487220742342','11');
Insert into ECI_FROMTO_PAYMENT_TYPE (FROMTO_ID,PAYMENT_TYPE_ID,ASSET_VERSION) values ('487221142342','487220742342','10');
Insert into ECI_FROMTO_PAYMENT_TYPE (FROMTO_ID,PAYMENT_TYPE_ID,ASSET_VERSION) values ('487221142342','487220542352','11');
Insert into ECI_FROMTO_PAYMENT_TYPE (FROMTO_ID,PAYMENT_TYPE_ID,ASSET_VERSION) values ('487221142342','487220542352','10');
Insert into ECI_FROMTO_PAYMENT_TYPE (FROMTO_ID,PAYMENT_TYPE_ID,ASSET_VERSION) values ('487221142342','487220542350','11');
Insert into ECI_FROMTO_PAYMENT_TYPE (FROMTO_ID,PAYMENT_TYPE_ID,ASSET_VERSION) values ('487221142342','487220542350','10');
Insert into ECI_FROMTO_PAYMENT_TYPE (FROMTO_ID,PAYMENT_TYPE_ID,ASSET_VERSION) values ('487221142342','487220542348','11');
Insert into ECI_FROMTO_PAYMENT_TYPE (FROMTO_ID,PAYMENT_TYPE_ID,ASSET_VERSION) values ('487221142342','487220542348','10');
Insert into ECI_FROMTO_PAYMENT_TYPE (FROMTO_ID,PAYMENT_TYPE_ID,ASSET_VERSION) values ('487221742350','487220542346','6');
Insert into ECI_FROMTO_PAYMENT_TYPE (FROMTO_ID,PAYMENT_TYPE_ID,ASSET_VERSION) values ('487221742350','487220542344','6');
Insert into ECI_FROMTO_PAYMENT_TYPE (FROMTO_ID,PAYMENT_TYPE_ID,ASSET_VERSION) values ('487221742350','487220742342','6');
Insert into ECI_FROMTO_PAYMENT_TYPE (FROMTO_ID,PAYMENT_TYPE_ID,ASSET_VERSION) values ('487221742350','487220542352','6');
Insert into ECI_FROMTO_PAYMENT_TYPE (FROMTO_ID,PAYMENT_TYPE_ID,ASSET_VERSION) values ('487221742350','487220542350','6');
Insert into ECI_FROMTO_PAYMENT_TYPE (FROMTO_ID,PAYMENT_TYPE_ID,ASSET_VERSION) values ('487221742350','487220542348','6');
Insert into ECI_FROMTO_PAYMENT_TYPE (FROMTO_ID,PAYMENT_TYPE_ID,ASSET_VERSION) values ('487222742341','487220542346','12');
Insert into ECI_FROMTO_PAYMENT_TYPE (FROMTO_ID,PAYMENT_TYPE_ID,ASSET_VERSION) values ('487222742341','487220542344','12');
Insert into ECI_FROMTO_PAYMENT_TYPE (FROMTO_ID,PAYMENT_TYPE_ID,ASSET_VERSION) values ('487222742341','487220742342','12');
Insert into ECI_FROMTO_PAYMENT_TYPE (FROMTO_ID,PAYMENT_TYPE_ID,ASSET_VERSION) values ('487222742341','487220542348','12');
Insert into ECI_FROMTO_PAYMENT_TYPE (FROMTO_ID,PAYMENT_TYPE_ID,ASSET_VERSION) values ('487223242342','487220542346','7');
Insert into ECI_FROMTO_PAYMENT_TYPE (FROMTO_ID,PAYMENT_TYPE_ID,ASSET_VERSION) values ('487223242342','487220542344','7');
Insert into ECI_FROMTO_PAYMENT_TYPE (FROMTO_ID,PAYMENT_TYPE_ID,ASSET_VERSION) values ('487223242342','100002','7');
Insert into ECI_FROMTO_PAYMENT_TYPE (FROMTO_ID,PAYMENT_TYPE_ID,ASSET_VERSION) values ('487223242342','487220742342','7');
Insert into ECI_FROMTO_PAYMENT_TYPE (FROMTO_ID,PAYMENT_TYPE_ID,ASSET_VERSION) values ('487223242342','487220542352','7');
Insert into ECI_FROMTO_PAYMENT_TYPE (FROMTO_ID,PAYMENT_TYPE_ID,ASSET_VERSION) values ('487223242342','487220542350','7');
Insert into ECI_FROMTO_PAYMENT_TYPE (FROMTO_ID,PAYMENT_TYPE_ID,ASSET_VERSION) values ('487223242342','487220542348','7');
Insert into ECI_FROMTO_PAYMENT_TYPE (FROMTO_ID,PAYMENT_TYPE_ID,ASSET_VERSION) values ('487223442344','487220542346','1');
Insert into ECI_FROMTO_PAYMENT_TYPE (FROMTO_ID,PAYMENT_TYPE_ID,ASSET_VERSION) values ('487223442344','487220542344','1');
Insert into ECI_FROMTO_PAYMENT_TYPE (FROMTO_ID,PAYMENT_TYPE_ID,ASSET_VERSION) values ('487223442344','487220542352','1');
Insert into ECI_FROMTO_PAYMENT_TYPE (FROMTO_ID,PAYMENT_TYPE_ID,ASSET_VERSION) values ('487223442344','487220542350','1');
Insert into ECI_FROMTO_PAYMENT_TYPE (FROMTO_ID,PAYMENT_TYPE_ID,ASSET_VERSION) values ('487223442344','487220542348','1');
Insert into ECI_FROMTO_PAYMENT_TYPE (FROMTO_ID,PAYMENT_TYPE_ID,ASSET_VERSION) values ('487224342342','487220542346','3');
Insert into ECI_FROMTO_PAYMENT_TYPE (FROMTO_ID,PAYMENT_TYPE_ID,ASSET_VERSION) values ('487224342342','487220542344','3');
Insert into ECI_FROMTO_PAYMENT_TYPE (FROMTO_ID,PAYMENT_TYPE_ID,ASSET_VERSION) values ('487224342342','100002','3');
Insert into ECI_FROMTO_PAYMENT_TYPE (FROMTO_ID,PAYMENT_TYPE_ID,ASSET_VERSION) values ('487224342342','487220742342','3');
Insert into ECI_FROMTO_PAYMENT_TYPE (FROMTO_ID,PAYMENT_TYPE_ID,ASSET_VERSION) values ('487224342342','487220542348','3');
Insert into ECI_FROMTO_PAYMENT_TYPE (FROMTO_ID,PAYMENT_TYPE_ID,ASSET_VERSION) values ('487226542341','487220542346','1');
Insert into ECI_FROMTO_PAYMENT_TYPE (FROMTO_ID,PAYMENT_TYPE_ID,ASSET_VERSION) values ('487226542341','487220542344','1');
Insert into ECI_FROMTO_PAYMENT_TYPE (FROMTO_ID,PAYMENT_TYPE_ID,ASSET_VERSION) values ('487226542341','487220742342','1');
Insert into ECI_FROMTO_PAYMENT_TYPE (FROMTO_ID,PAYMENT_TYPE_ID,ASSET_VERSION) values ('487226542341','487220542352','1');
Insert into ECI_FROMTO_PAYMENT_TYPE (FROMTO_ID,PAYMENT_TYPE_ID,ASSET_VERSION) values ('487226542341','487220542350','1');
Insert into ECI_FROMTO_PAYMENT_TYPE (FROMTO_ID,PAYMENT_TYPE_ID,ASSET_VERSION) values ('487226542341','487220542348','1');
Insert into ECI_FROMTO_PAYMENT_TYPE (FROMTO_ID,PAYMENT_TYPE_ID,ASSET_VERSION) values ('487226542342','487220542346','1');
Insert into ECI_FROMTO_PAYMENT_TYPE (FROMTO_ID,PAYMENT_TYPE_ID,ASSET_VERSION) values ('487226542342','487220542344','1');
Insert into ECI_FROMTO_PAYMENT_TYPE (FROMTO_ID,PAYMENT_TYPE_ID,ASSET_VERSION) values ('487226542342','100002','1');
Insert into ECI_FROMTO_PAYMENT_TYPE (FROMTO_ID,PAYMENT_TYPE_ID,ASSET_VERSION) values ('487226542342','487220742342','1');
Insert into ECI_FROMTO_PAYMENT_TYPE (FROMTO_ID,PAYMENT_TYPE_ID,ASSET_VERSION) values ('487226542342','487220542352','1');
Insert into ECI_FROMTO_PAYMENT_TYPE (FROMTO_ID,PAYMENT_TYPE_ID,ASSET_VERSION) values ('487226542342','487220542350','1');
Insert into ECI_FROMTO_PAYMENT_TYPE (FROMTO_ID,PAYMENT_TYPE_ID,ASSET_VERSION) values ('487226542342','487220542348','1');
Insert into ECI_FROMTO_PAYMENT_TYPE (FROMTO_ID,PAYMENT_TYPE_ID,ASSET_VERSION) values ('100006','487220542348','11');
Insert into ECI_FROMTO_PAYMENT_TYPE (FROMTO_ID,PAYMENT_TYPE_ID,ASSET_VERSION) values ('100006','487220542346','11');
Insert into ECI_FROMTO_PAYMENT_TYPE (FROMTO_ID,PAYMENT_TYPE_ID,ASSET_VERSION) values ('100006','487220542344','11');
Insert into ECI_FROMTO_PAYMENT_TYPE (FROMTO_ID,PAYMENT_TYPE_ID,ASSET_VERSION) values ('100006','100002','11');
Insert into ECI_FROMTO_PAYMENT_TYPE (FROMTO_ID,PAYMENT_TYPE_ID,ASSET_VERSION) values ('100006','487220742342','11');
Insert into ECI_FROMTO_PAYMENT_TYPE (FROMTO_ID,PAYMENT_TYPE_ID,ASSET_VERSION) values ('100006','487220542352','11');
Insert into ECI_FROMTO_PAYMENT_TYPE (FROMTO_ID,PAYMENT_TYPE_ID,ASSET_VERSION) values ('100006','487220542350','11');
Insert into ECI_FROMTO_PAYMENT_TYPE (FROMTO_ID,PAYMENT_TYPE_ID,ASSET_VERSION) values ('138012222344','487220542348','6');
Insert into ECI_FROMTO_PAYMENT_TYPE (FROMTO_ID,PAYMENT_TYPE_ID,ASSET_VERSION) values ('138012222344','487220542346','6');
Insert into ECI_FROMTO_PAYMENT_TYPE (FROMTO_ID,PAYMENT_TYPE_ID,ASSET_VERSION) values ('138012222344','487220542344','6');
Insert into ECI_FROMTO_PAYMENT_TYPE (FROMTO_ID,PAYMENT_TYPE_ID,ASSET_VERSION) values ('138012222344','487220542352','6');
Insert into ECI_FROMTO_PAYMENT_TYPE (FROMTO_ID,PAYMENT_TYPE_ID,ASSET_VERSION) values ('138012222344','487220542350','6');
Insert into ECI_FROMTO_PAYMENT_TYPE (FROMTO_ID,PAYMENT_TYPE_ID,ASSET_VERSION) values ('141013222344','487220542346','3');
Insert into ECI_FROMTO_PAYMENT_TYPE (FROMTO_ID,PAYMENT_TYPE_ID,ASSET_VERSION) values ('141013222344','487220542344','3');
Insert into ECI_FROMTO_PAYMENT_TYPE (FROMTO_ID,PAYMENT_TYPE_ID,ASSET_VERSION) values ('141013222344','487220542352','3');
Insert into ECI_FROMTO_PAYMENT_TYPE (FROMTO_ID,PAYMENT_TYPE_ID,ASSET_VERSION) values ('141013222344','487220542350','3');
Insert into ECI_FROMTO_PAYMENT_TYPE (FROMTO_ID,PAYMENT_TYPE_ID,ASSET_VERSION) values ('141013222348','487220542348','5');
Insert into ECI_FROMTO_PAYMENT_TYPE (FROMTO_ID,PAYMENT_TYPE_ID,ASSET_VERSION) values ('141013222348','487220542346','5');
Insert into ECI_FROMTO_PAYMENT_TYPE (FROMTO_ID,PAYMENT_TYPE_ID,ASSET_VERSION) values ('141013222348','487220542344','5');
Insert into ECI_FROMTO_PAYMENT_TYPE (FROMTO_ID,PAYMENT_TYPE_ID,ASSET_VERSION) values ('141013222348','487220542352','5');
Insert into ECI_FROMTO_PAYMENT_TYPE (FROMTO_ID,PAYMENT_TYPE_ID,ASSET_VERSION) values ('141013222348','487220542350','5');
Insert into ECI_FROMTO_PAYMENT_TYPE (FROMTO_ID,PAYMENT_TYPE_ID,ASSET_VERSION) values ('141013222350','487220542346','3');
Insert into ECI_FROMTO_PAYMENT_TYPE (FROMTO_ID,PAYMENT_TYPE_ID,ASSET_VERSION) values ('141013222350','487220542344','3');
Insert into ECI_FROMTO_PAYMENT_TYPE (FROMTO_ID,PAYMENT_TYPE_ID,ASSET_VERSION) values ('141013222350','487220542352','3');
Insert into ECI_FROMTO_PAYMENT_TYPE (FROMTO_ID,PAYMENT_TYPE_ID,ASSET_VERSION) values ('141013222350','487220542350','3');
Insert into ECI_FROMTO_PAYMENT_TYPE (FROMTO_ID,PAYMENT_TYPE_ID,ASSET_VERSION) values ('141013222352','487220542346','4');
Insert into ECI_FROMTO_PAYMENT_TYPE (FROMTO_ID,PAYMENT_TYPE_ID,ASSET_VERSION) values ('141013222352','487220542344','4');
Insert into ECI_FROMTO_PAYMENT_TYPE (FROMTO_ID,PAYMENT_TYPE_ID,ASSET_VERSION) values ('141013222352','487220542352','4');
Insert into ECI_FROMTO_PAYMENT_TYPE (FROMTO_ID,PAYMENT_TYPE_ID,ASSET_VERSION) values ('141013222352','487220542350','4');
Insert into ECI_FROMTO_PAYMENT_TYPE (FROMTO_ID,PAYMENT_TYPE_ID,ASSET_VERSION) values ('141013222358','487220542346','3');
Insert into ECI_FROMTO_PAYMENT_TYPE (FROMTO_ID,PAYMENT_TYPE_ID,ASSET_VERSION) values ('141013222358','487220542344','3');
Insert into ECI_FROMTO_PAYMENT_TYPE (FROMTO_ID,PAYMENT_TYPE_ID,ASSET_VERSION) values ('141013222358','487220542352','3');
Insert into ECI_FROMTO_PAYMENT_TYPE (FROMTO_ID,PAYMENT_TYPE_ID,ASSET_VERSION) values ('141013222358','487220542350','3');
Insert into ECI_FROMTO_PAYMENT_TYPE (FROMTO_ID,PAYMENT_TYPE_ID,ASSET_VERSION) values ('141013222360','487220542346','3');
Insert into ECI_FROMTO_PAYMENT_TYPE (FROMTO_ID,PAYMENT_TYPE_ID,ASSET_VERSION) values ('141013222360','487220542344','3');
Insert into ECI_FROMTO_PAYMENT_TYPE (FROMTO_ID,PAYMENT_TYPE_ID,ASSET_VERSION) values ('141013222360','487220542352','3');
Insert into ECI_FROMTO_PAYMENT_TYPE (FROMTO_ID,PAYMENT_TYPE_ID,ASSET_VERSION) values ('141013222360','487220542350','3');
Insert into ECI_FROMTO_PAYMENT_TYPE (FROMTO_ID,PAYMENT_TYPE_ID,ASSET_VERSION) values ('487221942342','487220542346','3');
Insert into ECI_FROMTO_PAYMENT_TYPE (FROMTO_ID,PAYMENT_TYPE_ID,ASSET_VERSION) values ('487221942342','487220542344','3');
Insert into ECI_FROMTO_PAYMENT_TYPE (FROMTO_ID,PAYMENT_TYPE_ID,ASSET_VERSION) values ('487221942342','487220542352','3');
Insert into ECI_FROMTO_PAYMENT_TYPE (FROMTO_ID,PAYMENT_TYPE_ID,ASSET_VERSION) values ('487221942342','487220542350','3');
Insert into ECI_FROMTO_PAYMENT_TYPE (FROMTO_ID,PAYMENT_TYPE_ID,ASSET_VERSION) values ('487222442342','487220542346','5');
Insert into ECI_FROMTO_PAYMENT_TYPE (FROMTO_ID,PAYMENT_TYPE_ID,ASSET_VERSION) values ('487222442342','487220542344','5');
Insert into ECI_FROMTO_PAYMENT_TYPE (FROMTO_ID,PAYMENT_TYPE_ID,ASSET_VERSION) values ('487222442342','487220742342','5');
Insert into ECI_FROMTO_PAYMENT_TYPE (FROMTO_ID,PAYMENT_TYPE_ID,ASSET_VERSION) values ('487222442342','487220542352','5');
Insert into ECI_FROMTO_PAYMENT_TYPE (FROMTO_ID,PAYMENT_TYPE_ID,ASSET_VERSION) values ('487222442342','487220542350','5');
Insert into ECI_FROMTO_PAYMENT_TYPE (FROMTO_ID,PAYMENT_TYPE_ID,ASSET_VERSION) values ('487222442344','487220542346','9');
Insert into ECI_FROMTO_PAYMENT_TYPE (FROMTO_ID,PAYMENT_TYPE_ID,ASSET_VERSION) values ('487222442344','487220542344','9');
Insert into ECI_FROMTO_PAYMENT_TYPE (FROMTO_ID,PAYMENT_TYPE_ID,ASSET_VERSION) values ('487222442344','487220542352','9');
Insert into ECI_FROMTO_PAYMENT_TYPE (FROMTO_ID,PAYMENT_TYPE_ID,ASSET_VERSION) values ('487222442344','487220542350','9');
Insert into ECI_FROMTO_PAYMENT_TYPE (FROMTO_ID,PAYMENT_TYPE_ID,ASSET_VERSION) values ('487222942342','487220542346','4');
Insert into ECI_FROMTO_PAYMENT_TYPE (FROMTO_ID,PAYMENT_TYPE_ID,ASSET_VERSION) values ('487222942342','487220542344','4');
Insert into ECI_FROMTO_PAYMENT_TYPE (FROMTO_ID,PAYMENT_TYPE_ID,ASSET_VERSION) values ('487222942342','100002','4');
Insert into ECI_FROMTO_PAYMENT_TYPE (FROMTO_ID,PAYMENT_TYPE_ID,ASSET_VERSION) values ('487222942342','487220542352','4');
Insert into ECI_FROMTO_PAYMENT_TYPE (FROMTO_ID,PAYMENT_TYPE_ID,ASSET_VERSION) values ('487222942342','487220542350','4');
Insert into ECI_FROMTO_PAYMENT_TYPE (FROMTO_ID,PAYMENT_TYPE_ID,ASSET_VERSION) values ('487225842345','487220542346','1');
Insert into ECI_FROMTO_PAYMENT_TYPE (FROMTO_ID,PAYMENT_TYPE_ID,ASSET_VERSION) values ('487225842345','487220542344','1');
Insert into ECI_FROMTO_PAYMENT_TYPE (FROMTO_ID,PAYMENT_TYPE_ID,ASSET_VERSION) values ('487225842345','100002','1');
Insert into ECI_FROMTO_PAYMENT_TYPE (FROMTO_ID,PAYMENT_TYPE_ID,ASSET_VERSION) values ('487225842345','487220542352','1');
Insert into ECI_FROMTO_PAYMENT_TYPE (FROMTO_ID,PAYMENT_TYPE_ID,ASSET_VERSION) values ('487225842345','487220542350','1');
Insert into ECI_FROMTO_PAYMENT_TYPE (FROMTO_ID,PAYMENT_TYPE_ID,ASSET_VERSION) values ('487225942342','487220542346','2');
Insert into ECI_FROMTO_PAYMENT_TYPE (FROMTO_ID,PAYMENT_TYPE_ID,ASSET_VERSION) values ('487225942342','487220542344','2');
Insert into ECI_FROMTO_PAYMENT_TYPE (FROMTO_ID,PAYMENT_TYPE_ID,ASSET_VERSION) values ('487225942342','100002','2');
Insert into ECI_FROMTO_PAYMENT_TYPE (FROMTO_ID,PAYMENT_TYPE_ID,ASSET_VERSION) values ('487225942342','487220542352','2');
Insert into ECI_FROMTO_PAYMENT_TYPE (FROMTO_ID,PAYMENT_TYPE_ID,ASSET_VERSION) values ('487225942342','487220542350','2');
Insert into ECI_FROMTO_PAYMENT_TYPE (FROMTO_ID,PAYMENT_TYPE_ID,ASSET_VERSION) values ('487225942344','487220542346','1');
Insert into ECI_FROMTO_PAYMENT_TYPE (FROMTO_ID,PAYMENT_TYPE_ID,ASSET_VERSION) values ('487225942344','487220542344','1');
Insert into ECI_FROMTO_PAYMENT_TYPE (FROMTO_ID,PAYMENT_TYPE_ID,ASSET_VERSION) values ('487225942344','100002','1');
Insert into ECI_FROMTO_PAYMENT_TYPE (FROMTO_ID,PAYMENT_TYPE_ID,ASSET_VERSION) values ('487225942344','487220542352','1');
Insert into ECI_FROMTO_PAYMENT_TYPE (FROMTO_ID,PAYMENT_TYPE_ID,ASSET_VERSION) values ('487225942344','487220542350','1');
Insert into ECI_FROMTO_PAYMENT_TYPE (FROMTO_ID,PAYMENT_TYPE_ID,ASSET_VERSION) values ('487226442344','487220542346','2');
Insert into ECI_FROMTO_PAYMENT_TYPE (FROMTO_ID,PAYMENT_TYPE_ID,ASSET_VERSION) values ('487226442344','487220542344','2');
Insert into ECI_FROMTO_PAYMENT_TYPE (FROMTO_ID,PAYMENT_TYPE_ID,ASSET_VERSION) values ('487226442344','100002','2');
Insert into ECI_FROMTO_PAYMENT_TYPE (FROMTO_ID,PAYMENT_TYPE_ID,ASSET_VERSION) values ('487226442344','487220542352','2');
Insert into ECI_FROMTO_PAYMENT_TYPE (FROMTO_ID,PAYMENT_TYPE_ID,ASSET_VERSION) values ('487226442344','487220542350','2');
Insert into ECI_FROMTO_PAYMENT_TYPE (FROMTO_ID,PAYMENT_TYPE_ID,ASSET_VERSION) values ('487222842342','487220542344','1');

Insert into ECI_FROMTO_RESTR_PAYMENT_TYPE (FROMTO_ID,PAYMENT_TYPE_ID,ASSET_VERSION) values ('487224342342','487220542344','3');
Insert into ECI_FROMTO_RESTR_PAYMENT_TYPE (FROMTO_ID,PAYMENT_TYPE_ID,ASSET_VERSION) values ('487224342342','487220542346','3');

--Configuración de Gestión Logística-Proveedor-Destino
Insert into ECI_FROMTO_LOGISTIC_CONFIG (FROMTO_LOGISTIC_ID,VERSION_DELETED,VERSION_EDITABLE,PRED_VERSION,WORKSPACE_ID,BRANCH_ID,IS_HEAD,CHECKIN_DATE,ASSET_VERSION,LOGISTICS_MGMNT,PROVIDER,REGION_ID,COST_OF_CASH,AVAILABLE_STS,AVAILABLE_CNC,AVAILABLE_EXPRESS_DELIVERY,AVAILABLE_ECI_EXPRESS,AVAILABLE_EXPR_SHIP_VPR,AVAILABLE_CATERING) values ('lpd487222942343','0','0',null,'487220548649','10100','1',to_date('20/06/2017','DD/MM/YYYY'),'1','3','00000000','117005622350',null,'0','1','0','0','0','0');
Insert into ECI_FROMTO_LOGISTIC_CONFIG (FROMTO_LOGISTIC_ID,VERSION_DELETED,VERSION_EDITABLE,PRED_VERSION,WORKSPACE_ID,BRANCH_ID,IS_HEAD,CHECKIN_DATE,ASSET_VERSION,LOGISTICS_MGMNT,PROVIDER,REGION_ID,COST_OF_CASH,AVAILABLE_STS,AVAILABLE_CNC,AVAILABLE_EXPRESS_DELIVERY,AVAILABLE_ECI_EXPRESS,AVAILABLE_EXPR_SHIP_VPR,AVAILABLE_CATERING) values ('lpd487225042343','0','0',null,'487220649245','10100','1',to_date('27/02/2020','DD/MM/YYYY'),'1','0','N0000005','117005622348',null,'0','0','0','0','0','0');
Insert into ECI_FROMTO_LOGISTIC_CONFIG (FROMTO_LOGISTIC_ID,VERSION_DELETED,VERSION_EDITABLE,PRED_VERSION,WORKSPACE_ID,BRANCH_ID,IS_HEAD,CHECKIN_DATE,ASSET_VERSION,LOGISTICS_MGMNT,PROVIDER,REGION_ID,COST_OF_CASH,AVAILABLE_STS,AVAILABLE_CNC,AVAILABLE_EXPRESS_DELIVERY,AVAILABLE_ECI_EXPRESS,AVAILABLE_EXPR_SHIP_VPR,AVAILABLE_CATERING) values ('lpd487221942348','0','0','2','487220488847','10100','1',to_date('30/05/2016','DD/MM/YYYY'),'3','3','00000000','117005622342',null,'0','0','0','0','0','0');
Insert into ECI_FROMTO_LOGISTIC_CONFIG (FROMTO_LOGISTIC_ID,VERSION_DELETED,VERSION_EDITABLE,PRED_VERSION,WORKSPACE_ID,BRANCH_ID,IS_HEAD,CHECKIN_DATE,ASSET_VERSION,LOGISTICS_MGMNT,PROVIDER,REGION_ID,COST_OF_CASH,AVAILABLE_STS,AVAILABLE_CNC,AVAILABLE_EXPRESS_DELIVERY,AVAILABLE_ECI_EXPRESS,AVAILABLE_EXPR_SHIP_VPR,AVAILABLE_CATERING) values ('lpd487221842346','0','0','2','487220498044','10100','1',to_date('22/07/2016','DD/MM/YYYY'),'3','1','00000000','117005622348',null,'0','0','0','0','0','0');
Insert into ECI_FROMTO_LOGISTIC_CONFIG (FROMTO_LOGISTIC_ID,VERSION_DELETED,VERSION_EDITABLE,PRED_VERSION,WORKSPACE_ID,BRANCH_ID,IS_HEAD,CHECKIN_DATE,ASSET_VERSION,LOGISTICS_MGMNT,PROVIDER,REGION_ID,COST_OF_CASH,AVAILABLE_STS,AVAILABLE_CNC,AVAILABLE_EXPRESS_DELIVERY,AVAILABLE_ECI_EXPRESS,AVAILABLE_EXPR_SHIP_VPR,AVAILABLE_CATERING) values ('lpd487222542345','0','0','1','487220534364','10100','1',to_date('13/03/2017','DD/MM/YYYY'),'2','4','BRI00019','117005622348',null,'0','0','0','0','0','0');
Insert into ECI_FROMTO_LOGISTIC_CONFIG (FROMTO_LOGISTIC_ID,VERSION_DELETED,VERSION_EDITABLE,PRED_VERSION,WORKSPACE_ID,BRANCH_ID,IS_HEAD,CHECKIN_DATE,ASSET_VERSION,LOGISTICS_MGMNT,PROVIDER,REGION_ID,COST_OF_CASH,AVAILABLE_STS,AVAILABLE_CNC,AVAILABLE_EXPRESS_DELIVERY,AVAILABLE_ECI_EXPRESS,AVAILABLE_EXPR_SHIP_VPR,AVAILABLE_CATERING) values ('lpd487222542348','0','0','1','487220534364','10100','1',to_date('13/03/2017','DD/MM/YYYY'),'2','4','BRI00019','117005622344',null,'0','0','0','0','0','0');
Insert into ECI_FROMTO_LOGISTIC_CONFIG (FROMTO_LOGISTIC_ID,VERSION_DELETED,VERSION_EDITABLE,PRED_VERSION,WORKSPACE_ID,BRANCH_ID,IS_HEAD,CHECKIN_DATE,ASSET_VERSION,LOGISTICS_MGMNT,PROVIDER,REGION_ID,COST_OF_CASH,AVAILABLE_STS,AVAILABLE_CNC,AVAILABLE_EXPRESS_DELIVERY,AVAILABLE_ECI_EXPRESS,AVAILABLE_EXPR_SHIP_VPR,AVAILABLE_CATERING) values ('lpd487221942346','0','0',null,'487220484943','10100','1',to_date('04/05/2016','DD/MM/YYYY'),'1','3','00000000','117005622354',null,'0','0','0','0','0','0');
Insert into ECI_FROMTO_LOGISTIC_CONFIG (FROMTO_LOGISTIC_ID,VERSION_DELETED,VERSION_EDITABLE,PRED_VERSION,WORKSPACE_ID,BRANCH_ID,IS_HEAD,CHECKIN_DATE,ASSET_VERSION,LOGISTICS_MGMNT,PROVIDER,REGION_ID,COST_OF_CASH,AVAILABLE_STS,AVAILABLE_CNC,AVAILABLE_EXPRESS_DELIVERY,AVAILABLE_ECI_EXPRESS,AVAILABLE_EXPR_SHIP_VPR,AVAILABLE_CATERING) values ('lpd487221642344','0','0','9','487220490348','10100','1',to_date('08/06/2016','DD/MM/YYYY'),'10','3','00000000','117005622344',null,'0','0','1','0','0','0');
Insert into ECI_FROMTO_LOGISTIC_CONFIG (FROMTO_LOGISTIC_ID,VERSION_DELETED,VERSION_EDITABLE,PRED_VERSION,WORKSPACE_ID,BRANCH_ID,IS_HEAD,CHECKIN_DATE,ASSET_VERSION,LOGISTICS_MGMNT,PROVIDER,REGION_ID,COST_OF_CASH,AVAILABLE_STS,AVAILABLE_CNC,AVAILABLE_EXPRESS_DELIVERY,AVAILABLE_ECI_EXPRESS,AVAILABLE_EXPR_SHIP_VPR,AVAILABLE_CATERING) values ('lpd487221542344','0','0','5','487220548765','10100','1',to_date('21/06/2017','DD/MM/YYYY'),'6','3','00000000','487228742341',null,'0','1','0','0','0','0');
Insert into ECI_FROMTO_LOGISTIC_CONFIG (FROMTO_LOGISTIC_ID,VERSION_DELETED,VERSION_EDITABLE,PRED_VERSION,WORKSPACE_ID,BRANCH_ID,IS_HEAD,CHECKIN_DATE,ASSET_VERSION,LOGISTICS_MGMNT,PROVIDER,REGION_ID,COST_OF_CASH,AVAILABLE_STS,AVAILABLE_CNC,AVAILABLE_EXPRESS_DELIVERY,AVAILABLE_ECI_EXPRESS,AVAILABLE_EXPR_SHIP_VPR,AVAILABLE_CATERING) values ('lpd487223142344','0','0',null,'487220563843','10100','1',to_date('27/09/2017','DD/MM/YYYY'),'1','3','00000069','117005622346',null,'0','0','0','0','0','0');
Insert into ECI_FROMTO_LOGISTIC_CONFIG (FROMTO_LOGISTIC_ID,VERSION_DELETED,VERSION_EDITABLE,PRED_VERSION,WORKSPACE_ID,BRANCH_ID,IS_HEAD,CHECKIN_DATE,ASSET_VERSION,LOGISTICS_MGMNT,PROVIDER,REGION_ID,COST_OF_CASH,AVAILABLE_STS,AVAILABLE_CNC,AVAILABLE_EXPRESS_DELIVERY,AVAILABLE_ECI_EXPRESS,AVAILABLE_EXPR_SHIP_VPR,AVAILABLE_CATERING) values ('lpd487221742344','0','0','7','487220649245','10100','1',to_date('27/02/2020','DD/MM/YYYY'),'8','0','N0000005','117005622350',null,'0','0','0','0','0','0');
Insert into ECI_FROMTO_LOGISTIC_CONFIG (FROMTO_LOGISTIC_ID,VERSION_DELETED,VERSION_EDITABLE,PRED_VERSION,WORKSPACE_ID,BRANCH_ID,IS_HEAD,CHECKIN_DATE,ASSET_VERSION,LOGISTICS_MGMNT,PROVIDER,REGION_ID,COST_OF_CASH,AVAILABLE_STS,AVAILABLE_CNC,AVAILABLE_EXPRESS_DELIVERY,AVAILABLE_ECI_EXPRESS,AVAILABLE_EXPR_SHIP_VPR,AVAILABLE_CATERING) values ('lpd487222542344','0','0',null,'487220532742','10100','1',to_date('02/03/2017','DD/MM/YYYY'),'1','4','BRI00019','117005622346',null,'0','0','0','0','0','0');
Insert into ECI_FROMTO_LOGISTIC_CONFIG (FROMTO_LOGISTIC_ID,VERSION_DELETED,VERSION_EDITABLE,PRED_VERSION,WORKSPACE_ID,BRANCH_ID,IS_HEAD,CHECKIN_DATE,ASSET_VERSION,LOGISTICS_MGMNT,PROVIDER,REGION_ID,COST_OF_CASH,AVAILABLE_STS,AVAILABLE_CNC,AVAILABLE_EXPRESS_DELIVERY,AVAILABLE_ECI_EXPRESS,AVAILABLE_EXPR_SHIP_VPR,AVAILABLE_CATERING) values ('lpd487223442343','0','0',null,'487220585142','10100','1',to_date('15/02/2018','DD/MM/YYYY'),'1','0','N0000010','487231142341',null,'0','0','0','0','0','0');
Insert into ECI_FROMTO_LOGISTIC_CONFIG (FROMTO_LOGISTIC_ID,VERSION_DELETED,VERSION_EDITABLE,PRED_VERSION,WORKSPACE_ID,BRANCH_ID,IS_HEAD,CHECKIN_DATE,ASSET_VERSION,LOGISTICS_MGMNT,PROVIDER,REGION_ID,COST_OF_CASH,AVAILABLE_STS,AVAILABLE_CNC,AVAILABLE_EXPRESS_DELIVERY,AVAILABLE_ECI_EXPRESS,AVAILABLE_EXPR_SHIP_VPR,AVAILABLE_CATERING) values ('lpd487223442344','0','0',null,'487220585142','10100','1',to_date('15/02/2018','DD/MM/YYYY'),'1','0','N0000005','487231142341',null,'0','0','0','0','0','0');
Insert into ECI_FROMTO_LOGISTIC_CONFIG (FROMTO_LOGISTIC_ID,VERSION_DELETED,VERSION_EDITABLE,PRED_VERSION,WORKSPACE_ID,BRANCH_ID,IS_HEAD,CHECKIN_DATE,ASSET_VERSION,LOGISTICS_MGMNT,PROVIDER,REGION_ID,COST_OF_CASH,AVAILABLE_STS,AVAILABLE_CNC,AVAILABLE_EXPRESS_DELIVERY,AVAILABLE_ECI_EXPRESS,AVAILABLE_EXPR_SHIP_VPR,AVAILABLE_CATERING) values ('lpd487223342344','0','0',null,'487220584341','10100','1',to_date('12/02/2018','DD/MM/YYYY'),'1','0','N0000010','117005622344',null,'0','0','0','0','0','0');
Insert into ECI_FROMTO_LOGISTIC_CONFIG (FROMTO_LOGISTIC_ID,VERSION_DELETED,VERSION_EDITABLE,PRED_VERSION,WORKSPACE_ID,BRANCH_ID,IS_HEAD,CHECKIN_DATE,ASSET_VERSION,LOGISTICS_MGMNT,PROVIDER,REGION_ID,COST_OF_CASH,AVAILABLE_STS,AVAILABLE_CNC,AVAILABLE_EXPRESS_DELIVERY,AVAILABLE_ECI_EXPRESS,AVAILABLE_EXPR_SHIP_VPR,AVAILABLE_CATERING) values ('lpd487224442346','0','0','1','487220633885','10100','1',to_date('14/06/2019','DD/MM/YYYY'),'2','3','H0000037','487231142341',null,'0','0','0','0','0','0');
Insert into ECI_FROMTO_LOGISTIC_CONFIG (FROMTO_LOGISTIC_ID,VERSION_DELETED,VERSION_EDITABLE,PRED_VERSION,WORKSPACE_ID,BRANCH_ID,IS_HEAD,CHECKIN_DATE,ASSET_VERSION,LOGISTICS_MGMNT,PROVIDER,REGION_ID,COST_OF_CASH,AVAILABLE_STS,AVAILABLE_CNC,AVAILABLE_EXPRESS_DELIVERY,AVAILABLE_ECI_EXPRESS,AVAILABLE_EXPR_SHIP_VPR,AVAILABLE_CATERING) values ('lpd487221442348','0','0','26','487220645141','10100','1',to_date('25/02/2020','DD/MM/YYYY'),'27','3','00000000','117005622348',null,'1','1','1','1','0','1');
Insert into ECI_FROMTO_LOGISTIC_CONFIG (FROMTO_LOGISTIC_ID,VERSION_DELETED,VERSION_EDITABLE,PRED_VERSION,WORKSPACE_ID,BRANCH_ID,IS_HEAD,CHECKIN_DATE,ASSET_VERSION,LOGISTICS_MGMNT,PROVIDER,REGION_ID,COST_OF_CASH,AVAILABLE_STS,AVAILABLE_CNC,AVAILABLE_EXPRESS_DELIVERY,AVAILABLE_ECI_EXPRESS,AVAILABLE_EXPR_SHIP_VPR,AVAILABLE_CATERING) values ('lpd487223242343','0','0','1','487220643443','10100','1',to_date('28/11/2019','DD/MM/YYYY'),'2','3','00000000','487231142341',null,'1','0','0','0','0','0');
Insert into ECI_FROMTO_LOGISTIC_CONFIG (FROMTO_LOGISTIC_ID,VERSION_DELETED,VERSION_EDITABLE,PRED_VERSION,WORKSPACE_ID,BRANCH_ID,IS_HEAD,CHECKIN_DATE,ASSET_VERSION,LOGISTICS_MGMNT,PROVIDER,REGION_ID,COST_OF_CASH,AVAILABLE_STS,AVAILABLE_CNC,AVAILABLE_EXPRESS_DELIVERY,AVAILABLE_ECI_EXPRESS,AVAILABLE_EXPR_SHIP_VPR,AVAILABLE_CATERING) values ('lpd487224842348','0','0','1','487220644242','10100','1',to_date('10/12/2019','DD/MM/YYYY'),'2','3','H0000086','117005622348',null,'1','0','0','0','0','0');
Insert into ECI_FROMTO_LOGISTIC_CONFIG (FROMTO_LOGISTIC_ID,VERSION_DELETED,VERSION_EDITABLE,PRED_VERSION,WORKSPACE_ID,BRANCH_ID,IS_HEAD,CHECKIN_DATE,ASSET_VERSION,LOGISTICS_MGMNT,PROVIDER,REGION_ID,COST_OF_CASH,AVAILABLE_STS,AVAILABLE_CNC,AVAILABLE_EXPRESS_DELIVERY,AVAILABLE_ECI_EXPRESS,AVAILABLE_EXPR_SHIP_VPR,AVAILABLE_CATERING) values ('lpd487224842352','0','0','1','487220644242','10100','1',to_date('10/12/2019','DD/MM/YYYY'),'2','3','H0000096','117005622348',null,'1','0','0','0','0','0');
Insert into ECI_FROMTO_LOGISTIC_CONFIG (FROMTO_LOGISTIC_ID,VERSION_DELETED,VERSION_EDITABLE,PRED_VERSION,WORKSPACE_ID,BRANCH_ID,IS_HEAD,CHECKIN_DATE,ASSET_VERSION,LOGISTICS_MGMNT,PROVIDER,REGION_ID,COST_OF_CASH,AVAILABLE_STS,AVAILABLE_CNC,AVAILABLE_EXPRESS_DELIVERY,AVAILABLE_ECI_EXPRESS,AVAILABLE_EXPR_SHIP_VPR,AVAILABLE_CATERING) values ('lpd487224742344','0','0','6','487220644242','10100','1',to_date('10/12/2019','DD/MM/YYYY'),'7','3','H0000042','117005622348',null,'1','0','0','0','0','0');
Insert into ECI_FROMTO_LOGISTIC_CONFIG (FROMTO_LOGISTIC_ID,VERSION_DELETED,VERSION_EDITABLE,PRED_VERSION,WORKSPACE_ID,BRANCH_ID,IS_HEAD,CHECKIN_DATE,ASSET_VERSION,LOGISTICS_MGMNT,PROVIDER,REGION_ID,COST_OF_CASH,AVAILABLE_STS,AVAILABLE_CNC,AVAILABLE_EXPRESS_DELIVERY,AVAILABLE_ECI_EXPRESS,AVAILABLE_EXPR_SHIP_VPR,AVAILABLE_CATERING) values ('lpd487224842345','0','0','3','487220644643','10100','1',to_date('16/12/2019','DD/MM/YYYY'),'4','3','H0000120','117005622348',null,'1','1','0','0','0','0');
Insert into ECI_FROMTO_LOGISTIC_CONFIG (FROMTO_LOGISTIC_ID,VERSION_DELETED,VERSION_EDITABLE,PRED_VERSION,WORKSPACE_ID,BRANCH_ID,IS_HEAD,CHECKIN_DATE,ASSET_VERSION,LOGISTICS_MGMNT,PROVIDER,REGION_ID,COST_OF_CASH,AVAILABLE_STS,AVAILABLE_CNC,AVAILABLE_EXPRESS_DELIVERY,AVAILABLE_ECI_EXPRESS,AVAILABLE_EXPR_SHIP_VPR,AVAILABLE_CATERING) values ('lpd487221742346','0','0','1','487220621443','10100','1',to_date('31/12/2018','DD/MM/YYYY'),'2','0','N0000005','117005622344',null,'0','0','0','0','0','0');
Insert into ECI_FROMTO_LOGISTIC_CONFIG (FROMTO_LOGISTIC_ID,VERSION_DELETED,VERSION_EDITABLE,PRED_VERSION,WORKSPACE_ID,BRANCH_ID,IS_HEAD,CHECKIN_DATE,ASSET_VERSION,LOGISTICS_MGMNT,PROVIDER,REGION_ID,COST_OF_CASH,AVAILABLE_STS,AVAILABLE_CNC,AVAILABLE_EXPRESS_DELIVERY,AVAILABLE_ECI_EXPRESS,AVAILABLE_EXPR_SHIP_VPR,AVAILABLE_CATERING) values ('lpd487223542343','0','0','9','487220649248','10100','1',to_date('28/02/2020','DD/MM/YYYY'),'10','0','N0000010','117005622350',null,'0','0','0','0','0','0');
Insert into ECI_FROMTO_LOGISTIC_CONFIG (FROMTO_LOGISTIC_ID,VERSION_DELETED,VERSION_EDITABLE,PRED_VERSION,WORKSPACE_ID,BRANCH_ID,IS_HEAD,CHECKIN_DATE,ASSET_VERSION,LOGISTICS_MGMNT,PROVIDER,REGION_ID,COST_OF_CASH,AVAILABLE_STS,AVAILABLE_CNC,AVAILABLE_EXPRESS_DELIVERY,AVAILABLE_ECI_EXPRESS,AVAILABLE_EXPR_SHIP_VPR,AVAILABLE_CATERING) values ('lpd487225042344','0','0',null,'487220649248','10100','1',to_date('28/02/2020','DD/MM/YYYY'),'1','0','N0000010','117005622348',null,'0','0','0','0','0','0');

Insert into ECI_FT_LGSTIC_CATERING_COST (FROMTO_LOGISTIC_ID,CATERING_COST_ID,ASSET_VERSION,IDX) values ('lpd487221442348','391172224350','27','1');
Insert into ECI_FT_LGSTIC_CATERING_COST (FROMTO_LOGISTIC_ID,CATERING_COST_ID,ASSET_VERSION,IDX) values ('lpd487221442348','391172224354','27','2');
Insert into ECI_FT_LGSTIC_CATERING_COST (FROMTO_LOGISTIC_ID,CATERING_COST_ID,ASSET_VERSION,IDX) values ('lpd487221442348','487221544354','27','3');
Insert into ECI_FT_LGSTIC_CATERING_COST (FROMTO_LOGISTIC_ID,CATERING_COST_ID,ASSET_VERSION,IDX) values ('lpd487221442348','487221544360','27','4');
Insert into ECI_FT_LGSTIC_CATERING_COST (FROMTO_LOGISTIC_ID,CATERING_COST_ID,ASSET_VERSION,IDX) values ('lpd487221442348','487222344354','27','0');
Insert into ECI_FT_LGSTIC_CATERING_COST (FROMTO_LOGISTIC_ID,CATERING_COST_ID,ASSET_VERSION,IDX) values ('lpd487221442348','487224244354','27','5');
Insert into ECI_FT_LGSTIC_CATERING_COST (FROMTO_LOGISTIC_ID,CATERING_COST_ID,ASSET_VERSION,IDX) values ('lpd487221442348','487224244356','27','6');

Insert into ECI_FT_LGSTIC_ECI_EXP_COST (FROMTO_LOGISTIC_ID,ECI_EXP_COST_ID,ASSET_VERSION,IDX) values ('lpd487221442348','487226942346','27','5');
Insert into ECI_FT_LGSTIC_ECI_EXP_COST (FROMTO_LOGISTIC_ID,ECI_EXP_COST_ID,ASSET_VERSION,IDX) values ('lpd487221442348','487227042342','27','2');
Insert into ECI_FT_LGSTIC_ECI_EXP_COST (FROMTO_LOGISTIC_ID,ECI_EXP_COST_ID,ASSET_VERSION,IDX) values ('lpd487221442348','487227042344','27','4');
Insert into ECI_FT_LGSTIC_ECI_EXP_COST (FROMTO_LOGISTIC_ID,ECI_EXP_COST_ID,ASSET_VERSION,IDX) values ('lpd487221442348','487227042358','27','3');
Insert into ECI_FT_LGSTIC_ECI_EXP_COST (FROMTO_LOGISTIC_ID,ECI_EXP_COST_ID,ASSET_VERSION,IDX) values ('lpd487221442348','487229042350','27','1');
Insert into ECI_FT_LGSTIC_ECI_EXP_COST (FROMTO_LOGISTIC_ID,ECI_EXP_COST_ID,ASSET_VERSION,IDX) values ('lpd487221442348','487229042352','27','0');

Insert into ECI_FT_LGSTIC_EXP_PRIME_COST (FROMTO_LOGISTIC_ID,EXPRESS_PREMIUM_COST_ID,ASSET_VERSION,IDX) values ('lpd487221442348','487224742358','27','2');
Insert into ECI_FT_LGSTIC_EXP_PRIME_COST (FROMTO_LOGISTIC_ID,EXPRESS_PREMIUM_COST_ID,ASSET_VERSION,IDX) values ('lpd487221442348','487224742354','27','3');
Insert into ECI_FT_LGSTIC_EXP_PRIME_COST (FROMTO_LOGISTIC_ID,EXPRESS_PREMIUM_COST_ID,ASSET_VERSION,IDX) values ('lpd487221442348','487224142378','27','1');
Insert into ECI_FT_LGSTIC_EXP_PRIME_COST (FROMTO_LOGISTIC_ID,EXPRESS_PREMIUM_COST_ID,ASSET_VERSION,IDX) values ('lpd487221442348','487224142376','27','0');
Insert into ECI_FT_LGSTIC_EXP_PRIME_COST (FROMTO_LOGISTIC_ID,EXPRESS_PREMIUM_COST_ID,ASSET_VERSION,IDX) values ('lpd487223242343','487224742358','2','2');
Insert into ECI_FT_LGSTIC_EXP_PRIME_COST (FROMTO_LOGISTIC_ID,EXPRESS_PREMIUM_COST_ID,ASSET_VERSION,IDX) values ('lpd487223242343','487224742354','2','3');
Insert into ECI_FT_LGSTIC_EXP_PRIME_COST (FROMTO_LOGISTIC_ID,EXPRESS_PREMIUM_COST_ID,ASSET_VERSION,IDX) values ('lpd487223242343','487224142378','2','1');
Insert into ECI_FT_LGSTIC_EXP_PRIME_COST (FROMTO_LOGISTIC_ID,EXPRESS_PREMIUM_COST_ID,ASSET_VERSION,IDX) values ('lpd487223242343','487224142376','2','0');

Insert into ECI_FT_LGSTIC_EXPRESS_COST (FROMTO_LOGISTIC_ID,EXPRESS_COST_ID,ASSET_VERSION,IDX) values ('lpd487221642344','487224442342','10','0');
Insert into ECI_FT_LGSTIC_EXPRESS_COST (FROMTO_LOGISTIC_ID,EXPRESS_COST_ID,ASSET_VERSION,IDX) values ('lpd487221442348','487224742344','27','5');
Insert into ECI_FT_LGSTIC_EXPRESS_COST (FROMTO_LOGISTIC_ID,EXPRESS_COST_ID,ASSET_VERSION,IDX) values ('lpd487221442348','487224742342','27','4');
Insert into ECI_FT_LGSTIC_EXPRESS_COST (FROMTO_LOGISTIC_ID,EXPRESS_COST_ID,ASSET_VERSION,IDX) values ('lpd487221442348','487224642342','27','3');
Insert into ECI_FT_LGSTIC_EXPRESS_COST (FROMTO_LOGISTIC_ID,EXPRESS_COST_ID,ASSET_VERSION,IDX) values ('lpd487221442348','487224542342','27','2');
Insert into ECI_FT_LGSTIC_EXPRESS_COST (FROMTO_LOGISTIC_ID,EXPRESS_COST_ID,ASSET_VERSION,IDX) values ('lpd487221442348','487224142358','27','1');
Insert into ECI_FT_LGSTIC_EXPRESS_COST (FROMTO_LOGISTIC_ID,EXPRESS_COST_ID,ASSET_VERSION,IDX) values ('lpd487221442348','487224142356','27','0');
Insert into ECI_FT_LGSTIC_EXPRESS_COST (FROMTO_LOGISTIC_ID,EXPRESS_COST_ID,ASSET_VERSION,IDX) values ('lpd487223242343','487224742344','2','5');
Insert into ECI_FT_LGSTIC_EXPRESS_COST (FROMTO_LOGISTIC_ID,EXPRESS_COST_ID,ASSET_VERSION,IDX) values ('lpd487223242343','487224742342','2','4');
Insert into ECI_FT_LGSTIC_EXPRESS_COST (FROMTO_LOGISTIC_ID,EXPRESS_COST_ID,ASSET_VERSION,IDX) values ('lpd487223242343','487224642342','2','3');
Insert into ECI_FT_LGSTIC_EXPRESS_COST (FROMTO_LOGISTIC_ID,EXPRESS_COST_ID,ASSET_VERSION,IDX) values ('lpd487223242343','487224542342','2','2');
Insert into ECI_FT_LGSTIC_EXPRESS_COST (FROMTO_LOGISTIC_ID,EXPRESS_COST_ID,ASSET_VERSION,IDX) values ('lpd487223242343','487224142358','2','1');
Insert into ECI_FT_LGSTIC_EXPRESS_COST (FROMTO_LOGISTIC_ID,EXPRESS_COST_ID,ASSET_VERSION,IDX) values ('lpd487223242343','487224142356','2','0');

Insert into ECI_FT_LOGISTIC_CNCCOST (FROMTO_LOGISTIC_ID,CNC_COST_ID,ASSET_VERSION,IDX) values ('lpd487224842345','138012222354','4','2');
Insert into ECI_FT_LOGISTIC_CNCCOST (FROMTO_LOGISTIC_ID,CNC_COST_ID,ASSET_VERSION,IDX) values ('lpd487224842345','138012222384','4','1');
Insert into ECI_FT_LOGISTIC_CNCCOST (FROMTO_LOGISTIC_ID,CNC_COST_ID,ASSET_VERSION,IDX) values ('lpd487224842345','138012222396','4','3');
Insert into ECI_FT_LOGISTIC_CNCCOST (FROMTO_LOGISTIC_ID,CNC_COST_ID,ASSET_VERSION,IDX) values ('lpd487224842345','487222342342','4','0');

Insert into ECI_FT_LOGISTIC_DELIVERY_COST (FROMTO_LOGISTIC_ID,DELIVERY_COST_ID,ASSET_VERSION,IDX) values ('lpd487221442348','487225942342','27','0');
Insert into ECI_FT_LOGISTIC_DELIVERY_COST (FROMTO_LOGISTIC_ID,DELIVERY_COST_ID,ASSET_VERSION,IDX) values ('lpd487221442348','487222942404','27','1');
Insert into ECI_FT_LOGISTIC_DELIVERY_COST (FROMTO_LOGISTIC_ID,DELIVERY_COST_ID,ASSET_VERSION,IDX) values ('lpd487221442348','487222942400','27','2');
Insert into ECI_FT_LOGISTIC_DELIVERY_COST (FROMTO_LOGISTIC_ID,DELIVERY_COST_ID,ASSET_VERSION,IDX) values ('lpd487221442348','487222942398','27','3');
Insert into ECI_FT_LOGISTIC_DELIVERY_COST (FROMTO_LOGISTIC_ID,DELIVERY_COST_ID,ASSET_VERSION,IDX) values ('lpd487221442348','487222942396','27','4');
Insert into ECI_FT_LOGISTIC_DELIVERY_COST (FROMTO_LOGISTIC_ID,DELIVERY_COST_ID,ASSET_VERSION,IDX) values ('lpd487221442348','487222942394','27','5');
Insert into ECI_FT_LOGISTIC_DELIVERY_COST (FROMTO_LOGISTIC_ID,DELIVERY_COST_ID,ASSET_VERSION,IDX) values ('lpd487221442348','487222942392','27','6');
Insert into ECI_FT_LOGISTIC_DELIVERY_COST (FROMTO_LOGISTIC_ID,DELIVERY_COST_ID,ASSET_VERSION,IDX) values ('lpd487221442348','487222942390','27','7');
Insert into ECI_FT_LOGISTIC_DELIVERY_COST (FROMTO_LOGISTIC_ID,DELIVERY_COST_ID,ASSET_VERSION,IDX) values ('lpd487221442348','487222942388','27','8');
Insert into ECI_FT_LOGISTIC_DELIVERY_COST (FROMTO_LOGISTIC_ID,DELIVERY_COST_ID,ASSET_VERSION,IDX) values ('lpd487221442348','487222942386','27','9');
Insert into ECI_FT_LOGISTIC_DELIVERY_COST (FROMTO_LOGISTIC_ID,DELIVERY_COST_ID,ASSET_VERSION,IDX) values ('lpd487221442348','487222942384','27','10');
Insert into ECI_FT_LOGISTIC_DELIVERY_COST (FROMTO_LOGISTIC_ID,DELIVERY_COST_ID,ASSET_VERSION,IDX) values ('lpd487221442348','487222942382','27','11');
Insert into ECI_FT_LOGISTIC_DELIVERY_COST (FROMTO_LOGISTIC_ID,DELIVERY_COST_ID,ASSET_VERSION,IDX) values ('lpd487221442348','487222942380','27','12');
Insert into ECI_FT_LOGISTIC_DELIVERY_COST (FROMTO_LOGISTIC_ID,DELIVERY_COST_ID,ASSET_VERSION,IDX) values ('lpd487221542344','487226642354','6','0');
Insert into ECI_FT_LOGISTIC_DELIVERY_COST (FROMTO_LOGISTIC_ID,DELIVERY_COST_ID,ASSET_VERSION,IDX) values ('lpd487221542344','487226642352','6','1');
Insert into ECI_FT_LOGISTIC_DELIVERY_COST (FROMTO_LOGISTIC_ID,DELIVERY_COST_ID,ASSET_VERSION,IDX) values ('lpd487221542344','487226642350','6','2');
Insert into ECI_FT_LOGISTIC_DELIVERY_COST (FROMTO_LOGISTIC_ID,DELIVERY_COST_ID,ASSET_VERSION,IDX) values ('lpd487221542344','487226642346','6','3');
Insert into ECI_FT_LOGISTIC_DELIVERY_COST (FROMTO_LOGISTIC_ID,DELIVERY_COST_ID,ASSET_VERSION,IDX) values ('lpd487221642344','487224342416','10','0');
Insert into ECI_FT_LOGISTIC_DELIVERY_COST (FROMTO_LOGISTIC_ID,DELIVERY_COST_ID,ASSET_VERSION,IDX) values ('lpd487221642344','487224342414','10','1');
Insert into ECI_FT_LOGISTIC_DELIVERY_COST (FROMTO_LOGISTIC_ID,DELIVERY_COST_ID,ASSET_VERSION,IDX) values ('lpd487221642344','487224342412','10','2');
Insert into ECI_FT_LOGISTIC_DELIVERY_COST (FROMTO_LOGISTIC_ID,DELIVERY_COST_ID,ASSET_VERSION,IDX) values ('lpd487221642344','487224342410','10','3');
Insert into ECI_FT_LOGISTIC_DELIVERY_COST (FROMTO_LOGISTIC_ID,DELIVERY_COST_ID,ASSET_VERSION,IDX) values ('lpd487221642344','487224342408','10','4');
Insert into ECI_FT_LOGISTIC_DELIVERY_COST (FROMTO_LOGISTIC_ID,DELIVERY_COST_ID,ASSET_VERSION,IDX) values ('lpd487221642344','487224342406','10','5');
Insert into ECI_FT_LOGISTIC_DELIVERY_COST (FROMTO_LOGISTIC_ID,DELIVERY_COST_ID,ASSET_VERSION,IDX) values ('lpd487221642344','487224342404','10','6');
Insert into ECI_FT_LOGISTIC_DELIVERY_COST (FROMTO_LOGISTIC_ID,DELIVERY_COST_ID,ASSET_VERSION,IDX) values ('lpd487221642344','487224342402','10','7');
Insert into ECI_FT_LOGISTIC_DELIVERY_COST (FROMTO_LOGISTIC_ID,DELIVERY_COST_ID,ASSET_VERSION,IDX) values ('lpd487221642344','487224342400','10','8');
Insert into ECI_FT_LOGISTIC_DELIVERY_COST (FROMTO_LOGISTIC_ID,DELIVERY_COST_ID,ASSET_VERSION,IDX) values ('lpd487221642344','487224342398','10','9');
Insert into ECI_FT_LOGISTIC_DELIVERY_COST (FROMTO_LOGISTIC_ID,DELIVERY_COST_ID,ASSET_VERSION,IDX) values ('lpd487221642344','487224342396','10','10');
Insert into ECI_FT_LOGISTIC_DELIVERY_COST (FROMTO_LOGISTIC_ID,DELIVERY_COST_ID,ASSET_VERSION,IDX) values ('lpd487221642344','487224342392','10','11');
Insert into ECI_FT_LOGISTIC_DELIVERY_COST (FROMTO_LOGISTIC_ID,DELIVERY_COST_ID,ASSET_VERSION,IDX) values ('lpd487221642344','487224342390','10','12');
Insert into ECI_FT_LOGISTIC_DELIVERY_COST (FROMTO_LOGISTIC_ID,DELIVERY_COST_ID,ASSET_VERSION,IDX) values ('lpd487221642344','487224342388','10','13');
Insert into ECI_FT_LOGISTIC_DELIVERY_COST (FROMTO_LOGISTIC_ID,DELIVERY_COST_ID,ASSET_VERSION,IDX) values ('lpd487221642344','487224342386','10','14');
Insert into ECI_FT_LOGISTIC_DELIVERY_COST (FROMTO_LOGISTIC_ID,DELIVERY_COST_ID,ASSET_VERSION,IDX) values ('lpd487221642344','487224342384','10','15');
Insert into ECI_FT_LOGISTIC_DELIVERY_COST (FROMTO_LOGISTIC_ID,DELIVERY_COST_ID,ASSET_VERSION,IDX) values ('lpd487221642344','487224342382','10','16');
Insert into ECI_FT_LOGISTIC_DELIVERY_COST (FROMTO_LOGISTIC_ID,DELIVERY_COST_ID,ASSET_VERSION,IDX) values ('lpd487221742344','487225042342','8','0');
Insert into ECI_FT_LOGISTIC_DELIVERY_COST (FROMTO_LOGISTIC_ID,DELIVERY_COST_ID,ASSET_VERSION,IDX) values ('lpd487221742344','487223742384','8','1');
Insert into ECI_FT_LOGISTIC_DELIVERY_COST (FROMTO_LOGISTIC_ID,DELIVERY_COST_ID,ASSET_VERSION,IDX) values ('lpd487221742344','487223742382','8','2');
Insert into ECI_FT_LOGISTIC_DELIVERY_COST (FROMTO_LOGISTIC_ID,DELIVERY_COST_ID,ASSET_VERSION,IDX) values ('lpd487221742344','487223742380','8','3');
Insert into ECI_FT_LOGISTIC_DELIVERY_COST (FROMTO_LOGISTIC_ID,DELIVERY_COST_ID,ASSET_VERSION,IDX) values ('lpd487221742344','487223742376','8','4');
Insert into ECI_FT_LOGISTIC_DELIVERY_COST (FROMTO_LOGISTIC_ID,DELIVERY_COST_ID,ASSET_VERSION,IDX) values ('lpd487221742344','487223742374','8','5');
Insert into ECI_FT_LOGISTIC_DELIVERY_COST (FROMTO_LOGISTIC_ID,DELIVERY_COST_ID,ASSET_VERSION,IDX) values ('lpd487221742344','487223742372','8','6');
Insert into ECI_FT_LOGISTIC_DELIVERY_COST (FROMTO_LOGISTIC_ID,DELIVERY_COST_ID,ASSET_VERSION,IDX) values ('lpd487221742344','487223742370','8','7');
Insert into ECI_FT_LOGISTIC_DELIVERY_COST (FROMTO_LOGISTIC_ID,DELIVERY_COST_ID,ASSET_VERSION,IDX) values ('lpd487221742344','487223742368','8','8');
Insert into ECI_FT_LOGISTIC_DELIVERY_COST (FROMTO_LOGISTIC_ID,DELIVERY_COST_ID,ASSET_VERSION,IDX) values ('lpd487221742344','487223742366','8','9');
Insert into ECI_FT_LOGISTIC_DELIVERY_COST (FROMTO_LOGISTIC_ID,DELIVERY_COST_ID,ASSET_VERSION,IDX) values ('lpd487221742344','487223742362','8','12');
Insert into ECI_FT_LOGISTIC_DELIVERY_COST (FROMTO_LOGISTIC_ID,DELIVERY_COST_ID,ASSET_VERSION,IDX) values ('lpd487221742344','487223742358','8','10');
Insert into ECI_FT_LOGISTIC_DELIVERY_COST (FROMTO_LOGISTIC_ID,DELIVERY_COST_ID,ASSET_VERSION,IDX) values ('lpd487221742344','487223742356','8','11');
Insert into ECI_FT_LOGISTIC_DELIVERY_COST (FROMTO_LOGISTIC_ID,DELIVERY_COST_ID,ASSET_VERSION,IDX) values ('lpd487221742344','487223742352','8','13');
Insert into ECI_FT_LOGISTIC_DELIVERY_COST (FROMTO_LOGISTIC_ID,DELIVERY_COST_ID,ASSET_VERSION,IDX) values ('lpd487221742344','487223742350','8','14');
Insert into ECI_FT_LOGISTIC_DELIVERY_COST (FROMTO_LOGISTIC_ID,DELIVERY_COST_ID,ASSET_VERSION,IDX) values ('lpd487221742344','487223742348','8','15');
Insert into ECI_FT_LOGISTIC_DELIVERY_COST (FROMTO_LOGISTIC_ID,DELIVERY_COST_ID,ASSET_VERSION,IDX) values ('lpd487221742346','487223742414','2','0');
Insert into ECI_FT_LOGISTIC_DELIVERY_COST (FROMTO_LOGISTIC_ID,DELIVERY_COST_ID,ASSET_VERSION,IDX) values ('lpd487221742346','487223742412','2','1');
Insert into ECI_FT_LOGISTIC_DELIVERY_COST (FROMTO_LOGISTIC_ID,DELIVERY_COST_ID,ASSET_VERSION,IDX) values ('lpd487221742346','487223742410','2','2');
Insert into ECI_FT_LOGISTIC_DELIVERY_COST (FROMTO_LOGISTIC_ID,DELIVERY_COST_ID,ASSET_VERSION,IDX) values ('lpd487221742346','487223742408','2','3');
Insert into ECI_FT_LOGISTIC_DELIVERY_COST (FROMTO_LOGISTIC_ID,DELIVERY_COST_ID,ASSET_VERSION,IDX) values ('lpd487221742346','487223742406','2','4');
Insert into ECI_FT_LOGISTIC_DELIVERY_COST (FROMTO_LOGISTIC_ID,DELIVERY_COST_ID,ASSET_VERSION,IDX) values ('lpd487221742346','487223742404','2','5');
Insert into ECI_FT_LOGISTIC_DELIVERY_COST (FROMTO_LOGISTIC_ID,DELIVERY_COST_ID,ASSET_VERSION,IDX) values ('lpd487221742346','487223742402','2','6');
Insert into ECI_FT_LOGISTIC_DELIVERY_COST (FROMTO_LOGISTIC_ID,DELIVERY_COST_ID,ASSET_VERSION,IDX) values ('lpd487221742346','487223742400','2','7');
Insert into ECI_FT_LOGISTIC_DELIVERY_COST (FROMTO_LOGISTIC_ID,DELIVERY_COST_ID,ASSET_VERSION,IDX) values ('lpd487221742346','487223742398','2','8');
Insert into ECI_FT_LOGISTIC_DELIVERY_COST (FROMTO_LOGISTIC_ID,DELIVERY_COST_ID,ASSET_VERSION,IDX) values ('lpd487221742346','487223742396','2','9');
Insert into ECI_FT_LOGISTIC_DELIVERY_COST (FROMTO_LOGISTIC_ID,DELIVERY_COST_ID,ASSET_VERSION,IDX) values ('lpd487221742346','487223742394','2','10');
Insert into ECI_FT_LOGISTIC_DELIVERY_COST (FROMTO_LOGISTIC_ID,DELIVERY_COST_ID,ASSET_VERSION,IDX) values ('lpd487221742346','487223742392','2','11');
Insert into ECI_FT_LOGISTIC_DELIVERY_COST (FROMTO_LOGISTIC_ID,DELIVERY_COST_ID,ASSET_VERSION,IDX) values ('lpd487221742346','487223742390','2','12');
Insert into ECI_FT_LOGISTIC_DELIVERY_COST (FROMTO_LOGISTIC_ID,DELIVERY_COST_ID,ASSET_VERSION,IDX) values ('lpd487221742346','487223742388','2','13');
Insert into ECI_FT_LOGISTIC_DELIVERY_COST (FROMTO_LOGISTIC_ID,DELIVERY_COST_ID,ASSET_VERSION,IDX) values ('lpd487221742346','487223742386','2','14');
Insert into ECI_FT_LOGISTIC_DELIVERY_COST (FROMTO_LOGISTIC_ID,DELIVERY_COST_ID,ASSET_VERSION,IDX) values ('lpd487221842346','487225142346','3','0');
Insert into ECI_FT_LOGISTIC_DELIVERY_COST (FROMTO_LOGISTIC_ID,DELIVERY_COST_ID,ASSET_VERSION,IDX) values ('lpd487221942346','487224342364','1','0');
Insert into ECI_FT_LOGISTIC_DELIVERY_COST (FROMTO_LOGISTIC_ID,DELIVERY_COST_ID,ASSET_VERSION,IDX) values ('lpd487221942346','487224342362','1','1');
Insert into ECI_FT_LOGISTIC_DELIVERY_COST (FROMTO_LOGISTIC_ID,DELIVERY_COST_ID,ASSET_VERSION,IDX) values ('lpd487221942346','487224342360','1','2');
Insert into ECI_FT_LOGISTIC_DELIVERY_COST (FROMTO_LOGISTIC_ID,DELIVERY_COST_ID,ASSET_VERSION,IDX) values ('lpd487221942346','487224342358','1','3');
Insert into ECI_FT_LOGISTIC_DELIVERY_COST (FROMTO_LOGISTIC_ID,DELIVERY_COST_ID,ASSET_VERSION,IDX) values ('lpd487221942346','487224342356','1','4');
Insert into ECI_FT_LOGISTIC_DELIVERY_COST (FROMTO_LOGISTIC_ID,DELIVERY_COST_ID,ASSET_VERSION,IDX) values ('lpd487221942346','487224342354','1','5');
Insert into ECI_FT_LOGISTIC_DELIVERY_COST (FROMTO_LOGISTIC_ID,DELIVERY_COST_ID,ASSET_VERSION,IDX) values ('lpd487221942346','487224342352','1','6');
Insert into ECI_FT_LOGISTIC_DELIVERY_COST (FROMTO_LOGISTIC_ID,DELIVERY_COST_ID,ASSET_VERSION,IDX) values ('lpd487221942346','487224342344','1','7');
Insert into ECI_FT_LOGISTIC_DELIVERY_COST (FROMTO_LOGISTIC_ID,DELIVERY_COST_ID,ASSET_VERSION,IDX) values ('lpd487221942346','487224342342','1','8');
Insert into ECI_FT_LOGISTIC_DELIVERY_COST (FROMTO_LOGISTIC_ID,DELIVERY_COST_ID,ASSET_VERSION,IDX) values ('lpd487223442343','487223742370','1','7');
Insert into ECI_FT_LOGISTIC_DELIVERY_COST (FROMTO_LOGISTIC_ID,DELIVERY_COST_ID,ASSET_VERSION,IDX) values ('lpd487223442343','487223742368','1','8');
Insert into ECI_FT_LOGISTIC_DELIVERY_COST (FROMTO_LOGISTIC_ID,DELIVERY_COST_ID,ASSET_VERSION,IDX) values ('lpd487223442343','487223742366','1','9');
Insert into ECI_FT_LOGISTIC_DELIVERY_COST (FROMTO_LOGISTIC_ID,DELIVERY_COST_ID,ASSET_VERSION,IDX) values ('lpd487223442343','487223742362','1','12');
Insert into ECI_FT_LOGISTIC_DELIVERY_COST (FROMTO_LOGISTIC_ID,DELIVERY_COST_ID,ASSET_VERSION,IDX) values ('lpd487223442343','487223742358','1','10');
Insert into ECI_FT_LOGISTIC_DELIVERY_COST (FROMTO_LOGISTIC_ID,DELIVERY_COST_ID,ASSET_VERSION,IDX) values ('lpd487223442343','487223742356','1','11');
Insert into ECI_FT_LOGISTIC_DELIVERY_COST (FROMTO_LOGISTIC_ID,DELIVERY_COST_ID,ASSET_VERSION,IDX) values ('lpd487223442343','487223742352','1','13');
Insert into ECI_FT_LOGISTIC_DELIVERY_COST (FROMTO_LOGISTIC_ID,DELIVERY_COST_ID,ASSET_VERSION,IDX) values ('lpd487223442343','487223742350','1','14');
Insert into ECI_FT_LOGISTIC_DELIVERY_COST (FROMTO_LOGISTIC_ID,DELIVERY_COST_ID,ASSET_VERSION,IDX) values ('lpd487223442343','487223742348','1','15');
Insert into ECI_FT_LOGISTIC_DELIVERY_COST (FROMTO_LOGISTIC_ID,DELIVERY_COST_ID,ASSET_VERSION,IDX) values ('lpd487223442343','487225042342','1','0');
Insert into ECI_FT_LOGISTIC_DELIVERY_COST (FROMTO_LOGISTIC_ID,DELIVERY_COST_ID,ASSET_VERSION,IDX) values ('lpd487223442343','487223742384','1','1');
Insert into ECI_FT_LOGISTIC_DELIVERY_COST (FROMTO_LOGISTIC_ID,DELIVERY_COST_ID,ASSET_VERSION,IDX) values ('lpd487223442343','487223742382','1','2');
Insert into ECI_FT_LOGISTIC_DELIVERY_COST (FROMTO_LOGISTIC_ID,DELIVERY_COST_ID,ASSET_VERSION,IDX) values ('lpd487223442343','487223742380','1','3');
Insert into ECI_FT_LOGISTIC_DELIVERY_COST (FROMTO_LOGISTIC_ID,DELIVERY_COST_ID,ASSET_VERSION,IDX) values ('lpd487223442343','487223742376','1','4');
Insert into ECI_FT_LOGISTIC_DELIVERY_COST (FROMTO_LOGISTIC_ID,DELIVERY_COST_ID,ASSET_VERSION,IDX) values ('lpd487223442343','487223742374','1','5');
Insert into ECI_FT_LOGISTIC_DELIVERY_COST (FROMTO_LOGISTIC_ID,DELIVERY_COST_ID,ASSET_VERSION,IDX) values ('lpd487223442343','487223742372','1','6');
Insert into ECI_FT_LOGISTIC_DELIVERY_COST (FROMTO_LOGISTIC_ID,DELIVERY_COST_ID,ASSET_VERSION,IDX) values ('lpd487223442344','487225042342','1','0');
Insert into ECI_FT_LOGISTIC_DELIVERY_COST (FROMTO_LOGISTIC_ID,DELIVERY_COST_ID,ASSET_VERSION,IDX) values ('lpd487223442344','487223742384','1','1');
Insert into ECI_FT_LOGISTIC_DELIVERY_COST (FROMTO_LOGISTIC_ID,DELIVERY_COST_ID,ASSET_VERSION,IDX) values ('lpd487223442344','487223742382','1','2');
Insert into ECI_FT_LOGISTIC_DELIVERY_COST (FROMTO_LOGISTIC_ID,DELIVERY_COST_ID,ASSET_VERSION,IDX) values ('lpd487223442344','487223742380','1','3');
Insert into ECI_FT_LOGISTIC_DELIVERY_COST (FROMTO_LOGISTIC_ID,DELIVERY_COST_ID,ASSET_VERSION,IDX) values ('lpd487223442344','487223742376','1','4');
Insert into ECI_FT_LOGISTIC_DELIVERY_COST (FROMTO_LOGISTIC_ID,DELIVERY_COST_ID,ASSET_VERSION,IDX) values ('lpd487223442344','487223742374','1','5');
Insert into ECI_FT_LOGISTIC_DELIVERY_COST (FROMTO_LOGISTIC_ID,DELIVERY_COST_ID,ASSET_VERSION,IDX) values ('lpd487223442344','487223742372','1','6');
Insert into ECI_FT_LOGISTIC_DELIVERY_COST (FROMTO_LOGISTIC_ID,DELIVERY_COST_ID,ASSET_VERSION,IDX) values ('lpd487223442344','487223742370','1','7');
Insert into ECI_FT_LOGISTIC_DELIVERY_COST (FROMTO_LOGISTIC_ID,DELIVERY_COST_ID,ASSET_VERSION,IDX) values ('lpd487223442344','487223742368','1','8');
Insert into ECI_FT_LOGISTIC_DELIVERY_COST (FROMTO_LOGISTIC_ID,DELIVERY_COST_ID,ASSET_VERSION,IDX) values ('lpd487223442344','487223742366','1','9');
Insert into ECI_FT_LOGISTIC_DELIVERY_COST (FROMTO_LOGISTIC_ID,DELIVERY_COST_ID,ASSET_VERSION,IDX) values ('lpd487223442344','487223742362','1','12');
Insert into ECI_FT_LOGISTIC_DELIVERY_COST (FROMTO_LOGISTIC_ID,DELIVERY_COST_ID,ASSET_VERSION,IDX) values ('lpd487223442344','487223742358','1','10');
Insert into ECI_FT_LOGISTIC_DELIVERY_COST (FROMTO_LOGISTIC_ID,DELIVERY_COST_ID,ASSET_VERSION,IDX) values ('lpd487223442344','487223742356','1','11');
Insert into ECI_FT_LOGISTIC_DELIVERY_COST (FROMTO_LOGISTIC_ID,DELIVERY_COST_ID,ASSET_VERSION,IDX) values ('lpd487223442344','487223742352','1','13');
Insert into ECI_FT_LOGISTIC_DELIVERY_COST (FROMTO_LOGISTIC_ID,DELIVERY_COST_ID,ASSET_VERSION,IDX) values ('lpd487223442344','487223742350','1','14');
Insert into ECI_FT_LOGISTIC_DELIVERY_COST (FROMTO_LOGISTIC_ID,DELIVERY_COST_ID,ASSET_VERSION,IDX) values ('lpd487223442344','487223742348','1','15');
Insert into ECI_FT_LOGISTIC_DELIVERY_COST (FROMTO_LOGISTIC_ID,DELIVERY_COST_ID,ASSET_VERSION,IDX) values ('lpd487223542343','487228842354','10','0');
Insert into ECI_FT_LOGISTIC_DELIVERY_COST (FROMTO_LOGISTIC_ID,DELIVERY_COST_ID,ASSET_VERSION,IDX) values ('lpd487223542343','487228842352','10','1');
Insert into ECI_FT_LOGISTIC_DELIVERY_COST (FROMTO_LOGISTIC_ID,DELIVERY_COST_ID,ASSET_VERSION,IDX) values ('lpd487223542343','487227642342','10','16');
Insert into ECI_FT_LOGISTIC_DELIVERY_COST (FROMTO_LOGISTIC_ID,DELIVERY_COST_ID,ASSET_VERSION,IDX) values ('lpd487223542343','487225042342','10','2');
Insert into ECI_FT_LOGISTIC_DELIVERY_COST (FROMTO_LOGISTIC_ID,DELIVERY_COST_ID,ASSET_VERSION,IDX) values ('lpd487223542343','487223742384','10','3');
Insert into ECI_FT_LOGISTIC_DELIVERY_COST (FROMTO_LOGISTIC_ID,DELIVERY_COST_ID,ASSET_VERSION,IDX) values ('lpd487223542343','487223742382','10','4');
Insert into ECI_FT_LOGISTIC_DELIVERY_COST (FROMTO_LOGISTIC_ID,DELIVERY_COST_ID,ASSET_VERSION,IDX) values ('lpd487223542343','487223742380','10','5');
Insert into ECI_FT_LOGISTIC_DELIVERY_COST (FROMTO_LOGISTIC_ID,DELIVERY_COST_ID,ASSET_VERSION,IDX) values ('lpd487223542343','487223742376','10','6');
Insert into ECI_FT_LOGISTIC_DELIVERY_COST (FROMTO_LOGISTIC_ID,DELIVERY_COST_ID,ASSET_VERSION,IDX) values ('lpd487223542343','487223742374','10','7');
Insert into ECI_FT_LOGISTIC_DELIVERY_COST (FROMTO_LOGISTIC_ID,DELIVERY_COST_ID,ASSET_VERSION,IDX) values ('lpd487223542343','487223742372','10','8');
Insert into ECI_FT_LOGISTIC_DELIVERY_COST (FROMTO_LOGISTIC_ID,DELIVERY_COST_ID,ASSET_VERSION,IDX) values ('lpd487223542343','487223742370','10','9');
Insert into ECI_FT_LOGISTIC_DELIVERY_COST (FROMTO_LOGISTIC_ID,DELIVERY_COST_ID,ASSET_VERSION,IDX) values ('lpd487223542343','487223742368','10','10');
Insert into ECI_FT_LOGISTIC_DELIVERY_COST (FROMTO_LOGISTIC_ID,DELIVERY_COST_ID,ASSET_VERSION,IDX) values ('lpd487223542343','487223742366','10','11');
Insert into ECI_FT_LOGISTIC_DELIVERY_COST (FROMTO_LOGISTIC_ID,DELIVERY_COST_ID,ASSET_VERSION,IDX) values ('lpd487223542343','487223742362','10','14');
Insert into ECI_FT_LOGISTIC_DELIVERY_COST (FROMTO_LOGISTIC_ID,DELIVERY_COST_ID,ASSET_VERSION,IDX) values ('lpd487223542343','487223742358','10','12');
Insert into ECI_FT_LOGISTIC_DELIVERY_COST (FROMTO_LOGISTIC_ID,DELIVERY_COST_ID,ASSET_VERSION,IDX) values ('lpd487223542343','487223742356','10','13');
Insert into ECI_FT_LOGISTIC_DELIVERY_COST (FROMTO_LOGISTIC_ID,DELIVERY_COST_ID,ASSET_VERSION,IDX) values ('lpd487223542343','487223742352','10','15');
Insert into ECI_FT_LOGISTIC_DELIVERY_COST (FROMTO_LOGISTIC_ID,DELIVERY_COST_ID,ASSET_VERSION,IDX) values ('lpd487224442346','487229342370','2','0');
Insert into ECI_FT_LOGISTIC_DELIVERY_COST (FROMTO_LOGISTIC_ID,DELIVERY_COST_ID,ASSET_VERSION,IDX) values ('lpd487224742344','487229842358','7','0');
Insert into ECI_FT_LOGISTIC_DELIVERY_COST (FROMTO_LOGISTIC_ID,DELIVERY_COST_ID,ASSET_VERSION,IDX) values ('lpd487224742344','487229842356','7','1');
Insert into ECI_FT_LOGISTIC_DELIVERY_COST (FROMTO_LOGISTIC_ID,DELIVERY_COST_ID,ASSET_VERSION,IDX) values ('lpd487224742344','487229842354','7','2');
Insert into ECI_FT_LOGISTIC_DELIVERY_COST (FROMTO_LOGISTIC_ID,DELIVERY_COST_ID,ASSET_VERSION,IDX) values ('lpd487224742344','487229842352','7','3');
Insert into ECI_FT_LOGISTIC_DELIVERY_COST (FROMTO_LOGISTIC_ID,DELIVERY_COST_ID,ASSET_VERSION,IDX) values ('lpd487224842345','141013222362','4','1');
Insert into ECI_FT_LOGISTIC_DELIVERY_COST (FROMTO_LOGISTIC_ID,DELIVERY_COST_ID,ASSET_VERSION,IDX) values ('lpd487224842345','138012222362','4','0');
Insert into ECI_FT_LOGISTIC_DELIVERY_COST (FROMTO_LOGISTIC_ID,DELIVERY_COST_ID,ASSET_VERSION,IDX) values ('lpd487224842348','138012222372','2','1');
Insert into ECI_FT_LOGISTIC_DELIVERY_COST (FROMTO_LOGISTIC_ID,DELIVERY_COST_ID,ASSET_VERSION,IDX) values ('lpd487224842348','138012222364','2','0');
Insert into ECI_FT_LOGISTIC_DELIVERY_COST (FROMTO_LOGISTIC_ID,DELIVERY_COST_ID,ASSET_VERSION,IDX) values ('lpd487224842352','487229842350','2','0');
Insert into ECI_FT_LOGISTIC_DELIVERY_COST (FROMTO_LOGISTIC_ID,DELIVERY_COST_ID,ASSET_VERSION,IDX) values ('lpd487224842352','487229842348','2','1');
Insert into ECI_FT_LOGISTIC_DELIVERY_COST (FROMTO_LOGISTIC_ID,DELIVERY_COST_ID,ASSET_VERSION,IDX) values ('lpd487224842352','487229842346','2','2');
Insert into ECI_FT_LOGISTIC_DELIVERY_COST (FROMTO_LOGISTIC_ID,DELIVERY_COST_ID,ASSET_VERSION,IDX) values ('lpd487224842352','487229842344','2','3');
Insert into ECI_FT_LOGISTIC_DELIVERY_COST (FROMTO_LOGISTIC_ID,DELIVERY_COST_ID,ASSET_VERSION,IDX) values ('lpd487225042343','487225042342','1','0');
Insert into ECI_FT_LOGISTIC_DELIVERY_COST (FROMTO_LOGISTIC_ID,DELIVERY_COST_ID,ASSET_VERSION,IDX) values ('lpd487225042343','487223742384','1','1');
Insert into ECI_FT_LOGISTIC_DELIVERY_COST (FROMTO_LOGISTIC_ID,DELIVERY_COST_ID,ASSET_VERSION,IDX) values ('lpd487225042343','487223742382','1','2');
Insert into ECI_FT_LOGISTIC_DELIVERY_COST (FROMTO_LOGISTIC_ID,DELIVERY_COST_ID,ASSET_VERSION,IDX) values ('lpd487225042343','487223742380','1','3');
Insert into ECI_FT_LOGISTIC_DELIVERY_COST (FROMTO_LOGISTIC_ID,DELIVERY_COST_ID,ASSET_VERSION,IDX) values ('lpd487225042343','487223742376','1','4');
Insert into ECI_FT_LOGISTIC_DELIVERY_COST (FROMTO_LOGISTIC_ID,DELIVERY_COST_ID,ASSET_VERSION,IDX) values ('lpd487225042343','487223742374','1','5');
Insert into ECI_FT_LOGISTIC_DELIVERY_COST (FROMTO_LOGISTIC_ID,DELIVERY_COST_ID,ASSET_VERSION,IDX) values ('lpd487225042343','487223742372','1','6');
Insert into ECI_FT_LOGISTIC_DELIVERY_COST (FROMTO_LOGISTIC_ID,DELIVERY_COST_ID,ASSET_VERSION,IDX) values ('lpd487225042343','487223742370','1','7');
Insert into ECI_FT_LOGISTIC_DELIVERY_COST (FROMTO_LOGISTIC_ID,DELIVERY_COST_ID,ASSET_VERSION,IDX) values ('lpd487225042343','487223742368','1','8');
Insert into ECI_FT_LOGISTIC_DELIVERY_COST (FROMTO_LOGISTIC_ID,DELIVERY_COST_ID,ASSET_VERSION,IDX) values ('lpd487225042343','487223742366','1','9');
Insert into ECI_FT_LOGISTIC_DELIVERY_COST (FROMTO_LOGISTIC_ID,DELIVERY_COST_ID,ASSET_VERSION,IDX) values ('lpd487225042343','487223742362','1','12');
Insert into ECI_FT_LOGISTIC_DELIVERY_COST (FROMTO_LOGISTIC_ID,DELIVERY_COST_ID,ASSET_VERSION,IDX) values ('lpd487225042343','487223742358','1','10');
Insert into ECI_FT_LOGISTIC_DELIVERY_COST (FROMTO_LOGISTIC_ID,DELIVERY_COST_ID,ASSET_VERSION,IDX) values ('lpd487225042343','487223742356','1','11');
Insert into ECI_FT_LOGISTIC_DELIVERY_COST (FROMTO_LOGISTIC_ID,DELIVERY_COST_ID,ASSET_VERSION,IDX) values ('lpd487225042343','487223742352','1','13');
Insert into ECI_FT_LOGISTIC_DELIVERY_COST (FROMTO_LOGISTIC_ID,DELIVERY_COST_ID,ASSET_VERSION,IDX) values ('lpd487225042343','487223742350','1','14');
Insert into ECI_FT_LOGISTIC_DELIVERY_COST (FROMTO_LOGISTIC_ID,DELIVERY_COST_ID,ASSET_VERSION,IDX) values ('lpd487225042343','487223742348','1','15');
Insert into ECI_FT_LOGISTIC_DELIVERY_COST (FROMTO_LOGISTIC_ID,DELIVERY_COST_ID,ASSET_VERSION,IDX) values ('lpd487225042344','487228842354','1','0');
Insert into ECI_FT_LOGISTIC_DELIVERY_COST (FROMTO_LOGISTIC_ID,DELIVERY_COST_ID,ASSET_VERSION,IDX) values ('lpd487225042344','487228842352','1','1');
Insert into ECI_FT_LOGISTIC_DELIVERY_COST (FROMTO_LOGISTIC_ID,DELIVERY_COST_ID,ASSET_VERSION,IDX) values ('lpd487225042344','487227642342','1','16');
Insert into ECI_FT_LOGISTIC_DELIVERY_COST (FROMTO_LOGISTIC_ID,DELIVERY_COST_ID,ASSET_VERSION,IDX) values ('lpd487225042344','487225042342','1','2');
Insert into ECI_FT_LOGISTIC_DELIVERY_COST (FROMTO_LOGISTIC_ID,DELIVERY_COST_ID,ASSET_VERSION,IDX) values ('lpd487225042344','487223742384','1','3');
Insert into ECI_FT_LOGISTIC_DELIVERY_COST (FROMTO_LOGISTIC_ID,DELIVERY_COST_ID,ASSET_VERSION,IDX) values ('lpd487225042344','487223742382','1','4');
Insert into ECI_FT_LOGISTIC_DELIVERY_COST (FROMTO_LOGISTIC_ID,DELIVERY_COST_ID,ASSET_VERSION,IDX) values ('lpd487225042344','487223742380','1','5');
Insert into ECI_FT_LOGISTIC_DELIVERY_COST (FROMTO_LOGISTIC_ID,DELIVERY_COST_ID,ASSET_VERSION,IDX) values ('lpd487225042344','487223742376','1','6');
Insert into ECI_FT_LOGISTIC_DELIVERY_COST (FROMTO_LOGISTIC_ID,DELIVERY_COST_ID,ASSET_VERSION,IDX) values ('lpd487225042344','487223742374','1','7');
Insert into ECI_FT_LOGISTIC_DELIVERY_COST (FROMTO_LOGISTIC_ID,DELIVERY_COST_ID,ASSET_VERSION,IDX) values ('lpd487225042344','487223742372','1','8');
Insert into ECI_FT_LOGISTIC_DELIVERY_COST (FROMTO_LOGISTIC_ID,DELIVERY_COST_ID,ASSET_VERSION,IDX) values ('lpd487225042344','487223742370','1','9');
Insert into ECI_FT_LOGISTIC_DELIVERY_COST (FROMTO_LOGISTIC_ID,DELIVERY_COST_ID,ASSET_VERSION,IDX) values ('lpd487225042344','487223742368','1','10');
Insert into ECI_FT_LOGISTIC_DELIVERY_COST (FROMTO_LOGISTIC_ID,DELIVERY_COST_ID,ASSET_VERSION,IDX) values ('lpd487225042344','487223742366','1','11');
Insert into ECI_FT_LOGISTIC_DELIVERY_COST (FROMTO_LOGISTIC_ID,DELIVERY_COST_ID,ASSET_VERSION,IDX) values ('lpd487225042344','487223742362','1','14');
Insert into ECI_FT_LOGISTIC_DELIVERY_COST (FROMTO_LOGISTIC_ID,DELIVERY_COST_ID,ASSET_VERSION,IDX) values ('lpd487225042344','487223742358','1','12');
Insert into ECI_FT_LOGISTIC_DELIVERY_COST (FROMTO_LOGISTIC_ID,DELIVERY_COST_ID,ASSET_VERSION,IDX) values ('lpd487225042344','487223742356','1','13');
Insert into ECI_FT_LOGISTIC_DELIVERY_COST (FROMTO_LOGISTIC_ID,DELIVERY_COST_ID,ASSET_VERSION,IDX) values ('lpd487225042344','487223742352','1','15');
Insert into ECI_FT_LOGISTIC_DELIVERY_COST (FROMTO_LOGISTIC_ID,DELIVERY_COST_ID,ASSET_VERSION,IDX) values ('lpd487221942348','487224342380','3','0');
Insert into ECI_FT_LOGISTIC_DELIVERY_COST (FROMTO_LOGISTIC_ID,DELIVERY_COST_ID,ASSET_VERSION,IDX) values ('lpd487221942348','487224342378','3','1');
Insert into ECI_FT_LOGISTIC_DELIVERY_COST (FROMTO_LOGISTIC_ID,DELIVERY_COST_ID,ASSET_VERSION,IDX) values ('lpd487221942348','487224342376','3','2');
Insert into ECI_FT_LOGISTIC_DELIVERY_COST (FROMTO_LOGISTIC_ID,DELIVERY_COST_ID,ASSET_VERSION,IDX) values ('lpd487221942348','487224342374','3','3');
Insert into ECI_FT_LOGISTIC_DELIVERY_COST (FROMTO_LOGISTIC_ID,DELIVERY_COST_ID,ASSET_VERSION,IDX) values ('lpd487221942348','487224342372','3','4');
Insert into ECI_FT_LOGISTIC_DELIVERY_COST (FROMTO_LOGISTIC_ID,DELIVERY_COST_ID,ASSET_VERSION,IDX) values ('lpd487221942348','487224342370','3','5');
Insert into ECI_FT_LOGISTIC_DELIVERY_COST (FROMTO_LOGISTIC_ID,DELIVERY_COST_ID,ASSET_VERSION,IDX) values ('lpd487221942348','487224342368','3','6');
Insert into ECI_FT_LOGISTIC_DELIVERY_COST (FROMTO_LOGISTIC_ID,DELIVERY_COST_ID,ASSET_VERSION,IDX) values ('lpd487222542344','487226242354','1','3');
Insert into ECI_FT_LOGISTIC_DELIVERY_COST (FROMTO_LOGISTIC_ID,DELIVERY_COST_ID,ASSET_VERSION,IDX) values ('lpd487222542344','487226242352','1','1');
Insert into ECI_FT_LOGISTIC_DELIVERY_COST (FROMTO_LOGISTIC_ID,DELIVERY_COST_ID,ASSET_VERSION,IDX) values ('lpd487222542344','487226242350','1','0');
Insert into ECI_FT_LOGISTIC_DELIVERY_COST (FROMTO_LOGISTIC_ID,DELIVERY_COST_ID,ASSET_VERSION,IDX) values ('lpd487222542344','487226242348','1','2');
Insert into ECI_FT_LOGISTIC_DELIVERY_COST (FROMTO_LOGISTIC_ID,DELIVERY_COST_ID,ASSET_VERSION,IDX) values ('lpd487222542345','487226242354','2','3');
Insert into ECI_FT_LOGISTIC_DELIVERY_COST (FROMTO_LOGISTIC_ID,DELIVERY_COST_ID,ASSET_VERSION,IDX) values ('lpd487222542345','487226242352','2','1');
Insert into ECI_FT_LOGISTIC_DELIVERY_COST (FROMTO_LOGISTIC_ID,DELIVERY_COST_ID,ASSET_VERSION,IDX) values ('lpd487222542345','487226242350','2','0');
Insert into ECI_FT_LOGISTIC_DELIVERY_COST (FROMTO_LOGISTIC_ID,DELIVERY_COST_ID,ASSET_VERSION,IDX) values ('lpd487222542345','487226242348','2','2');
Insert into ECI_FT_LOGISTIC_DELIVERY_COST (FROMTO_LOGISTIC_ID,DELIVERY_COST_ID,ASSET_VERSION,IDX) values ('lpd487222542348','487226242364','2','3');
Insert into ECI_FT_LOGISTIC_DELIVERY_COST (FROMTO_LOGISTIC_ID,DELIVERY_COST_ID,ASSET_VERSION,IDX) values ('lpd487222542348','487226242362','2','2');
Insert into ECI_FT_LOGISTIC_DELIVERY_COST (FROMTO_LOGISTIC_ID,DELIVERY_COST_ID,ASSET_VERSION,IDX) values ('lpd487222542348','487226242360','2','1');
Insert into ECI_FT_LOGISTIC_DELIVERY_COST (FROMTO_LOGISTIC_ID,DELIVERY_COST_ID,ASSET_VERSION,IDX) values ('lpd487222542348','487226242358','2','0');
Insert into ECI_FT_LOGISTIC_DELIVERY_COST (FROMTO_LOGISTIC_ID,DELIVERY_COST_ID,ASSET_VERSION,IDX) values ('lpd487222942343','487221342444','1','15');
Insert into ECI_FT_LOGISTIC_DELIVERY_COST (FROMTO_LOGISTIC_ID,DELIVERY_COST_ID,ASSET_VERSION,IDX) values ('lpd487222942343','487221342442','1','14');
Insert into ECI_FT_LOGISTIC_DELIVERY_COST (FROMTO_LOGISTIC_ID,DELIVERY_COST_ID,ASSET_VERSION,IDX) values ('lpd487222942343','487221342440','1','13');
Insert into ECI_FT_LOGISTIC_DELIVERY_COST (FROMTO_LOGISTIC_ID,DELIVERY_COST_ID,ASSET_VERSION,IDX) values ('lpd487222942343','487221342434','1','10');
Insert into ECI_FT_LOGISTIC_DELIVERY_COST (FROMTO_LOGISTIC_ID,DELIVERY_COST_ID,ASSET_VERSION,IDX) values ('lpd487222942343','487221342416','1','1');
Insert into ECI_FT_LOGISTIC_DELIVERY_COST (FROMTO_LOGISTIC_ID,DELIVERY_COST_ID,ASSET_VERSION,IDX) values ('lpd487222942343','487221342414','1','0');
Insert into ECI_FT_LOGISTIC_DELIVERY_COST (FROMTO_LOGISTIC_ID,DELIVERY_COST_ID,ASSET_VERSION,IDX) values ('lpd487222942343','487220842366','1','9');
Insert into ECI_FT_LOGISTIC_DELIVERY_COST (FROMTO_LOGISTIC_ID,DELIVERY_COST_ID,ASSET_VERSION,IDX) values ('lpd487222942343','487220842364','1','8');
Insert into ECI_FT_LOGISTIC_DELIVERY_COST (FROMTO_LOGISTIC_ID,DELIVERY_COST_ID,ASSET_VERSION,IDX) values ('lpd487222942343','487220842350','1','6');
Insert into ECI_FT_LOGISTIC_DELIVERY_COST (FROMTO_LOGISTIC_ID,DELIVERY_COST_ID,ASSET_VERSION,IDX) values ('lpd487222942343','487220842348','1','5');
Insert into ECI_FT_LOGISTIC_DELIVERY_COST (FROMTO_LOGISTIC_ID,DELIVERY_COST_ID,ASSET_VERSION,IDX) values ('lpd487222942343','138012222390','1','7');
Insert into ECI_FT_LOGISTIC_DELIVERY_COST (FROMTO_LOGISTIC_ID,DELIVERY_COST_ID,ASSET_VERSION,IDX) values ('lpd487222942343','138012222384','1','2');
Insert into ECI_FT_LOGISTIC_DELIVERY_COST (FROMTO_LOGISTIC_ID,DELIVERY_COST_ID,ASSET_VERSION,IDX) values ('lpd487222942343','138012222364','1','12');
Insert into ECI_FT_LOGISTIC_DELIVERY_COST (FROMTO_LOGISTIC_ID,DELIVERY_COST_ID,ASSET_VERSION,IDX) values ('lpd487222942343','138012222362','1','11');
Insert into ECI_FT_LOGISTIC_DELIVERY_COST (FROMTO_LOGISTIC_ID,DELIVERY_COST_ID,ASSET_VERSION,IDX) values ('lpd487222942343','138012222348','1','4');
Insert into ECI_FT_LOGISTIC_DELIVERY_COST (FROMTO_LOGISTIC_ID,DELIVERY_COST_ID,ASSET_VERSION,IDX) values ('lpd487222942343','138012222346','1','3');
Insert into ECI_FT_LOGISTIC_DELIVERY_COST (FROMTO_LOGISTIC_ID,DELIVERY_COST_ID,ASSET_VERSION,IDX) values ('lpd487223142344','487226742356','1','2');
Insert into ECI_FT_LOGISTIC_DELIVERY_COST (FROMTO_LOGISTIC_ID,DELIVERY_COST_ID,ASSET_VERSION,IDX) values ('lpd487223142344','487226742354','1','3');
Insert into ECI_FT_LOGISTIC_DELIVERY_COST (FROMTO_LOGISTIC_ID,DELIVERY_COST_ID,ASSET_VERSION,IDX) values ('lpd487223142344','487226742350','1','0');
Insert into ECI_FT_LOGISTIC_DELIVERY_COST (FROMTO_LOGISTIC_ID,DELIVERY_COST_ID,ASSET_VERSION,IDX) values ('lpd487223142344','487226742346','1','1');
Insert into ECI_FT_LOGISTIC_DELIVERY_COST (FROMTO_LOGISTIC_ID,DELIVERY_COST_ID,ASSET_VERSION,IDX) values ('lpd487223242343','487225942342','2','0');
Insert into ECI_FT_LOGISTIC_DELIVERY_COST (FROMTO_LOGISTIC_ID,DELIVERY_COST_ID,ASSET_VERSION,IDX) values ('lpd487223242343','487222942404','2','1');
Insert into ECI_FT_LOGISTIC_DELIVERY_COST (FROMTO_LOGISTIC_ID,DELIVERY_COST_ID,ASSET_VERSION,IDX) values ('lpd487223242343','487222942400','2','2');
Insert into ECI_FT_LOGISTIC_DELIVERY_COST (FROMTO_LOGISTIC_ID,DELIVERY_COST_ID,ASSET_VERSION,IDX) values ('lpd487223242343','487222942398','2','3');
Insert into ECI_FT_LOGISTIC_DELIVERY_COST (FROMTO_LOGISTIC_ID,DELIVERY_COST_ID,ASSET_VERSION,IDX) values ('lpd487223242343','487222942396','2','4');
Insert into ECI_FT_LOGISTIC_DELIVERY_COST (FROMTO_LOGISTIC_ID,DELIVERY_COST_ID,ASSET_VERSION,IDX) values ('lpd487223242343','487222942394','2','5');
Insert into ECI_FT_LOGISTIC_DELIVERY_COST (FROMTO_LOGISTIC_ID,DELIVERY_COST_ID,ASSET_VERSION,IDX) values ('lpd487223242343','487222942392','2','6');
Insert into ECI_FT_LOGISTIC_DELIVERY_COST (FROMTO_LOGISTIC_ID,DELIVERY_COST_ID,ASSET_VERSION,IDX) values ('lpd487223242343','487222942390','2','7');
Insert into ECI_FT_LOGISTIC_DELIVERY_COST (FROMTO_LOGISTIC_ID,DELIVERY_COST_ID,ASSET_VERSION,IDX) values ('lpd487223242343','487222942388','2','8');
Insert into ECI_FT_LOGISTIC_DELIVERY_COST (FROMTO_LOGISTIC_ID,DELIVERY_COST_ID,ASSET_VERSION,IDX) values ('lpd487223242343','487222942386','2','9');
Insert into ECI_FT_LOGISTIC_DELIVERY_COST (FROMTO_LOGISTIC_ID,DELIVERY_COST_ID,ASSET_VERSION,IDX) values ('lpd487223242343','487222942384','2','10');
Insert into ECI_FT_LOGISTIC_DELIVERY_COST (FROMTO_LOGISTIC_ID,DELIVERY_COST_ID,ASSET_VERSION,IDX) values ('lpd487223242343','487222942382','2','11');
Insert into ECI_FT_LOGISTIC_DELIVERY_COST (FROMTO_LOGISTIC_ID,DELIVERY_COST_ID,ASSET_VERSION,IDX) values ('lpd487223242343','487222942380','2','12');
Insert into ECI_FT_LOGISTIC_DELIVERY_COST (FROMTO_LOGISTIC_ID,DELIVERY_COST_ID,ASSET_VERSION,IDX) values ('lpd487223342344','487226942376','1','0');
Insert into ECI_FT_LOGISTIC_DELIVERY_COST (FROMTO_LOGISTIC_ID,DELIVERY_COST_ID,ASSET_VERSION,IDX) values ('lpd487223342344','487226942374','1','1');
Insert into ECI_FT_LOGISTIC_DELIVERY_COST (FROMTO_LOGISTIC_ID,DELIVERY_COST_ID,ASSET_VERSION,IDX) values ('lpd487223342344','487226942372','1','2');
Insert into ECI_FT_LOGISTIC_DELIVERY_COST (FROMTO_LOGISTIC_ID,DELIVERY_COST_ID,ASSET_VERSION,IDX) values ('lpd487223342344','487226942370','1','3');
Insert into ECI_FT_LOGISTIC_DELIVERY_COST (FROMTO_LOGISTIC_ID,DELIVERY_COST_ID,ASSET_VERSION,IDX) values ('lpd487223342344','487226942368','1','4');
Insert into ECI_FT_LOGISTIC_DELIVERY_COST (FROMTO_LOGISTIC_ID,DELIVERY_COST_ID,ASSET_VERSION,IDX) values ('lpd487223342344','487226942366','1','5');
Insert into ECI_FT_LOGISTIC_DELIVERY_COST (FROMTO_LOGISTIC_ID,DELIVERY_COST_ID,ASSET_VERSION,IDX) values ('lpd487223342344','487226942364','1','6');
Insert into ECI_FT_LOGISTIC_DELIVERY_COST (FROMTO_LOGISTIC_ID,DELIVERY_COST_ID,ASSET_VERSION,IDX) values ('lpd487223342344','487226942362','1','7');
Insert into ECI_FT_LOGISTIC_DELIVERY_COST (FROMTO_LOGISTIC_ID,DELIVERY_COST_ID,ASSET_VERSION,IDX) values ('lpd487223342344','487226942360','1','8');
Insert into ECI_FT_LOGISTIC_DELIVERY_COST (FROMTO_LOGISTIC_ID,DELIVERY_COST_ID,ASSET_VERSION,IDX) values ('lpd487223342344','487226942358','1','9');
Insert into ECI_FT_LOGISTIC_DELIVERY_COST (FROMTO_LOGISTIC_ID,DELIVERY_COST_ID,ASSET_VERSION,IDX) values ('lpd487223342344','487226942356','1','10');
Insert into ECI_FT_LOGISTIC_DELIVERY_COST (FROMTO_LOGISTIC_ID,DELIVERY_COST_ID,ASSET_VERSION,IDX) values ('lpd487223342344','487226942354','1','11');
Insert into ECI_FT_LOGISTIC_DELIVERY_COST (FROMTO_LOGISTIC_ID,DELIVERY_COST_ID,ASSET_VERSION,IDX) values ('lpd487223342344','487226942352','1','12');
Insert into ECI_FT_LOGISTIC_DELIVERY_COST (FROMTO_LOGISTIC_ID,DELIVERY_COST_ID,ASSET_VERSION,IDX) values ('lpd487223342344','487226942350','1','13');
Insert into ECI_FT_LOGISTIC_DELIVERY_COST (FROMTO_LOGISTIC_ID,DELIVERY_COST_ID,ASSET_VERSION,IDX) values ('lpd487223342344','487226942348','1','14');
Insert into ECI_FT_LOGISTIC_DELIVERY_COST (FROMTO_LOGISTIC_ID,DELIVERY_COST_ID,ASSET_VERSION,IDX) values ('lpd487223342344','487226942346','1','15');

Insert into ECI_FT_LOGISTIC_STSCOST (FROMTO_LOGISTIC_ID,STS_COST_ID,ASSET_VERSION,IDX) values ('lpd487221442348','487223442364','27','6');
Insert into ECI_FT_LOGISTIC_STSCOST (FROMTO_LOGISTIC_ID,STS_COST_ID,ASSET_VERSION,IDX) values ('lpd487221442348','487223442362','27','7');
Insert into ECI_FT_LOGISTIC_STSCOST (FROMTO_LOGISTIC_ID,STS_COST_ID,ASSET_VERSION,IDX) values ('lpd487221442348','487223442360','27','3');
Insert into ECI_FT_LOGISTIC_STSCOST (FROMTO_LOGISTIC_ID,STS_COST_ID,ASSET_VERSION,IDX) values ('lpd487221442348','487223442358','27','2');
Insert into ECI_FT_LOGISTIC_STSCOST (FROMTO_LOGISTIC_ID,STS_COST_ID,ASSET_VERSION,IDX) values ('lpd487221442348','487223442356','27','8');
Insert into ECI_FT_LOGISTIC_STSCOST (FROMTO_LOGISTIC_ID,STS_COST_ID,ASSET_VERSION,IDX) values ('lpd487221442348','487223442354','27','9');
Insert into ECI_FT_LOGISTIC_STSCOST (FROMTO_LOGISTIC_ID,STS_COST_ID,ASSET_VERSION,IDX) values ('lpd487221442348','487223442352','27','4');
Insert into ECI_FT_LOGISTIC_STSCOST (FROMTO_LOGISTIC_ID,STS_COST_ID,ASSET_VERSION,IDX) values ('lpd487221442348','487223442350','27','1');
Insert into ECI_FT_LOGISTIC_STSCOST (FROMTO_LOGISTIC_ID,STS_COST_ID,ASSET_VERSION,IDX) values ('lpd487221442348','487223442348','27','10');
Insert into ECI_FT_LOGISTIC_STSCOST (FROMTO_LOGISTIC_ID,STS_COST_ID,ASSET_VERSION,IDX) values ('lpd487221442348','487223442346','27','11');
Insert into ECI_FT_LOGISTIC_STSCOST (FROMTO_LOGISTIC_ID,STS_COST_ID,ASSET_VERSION,IDX) values ('lpd487221442348','487223442344','27','5');
Insert into ECI_FT_LOGISTIC_STSCOST (FROMTO_LOGISTIC_ID,STS_COST_ID,ASSET_VERSION,IDX) values ('lpd487221442348','487223442342','27','0');
Insert into ECI_FT_LOGISTIC_STSCOST (FROMTO_LOGISTIC_ID,STS_COST_ID,ASSET_VERSION,IDX) values ('lpd487223242343','487223442364','2','5');
Insert into ECI_FT_LOGISTIC_STSCOST (FROMTO_LOGISTIC_ID,STS_COST_ID,ASSET_VERSION,IDX) values ('lpd487223242343','487223442362','2','6');
Insert into ECI_FT_LOGISTIC_STSCOST (FROMTO_LOGISTIC_ID,STS_COST_ID,ASSET_VERSION,IDX) values ('lpd487223242343','487223442360','2','2');
Insert into ECI_FT_LOGISTIC_STSCOST (FROMTO_LOGISTIC_ID,STS_COST_ID,ASSET_VERSION,IDX) values ('lpd487223242343','487223442358','2','1');
Insert into ECI_FT_LOGISTIC_STSCOST (FROMTO_LOGISTIC_ID,STS_COST_ID,ASSET_VERSION,IDX) values ('lpd487223242343','487223442356','2','7');
Insert into ECI_FT_LOGISTIC_STSCOST (FROMTO_LOGISTIC_ID,STS_COST_ID,ASSET_VERSION,IDX) values ('lpd487223242343','487223442354','2','8');
Insert into ECI_FT_LOGISTIC_STSCOST (FROMTO_LOGISTIC_ID,STS_COST_ID,ASSET_VERSION,IDX) values ('lpd487223242343','487223442352','2','3');
Insert into ECI_FT_LOGISTIC_STSCOST (FROMTO_LOGISTIC_ID,STS_COST_ID,ASSET_VERSION,IDX) values ('lpd487223242343','487223442350','2','0');
Insert into ECI_FT_LOGISTIC_STSCOST (FROMTO_LOGISTIC_ID,STS_COST_ID,ASSET_VERSION,IDX) values ('lpd487223242343','487223442348','2','9');
Insert into ECI_FT_LOGISTIC_STSCOST (FROMTO_LOGISTIC_ID,STS_COST_ID,ASSET_VERSION,IDX) values ('lpd487223242343','487223442346','2','10');
Insert into ECI_FT_LOGISTIC_STSCOST (FROMTO_LOGISTIC_ID,STS_COST_ID,ASSET_VERSION,IDX) values ('lpd487223242343','487223442344','2','4');
Insert into ECI_FT_LOGISTIC_STSCOST (FROMTO_LOGISTIC_ID,STS_COST_ID,ASSET_VERSION,IDX) values ('lpd487224742344','487229942358','7','3');
Insert into ECI_FT_LOGISTIC_STSCOST (FROMTO_LOGISTIC_ID,STS_COST_ID,ASSET_VERSION,IDX) values ('lpd487224742344','487229942356','7','4');
Insert into ECI_FT_LOGISTIC_STSCOST (FROMTO_LOGISTIC_ID,STS_COST_ID,ASSET_VERSION,IDX) values ('lpd487224742344','487229942354','7','5');
Insert into ECI_FT_LOGISTIC_STSCOST (FROMTO_LOGISTIC_ID,STS_COST_ID,ASSET_VERSION,IDX) values ('lpd487224742344','487229942352','7','6');
Insert into ECI_FT_LOGISTIC_STSCOST (FROMTO_LOGISTIC_ID,STS_COST_ID,ASSET_VERSION,IDX) values ('lpd487224742344','487229942350','7','7');
Insert into ECI_FT_LOGISTIC_STSCOST (FROMTO_LOGISTIC_ID,STS_COST_ID,ASSET_VERSION,IDX) values ('lpd487224742344','487229942348','7','8');
Insert into ECI_FT_LOGISTIC_STSCOST (FROMTO_LOGISTIC_ID,STS_COST_ID,ASSET_VERSION,IDX) values ('lpd487224742344','487229942346','7','9');
Insert into ECI_FT_LOGISTIC_STSCOST (FROMTO_LOGISTIC_ID,STS_COST_ID,ASSET_VERSION,IDX) values ('lpd487224742344','487229942344','7','10');
Insert into ECI_FT_LOGISTIC_STSCOST (FROMTO_LOGISTIC_ID,STS_COST_ID,ASSET_VERSION,IDX) values ('lpd487224742344','487223042346','7','2');
Insert into ECI_FT_LOGISTIC_STSCOST (FROMTO_LOGISTIC_ID,STS_COST_ID,ASSET_VERSION,IDX) values ('lpd487224742344','138012222398','7','1');
Insert into ECI_FT_LOGISTIC_STSCOST (FROMTO_LOGISTIC_ID,STS_COST_ID,ASSET_VERSION,IDX) values ('lpd487224742344','138012222372','7','0');
Insert into ECI_FT_LOGISTIC_STSCOST (FROMTO_LOGISTIC_ID,STS_COST_ID,ASSET_VERSION,IDX) values ('lpd487224842345','487223042344','4','3');
Insert into ECI_FT_LOGISTIC_STSCOST (FROMTO_LOGISTIC_ID,STS_COST_ID,ASSET_VERSION,IDX) values ('lpd487224842345','138012222390','4','2');
Insert into ECI_FT_LOGISTIC_STSCOST (FROMTO_LOGISTIC_ID,STS_COST_ID,ASSET_VERSION,IDX) values ('lpd487224842345','138012222384','4','1');
Insert into ECI_FT_LOGISTIC_STSCOST (FROMTO_LOGISTIC_ID,STS_COST_ID,ASSET_VERSION,IDX) values ('lpd487224842345','138012222362','4','0');
Insert into ECI_FT_LOGISTIC_STSCOST (FROMTO_LOGISTIC_ID,STS_COST_ID,ASSET_VERSION,IDX) values ('lpd487224842348','487221342414','2','3');
Insert into ECI_FT_LOGISTIC_STSCOST (FROMTO_LOGISTIC_ID,STS_COST_ID,ASSET_VERSION,IDX) values ('lpd487224842348','138012222364','2','2');
Insert into ECI_FT_LOGISTIC_STSCOST (FROMTO_LOGISTIC_ID,STS_COST_ID,ASSET_VERSION,IDX) values ('lpd487224842348','138012222354','2','1');
Insert into ECI_FT_LOGISTIC_STSCOST (FROMTO_LOGISTIC_ID,STS_COST_ID,ASSET_VERSION,IDX) values ('lpd487224842348','138012222346','2','0');
Insert into ECI_FT_LOGISTIC_STSCOST (FROMTO_LOGISTIC_ID,STS_COST_ID,ASSET_VERSION,IDX) values ('lpd487224842352','487222342342','2','3');
Insert into ECI_FT_LOGISTIC_STSCOST (FROMTO_LOGISTIC_ID,STS_COST_ID,ASSET_VERSION,IDX) values ('lpd487224842352','138012222366','2','2');
Insert into ECI_FT_LOGISTIC_STSCOST (FROMTO_LOGISTIC_ID,STS_COST_ID,ASSET_VERSION,IDX) values ('lpd487224842352','138012222356','2','1');
Insert into ECI_FT_LOGISTIC_STSCOST (FROMTO_LOGISTIC_ID,STS_COST_ID,ASSET_VERSION,IDX) values ('lpd487224842352','138012222348','2','0');

Insert into ECI_FT_LOGISTIC_PAYMENT_TYPE (FROMTO_LOGISTIC_ID,PAYMENT_TYPE_ID,ASSET_VERSION) values ('lpd487221642344','487220742342','10');
Insert into ECI_FT_LOGISTIC_PAYMENT_TYPE (FROMTO_LOGISTIC_ID,PAYMENT_TYPE_ID,ASSET_VERSION) values ('lpd487221642344','487220542352','10');
Insert into ECI_FT_LOGISTIC_PAYMENT_TYPE (FROMTO_LOGISTIC_ID,PAYMENT_TYPE_ID,ASSET_VERSION) values ('lpd487221642344','487220542350','10');
Insert into ECI_FT_LOGISTIC_PAYMENT_TYPE (FROMTO_LOGISTIC_ID,PAYMENT_TYPE_ID,ASSET_VERSION) values ('lpd487221642344','487220542348','10');
Insert into ECI_FT_LOGISTIC_PAYMENT_TYPE (FROMTO_LOGISTIC_ID,PAYMENT_TYPE_ID,ASSET_VERSION) values ('lpd487221642344','487220542346','10');
Insert into ECI_FT_LOGISTIC_PAYMENT_TYPE (FROMTO_LOGISTIC_ID,PAYMENT_TYPE_ID,ASSET_VERSION) values ('lpd487221642344','487220542344','10');
Insert into ECI_FT_LOGISTIC_PAYMENT_TYPE (FROMTO_LOGISTIC_ID,PAYMENT_TYPE_ID,ASSET_VERSION) values ('lpd487221642344','100002','10');
Insert into ECI_FT_LOGISTIC_PAYMENT_TYPE (FROMTO_LOGISTIC_ID,PAYMENT_TYPE_ID,ASSET_VERSION) values ('lpd487221742344','487220742342','8');
Insert into ECI_FT_LOGISTIC_PAYMENT_TYPE (FROMTO_LOGISTIC_ID,PAYMENT_TYPE_ID,ASSET_VERSION) values ('lpd487221742344','487220542352','8');
Insert into ECI_FT_LOGISTIC_PAYMENT_TYPE (FROMTO_LOGISTIC_ID,PAYMENT_TYPE_ID,ASSET_VERSION) values ('lpd487221742344','487220542350','8');
Insert into ECI_FT_LOGISTIC_PAYMENT_TYPE (FROMTO_LOGISTIC_ID,PAYMENT_TYPE_ID,ASSET_VERSION) values ('lpd487221742344','487220542348','8');
Insert into ECI_FT_LOGISTIC_PAYMENT_TYPE (FROMTO_LOGISTIC_ID,PAYMENT_TYPE_ID,ASSET_VERSION) values ('lpd487221742344','487220542346','8');
Insert into ECI_FT_LOGISTIC_PAYMENT_TYPE (FROMTO_LOGISTIC_ID,PAYMENT_TYPE_ID,ASSET_VERSION) values ('lpd487221742344','487220542344','8');
Insert into ECI_FT_LOGISTIC_PAYMENT_TYPE (FROMTO_LOGISTIC_ID,PAYMENT_TYPE_ID,ASSET_VERSION) values ('lpd487221742344','100002','8');
Insert into ECI_FT_LOGISTIC_PAYMENT_TYPE (FROMTO_LOGISTIC_ID,PAYMENT_TYPE_ID,ASSET_VERSION) values ('lpd487221742346','487220742342','2');
Insert into ECI_FT_LOGISTIC_PAYMENT_TYPE (FROMTO_LOGISTIC_ID,PAYMENT_TYPE_ID,ASSET_VERSION) values ('lpd487221742346','487220542352','2');
Insert into ECI_FT_LOGISTIC_PAYMENT_TYPE (FROMTO_LOGISTIC_ID,PAYMENT_TYPE_ID,ASSET_VERSION) values ('lpd487221742346','487220542350','2');
Insert into ECI_FT_LOGISTIC_PAYMENT_TYPE (FROMTO_LOGISTIC_ID,PAYMENT_TYPE_ID,ASSET_VERSION) values ('lpd487221742346','487220542348','2');
Insert into ECI_FT_LOGISTIC_PAYMENT_TYPE (FROMTO_LOGISTIC_ID,PAYMENT_TYPE_ID,ASSET_VERSION) values ('lpd487221742346','487220542346','2');
Insert into ECI_FT_LOGISTIC_PAYMENT_TYPE (FROMTO_LOGISTIC_ID,PAYMENT_TYPE_ID,ASSET_VERSION) values ('lpd487221742346','487220542344','2');
Insert into ECI_FT_LOGISTIC_PAYMENT_TYPE (FROMTO_LOGISTIC_ID,PAYMENT_TYPE_ID,ASSET_VERSION) values ('lpd487221742346','100002','2');
Insert into ECI_FT_LOGISTIC_PAYMENT_TYPE (FROMTO_LOGISTIC_ID,PAYMENT_TYPE_ID,ASSET_VERSION) values ('lpd487221842346','487221342344','3');
Insert into ECI_FT_LOGISTIC_PAYMENT_TYPE (FROMTO_LOGISTIC_ID,PAYMENT_TYPE_ID,ASSET_VERSION) values ('lpd487221842346','487220742342','3');
Insert into ECI_FT_LOGISTIC_PAYMENT_TYPE (FROMTO_LOGISTIC_ID,PAYMENT_TYPE_ID,ASSET_VERSION) values ('lpd487221842346','487220542352','3');
Insert into ECI_FT_LOGISTIC_PAYMENT_TYPE (FROMTO_LOGISTIC_ID,PAYMENT_TYPE_ID,ASSET_VERSION) values ('lpd487221842346','487220542350','3');
Insert into ECI_FT_LOGISTIC_PAYMENT_TYPE (FROMTO_LOGISTIC_ID,PAYMENT_TYPE_ID,ASSET_VERSION) values ('lpd487221842346','487220542348','3');
Insert into ECI_FT_LOGISTIC_PAYMENT_TYPE (FROMTO_LOGISTIC_ID,PAYMENT_TYPE_ID,ASSET_VERSION) values ('lpd487221842346','487220542346','3');
Insert into ECI_FT_LOGISTIC_PAYMENT_TYPE (FROMTO_LOGISTIC_ID,PAYMENT_TYPE_ID,ASSET_VERSION) values ('lpd487221842346','487220542344','3');
Insert into ECI_FT_LOGISTIC_PAYMENT_TYPE (FROMTO_LOGISTIC_ID,PAYMENT_TYPE_ID,ASSET_VERSION) values ('lpd487221842346','100002','3');
Insert into ECI_FT_LOGISTIC_PAYMENT_TYPE (FROMTO_LOGISTIC_ID,PAYMENT_TYPE_ID,ASSET_VERSION) values ('lpd487222542344','487221542344','1');
Insert into ECI_FT_LOGISTIC_PAYMENT_TYPE (FROMTO_LOGISTIC_ID,PAYMENT_TYPE_ID,ASSET_VERSION) values ('lpd487222542344','487221342344','1');
Insert into ECI_FT_LOGISTIC_PAYMENT_TYPE (FROMTO_LOGISTIC_ID,PAYMENT_TYPE_ID,ASSET_VERSION) values ('lpd487222542344','487220742342','1');
Insert into ECI_FT_LOGISTIC_PAYMENT_TYPE (FROMTO_LOGISTIC_ID,PAYMENT_TYPE_ID,ASSET_VERSION) values ('lpd487222542344','487220542352','1');
Insert into ECI_FT_LOGISTIC_PAYMENT_TYPE (FROMTO_LOGISTIC_ID,PAYMENT_TYPE_ID,ASSET_VERSION) values ('lpd487222542344','487220542350','1');
Insert into ECI_FT_LOGISTIC_PAYMENT_TYPE (FROMTO_LOGISTIC_ID,PAYMENT_TYPE_ID,ASSET_VERSION) values ('lpd487222542344','487220542348','1');
Insert into ECI_FT_LOGISTIC_PAYMENT_TYPE (FROMTO_LOGISTIC_ID,PAYMENT_TYPE_ID,ASSET_VERSION) values ('lpd487222542344','487220542346','1');
Insert into ECI_FT_LOGISTIC_PAYMENT_TYPE (FROMTO_LOGISTIC_ID,PAYMENT_TYPE_ID,ASSET_VERSION) values ('lpd487222542344','487220542344','1');
Insert into ECI_FT_LOGISTIC_PAYMENT_TYPE (FROMTO_LOGISTIC_ID,PAYMENT_TYPE_ID,ASSET_VERSION) values ('lpd487222542344','100002','1');
Insert into ECI_FT_LOGISTIC_PAYMENT_TYPE (FROMTO_LOGISTIC_ID,PAYMENT_TYPE_ID,ASSET_VERSION) values ('lpd487222542345','487221542344','2');
Insert into ECI_FT_LOGISTIC_PAYMENT_TYPE (FROMTO_LOGISTIC_ID,PAYMENT_TYPE_ID,ASSET_VERSION) values ('lpd487222542345','487221342344','2');
Insert into ECI_FT_LOGISTIC_PAYMENT_TYPE (FROMTO_LOGISTIC_ID,PAYMENT_TYPE_ID,ASSET_VERSION) values ('lpd487222542345','487220742342','2');
Insert into ECI_FT_LOGISTIC_PAYMENT_TYPE (FROMTO_LOGISTIC_ID,PAYMENT_TYPE_ID,ASSET_VERSION) values ('lpd487222542345','487220542352','2');
Insert into ECI_FT_LOGISTIC_PAYMENT_TYPE (FROMTO_LOGISTIC_ID,PAYMENT_TYPE_ID,ASSET_VERSION) values ('lpd487222542345','487220542350','2');
Insert into ECI_FT_LOGISTIC_PAYMENT_TYPE (FROMTO_LOGISTIC_ID,PAYMENT_TYPE_ID,ASSET_VERSION) values ('lpd487222542345','487220542348','2');
Insert into ECI_FT_LOGISTIC_PAYMENT_TYPE (FROMTO_LOGISTIC_ID,PAYMENT_TYPE_ID,ASSET_VERSION) values ('lpd487222542345','487220542346','2');
Insert into ECI_FT_LOGISTIC_PAYMENT_TYPE (FROMTO_LOGISTIC_ID,PAYMENT_TYPE_ID,ASSET_VERSION) values ('lpd487222542345','487220542344','2');
Insert into ECI_FT_LOGISTIC_PAYMENT_TYPE (FROMTO_LOGISTIC_ID,PAYMENT_TYPE_ID,ASSET_VERSION) values ('lpd487222542345','100002','2');
Insert into ECI_FT_LOGISTIC_PAYMENT_TYPE (FROMTO_LOGISTIC_ID,PAYMENT_TYPE_ID,ASSET_VERSION) values ('lpd487222542348','487221542344','2');
Insert into ECI_FT_LOGISTIC_PAYMENT_TYPE (FROMTO_LOGISTIC_ID,PAYMENT_TYPE_ID,ASSET_VERSION) values ('lpd487222542348','487221342344','2');
Insert into ECI_FT_LOGISTIC_PAYMENT_TYPE (FROMTO_LOGISTIC_ID,PAYMENT_TYPE_ID,ASSET_VERSION) values ('lpd487222542348','487220742342','2');
Insert into ECI_FT_LOGISTIC_PAYMENT_TYPE (FROMTO_LOGISTIC_ID,PAYMENT_TYPE_ID,ASSET_VERSION) values ('lpd487222542348','487220542352','2');
Insert into ECI_FT_LOGISTIC_PAYMENT_TYPE (FROMTO_LOGISTIC_ID,PAYMENT_TYPE_ID,ASSET_VERSION) values ('lpd487222542348','487220542350','2');
Insert into ECI_FT_LOGISTIC_PAYMENT_TYPE (FROMTO_LOGISTIC_ID,PAYMENT_TYPE_ID,ASSET_VERSION) values ('lpd487222542348','487220542348','2');
Insert into ECI_FT_LOGISTIC_PAYMENT_TYPE (FROMTO_LOGISTIC_ID,PAYMENT_TYPE_ID,ASSET_VERSION) values ('lpd487222542348','487220542346','2');
Insert into ECI_FT_LOGISTIC_PAYMENT_TYPE (FROMTO_LOGISTIC_ID,PAYMENT_TYPE_ID,ASSET_VERSION) values ('lpd487222542348','487220542344','2');
Insert into ECI_FT_LOGISTIC_PAYMENT_TYPE (FROMTO_LOGISTIC_ID,PAYMENT_TYPE_ID,ASSET_VERSION) values ('lpd487222542348','100002','2');
Insert into ECI_FT_LOGISTIC_PAYMENT_TYPE (FROMTO_LOGISTIC_ID,PAYMENT_TYPE_ID,ASSET_VERSION) values ('lpd487223442343','487220742342','1');
Insert into ECI_FT_LOGISTIC_PAYMENT_TYPE (FROMTO_LOGISTIC_ID,PAYMENT_TYPE_ID,ASSET_VERSION) values ('lpd487223442343','487220542352','1');
Insert into ECI_FT_LOGISTIC_PAYMENT_TYPE (FROMTO_LOGISTIC_ID,PAYMENT_TYPE_ID,ASSET_VERSION) values ('lpd487223442343','487220542350','1');
Insert into ECI_FT_LOGISTIC_PAYMENT_TYPE (FROMTO_LOGISTIC_ID,PAYMENT_TYPE_ID,ASSET_VERSION) values ('lpd487223442343','487220542348','1');
Insert into ECI_FT_LOGISTIC_PAYMENT_TYPE (FROMTO_LOGISTIC_ID,PAYMENT_TYPE_ID,ASSET_VERSION) values ('lpd487223442343','487220542346','1');
Insert into ECI_FT_LOGISTIC_PAYMENT_TYPE (FROMTO_LOGISTIC_ID,PAYMENT_TYPE_ID,ASSET_VERSION) values ('lpd487223442343','487220542344','1');
Insert into ECI_FT_LOGISTIC_PAYMENT_TYPE (FROMTO_LOGISTIC_ID,PAYMENT_TYPE_ID,ASSET_VERSION) values ('lpd487223442343','100002','1');
Insert into ECI_FT_LOGISTIC_PAYMENT_TYPE (FROMTO_LOGISTIC_ID,PAYMENT_TYPE_ID,ASSET_VERSION) values ('lpd487223442344','487220742342','1');
Insert into ECI_FT_LOGISTIC_PAYMENT_TYPE (FROMTO_LOGISTIC_ID,PAYMENT_TYPE_ID,ASSET_VERSION) values ('lpd487223442344','487220542352','1');
Insert into ECI_FT_LOGISTIC_PAYMENT_TYPE (FROMTO_LOGISTIC_ID,PAYMENT_TYPE_ID,ASSET_VERSION) values ('lpd487223442344','487220542350','1');
Insert into ECI_FT_LOGISTIC_PAYMENT_TYPE (FROMTO_LOGISTIC_ID,PAYMENT_TYPE_ID,ASSET_VERSION) values ('lpd487223442344','487220542348','1');
Insert into ECI_FT_LOGISTIC_PAYMENT_TYPE (FROMTO_LOGISTIC_ID,PAYMENT_TYPE_ID,ASSET_VERSION) values ('lpd487223442344','487220542346','1');
Insert into ECI_FT_LOGISTIC_PAYMENT_TYPE (FROMTO_LOGISTIC_ID,PAYMENT_TYPE_ID,ASSET_VERSION) values ('lpd487223442344','487220542344','1');
Insert into ECI_FT_LOGISTIC_PAYMENT_TYPE (FROMTO_LOGISTIC_ID,PAYMENT_TYPE_ID,ASSET_VERSION) values ('lpd487223442344','100002','1');
Insert into ECI_FT_LOGISTIC_PAYMENT_TYPE (FROMTO_LOGISTIC_ID,PAYMENT_TYPE_ID,ASSET_VERSION) values ('lpd487223542343','487220742342','10');
Insert into ECI_FT_LOGISTIC_PAYMENT_TYPE (FROMTO_LOGISTIC_ID,PAYMENT_TYPE_ID,ASSET_VERSION) values ('lpd487223542343','487220542352','10');
Insert into ECI_FT_LOGISTIC_PAYMENT_TYPE (FROMTO_LOGISTIC_ID,PAYMENT_TYPE_ID,ASSET_VERSION) values ('lpd487223542343','487220542350','10');
Insert into ECI_FT_LOGISTIC_PAYMENT_TYPE (FROMTO_LOGISTIC_ID,PAYMENT_TYPE_ID,ASSET_VERSION) values ('lpd487223542343','487220542348','10');
Insert into ECI_FT_LOGISTIC_PAYMENT_TYPE (FROMTO_LOGISTIC_ID,PAYMENT_TYPE_ID,ASSET_VERSION) values ('lpd487223542343','487220542346','10');
Insert into ECI_FT_LOGISTIC_PAYMENT_TYPE (FROMTO_LOGISTIC_ID,PAYMENT_TYPE_ID,ASSET_VERSION) values ('lpd487223542343','487220542344','10');
Insert into ECI_FT_LOGISTIC_PAYMENT_TYPE (FROMTO_LOGISTIC_ID,PAYMENT_TYPE_ID,ASSET_VERSION) values ('lpd487223542343','100002','10');
Insert into ECI_FT_LOGISTIC_PAYMENT_TYPE (FROMTO_LOGISTIC_ID,PAYMENT_TYPE_ID,ASSET_VERSION) values ('lpd487225042343','487220742342','1');
Insert into ECI_FT_LOGISTIC_PAYMENT_TYPE (FROMTO_LOGISTIC_ID,PAYMENT_TYPE_ID,ASSET_VERSION) values ('lpd487225042343','487220542352','1');
Insert into ECI_FT_LOGISTIC_PAYMENT_TYPE (FROMTO_LOGISTIC_ID,PAYMENT_TYPE_ID,ASSET_VERSION) values ('lpd487225042343','487220542350','1');
Insert into ECI_FT_LOGISTIC_PAYMENT_TYPE (FROMTO_LOGISTIC_ID,PAYMENT_TYPE_ID,ASSET_VERSION) values ('lpd487225042343','487220542348','1');
Insert into ECI_FT_LOGISTIC_PAYMENT_TYPE (FROMTO_LOGISTIC_ID,PAYMENT_TYPE_ID,ASSET_VERSION) values ('lpd487225042343','487220542346','1');
Insert into ECI_FT_LOGISTIC_PAYMENT_TYPE (FROMTO_LOGISTIC_ID,PAYMENT_TYPE_ID,ASSET_VERSION) values ('lpd487225042343','487220542344','1');
Insert into ECI_FT_LOGISTIC_PAYMENT_TYPE (FROMTO_LOGISTIC_ID,PAYMENT_TYPE_ID,ASSET_VERSION) values ('lpd487225042343','100002','1');
Insert into ECI_FT_LOGISTIC_PAYMENT_TYPE (FROMTO_LOGISTIC_ID,PAYMENT_TYPE_ID,ASSET_VERSION) values ('lpd487225042344','487220742342','1');
Insert into ECI_FT_LOGISTIC_PAYMENT_TYPE (FROMTO_LOGISTIC_ID,PAYMENT_TYPE_ID,ASSET_VERSION) values ('lpd487225042344','487220542352','1');
Insert into ECI_FT_LOGISTIC_PAYMENT_TYPE (FROMTO_LOGISTIC_ID,PAYMENT_TYPE_ID,ASSET_VERSION) values ('lpd487225042344','487220542350','1');
Insert into ECI_FT_LOGISTIC_PAYMENT_TYPE (FROMTO_LOGISTIC_ID,PAYMENT_TYPE_ID,ASSET_VERSION) values ('lpd487225042344','487220542348','1');
Insert into ECI_FT_LOGISTIC_PAYMENT_TYPE (FROMTO_LOGISTIC_ID,PAYMENT_TYPE_ID,ASSET_VERSION) values ('lpd487225042344','487220542346','1');
Insert into ECI_FT_LOGISTIC_PAYMENT_TYPE (FROMTO_LOGISTIC_ID,PAYMENT_TYPE_ID,ASSET_VERSION) values ('lpd487225042344','487220542344','1');
Insert into ECI_FT_LOGISTIC_PAYMENT_TYPE (FROMTO_LOGISTIC_ID,PAYMENT_TYPE_ID,ASSET_VERSION) values ('lpd487225042344','100002','1');
Insert into ECI_FT_LOGISTIC_PAYMENT_TYPE (FROMTO_LOGISTIC_ID,PAYMENT_TYPE_ID,ASSET_VERSION) values ('lpd487221442348','487220542352','27');
Insert into ECI_FT_LOGISTIC_PAYMENT_TYPE (FROMTO_LOGISTIC_ID,PAYMENT_TYPE_ID,ASSET_VERSION) values ('lpd487221442348','487220542350','27');
Insert into ECI_FT_LOGISTIC_PAYMENT_TYPE (FROMTO_LOGISTIC_ID,PAYMENT_TYPE_ID,ASSET_VERSION) values ('lpd487221442348','487220542346','27');
Insert into ECI_FT_LOGISTIC_PAYMENT_TYPE (FROMTO_LOGISTIC_ID,PAYMENT_TYPE_ID,ASSET_VERSION) values ('lpd487221442348','487220542344','27');
Insert into ECI_FT_LOGISTIC_PAYMENT_TYPE (FROMTO_LOGISTIC_ID,PAYMENT_TYPE_ID,ASSET_VERSION) values ('lpd487221542344','487220542352','6');
Insert into ECI_FT_LOGISTIC_PAYMENT_TYPE (FROMTO_LOGISTIC_ID,PAYMENT_TYPE_ID,ASSET_VERSION) values ('lpd487221542344','487220542350','6');
Insert into ECI_FT_LOGISTIC_PAYMENT_TYPE (FROMTO_LOGISTIC_ID,PAYMENT_TYPE_ID,ASSET_VERSION) values ('lpd487221542344','487220542346','6');
Insert into ECI_FT_LOGISTIC_PAYMENT_TYPE (FROMTO_LOGISTIC_ID,PAYMENT_TYPE_ID,ASSET_VERSION) values ('lpd487221542344','487220542344','6');
Insert into ECI_FT_LOGISTIC_PAYMENT_TYPE (FROMTO_LOGISTIC_ID,PAYMENT_TYPE_ID,ASSET_VERSION) values ('lpd487221942346','487220542352','1');
Insert into ECI_FT_LOGISTIC_PAYMENT_TYPE (FROMTO_LOGISTIC_ID,PAYMENT_TYPE_ID,ASSET_VERSION) values ('lpd487221942346','487220542350','1');
Insert into ECI_FT_LOGISTIC_PAYMENT_TYPE (FROMTO_LOGISTIC_ID,PAYMENT_TYPE_ID,ASSET_VERSION) values ('lpd487221942346','487220542346','1');
Insert into ECI_FT_LOGISTIC_PAYMENT_TYPE (FROMTO_LOGISTIC_ID,PAYMENT_TYPE_ID,ASSET_VERSION) values ('lpd487221942346','487220542344','1');
Insert into ECI_FT_LOGISTIC_PAYMENT_TYPE (FROMTO_LOGISTIC_ID,PAYMENT_TYPE_ID,ASSET_VERSION) values ('lpd487221942348','487220542352','3');
Insert into ECI_FT_LOGISTIC_PAYMENT_TYPE (FROMTO_LOGISTIC_ID,PAYMENT_TYPE_ID,ASSET_VERSION) values ('lpd487221942348','487220542350','3');
Insert into ECI_FT_LOGISTIC_PAYMENT_TYPE (FROMTO_LOGISTIC_ID,PAYMENT_TYPE_ID,ASSET_VERSION) values ('lpd487221942348','487220542346','3');
Insert into ECI_FT_LOGISTIC_PAYMENT_TYPE (FROMTO_LOGISTIC_ID,PAYMENT_TYPE_ID,ASSET_VERSION) values ('lpd487221942348','487220542344','3');
Insert into ECI_FT_LOGISTIC_PAYMENT_TYPE (FROMTO_LOGISTIC_ID,PAYMENT_TYPE_ID,ASSET_VERSION) values ('lpd487222942343','487220542352','1');
Insert into ECI_FT_LOGISTIC_PAYMENT_TYPE (FROMTO_LOGISTIC_ID,PAYMENT_TYPE_ID,ASSET_VERSION) values ('lpd487222942343','487220542350','1');
Insert into ECI_FT_LOGISTIC_PAYMENT_TYPE (FROMTO_LOGISTIC_ID,PAYMENT_TYPE_ID,ASSET_VERSION) values ('lpd487222942343','487220542346','1');
Insert into ECI_FT_LOGISTIC_PAYMENT_TYPE (FROMTO_LOGISTIC_ID,PAYMENT_TYPE_ID,ASSET_VERSION) values ('lpd487222942343','487220542344','1');
Insert into ECI_FT_LOGISTIC_PAYMENT_TYPE (FROMTO_LOGISTIC_ID,PAYMENT_TYPE_ID,ASSET_VERSION) values ('lpd487223142344','487220542352','1');
Insert into ECI_FT_LOGISTIC_PAYMENT_TYPE (FROMTO_LOGISTIC_ID,PAYMENT_TYPE_ID,ASSET_VERSION) values ('lpd487223142344','487220542350','1');
Insert into ECI_FT_LOGISTIC_PAYMENT_TYPE (FROMTO_LOGISTIC_ID,PAYMENT_TYPE_ID,ASSET_VERSION) values ('lpd487223142344','487220542348','1');
Insert into ECI_FT_LOGISTIC_PAYMENT_TYPE (FROMTO_LOGISTIC_ID,PAYMENT_TYPE_ID,ASSET_VERSION) values ('lpd487223142344','487220542346','1');
Insert into ECI_FT_LOGISTIC_PAYMENT_TYPE (FROMTO_LOGISTIC_ID,PAYMENT_TYPE_ID,ASSET_VERSION) values ('lpd487223142344','487220542344','1');
Insert into ECI_FT_LOGISTIC_PAYMENT_TYPE (FROMTO_LOGISTIC_ID,PAYMENT_TYPE_ID,ASSET_VERSION) values ('lpd487223242343','487220542352','2');
Insert into ECI_FT_LOGISTIC_PAYMENT_TYPE (FROMTO_LOGISTIC_ID,PAYMENT_TYPE_ID,ASSET_VERSION) values ('lpd487223242343','487220542350','2');
Insert into ECI_FT_LOGISTIC_PAYMENT_TYPE (FROMTO_LOGISTIC_ID,PAYMENT_TYPE_ID,ASSET_VERSION) values ('lpd487223242343','487220542346','2');
Insert into ECI_FT_LOGISTIC_PAYMENT_TYPE (FROMTO_LOGISTIC_ID,PAYMENT_TYPE_ID,ASSET_VERSION) values ('lpd487223242343','487220542344','2');
Insert into ECI_FT_LOGISTIC_PAYMENT_TYPE (FROMTO_LOGISTIC_ID,PAYMENT_TYPE_ID,ASSET_VERSION) values ('lpd487224442346','487220542352','2');
Insert into ECI_FT_LOGISTIC_PAYMENT_TYPE (FROMTO_LOGISTIC_ID,PAYMENT_TYPE_ID,ASSET_VERSION) values ('lpd487224442346','487220542350','2');
Insert into ECI_FT_LOGISTIC_PAYMENT_TYPE (FROMTO_LOGISTIC_ID,PAYMENT_TYPE_ID,ASSET_VERSION) values ('lpd487224442346','487220542346','2');
Insert into ECI_FT_LOGISTIC_PAYMENT_TYPE (FROMTO_LOGISTIC_ID,PAYMENT_TYPE_ID,ASSET_VERSION) values ('lpd487224442346','487220542344','2');

-- Gastos de envío
Insert into ECI_DELIVERY_COST (DELIVERY_COST_ID,VERSION_DELETED,VERSION_EDITABLE,PRED_VERSION,WORKSPACE_ID,BRANCH_ID,IS_HEAD,CHECKIN_DATE,ASSET_VERSION,GOOD_TYPE,COST_TO,COST,COMPANY,RETURN_COST) values ('138012222344','0','0',null,'117005522465','10100','1',to_date('24/07/2013','DD/MM/YYYY'),'1','2','15','11,8',null,'11,8');
Insert into ECI_DELIVERY_COST (DELIVERY_COST_ID,VERSION_DELETED,VERSION_EDITABLE,PRED_VERSION,WORKSPACE_ID,BRANCH_ID,IS_HEAD,CHECKIN_DATE,ASSET_VERSION,GOOD_TYPE,COST_TO,COST,COMPANY,RETURN_COST) values ('138012222346','0','0',null,'117005522465','10100','1',to_date('24/07/2013','DD/MM/YYYY'),'1','2','15','11,8',null,'11,8');
Insert into ECI_DELIVERY_COST (DELIVERY_COST_ID,VERSION_DELETED,VERSION_EDITABLE,PRED_VERSION,WORKSPACE_ID,BRANCH_ID,IS_HEAD,CHECKIN_DATE,ASSET_VERSION,GOOD_TYPE,COST_TO,COST,COMPANY,RETURN_COST) values ('138012222348','0','0',null,'117005522465','10100','1',to_date('24/07/2013','DD/MM/YYYY'),'1','2','24','17,7',null,'17,7');
Insert into ECI_DELIVERY_COST (DELIVERY_COST_ID,VERSION_DELETED,VERSION_EDITABLE,PRED_VERSION,WORKSPACE_ID,BRANCH_ID,IS_HEAD,CHECKIN_DATE,ASSET_VERSION,GOOD_TYPE,COST_TO,COST,COMPANY,RETURN_COST) values ('138012222350','0','0',null,'117005522465','10100','1',to_date('24/07/2013','DD/MM/YYYY'),'1','2','999','17,7',null,'17,7');
Insert into ECI_DELIVERY_COST (DELIVERY_COST_ID,VERSION_DELETED,VERSION_EDITABLE,PRED_VERSION,WORKSPACE_ID,BRANCH_ID,IS_HEAD,CHECKIN_DATE,ASSET_VERSION,GOOD_TYPE,COST_TO,COST,COMPANY,RETURN_COST) values ('138012222352','0','0',null,'117005522465','10100','1',to_date('24/07/2013','DD/MM/YYYY'),'1','0','2','14',null,'14');
Insert into ECI_DELIVERY_COST (DELIVERY_COST_ID,VERSION_DELETED,VERSION_EDITABLE,PRED_VERSION,WORKSPACE_ID,BRANCH_ID,IS_HEAD,CHECKIN_DATE,ASSET_VERSION,GOOD_TYPE,COST_TO,COST,COMPANY,RETURN_COST) values ('138012222354','0','0',null,'117005522465','10100','1',to_date('24/07/2013','DD/MM/YYYY'),'1','0','5','28,9',null,'28,9');
Insert into ECI_DELIVERY_COST (DELIVERY_COST_ID,VERSION_DELETED,VERSION_EDITABLE,PRED_VERSION,WORKSPACE_ID,BRANCH_ID,IS_HEAD,CHECKIN_DATE,ASSET_VERSION,GOOD_TYPE,COST_TO,COST,COMPANY,RETURN_COST) values ('138012222356','0','0',null,'117005522465','10100','1',to_date('24/07/2013','DD/MM/YYYY'),'1','0','10','40',null,'40');
Insert into ECI_DELIVERY_COST (DELIVERY_COST_ID,VERSION_DELETED,VERSION_EDITABLE,PRED_VERSION,WORKSPACE_ID,BRANCH_ID,IS_HEAD,CHECKIN_DATE,ASSET_VERSION,GOOD_TYPE,COST_TO,COST,COMPANY,RETURN_COST) values ('138012222358','0','0',null,'117005522465','10100','1',to_date('24/07/2013','DD/MM/YYYY'),'1','0','15','50',null,'50');
Insert into ECI_DELIVERY_COST (DELIVERY_COST_ID,VERSION_DELETED,VERSION_EDITABLE,PRED_VERSION,WORKSPACE_ID,BRANCH_ID,IS_HEAD,CHECKIN_DATE,ASSET_VERSION,GOOD_TYPE,COST_TO,COST,COMPANY,RETURN_COST) values ('138012222360','0','0',null,'117005522465','10100','1',to_date('24/07/2013','DD/MM/YYYY'),'1','0','999','28,9',null,'28,9');
Insert into ECI_DELIVERY_COST (DELIVERY_COST_ID,VERSION_DELETED,VERSION_EDITABLE,PRED_VERSION,WORKSPACE_ID,BRANCH_ID,IS_HEAD,CHECKIN_DATE,ASSET_VERSION,GOOD_TYPE,COST_TO,COST,COMPANY,RETURN_COST) values ('138012222362','0','0',null,'117005522465','10100','1',to_date('24/07/2013','DD/MM/YYYY'),'1','1','7','9,8',null,'9,8');
Insert into ECI_DELIVERY_COST (DELIVERY_COST_ID,VERSION_DELETED,VERSION_EDITABLE,PRED_VERSION,WORKSPACE_ID,BRANCH_ID,IS_HEAD,CHECKIN_DATE,ASSET_VERSION,GOOD_TYPE,COST_TO,COST,COMPANY,RETURN_COST) values ('138012222364','0','0',null,'117005522465','10100','1',to_date('24/07/2013','DD/MM/YYYY'),'1','1','15','18,9',null,'18,9');
Insert into ECI_DELIVERY_COST (DELIVERY_COST_ID,VERSION_DELETED,VERSION_EDITABLE,PRED_VERSION,WORKSPACE_ID,BRANCH_ID,IS_HEAD,CHECKIN_DATE,ASSET_VERSION,GOOD_TYPE,COST_TO,COST,COMPANY,RETURN_COST) values ('138012222366','0','0',null,'117005522465','10100','1',to_date('24/07/2013','DD/MM/YYYY'),'1','1','24','28,8',null,'28,8');
Insert into ECI_DELIVERY_COST (DELIVERY_COST_ID,VERSION_DELETED,VERSION_EDITABLE,PRED_VERSION,WORKSPACE_ID,BRANCH_ID,IS_HEAD,CHECKIN_DATE,ASSET_VERSION,GOOD_TYPE,COST_TO,COST,COMPANY,RETURN_COST) values ('138012222368','0','0',null,'117005522465','10100','1',to_date('24/07/2013','DD/MM/YYYY'),'1','1','999','28,8',null,'28,8');
Insert into ECI_DELIVERY_COST (DELIVERY_COST_ID,VERSION_DELETED,VERSION_EDITABLE,PRED_VERSION,WORKSPACE_ID,BRANCH_ID,IS_HEAD,CHECKIN_DATE,ASSET_VERSION,GOOD_TYPE,COST_TO,COST,COMPANY,RETURN_COST) values ('138012222370','0','0',null,'117005522465','10100','1',to_date('24/07/2013','DD/MM/YYYY'),'1','2','7','1',null,'1');
Insert into ECI_DELIVERY_COST (DELIVERY_COST_ID,VERSION_DELETED,VERSION_EDITABLE,PRED_VERSION,WORKSPACE_ID,BRANCH_ID,IS_HEAD,CHECKIN_DATE,ASSET_VERSION,GOOD_TYPE,COST_TO,COST,COMPANY,RETURN_COST) values ('138012222372','0','0',null,'117005522465','10100','1',to_date('24/07/2013','DD/MM/YYYY'),'1','2','15','1',null,'1');
Insert into ECI_DELIVERY_COST (DELIVERY_COST_ID,VERSION_DELETED,VERSION_EDITABLE,PRED_VERSION,WORKSPACE_ID,BRANCH_ID,IS_HEAD,CHECKIN_DATE,ASSET_VERSION,GOOD_TYPE,COST_TO,COST,COMPANY,RETURN_COST) values ('138012222374','0','0',null,'117005522465','10100','1',to_date('24/07/2013','DD/MM/YYYY'),'1','2','999','1',null,'1');
Insert into ECI_DELIVERY_COST (DELIVERY_COST_ID,VERSION_DELETED,VERSION_EDITABLE,PRED_VERSION,WORKSPACE_ID,BRANCH_ID,IS_HEAD,CHECKIN_DATE,ASSET_VERSION,GOOD_TYPE,COST_TO,COST,COMPANY,RETURN_COST) values ('138012222376','0','0',null,'117005522465','10100','1',to_date('24/07/2013','DD/MM/YYYY'),'1','0','999','1',null,'1');
Insert into ECI_DELIVERY_COST (DELIVERY_COST_ID,VERSION_DELETED,VERSION_EDITABLE,PRED_VERSION,WORKSPACE_ID,BRANCH_ID,IS_HEAD,CHECKIN_DATE,ASSET_VERSION,GOOD_TYPE,COST_TO,COST,COMPANY,RETURN_COST) values ('138012222378','0','0',null,'117005522465','10100','1',to_date('24/07/2013','DD/MM/YYYY'),'1','1','7','1',null,'1');
Insert into ECI_DELIVERY_COST (DELIVERY_COST_ID,VERSION_DELETED,VERSION_EDITABLE,PRED_VERSION,WORKSPACE_ID,BRANCH_ID,IS_HEAD,CHECKIN_DATE,ASSET_VERSION,GOOD_TYPE,COST_TO,COST,COMPANY,RETURN_COST) values ('138012222380','0','0',null,'117005522465','10100','1',to_date('24/07/2013','DD/MM/YYYY'),'1','1','15','1',null,'1');
Insert into ECI_DELIVERY_COST (DELIVERY_COST_ID,VERSION_DELETED,VERSION_EDITABLE,PRED_VERSION,WORKSPACE_ID,BRANCH_ID,IS_HEAD,CHECKIN_DATE,ASSET_VERSION,GOOD_TYPE,COST_TO,COST,COMPANY,RETURN_COST) values ('138012222382','0','0',null,'117005522465','10100','1',to_date('24/07/2013','DD/MM/YYYY'),'1','1','999','1',null,'1');
Insert into ECI_DELIVERY_COST (DELIVERY_COST_ID,VERSION_DELETED,VERSION_EDITABLE,PRED_VERSION,WORKSPACE_ID,BRANCH_ID,IS_HEAD,CHECKIN_DATE,ASSET_VERSION,GOOD_TYPE,COST_TO,COST,COMPANY,RETURN_COST) values ('138012222384','0','0',null,'138012122442','10100','1',to_date('24/07/2013','DD/MM/YYYY'),'1','2','7','5,9',null,'5,9');
Insert into ECI_DELIVERY_COST (DELIVERY_COST_ID,VERSION_DELETED,VERSION_EDITABLE,PRED_VERSION,WORKSPACE_ID,BRANCH_ID,IS_HEAD,CHECKIN_DATE,ASSET_VERSION,GOOD_TYPE,COST_TO,COST,COMPANY,RETURN_COST) values ('138012222386','0','0',null,'138012122442','10100','1',to_date('24/07/2013','DD/MM/YYYY'),'1','2','15','11,8',null,'11,8');
Insert into ECI_DELIVERY_COST (DELIVERY_COST_ID,VERSION_DELETED,VERSION_EDITABLE,PRED_VERSION,WORKSPACE_ID,BRANCH_ID,IS_HEAD,CHECKIN_DATE,ASSET_VERSION,GOOD_TYPE,COST_TO,COST,COMPANY,RETURN_COST) values ('138012222388','0','0',null,'138012122442','10100','1',to_date('24/07/2013','DD/MM/YYYY'),'1','2','999','17,7',null,'17,7');
Insert into ECI_DELIVERY_COST (DELIVERY_COST_ID,VERSION_DELETED,VERSION_EDITABLE,PRED_VERSION,WORKSPACE_ID,BRANCH_ID,IS_HEAD,CHECKIN_DATE,ASSET_VERSION,GOOD_TYPE,COST_TO,COST,COMPANY,RETURN_COST) values ('138012222390','0','0',null,'138012122442','10100','1',to_date('24/07/2013','DD/MM/YYYY'),'1','0','2','14',null,'14');
Insert into ECI_DELIVERY_COST (DELIVERY_COST_ID,VERSION_DELETED,VERSION_EDITABLE,PRED_VERSION,WORKSPACE_ID,BRANCH_ID,IS_HEAD,CHECKIN_DATE,ASSET_VERSION,GOOD_TYPE,COST_TO,COST,COMPANY,RETURN_COST) values ('138012222392','0','0',null,'138012122442','10100','1',to_date('24/07/2013','DD/MM/YYYY'),'1','0','5','28,9',null,'28,9');
Insert into ECI_DELIVERY_COST (DELIVERY_COST_ID,VERSION_DELETED,VERSION_EDITABLE,PRED_VERSION,WORKSPACE_ID,BRANCH_ID,IS_HEAD,CHECKIN_DATE,ASSET_VERSION,GOOD_TYPE,COST_TO,COST,COMPANY,RETURN_COST) values ('138012222394','0','0',null,'138012122442','10100','1',to_date('24/07/2013','DD/MM/YYYY'),'1','0','999','28,9',null,'28,9');
Insert into ECI_DELIVERY_COST (DELIVERY_COST_ID,VERSION_DELETED,VERSION_EDITABLE,PRED_VERSION,WORKSPACE_ID,BRANCH_ID,IS_HEAD,CHECKIN_DATE,ASSET_VERSION,GOOD_TYPE,COST_TO,COST,COMPANY,RETURN_COST) values ('138012222396','0','0',null,'138012122442','10100','1',to_date('24/07/2013','DD/MM/YYYY'),'1','1','7','9,8',null,'9,8');
Insert into ECI_DELIVERY_COST (DELIVERY_COST_ID,VERSION_DELETED,VERSION_EDITABLE,PRED_VERSION,WORKSPACE_ID,BRANCH_ID,IS_HEAD,CHECKIN_DATE,ASSET_VERSION,GOOD_TYPE,COST_TO,COST,COMPANY,RETURN_COST) values ('138012222398','0','0',null,'138012122442','10100','1',to_date('24/07/2013','DD/MM/YYYY'),'1','1','15','18,9',null,'18,9');
Insert into ECI_DELIVERY_COST (DELIVERY_COST_ID,VERSION_DELETED,VERSION_EDITABLE,PRED_VERSION,WORKSPACE_ID,BRANCH_ID,IS_HEAD,CHECKIN_DATE,ASSET_VERSION,GOOD_TYPE,COST_TO,COST,COMPANY,RETURN_COST) values ('138012222400','0','0',null,'138012122442','10100','1',to_date('24/07/2013','DD/MM/YYYY'),'1','1','24','28,8',null,'28,8');
Insert into ECI_DELIVERY_COST (DELIVERY_COST_ID,VERSION_DELETED,VERSION_EDITABLE,PRED_VERSION,WORKSPACE_ID,BRANCH_ID,IS_HEAD,CHECKIN_DATE,ASSET_VERSION,GOOD_TYPE,COST_TO,COST,COMPANY,RETURN_COST) values ('138012222402','0','0',null,'138012122442','10100','1',to_date('24/07/2013','DD/MM/YYYY'),'1','1','999','28,8',null,'28,8');
Insert into ECI_DELIVERY_COST (DELIVERY_COST_ID,VERSION_DELETED,VERSION_EDITABLE,PRED_VERSION,WORKSPACE_ID,BRANCH_ID,IS_HEAD,CHECKIN_DATE,ASSET_VERSION,GOOD_TYPE,COST_TO,COST,COMPANY,RETURN_COST) values ('138012222342','0','0',null,'117005522465','10100','1',to_date('24/07/2013','DD/MM/YYYY'),'1','2','7','5,9',null,'5,9');
Insert into ECI_DELIVERY_COST (DELIVERY_COST_ID,VERSION_DELETED,VERSION_EDITABLE,PRED_VERSION,WORKSPACE_ID,BRANCH_ID,IS_HEAD,CHECKIN_DATE,ASSET_VERSION,GOOD_TYPE,COST_TO,COST,COMPANY,RETURN_COST) values ('138012222404','0','0',null,'138012122444','10100','1',to_date('24/07/2013','DD/MM/YYYY'),'1','2','7','20',null,'20');
Insert into ECI_DELIVERY_COST (DELIVERY_COST_ID,VERSION_DELETED,VERSION_EDITABLE,PRED_VERSION,WORKSPACE_ID,BRANCH_ID,IS_HEAD,CHECKIN_DATE,ASSET_VERSION,GOOD_TYPE,COST_TO,COST,COMPANY,RETURN_COST) values ('138012222406','0','0',null,'138012122444','10100','1',to_date('24/07/2013','DD/MM/YYYY'),'1','2','15','30',null,'30');
Insert into ECI_DELIVERY_COST (DELIVERY_COST_ID,VERSION_DELETED,VERSION_EDITABLE,PRED_VERSION,WORKSPACE_ID,BRANCH_ID,IS_HEAD,CHECKIN_DATE,ASSET_VERSION,GOOD_TYPE,COST_TO,COST,COMPANY,RETURN_COST) values ('138012222408','0','0',null,'138012122444','10100','1',to_date('24/07/2013','DD/MM/YYYY'),'1','2','24','40',null,'40');
Insert into ECI_DELIVERY_COST (DELIVERY_COST_ID,VERSION_DELETED,VERSION_EDITABLE,PRED_VERSION,WORKSPACE_ID,BRANCH_ID,IS_HEAD,CHECKIN_DATE,ASSET_VERSION,GOOD_TYPE,COST_TO,COST,COMPANY,RETURN_COST) values ('138012222410','0','0',null,'138012122444','10100','1',to_date('24/07/2013','DD/MM/YYYY'),'1','2','50','50',null,'50');
Insert into ECI_DELIVERY_COST (DELIVERY_COST_ID,VERSION_DELETED,VERSION_EDITABLE,PRED_VERSION,WORKSPACE_ID,BRANCH_ID,IS_HEAD,CHECKIN_DATE,ASSET_VERSION,GOOD_TYPE,COST_TO,COST,COMPANY,RETURN_COST) values ('138012222412','0','0',null,'138012122444','10100','1',to_date('24/07/2013','DD/MM/YYYY'),'1','2','999','50',null,'50');
Insert into ECI_DELIVERY_COST (DELIVERY_COST_ID,VERSION_DELETED,VERSION_EDITABLE,PRED_VERSION,WORKSPACE_ID,BRANCH_ID,IS_HEAD,CHECKIN_DATE,ASSET_VERSION,GOOD_TYPE,COST_TO,COST,COMPANY,RETURN_COST) values ('138012222414','0','0',null,'138012122444','10100','1',to_date('24/07/2013','DD/MM/YYYY'),'1','0','2','40',null,'40');
Insert into ECI_DELIVERY_COST (DELIVERY_COST_ID,VERSION_DELETED,VERSION_EDITABLE,PRED_VERSION,WORKSPACE_ID,BRANCH_ID,IS_HEAD,CHECKIN_DATE,ASSET_VERSION,GOOD_TYPE,COST_TO,COST,COMPANY,RETURN_COST) values ('138012222416','0','0',null,'138012122444','10100','1',to_date('24/07/2013','DD/MM/YYYY'),'1','0','5','50',null,'50');
Insert into ECI_DELIVERY_COST (DELIVERY_COST_ID,VERSION_DELETED,VERSION_EDITABLE,PRED_VERSION,WORKSPACE_ID,BRANCH_ID,IS_HEAD,CHECKIN_DATE,ASSET_VERSION,GOOD_TYPE,COST_TO,COST,COMPANY,RETURN_COST) values ('138012222418','0','0',null,'138012122444','10100','1',to_date('24/07/2013','DD/MM/YYYY'),'1','0','25','75',null,'75');
Insert into ECI_DELIVERY_COST (DELIVERY_COST_ID,VERSION_DELETED,VERSION_EDITABLE,PRED_VERSION,WORKSPACE_ID,BRANCH_ID,IS_HEAD,CHECKIN_DATE,ASSET_VERSION,GOOD_TYPE,COST_TO,COST,COMPANY,RETURN_COST) values ('138012222420','0','0',null,'138012122444','10100','1',to_date('24/07/2013','DD/MM/YYYY'),'1','0','50','100',null,'100');
Insert into ECI_DELIVERY_COST (DELIVERY_COST_ID,VERSION_DELETED,VERSION_EDITABLE,PRED_VERSION,WORKSPACE_ID,BRANCH_ID,IS_HEAD,CHECKIN_DATE,ASSET_VERSION,GOOD_TYPE,COST_TO,COST,COMPANY,RETURN_COST) values ('141013222352','0','0',null,'141013122442','10100','1',to_date('24/07/2013','DD/MM/YYYY'),'1','2','7','20',null,'20');
Insert into ECI_DELIVERY_COST (DELIVERY_COST_ID,VERSION_DELETED,VERSION_EDITABLE,PRED_VERSION,WORKSPACE_ID,BRANCH_ID,IS_HEAD,CHECKIN_DATE,ASSET_VERSION,GOOD_TYPE,COST_TO,COST,COMPANY,RETURN_COST) values ('141013222354','0','0',null,'141013122442','10100','1',to_date('24/07/2013','DD/MM/YYYY'),'1','2','15','30',null,'30');
Insert into ECI_DELIVERY_COST (DELIVERY_COST_ID,VERSION_DELETED,VERSION_EDITABLE,PRED_VERSION,WORKSPACE_ID,BRANCH_ID,IS_HEAD,CHECKIN_DATE,ASSET_VERSION,GOOD_TYPE,COST_TO,COST,COMPANY,RETURN_COST) values ('141013222362','0','0',null,'141013122442','10100','1',to_date('24/07/2013','DD/MM/YYYY'),'1','2','7','50',null,'50');
Insert into ECI_DELIVERY_COST (DELIVERY_COST_ID,VERSION_DELETED,VERSION_EDITABLE,PRED_VERSION,WORKSPACE_ID,BRANCH_ID,IS_HEAD,CHECKIN_DATE,ASSET_VERSION,GOOD_TYPE,COST_TO,COST,COMPANY,RETURN_COST) values ('141013222364','0','0',null,'141013122442','10100','1',to_date('24/07/2013','DD/MM/YYYY'),'1','2','15','75',null,'75');
Insert into ECI_DELIVERY_COST (DELIVERY_COST_ID,VERSION_DELETED,VERSION_EDITABLE,PRED_VERSION,WORKSPACE_ID,BRANCH_ID,IS_HEAD,CHECKIN_DATE,ASSET_VERSION,GOOD_TYPE,COST_TO,COST,COMPANY,RETURN_COST) values ('141013222388','0','0',null,'141013122445','10100','1',to_date('24/07/2013','DD/MM/YYYY'),'1','2','15','30',null,'30');
Insert into ECI_DELIVERY_COST (DELIVERY_COST_ID,VERSION_DELETED,VERSION_EDITABLE,PRED_VERSION,WORKSPACE_ID,BRANCH_ID,IS_HEAD,CHECKIN_DATE,ASSET_VERSION,GOOD_TYPE,COST_TO,COST,COMPANY,RETURN_COST) values ('141013222390','0','0',null,'141013122445','10100','1',to_date('24/07/2013','DD/MM/YYYY'),'1','2','999','50',null,'50');
Insert into ECI_DELIVERY_COST (DELIVERY_COST_ID,VERSION_DELETED,VERSION_EDITABLE,PRED_VERSION,WORKSPACE_ID,BRANCH_ID,IS_HEAD,CHECKIN_DATE,ASSET_VERSION,GOOD_TYPE,COST_TO,COST,COMPANY,RETURN_COST) values ('138012222422','0','0',null,'138012122444','10100','1',to_date('24/07/2013','DD/MM/YYYY'),'1','0','999','50',null,'50');
Insert into ECI_DELIVERY_COST (DELIVERY_COST_ID,VERSION_DELETED,VERSION_EDITABLE,PRED_VERSION,WORKSPACE_ID,BRANCH_ID,IS_HEAD,CHECKIN_DATE,ASSET_VERSION,GOOD_TYPE,COST_TO,COST,COMPANY,RETURN_COST) values ('138012222424','0','0',null,'138012122444','10100','1',to_date('24/07/2013','DD/MM/YYYY'),'1','1','7','30',null,'30');
Insert into ECI_DELIVERY_COST (DELIVERY_COST_ID,VERSION_DELETED,VERSION_EDITABLE,PRED_VERSION,WORKSPACE_ID,BRANCH_ID,IS_HEAD,CHECKIN_DATE,ASSET_VERSION,GOOD_TYPE,COST_TO,COST,COMPANY,RETURN_COST) values ('138012222426','0','0',null,'138012122444','10100','1',to_date('24/07/2013','DD/MM/YYYY'),'1','1','15','35',null,'35');
Insert into ECI_DELIVERY_COST (DELIVERY_COST_ID,VERSION_DELETED,VERSION_EDITABLE,PRED_VERSION,WORKSPACE_ID,BRANCH_ID,IS_HEAD,CHECKIN_DATE,ASSET_VERSION,GOOD_TYPE,COST_TO,COST,COMPANY,RETURN_COST) values ('138012222428','0','0',null,'138012122444','10100','1',to_date('24/07/2013','DD/MM/YYYY'),'1','1','24','50',null,'50');
Insert into ECI_DELIVERY_COST (DELIVERY_COST_ID,VERSION_DELETED,VERSION_EDITABLE,PRED_VERSION,WORKSPACE_ID,BRANCH_ID,IS_HEAD,CHECKIN_DATE,ASSET_VERSION,GOOD_TYPE,COST_TO,COST,COMPANY,RETURN_COST) values ('138012222430','0','0',null,'138012122444','10100','1',to_date('24/07/2013','DD/MM/YYYY'),'1','1','50','75',null,'75');
Insert into ECI_DELIVERY_COST (DELIVERY_COST_ID,VERSION_DELETED,VERSION_EDITABLE,PRED_VERSION,WORKSPACE_ID,BRANCH_ID,IS_HEAD,CHECKIN_DATE,ASSET_VERSION,GOOD_TYPE,COST_TO,COST,COMPANY,RETURN_COST) values ('138012222432','0','0',null,'138012122444','10100','1',to_date('24/07/2013','DD/MM/YYYY'),'1','1','999','75',null,'75');
Insert into ECI_DELIVERY_COST (DELIVERY_COST_ID,VERSION_DELETED,VERSION_EDITABLE,PRED_VERSION,WORKSPACE_ID,BRANCH_ID,IS_HEAD,CHECKIN_DATE,ASSET_VERSION,GOOD_TYPE,COST_TO,COST,COMPANY,RETURN_COST) values ('141013222386','0','0',null,'141013122445','10100','1',to_date('24/07/2013','DD/MM/YYYY'),'1','2','7','23',null,'23');
Insert into ECI_DELIVERY_COST (DELIVERY_COST_ID,VERSION_DELETED,VERSION_EDITABLE,PRED_VERSION,WORKSPACE_ID,BRANCH_ID,IS_HEAD,CHECKIN_DATE,ASSET_VERSION,GOOD_TYPE,COST_TO,COST,COMPANY,RETURN_COST) values ('141013222406','0','0',null,'141013122445','10100','1',to_date('24/07/2013','DD/MM/YYYY'),'1','2','999','75',null,'75');
Insert into ECI_DELIVERY_COST (DELIVERY_COST_ID,VERSION_DELETED,VERSION_EDITABLE,PRED_VERSION,WORKSPACE_ID,BRANCH_ID,IS_HEAD,CHECKIN_DATE,ASSET_VERSION,GOOD_TYPE,COST_TO,COST,COMPANY,RETURN_COST) values ('141013222408','0','0',null,'141013122445','10100','1',to_date('24/07/2013','DD/MM/YYYY'),'1','0','999','150',null,'150');
Insert into ECI_DELIVERY_COST (DELIVERY_COST_ID,VERSION_DELETED,VERSION_EDITABLE,PRED_VERSION,WORKSPACE_ID,BRANCH_ID,IS_HEAD,CHECKIN_DATE,ASSET_VERSION,GOOD_TYPE,COST_TO,COST,COMPANY,RETURN_COST) values ('141013222410','0','0',null,'141013122445','10100','1',to_date('24/07/2013','DD/MM/YYYY'),'1','1','7','54',null,'54');
Insert into ECI_DELIVERY_COST (DELIVERY_COST_ID,VERSION_DELETED,VERSION_EDITABLE,PRED_VERSION,WORKSPACE_ID,BRANCH_ID,IS_HEAD,CHECKIN_DATE,ASSET_VERSION,GOOD_TYPE,COST_TO,COST,COMPANY,RETURN_COST) values ('141013222414','0','0',null,'141013122445','10100','1',to_date('24/07/2013','DD/MM/YYYY'),'1','1','15','7',null,'7');
Insert into ECI_DELIVERY_COST (DELIVERY_COST_ID,VERSION_DELETED,VERSION_EDITABLE,PRED_VERSION,WORKSPACE_ID,BRANCH_ID,IS_HEAD,CHECKIN_DATE,ASSET_VERSION,GOOD_TYPE,COST_TO,COST,COMPANY,RETURN_COST) values ('141013222416','0','0',null,'141013122445','10100','1',to_date('24/07/2013','DD/MM/YYYY'),'1','1','999','120',null,'120');
Insert into ECI_DELIVERY_COST (DELIVERY_COST_ID,VERSION_DELETED,VERSION_EDITABLE,PRED_VERSION,WORKSPACE_ID,BRANCH_ID,IS_HEAD,CHECKIN_DATE,ASSET_VERSION,GOOD_TYPE,COST_TO,COST,COMPANY,RETURN_COST) values ('141013222342','0','0',null,'138012122446','10100','1',to_date('24/07/2013','DD/MM/YYYY'),'1','2','7','40',null,'40');
Insert into ECI_DELIVERY_COST (DELIVERY_COST_ID,VERSION_DELETED,VERSION_EDITABLE,PRED_VERSION,WORKSPACE_ID,BRANCH_ID,IS_HEAD,CHECKIN_DATE,ASSET_VERSION,GOOD_TYPE,COST_TO,COST,COMPANY,RETURN_COST) values ('141013222344','0','0',null,'138012122446','10100','1',to_date('24/07/2013','DD/MM/YYYY'),'1','2','15','50',null,'50');
Insert into ECI_DELIVERY_COST (DELIVERY_COST_ID,VERSION_DELETED,VERSION_EDITABLE,PRED_VERSION,WORKSPACE_ID,BRANCH_ID,IS_HEAD,CHECKIN_DATE,ASSET_VERSION,GOOD_TYPE,COST_TO,COST,COMPANY,RETURN_COST) values ('141013222346','0','0',null,'138012122446','10100','1',to_date('24/07/2013','DD/MM/YYYY'),'1','2','999','275',null,'275');
Insert into ECI_DELIVERY_COST (DELIVERY_COST_ID,VERSION_DELETED,VERSION_EDITABLE,PRED_VERSION,WORKSPACE_ID,BRANCH_ID,IS_HEAD,CHECKIN_DATE,ASSET_VERSION,GOOD_TYPE,COST_TO,COST,COMPANY,RETURN_COST) values ('141013222348','0','0',null,'138012122446','10100','1',to_date('24/07/2013','DD/MM/YYYY'),'1','0','999','275',null,'275');
Insert into ECI_DELIVERY_COST (DELIVERY_COST_ID,VERSION_DELETED,VERSION_EDITABLE,PRED_VERSION,WORKSPACE_ID,BRANCH_ID,IS_HEAD,CHECKIN_DATE,ASSET_VERSION,GOOD_TYPE,COST_TO,COST,COMPANY,RETURN_COST) values ('141013222350','0','0',null,'138012122446','10100','1',to_date('24/07/2013','DD/MM/YYYY'),'1','1','999','275',null,'275');
Insert into ECI_DELIVERY_COST (DELIVERY_COST_ID,VERSION_DELETED,VERSION_EDITABLE,PRED_VERSION,WORKSPACE_ID,BRANCH_ID,IS_HEAD,CHECKIN_DATE,ASSET_VERSION,GOOD_TYPE,COST_TO,COST,COMPANY,RETURN_COST) values ('141013222356','0','0',null,'141013122442','10100','1',to_date('24/07/2013','DD/MM/YYYY'),'1','2','999','50',null,'50');
Insert into ECI_DELIVERY_COST (DELIVERY_COST_ID,VERSION_DELETED,VERSION_EDITABLE,PRED_VERSION,WORKSPACE_ID,BRANCH_ID,IS_HEAD,CHECKIN_DATE,ASSET_VERSION,GOOD_TYPE,COST_TO,COST,COMPANY,RETURN_COST) values ('141013222358','0','0',null,'141013122442','10100','1',to_date('24/07/2013','DD/MM/YYYY'),'1','0','999','500',null,'500');
Insert into ECI_DELIVERY_COST (DELIVERY_COST_ID,VERSION_DELETED,VERSION_EDITABLE,PRED_VERSION,WORKSPACE_ID,BRANCH_ID,IS_HEAD,CHECKIN_DATE,ASSET_VERSION,GOOD_TYPE,COST_TO,COST,COMPANY,RETURN_COST) values ('141013222360','0','0',null,'141013122442','10100','1',to_date('24/07/2013','DD/MM/YYYY'),'1','1','999','50',null,'50');
Insert into ECI_DELIVERY_COST (DELIVERY_COST_ID,VERSION_DELETED,VERSION_EDITABLE,PRED_VERSION,WORKSPACE_ID,BRANCH_ID,IS_HEAD,CHECKIN_DATE,ASSET_VERSION,GOOD_TYPE,COST_TO,COST,COMPANY,RETURN_COST) values ('141013222366','0','0',null,'141013122442','10100','1',to_date('24/07/2013','DD/MM/YYYY'),'1','2','999','275',null,'275');
Insert into ECI_DELIVERY_COST (DELIVERY_COST_ID,VERSION_DELETED,VERSION_EDITABLE,PRED_VERSION,WORKSPACE_ID,BRANCH_ID,IS_HEAD,CHECKIN_DATE,ASSET_VERSION,GOOD_TYPE,COST_TO,COST,COMPANY,RETURN_COST) values ('141013222368','0','0',null,'141013122442','10100','1',to_date('24/07/2013','DD/MM/YYYY'),'1','0','999','275',null,'275');
Insert into ECI_DELIVERY_COST (DELIVERY_COST_ID,VERSION_DELETED,VERSION_EDITABLE,PRED_VERSION,WORKSPACE_ID,BRANCH_ID,IS_HEAD,CHECKIN_DATE,ASSET_VERSION,GOOD_TYPE,COST_TO,COST,COMPANY,RETURN_COST) values ('141013222370','0','0',null,'141013122442','10100','1',to_date('24/07/2013','DD/MM/YYYY'),'1','1','999','275',null,'275');
Insert into ECI_DELIVERY_COST (DELIVERY_COST_ID,VERSION_DELETED,VERSION_EDITABLE,PRED_VERSION,WORKSPACE_ID,BRANCH_ID,IS_HEAD,CHECKIN_DATE,ASSET_VERSION,GOOD_TYPE,COST_TO,COST,COMPANY,RETURN_COST) values ('141013222372','0','0',null,'141013122442','10100','1',to_date('24/07/2013','DD/MM/YYYY'),'1','2','7','18',null,'18');
Insert into ECI_DELIVERY_COST (DELIVERY_COST_ID,VERSION_DELETED,VERSION_EDITABLE,PRED_VERSION,WORKSPACE_ID,BRANCH_ID,IS_HEAD,CHECKIN_DATE,ASSET_VERSION,GOOD_TYPE,COST_TO,COST,COMPANY,RETURN_COST) values ('141013222374','0','0',null,'141013122442','10100','1',to_date('24/07/2013','DD/MM/YYYY'),'1','2','15','23',null,'23');
Insert into ECI_DELIVERY_COST (DELIVERY_COST_ID,VERSION_DELETED,VERSION_EDITABLE,PRED_VERSION,WORKSPACE_ID,BRANCH_ID,IS_HEAD,CHECKIN_DATE,ASSET_VERSION,GOOD_TYPE,COST_TO,COST,COMPANY,RETURN_COST) values ('141013222376','0','0',null,'141013122442','10100','1',to_date('24/07/2013','DD/MM/YYYY'),'1','2','999','50',null,'50');
Insert into ECI_DELIVERY_COST (DELIVERY_COST_ID,VERSION_DELETED,VERSION_EDITABLE,PRED_VERSION,WORKSPACE_ID,BRANCH_ID,IS_HEAD,CHECKIN_DATE,ASSET_VERSION,GOOD_TYPE,COST_TO,COST,COMPANY,RETURN_COST) values ('141013222378','0','0',null,'141013122442','10100','1',to_date('24/07/2013','DD/MM/YYYY'),'1','0','999','500',null,'500');
Insert into ECI_DELIVERY_COST (DELIVERY_COST_ID,VERSION_DELETED,VERSION_EDITABLE,PRED_VERSION,WORKSPACE_ID,BRANCH_ID,IS_HEAD,CHECKIN_DATE,ASSET_VERSION,GOOD_TYPE,COST_TO,COST,COMPANY,RETURN_COST) values ('141013222380','0','0',null,'141013122442','10100','1',to_date('24/07/2013','DD/MM/YYYY'),'1','1','7','23',null,'23');
Insert into ECI_DELIVERY_COST (DELIVERY_COST_ID,VERSION_DELETED,VERSION_EDITABLE,PRED_VERSION,WORKSPACE_ID,BRANCH_ID,IS_HEAD,CHECKIN_DATE,ASSET_VERSION,GOOD_TYPE,COST_TO,COST,COMPANY,RETURN_COST) values ('141013222382','0','0',null,'141013122442','10100','1',to_date('24/07/2013','DD/MM/YYYY'),'1','1','15','31',null,'31');
Insert into ECI_DELIVERY_COST (DELIVERY_COST_ID,VERSION_DELETED,VERSION_EDITABLE,PRED_VERSION,WORKSPACE_ID,BRANCH_ID,IS_HEAD,CHECKIN_DATE,ASSET_VERSION,GOOD_TYPE,COST_TO,COST,COMPANY,RETURN_COST) values ('141013222384','0','0',null,'141013122442','10100','1',to_date('24/07/2013','DD/MM/YYYY'),'1','1','999','50',null,'50');
Insert into ECI_DELIVERY_COST (DELIVERY_COST_ID,VERSION_DELETED,VERSION_EDITABLE,PRED_VERSION,WORKSPACE_ID,BRANCH_ID,IS_HEAD,CHECKIN_DATE,ASSET_VERSION,GOOD_TYPE,COST_TO,COST,COMPANY,RETURN_COST) values ('141013222392','0','0',null,'141013122445','10100','1',to_date('24/07/2013','DD/MM/YYYY'),'1','0','2','39',null,'39');
Insert into ECI_DELIVERY_COST (DELIVERY_COST_ID,VERSION_DELETED,VERSION_EDITABLE,PRED_VERSION,WORKSPACE_ID,BRANCH_ID,IS_HEAD,CHECKIN_DATE,ASSET_VERSION,GOOD_TYPE,COST_TO,COST,COMPANY,RETURN_COST) values ('141013222394','0','0',null,'141013122445','10100','1',to_date('24/07/2013','DD/MM/YYYY'),'1','0','10','500',null,'500');
Insert into ECI_DELIVERY_COST (DELIVERY_COST_ID,VERSION_DELETED,VERSION_EDITABLE,PRED_VERSION,WORKSPACE_ID,BRANCH_ID,IS_HEAD,CHECKIN_DATE,ASSET_VERSION,GOOD_TYPE,COST_TO,COST,COMPANY,RETURN_COST) values ('141013222396','0','0',null,'141013122445','10100','1',to_date('24/07/2013','DD/MM/YYYY'),'1','1','7','30',null,'30');
Insert into ECI_DELIVERY_COST (DELIVERY_COST_ID,VERSION_DELETED,VERSION_EDITABLE,PRED_VERSION,WORKSPACE_ID,BRANCH_ID,IS_HEAD,CHECKIN_DATE,ASSET_VERSION,GOOD_TYPE,COST_TO,COST,COMPANY,RETURN_COST) values ('141013222398','0','0',null,'141013122445','10100','1',to_date('24/07/2013','DD/MM/YYYY'),'1','1','15','39',null,'39');
Insert into ECI_DELIVERY_COST (DELIVERY_COST_ID,VERSION_DELETED,VERSION_EDITABLE,PRED_VERSION,WORKSPACE_ID,BRANCH_ID,IS_HEAD,CHECKIN_DATE,ASSET_VERSION,GOOD_TYPE,COST_TO,COST,COMPANY,RETURN_COST) values ('141013222400','0','0',null,'141013122445','10100','1',to_date('24/07/2013','DD/MM/YYYY'),'1','1','999','50',null,'50');
Insert into ECI_DELIVERY_COST (DELIVERY_COST_ID,VERSION_DELETED,VERSION_EDITABLE,PRED_VERSION,WORKSPACE_ID,BRANCH_ID,IS_HEAD,CHECKIN_DATE,ASSET_VERSION,GOOD_TYPE,COST_TO,COST,COMPANY,RETURN_COST) values ('141013222402','0','0',null,'141013122445','10100','1',to_date('24/07/2013','DD/MM/YYYY'),'1','2','7','43',null,'43');
Insert into ECI_DELIVERY_COST (DELIVERY_COST_ID,VERSION_DELETED,VERSION_EDITABLE,PRED_VERSION,WORKSPACE_ID,BRANCH_ID,IS_HEAD,CHECKIN_DATE,ASSET_VERSION,GOOD_TYPE,COST_TO,COST,COMPANY,RETURN_COST) values ('141013222404','0','0',null,'141013122445','10100','1',to_date('24/07/2013','DD/MM/YYYY'),'1','2','15','54',null,'54');
Insert into ECI_DELIVERY_COST (DELIVERY_COST_ID,VERSION_DELETED,VERSION_EDITABLE,PRED_VERSION,WORKSPACE_ID,BRANCH_ID,IS_HEAD,CHECKIN_DATE,ASSET_VERSION,GOOD_TYPE,COST_TO,COST,COMPANY,RETURN_COST) values ('487220442368','0','0',null,'487220348960','10100','1',to_date('27/11/2013','DD/MM/YYYY'),'1','1','999','1',null,'1');
Insert into ECI_DELIVERY_COST (DELIVERY_COST_ID,VERSION_DELETED,VERSION_EDITABLE,PRED_VERSION,WORKSPACE_ID,BRANCH_ID,IS_HEAD,CHECKIN_DATE,ASSET_VERSION,GOOD_TYPE,COST_TO,COST,COMPANY,RETURN_COST) values ('487220442370','0','0',null,'487220348960','10100','1',to_date('27/11/2013','DD/MM/YYYY'),'1','2','999','1',null,'1');
Insert into ECI_DELIVERY_COST (DELIVERY_COST_ID,VERSION_DELETED,VERSION_EDITABLE,PRED_VERSION,WORKSPACE_ID,BRANCH_ID,IS_HEAD,CHECKIN_DATE,ASSET_VERSION,GOOD_TYPE,COST_TO,COST,COMPANY,RETURN_COST) values ('487220542344','0','0',null,'487220356845','10100','1',to_date('10/12/2013','DD/MM/YYYY'),'1','0','100','69',null,'69');
Insert into ECI_DELIVERY_COST (DELIVERY_COST_ID,VERSION_DELETED,VERSION_EDITABLE,PRED_VERSION,WORKSPACE_ID,BRANCH_ID,IS_HEAD,CHECKIN_DATE,ASSET_VERSION,GOOD_TYPE,COST_TO,COST,COMPANY,RETURN_COST) values ('487220542346','0','0',null,'487220356845','10100','1',to_date('10/12/2013','DD/MM/YYYY'),'1','0','100','69',null,'69');
Insert into ECI_DELIVERY_COST (DELIVERY_COST_ID,VERSION_DELETED,VERSION_EDITABLE,PRED_VERSION,WORKSPACE_ID,BRANCH_ID,IS_HEAD,CHECKIN_DATE,ASSET_VERSION,GOOD_TYPE,COST_TO,COST,COMPANY,RETURN_COST) values ('487220442342','0','0',null,'487220348960','10100','1',to_date('27/11/2013','DD/MM/YYYY'),'1','2','8','5,9',null,'5,9');
Insert into ECI_DELIVERY_COST (DELIVERY_COST_ID,VERSION_DELETED,VERSION_EDITABLE,PRED_VERSION,WORKSPACE_ID,BRANCH_ID,IS_HEAD,CHECKIN_DATE,ASSET_VERSION,GOOD_TYPE,COST_TO,COST,COMPANY,RETURN_COST) values ('487220442344','0','0',null,'487220348960','10100','1',to_date('27/11/2013','DD/MM/YYYY'),'1','2','15','11,8',null,'11,8');
Insert into ECI_DELIVERY_COST (DELIVERY_COST_ID,VERSION_DELETED,VERSION_EDITABLE,PRED_VERSION,WORKSPACE_ID,BRANCH_ID,IS_HEAD,CHECKIN_DATE,ASSET_VERSION,GOOD_TYPE,COST_TO,COST,COMPANY,RETURN_COST) values ('487220442352','0','0',null,'487220348960','10100','1',to_date('27/11/2013','DD/MM/YYYY'),'1','1','7','9,8',null,'9,8');
Insert into ECI_DELIVERY_COST (DELIVERY_COST_ID,VERSION_DELETED,VERSION_EDITABLE,PRED_VERSION,WORKSPACE_ID,BRANCH_ID,IS_HEAD,CHECKIN_DATE,ASSET_VERSION,GOOD_TYPE,COST_TO,COST,COMPANY,RETURN_COST) values ('487220442356','0','0',null,'487220348960','10100','1',to_date('27/11/2013','DD/MM/YYYY'),'1','1','24','28,8',null,'28,8');
Insert into ECI_DELIVERY_COST (DELIVERY_COST_ID,VERSION_DELETED,VERSION_EDITABLE,PRED_VERSION,WORKSPACE_ID,BRANCH_ID,IS_HEAD,CHECKIN_DATE,ASSET_VERSION,GOOD_TYPE,COST_TO,COST,COMPANY,RETURN_COST) values ('487220442358','0','0',null,'487220348960','10100','1',to_date('27/11/2013','DD/MM/YYYY'),'1','1','999','28,8',null,'28,8');
Insert into ECI_DELIVERY_COST (DELIVERY_COST_ID,VERSION_DELETED,VERSION_EDITABLE,PRED_VERSION,WORKSPACE_ID,BRANCH_ID,IS_HEAD,CHECKIN_DATE,ASSET_VERSION,GOOD_TYPE,COST_TO,COST,COMPANY,RETURN_COST) values ('487220442360','0','0',null,'487220348960','10100','1',to_date('27/11/2013','DD/MM/YYYY'),'1','2','999','1',null,'1');
Insert into ECI_DELIVERY_COST (DELIVERY_COST_ID,VERSION_DELETED,VERSION_EDITABLE,PRED_VERSION,WORKSPACE_ID,BRANCH_ID,IS_HEAD,CHECKIN_DATE,ASSET_VERSION,GOOD_TYPE,COST_TO,COST,COMPANY,RETURN_COST) values ('487220442362','0','0',null,'487220348960','10100','1',to_date('27/11/2013','DD/MM/YYYY'),'1','0','999','1',null,'1');
Insert into ECI_DELIVERY_COST (DELIVERY_COST_ID,VERSION_DELETED,VERSION_EDITABLE,PRED_VERSION,WORKSPACE_ID,BRANCH_ID,IS_HEAD,CHECKIN_DATE,ASSET_VERSION,GOOD_TYPE,COST_TO,COST,COMPANY,RETURN_COST) values ('487220442364','0','0',null,'487220348960','10100','1',to_date('27/11/2013','DD/MM/YYYY'),'1','1','999','1',null,'1');
Insert into ECI_DELIVERY_COST (DELIVERY_COST_ID,VERSION_DELETED,VERSION_EDITABLE,PRED_VERSION,WORKSPACE_ID,BRANCH_ID,IS_HEAD,CHECKIN_DATE,ASSET_VERSION,GOOD_TYPE,COST_TO,COST,COMPANY,RETURN_COST) values ('487220442366','0','0',null,'487220348960','10100','1',to_date('27/11/2013','DD/MM/YYYY'),'1','0','999','1',null,'1');
Insert into ECI_DELIVERY_COST (DELIVERY_COST_ID,VERSION_DELETED,VERSION_EDITABLE,PRED_VERSION,WORKSPACE_ID,BRANCH_ID,IS_HEAD,CHECKIN_DATE,ASSET_VERSION,GOOD_TYPE,COST_TO,COST,COMPANY,RETURN_COST) values ('487220442346','0','0',null,'487220348960','10100','1',to_date('27/11/2013','DD/MM/YYYY'),'1','2','999','17,7',null,'17,7');
Insert into ECI_DELIVERY_COST (DELIVERY_COST_ID,VERSION_DELETED,VERSION_EDITABLE,PRED_VERSION,WORKSPACE_ID,BRANCH_ID,IS_HEAD,CHECKIN_DATE,ASSET_VERSION,GOOD_TYPE,COST_TO,COST,COMPANY,RETURN_COST) values ('487220442348','0','0',null,'487220348960','10100','1',to_date('27/11/2013','DD/MM/YYYY'),'1','0','2','14',null,'14');
Insert into ECI_DELIVERY_COST (DELIVERY_COST_ID,VERSION_DELETED,VERSION_EDITABLE,PRED_VERSION,WORKSPACE_ID,BRANCH_ID,IS_HEAD,CHECKIN_DATE,ASSET_VERSION,GOOD_TYPE,COST_TO,COST,COMPANY,RETURN_COST) values ('487220442350','0','0',null,'487220348960','10100','1',to_date('27/11/2013','DD/MM/YYYY'),'1','0','5','28,9',null,'28,9');
Insert into ECI_DELIVERY_COST (DELIVERY_COST_ID,VERSION_DELETED,VERSION_EDITABLE,PRED_VERSION,WORKSPACE_ID,BRANCH_ID,IS_HEAD,CHECKIN_DATE,ASSET_VERSION,GOOD_TYPE,COST_TO,COST,COMPANY,RETURN_COST) values ('487220442354','0','0',null,'487220348960','10100','1',to_date('27/11/2013','DD/MM/YYYY'),'1','1','15','18,9',null,'18,9');
Insert into ECI_DELIVERY_COST (DELIVERY_COST_ID,VERSION_DELETED,VERSION_EDITABLE,PRED_VERSION,WORKSPACE_ID,BRANCH_ID,IS_HEAD,CHECKIN_DATE,ASSET_VERSION,GOOD_TYPE,COST_TO,COST,COMPANY,RETURN_COST) values ('487220942342','0','0',null,'487220375980','10100','1',to_date('23/05/2014','DD/MM/YYYY'),'1','0','14','20',null,'20');
Insert into ECI_DELIVERY_COST (DELIVERY_COST_ID,VERSION_DELETED,VERSION_EDITABLE,PRED_VERSION,WORKSPACE_ID,BRANCH_ID,IS_HEAD,CHECKIN_DATE,ASSET_VERSION,GOOD_TYPE,COST_TO,COST,COMPANY,RETURN_COST) values ('487221042342','0','0',null,'487220381641','10100','1',to_date('02/07/2014','DD/MM/YYYY'),'1','2','999','17,7',null,'17,7');
Insert into ECI_DELIVERY_COST (DELIVERY_COST_ID,VERSION_DELETED,VERSION_EDITABLE,PRED_VERSION,WORKSPACE_ID,BRANCH_ID,IS_HEAD,CHECKIN_DATE,ASSET_VERSION,GOOD_TYPE,COST_TO,COST,COMPANY,RETURN_COST) values ('487221042350','0','0',null,'487220381641','10100','1',to_date('02/07/2014','DD/MM/YYYY'),'1','1','25','28,8',null,'28,8');
Insert into ECI_DELIVERY_COST (DELIVERY_COST_ID,VERSION_DELETED,VERSION_EDITABLE,PRED_VERSION,WORKSPACE_ID,BRANCH_ID,IS_HEAD,CHECKIN_DATE,ASSET_VERSION,GOOD_TYPE,COST_TO,COST,COMPANY,RETURN_COST) values ('487221042352','0','0',null,'487220381641','10100','1',to_date('02/07/2014','DD/MM/YYYY'),'1','1','15','18,9',null,'18,9');
Insert into ECI_DELIVERY_COST (DELIVERY_COST_ID,VERSION_DELETED,VERSION_EDITABLE,PRED_VERSION,WORKSPACE_ID,BRANCH_ID,IS_HEAD,CHECKIN_DATE,ASSET_VERSION,GOOD_TYPE,COST_TO,COST,COMPANY,RETURN_COST) values ('487221042358','0','0',null,'487220381641','10100','1',to_date('02/07/2014','DD/MM/YYYY'),'1','2','15','11,8',null,'11,8');
Insert into ECI_DELIVERY_COST (DELIVERY_COST_ID,VERSION_DELETED,VERSION_EDITABLE,PRED_VERSION,WORKSPACE_ID,BRANCH_ID,IS_HEAD,CHECKIN_DATE,ASSET_VERSION,GOOD_TYPE,COST_TO,COST,COMPANY,RETURN_COST) values ('487221042364','0','0',null,'487220381641','10100','1',to_date('02/07/2014','DD/MM/YYYY'),'1','1','999','28,8',null,'28,8');
Insert into ECI_DELIVERY_COST (DELIVERY_COST_ID,VERSION_DELETED,VERSION_EDITABLE,PRED_VERSION,WORKSPACE_ID,BRANCH_ID,IS_HEAD,CHECKIN_DATE,ASSET_VERSION,GOOD_TYPE,COST_TO,COST,COMPANY,RETURN_COST) values ('487221342414','0','0',null,'487220390259','10100','1',to_date('25/09/2014','DD/MM/YYYY'),'1','3','35','5,9',null,'5,9');
Insert into ECI_DELIVERY_COST (DELIVERY_COST_ID,VERSION_DELETED,VERSION_EDITABLE,PRED_VERSION,WORKSPACE_ID,BRANCH_ID,IS_HEAD,CHECKIN_DATE,ASSET_VERSION,GOOD_TYPE,COST_TO,COST,COMPANY,RETURN_COST) values ('487221342416','0','0',null,'487220390259','10100','1',to_date('25/09/2014','DD/MM/YYYY'),'1','3','999','5,9',null,'5,9');
Insert into ECI_DELIVERY_COST (DELIVERY_COST_ID,VERSION_DELETED,VERSION_EDITABLE,PRED_VERSION,WORKSPACE_ID,BRANCH_ID,IS_HEAD,CHECKIN_DATE,ASSET_VERSION,GOOD_TYPE,COST_TO,COST,COMPANY,RETURN_COST) values ('487221342426','0','0',null,'487220390259','10100','1',to_date('25/09/2014','DD/MM/YYYY'),'1','2','999','29,5',null,'29,5');
Insert into ECI_DELIVERY_COST (DELIVERY_COST_ID,VERSION_DELETED,VERSION_EDITABLE,PRED_VERSION,WORKSPACE_ID,BRANCH_ID,IS_HEAD,CHECKIN_DATE,ASSET_VERSION,GOOD_TYPE,COST_TO,COST,COMPANY,RETURN_COST) values ('487221342428','0','0',null,'487220390259','10100','1',to_date('25/09/2014','DD/MM/YYYY'),'1','0','2','14',null,'14');
Insert into ECI_DELIVERY_COST (DELIVERY_COST_ID,VERSION_DELETED,VERSION_EDITABLE,PRED_VERSION,WORKSPACE_ID,BRANCH_ID,IS_HEAD,CHECKIN_DATE,ASSET_VERSION,GOOD_TYPE,COST_TO,COST,COMPANY,RETURN_COST) values ('487221342430','0','0',null,'487220390259','10100','1',to_date('25/09/2014','DD/MM/YYYY'),'1','0','5','28',null,'28');
Insert into ECI_DELIVERY_COST (DELIVERY_COST_ID,VERSION_DELETED,VERSION_EDITABLE,PRED_VERSION,WORKSPACE_ID,BRANCH_ID,IS_HEAD,CHECKIN_DATE,ASSET_VERSION,GOOD_TYPE,COST_TO,COST,COMPANY,RETURN_COST) values ('487221342432','0','0',null,'487220390259','10100','1',to_date('25/09/2014','DD/MM/YYYY'),'1','0','10','42',null,'42');
Insert into ECI_DELIVERY_COST (DELIVERY_COST_ID,VERSION_DELETED,VERSION_EDITABLE,PRED_VERSION,WORKSPACE_ID,BRANCH_ID,IS_HEAD,CHECKIN_DATE,ASSET_VERSION,GOOD_TYPE,COST_TO,COST,COMPANY,RETURN_COST) values ('487221342434','0','0',null,'487220390259','10100','1',to_date('25/09/2014','DD/MM/YYYY'),'1','0','999','50',null,'50');
Insert into ECI_DELIVERY_COST (DELIVERY_COST_ID,VERSION_DELETED,VERSION_EDITABLE,PRED_VERSION,WORKSPACE_ID,BRANCH_ID,IS_HEAD,CHECKIN_DATE,ASSET_VERSION,GOOD_TYPE,COST_TO,COST,COMPANY,RETURN_COST) values ('487221342436','0','0',null,'487220390259','10100','1',to_date('25/09/2014','DD/MM/YYYY'),'1','1','7','9,8',null,'9,8');
Insert into ECI_DELIVERY_COST (DELIVERY_COST_ID,VERSION_DELETED,VERSION_EDITABLE,PRED_VERSION,WORKSPACE_ID,BRANCH_ID,IS_HEAD,CHECKIN_DATE,ASSET_VERSION,GOOD_TYPE,COST_TO,COST,COMPANY,RETURN_COST) values ('487221342438','0','0',null,'487220390259','10100','1',to_date('25/09/2014','DD/MM/YYYY'),'1','1','15','18,9',null,'18,9');
Insert into ECI_DELIVERY_COST (DELIVERY_COST_ID,VERSION_DELETED,VERSION_EDITABLE,PRED_VERSION,WORKSPACE_ID,BRANCH_ID,IS_HEAD,CHECKIN_DATE,ASSET_VERSION,GOOD_TYPE,COST_TO,COST,COMPANY,RETURN_COST) values ('487221342440','0','0',null,'487220390259','10100','1',to_date('25/09/2014','DD/MM/YYYY'),'1','1','24','28,7',null,'28,7');
Insert into ECI_DELIVERY_COST (DELIVERY_COST_ID,VERSION_DELETED,VERSION_EDITABLE,PRED_VERSION,WORKSPACE_ID,BRANCH_ID,IS_HEAD,CHECKIN_DATE,ASSET_VERSION,GOOD_TYPE,COST_TO,COST,COMPANY,RETURN_COST) values ('487221342442','0','0',null,'487220390259','10100','1',to_date('25/09/2014','DD/MM/YYYY'),'1','1','35','38,5',null,'38,5');
Insert into ECI_DELIVERY_COST (DELIVERY_COST_ID,VERSION_DELETED,VERSION_EDITABLE,PRED_VERSION,WORKSPACE_ID,BRANCH_ID,IS_HEAD,CHECKIN_DATE,ASSET_VERSION,GOOD_TYPE,COST_TO,COST,COMPANY,RETURN_COST) values ('487221342444','0','0',null,'487220390259','10100','1',to_date('25/09/2014','DD/MM/YYYY'),'1','1','999','47,7',null,'47,7');
Insert into ECI_DELIVERY_COST (DELIVERY_COST_ID,VERSION_DELETED,VERSION_EDITABLE,PRED_VERSION,WORKSPACE_ID,BRANCH_ID,IS_HEAD,CHECKIN_DATE,ASSET_VERSION,GOOD_TYPE,COST_TO,COST,COMPANY,RETURN_COST) values ('487221642342','0','0',null,'487220407241','10100','1',to_date('29/01/2015','DD/MM/YYYY'),'1','2','999','1',null,'1');
Insert into ECI_DELIVERY_COST (DELIVERY_COST_ID,VERSION_DELETED,VERSION_EDITABLE,PRED_VERSION,WORKSPACE_ID,BRANCH_ID,IS_HEAD,CHECKIN_DATE,ASSET_VERSION,GOOD_TYPE,COST_TO,COST,COMPANY,RETURN_COST) values ('487221642344','0','0',null,'487220407241','10100','1',to_date('29/01/2015','DD/MM/YYYY'),'1','1','999','1',null,'1');
Insert into ECI_DELIVERY_COST (DELIVERY_COST_ID,VERSION_DELETED,VERSION_EDITABLE,PRED_VERSION,WORKSPACE_ID,BRANCH_ID,IS_HEAD,CHECKIN_DATE,ASSET_VERSION,GOOD_TYPE,COST_TO,COST,COMPANY,RETURN_COST) values ('487221742342','0','0',null,'487220407445','10100','1',to_date('30/01/2015','DD/MM/YYYY'),'1','2','999','15',null,'15');
Insert into ECI_DELIVERY_COST (DELIVERY_COST_ID,VERSION_DELETED,VERSION_EDITABLE,PRED_VERSION,WORKSPACE_ID,BRANCH_ID,IS_HEAD,CHECKIN_DATE,ASSET_VERSION,GOOD_TYPE,COST_TO,COST,COMPANY,RETURN_COST) values ('487222142342','0','0',null,'487220442141','10100','1',to_date('27/08/2015','DD/MM/YYYY'),'1','0','999','0',null,'0');
Insert into ECI_DELIVERY_COST (DELIVERY_COST_ID,VERSION_DELETED,VERSION_EDITABLE,PRED_VERSION,WORKSPACE_ID,BRANCH_ID,IS_HEAD,CHECKIN_DATE,ASSET_VERSION,GOOD_TYPE,COST_TO,COST,COMPANY,RETURN_COST) values ('487222342342','0','0',null,'487220449541','10100','1',to_date('09/10/2015','DD/MM/YYYY'),'1','3','999','2,9',null,'2,9');
Insert into ECI_DELIVERY_COST (DELIVERY_COST_ID,VERSION_DELETED,VERSION_EDITABLE,PRED_VERSION,WORKSPACE_ID,BRANCH_ID,IS_HEAD,CHECKIN_DATE,ASSET_VERSION,GOOD_TYPE,COST_TO,COST,COMPANY,RETURN_COST) values ('487222342344','0','0',null,'487220449541','10100','1',to_date('09/10/2015','DD/MM/YYYY'),'1','1','999','3,9',null,'3,9');
Insert into ECI_DELIVERY_COST (DELIVERY_COST_ID,VERSION_DELETED,VERSION_EDITABLE,PRED_VERSION,WORKSPACE_ID,BRANCH_ID,IS_HEAD,CHECKIN_DATE,ASSET_VERSION,GOOD_TYPE,COST_TO,COST,COMPANY,RETURN_COST) values ('487222342346','0','0',null,'487220449541','10100','1',to_date('09/10/2015','DD/MM/YYYY'),'1','1','999','4,9',null,'4,9');
Insert into ECI_DELIVERY_COST (DELIVERY_COST_ID,VERSION_DELETED,VERSION_EDITABLE,PRED_VERSION,WORKSPACE_ID,BRANCH_ID,IS_HEAD,CHECKIN_DATE,ASSET_VERSION,GOOD_TYPE,COST_TO,COST,COMPANY,RETURN_COST) values ('487222342348','0','0',null,'487220449541','10100','1',to_date('09/10/2015','DD/MM/YYYY'),'1','2','999','3,9',null,'3,9');
Insert into ECI_DELIVERY_COST (DELIVERY_COST_ID,VERSION_DELETED,VERSION_EDITABLE,PRED_VERSION,WORKSPACE_ID,BRANCH_ID,IS_HEAD,CHECKIN_DATE,ASSET_VERSION,GOOD_TYPE,COST_TO,COST,COMPANY,RETURN_COST) values ('487222342350','0','0',null,'487220449541','10100','1',to_date('09/10/2015','DD/MM/YYYY'),'1','1','999','4,9',null,'4,9');
Insert into ECI_DELIVERY_COST (DELIVERY_COST_ID,VERSION_DELETED,VERSION_EDITABLE,PRED_VERSION,WORKSPACE_ID,BRANCH_ID,IS_HEAD,CHECKIN_DATE,ASSET_VERSION,GOOD_TYPE,COST_TO,COST,COMPANY,RETURN_COST) values ('487222342352','0','0',null,'487220449541','10100','1',to_date('09/10/2015','DD/MM/YYYY'),'1','0','999','5,9',null,'5,9');
Insert into ECI_DELIVERY_COST (DELIVERY_COST_ID,VERSION_DELETED,VERSION_EDITABLE,PRED_VERSION,WORKSPACE_ID,BRANCH_ID,IS_HEAD,CHECKIN_DATE,ASSET_VERSION,GOOD_TYPE,COST_TO,COST,COMPANY,RETURN_COST) values ('487222542346','0','0',null,'487220450257','10100','1',to_date('13/10/2015','DD/MM/YYYY'),'1','0','999','0','2','0');
Insert into ECI_DELIVERY_COST (DELIVERY_COST_ID,VERSION_DELETED,VERSION_EDITABLE,PRED_VERSION,WORKSPACE_ID,BRANCH_ID,IS_HEAD,CHECKIN_DATE,ASSET_VERSION,GOOD_TYPE,COST_TO,COST,COMPANY,RETURN_COST) values ('487222542348','0','0',null,'487220450257','10100','1',to_date('13/10/2015','DD/MM/YYYY'),'1','1','999','0','2','0');
Insert into ECI_DELIVERY_COST (DELIVERY_COST_ID,VERSION_DELETED,VERSION_EDITABLE,PRED_VERSION,WORKSPACE_ID,BRANCH_ID,IS_HEAD,CHECKIN_DATE,ASSET_VERSION,GOOD_TYPE,COST_TO,COST,COMPANY,RETURN_COST) values ('487222542350','0','0',null,'487220450257','10100','1',to_date('13/10/2015','DD/MM/YYYY'),'1','2','999','0','2','0');
Insert into ECI_DELIVERY_COST (DELIVERY_COST_ID,VERSION_DELETED,VERSION_EDITABLE,PRED_VERSION,WORKSPACE_ID,BRANCH_ID,IS_HEAD,CHECKIN_DATE,ASSET_VERSION,GOOD_TYPE,COST_TO,COST,COMPANY,RETURN_COST) values ('487222542352','0','0',null,'487220450257','10100','1',to_date('13/10/2015','DD/MM/YYYY'),'1','3','999','0','2','0');
Insert into ECI_DELIVERY_COST (DELIVERY_COST_ID,VERSION_DELETED,VERSION_EDITABLE,PRED_VERSION,WORKSPACE_ID,BRANCH_ID,IS_HEAD,CHECKIN_DATE,ASSET_VERSION,GOOD_TYPE,COST_TO,COST,COMPANY,RETURN_COST) values ('487223042348','0','0',null,'487220460645','10100','1',to_date('30/11/2015','DD/MM/YYYY'),'1','2','15','31',null,'31');
Insert into ECI_DELIVERY_COST (DELIVERY_COST_ID,VERSION_DELETED,VERSION_EDITABLE,PRED_VERSION,WORKSPACE_ID,BRANCH_ID,IS_HEAD,CHECKIN_DATE,ASSET_VERSION,GOOD_TYPE,COST_TO,COST,COMPANY,RETURN_COST) values ('487223042344','0','0',null,'487220460645','10100','1',to_date('30/11/2015','DD/MM/YYYY'),'1','3','35','21',null,'21');
Insert into ECI_DELIVERY_COST (DELIVERY_COST_ID,VERSION_DELETED,VERSION_EDITABLE,PRED_VERSION,WORKSPACE_ID,BRANCH_ID,IS_HEAD,CHECKIN_DATE,ASSET_VERSION,GOOD_TYPE,COST_TO,COST,COMPANY,RETURN_COST) values ('487223042346','0','0',null,'487220460645','10100','1',to_date('30/11/2015','DD/MM/YYYY'),'1','3','999','22',null,'22');
Insert into ECI_DELIVERY_COST (DELIVERY_COST_ID,VERSION_DELETED,VERSION_EDITABLE,PRED_VERSION,WORKSPACE_ID,BRANCH_ID,IS_HEAD,CHECKIN_DATE,ASSET_VERSION,GOOD_TYPE,COST_TO,COST,COMPANY,RETURN_COST) values ('487223042352','0','0',null,'487220460645','10100','1',to_date('30/11/2015','DD/MM/YYYY'),'1','2','24','41',null,'41');
Insert into ECI_DELIVERY_COST (DELIVERY_COST_ID,VERSION_DELETED,VERSION_EDITABLE,PRED_VERSION,WORKSPACE_ID,BRANCH_ID,IS_HEAD,CHECKIN_DATE,ASSET_VERSION,GOOD_TYPE,COST_TO,COST,COMPANY,RETURN_COST) values ('487223042354','0','0',null,'487220460645','10100','1',to_date('30/11/2015','DD/MM/YYYY'),'1','2','50','51',null,'51');
Insert into ECI_DELIVERY_COST (DELIVERY_COST_ID,VERSION_DELETED,VERSION_EDITABLE,PRED_VERSION,WORKSPACE_ID,BRANCH_ID,IS_HEAD,CHECKIN_DATE,ASSET_VERSION,GOOD_TYPE,COST_TO,COST,COMPANY,RETURN_COST) values ('487223042356','0','0',null,'487220460645','10100','1',to_date('30/11/2015','DD/MM/YYYY'),'1','2','999','55',null,'55');
Insert into ECI_DELIVERY_COST (DELIVERY_COST_ID,VERSION_DELETED,VERSION_EDITABLE,PRED_VERSION,WORKSPACE_ID,BRANCH_ID,IS_HEAD,CHECKIN_DATE,ASSET_VERSION,GOOD_TYPE,COST_TO,COST,COMPANY,RETURN_COST) values ('487223042358','0','0',null,'487220460645','10100','1',to_date('30/11/2015','DD/MM/YYYY'),'1','1','7','35',null,'35');
Insert into ECI_DELIVERY_COST (DELIVERY_COST_ID,VERSION_DELETED,VERSION_EDITABLE,PRED_VERSION,WORKSPACE_ID,BRANCH_ID,IS_HEAD,CHECKIN_DATE,ASSET_VERSION,GOOD_TYPE,COST_TO,COST,COMPANY,RETURN_COST) values ('487223042360','0','0',null,'487220460645','10100','1',to_date('30/11/2015','DD/MM/YYYY'),'1','1','15','40',null,'40');
Insert into ECI_DELIVERY_COST (DELIVERY_COST_ID,VERSION_DELETED,VERSION_EDITABLE,PRED_VERSION,WORKSPACE_ID,BRANCH_ID,IS_HEAD,CHECKIN_DATE,ASSET_VERSION,GOOD_TYPE,COST_TO,COST,COMPANY,RETURN_COST) values ('487223042362','0','0',null,'487220460645','10100','1',to_date('30/11/2015','DD/MM/YYYY'),'1','1','24','55',null,'55');
Insert into ECI_DELIVERY_COST (DELIVERY_COST_ID,VERSION_DELETED,VERSION_EDITABLE,PRED_VERSION,WORKSPACE_ID,BRANCH_ID,IS_HEAD,CHECKIN_DATE,ASSET_VERSION,GOOD_TYPE,COST_TO,COST,COMPANY,RETURN_COST) values ('487223042364','0','0',null,'487220460645','10100','1',to_date('30/11/2015','DD/MM/YYYY'),'1','1','50','77',null,'77');
Insert into ECI_DELIVERY_COST (DELIVERY_COST_ID,VERSION_DELETED,VERSION_EDITABLE,PRED_VERSION,WORKSPACE_ID,BRANCH_ID,IS_HEAD,CHECKIN_DATE,ASSET_VERSION,GOOD_TYPE,COST_TO,COST,COMPANY,RETURN_COST) values ('487223042366','0','0',null,'487220460645','10100','1',to_date('30/11/2015','DD/MM/YYYY'),'1','1','999','80',null,'80');
Insert into ECI_DELIVERY_COST (DELIVERY_COST_ID,VERSION_DELETED,VERSION_EDITABLE,PRED_VERSION,WORKSPACE_ID,BRANCH_ID,IS_HEAD,CHECKIN_DATE,ASSET_VERSION,GOOD_TYPE,COST_TO,COST,COMPANY,RETURN_COST) values ('487223042368','0','0',null,'487220460645','10100','1',to_date('30/11/2015','DD/MM/YYYY'),'1','0','2','45',null,'45');
Insert into ECI_DELIVERY_COST (DELIVERY_COST_ID,VERSION_DELETED,VERSION_EDITABLE,PRED_VERSION,WORKSPACE_ID,BRANCH_ID,IS_HEAD,CHECKIN_DATE,ASSET_VERSION,GOOD_TYPE,COST_TO,COST,COMPANY,RETURN_COST) values ('487223042370','0','0',null,'487220460645','10100','1',to_date('30/11/2015','DD/MM/YYYY'),'1','0','5','55',null,'55');
Insert into ECI_DELIVERY_COST (DELIVERY_COST_ID,VERSION_DELETED,VERSION_EDITABLE,PRED_VERSION,WORKSPACE_ID,BRANCH_ID,IS_HEAD,CHECKIN_DATE,ASSET_VERSION,GOOD_TYPE,COST_TO,COST,COMPANY,RETURN_COST) values ('487223042372','0','0',null,'487220460645','10100','1',to_date('30/11/2015','DD/MM/YYYY'),'1','0','25','76',null,'76');
Insert into ECI_DELIVERY_COST (DELIVERY_COST_ID,VERSION_DELETED,VERSION_EDITABLE,PRED_VERSION,WORKSPACE_ID,BRANCH_ID,IS_HEAD,CHECKIN_DATE,ASSET_VERSION,GOOD_TYPE,COST_TO,COST,COMPANY,RETURN_COST) values ('487223042374','0','0',null,'487220460645','10100','1',to_date('30/11/2015','DD/MM/YYYY'),'1','0','50','105',null,'105');
Insert into ECI_DELIVERY_COST (DELIVERY_COST_ID,VERSION_DELETED,VERSION_EDITABLE,PRED_VERSION,WORKSPACE_ID,BRANCH_ID,IS_HEAD,CHECKIN_DATE,ASSET_VERSION,GOOD_TYPE,COST_TO,COST,COMPANY,RETURN_COST) values ('487223042376','0','0',null,'487220460645','10100','1',to_date('30/11/2015','DD/MM/YYYY'),'1','0','999','56',null,'56');
Insert into ECI_DELIVERY_COST (DELIVERY_COST_ID,VERSION_DELETED,VERSION_EDITABLE,PRED_VERSION,WORKSPACE_ID,BRANCH_ID,IS_HEAD,CHECKIN_DATE,ASSET_VERSION,GOOD_TYPE,COST_TO,COST,COMPANY,RETURN_COST) values ('487223742350','0','0',null,'487220471486','10100','1',to_date('16/02/2016','DD/MM/YYYY'),'1','3','999','8',null,'8');
Insert into ECI_DELIVERY_COST (DELIVERY_COST_ID,VERSION_DELETED,VERSION_EDITABLE,PRED_VERSION,WORKSPACE_ID,BRANCH_ID,IS_HEAD,CHECKIN_DATE,ASSET_VERSION,GOOD_TYPE,COST_TO,COST,COMPANY,RETURN_COST) values ('487223442366','0','0',null,'487220466143','10100','1',to_date('08/01/2016','DD/MM/YYYY'),'1','2','999','32',null,'32');
Insert into ECI_DELIVERY_COST (DELIVERY_COST_ID,VERSION_DELETED,VERSION_EDITABLE,PRED_VERSION,WORKSPACE_ID,BRANCH_ID,IS_HEAD,CHECKIN_DATE,ASSET_VERSION,GOOD_TYPE,COST_TO,COST,COMPANY,RETURN_COST) values ('487224142368','0','0',null,'487220482552','10100','1',to_date('19/04/2016','DD/MM/YYYY'),'1','3','999','11,69',null,'11,69');
Insert into ECI_DELIVERY_COST (DELIVERY_COST_ID,VERSION_DELETED,VERSION_EDITABLE,PRED_VERSION,WORKSPACE_ID,BRANCH_ID,IS_HEAD,CHECKIN_DATE,ASSET_VERSION,GOOD_TYPE,COST_TO,COST,COMPANY,RETURN_COST) values ('487224142372','0','0',null,'487220482552','10100','1',to_date('19/04/2016','DD/MM/YYYY'),'1','2','5','8,69',null,'8,69');
Insert into ECI_DELIVERY_COST (DELIVERY_COST_ID,VERSION_DELETED,VERSION_EDITABLE,PRED_VERSION,WORKSPACE_ID,BRANCH_ID,IS_HEAD,CHECKIN_DATE,ASSET_VERSION,GOOD_TYPE,COST_TO,COST,COMPANY,RETURN_COST) values ('487224142374','0','0',null,'487220482552','10100','1',to_date('19/04/2016','DD/MM/YYYY'),'1','2','999','12,69',null,'12,69');
Insert into ECI_DELIVERY_COST (DELIVERY_COST_ID,VERSION_DELETED,VERSION_EDITABLE,PRED_VERSION,WORKSPACE_ID,BRANCH_ID,IS_HEAD,CHECKIN_DATE,ASSET_VERSION,GOOD_TYPE,COST_TO,COST,COMPANY,RETURN_COST) values ('487224242344','0','0',null,'487220484262','10100','1',to_date('28/04/2016','DD/MM/YYYY'),'1','1','999','9,79',null,'9,79');
Insert into ECI_DELIVERY_COST (DELIVERY_COST_ID,VERSION_DELETED,VERSION_EDITABLE,PRED_VERSION,WORKSPACE_ID,BRANCH_ID,IS_HEAD,CHECKIN_DATE,ASSET_VERSION,GOOD_TYPE,COST_TO,COST,COMPANY,RETURN_COST) values ('487224542348','0','0',null,'487220486446','10100','1',to_date('11/05/2016','DD/MM/YYYY'),'1','2','999','12,59',null,null);
Insert into ECI_DELIVERY_COST (DELIVERY_COST_ID,VERSION_DELETED,VERSION_EDITABLE,PRED_VERSION,WORKSPACE_ID,BRANCH_ID,IS_HEAD,CHECKIN_DATE,ASSET_VERSION,GOOD_TYPE,COST_TO,COST,COMPANY,RETURN_COST) values ('487224742350','0','0',null,'487220488154','10100','1',to_date('25/05/2016','DD/MM/YYYY'),'1','1','999','12,59',null,null);
Insert into ECI_DELIVERY_COST (DELIVERY_COST_ID,VERSION_DELETED,VERSION_EDITABLE,PRED_VERSION,WORKSPACE_ID,BRANCH_ID,IS_HEAD,CHECKIN_DATE,ASSET_VERSION,GOOD_TYPE,COST_TO,COST,COMPANY,RETURN_COST) values ('487224742352','0','0',null,'487220488154','10100','1',to_date('25/05/2016','DD/MM/YYYY'),'1','1','5','8,59',null,null);
Insert into ECI_DELIVERY_COST (DELIVERY_COST_ID,VERSION_DELETED,VERSION_EDITABLE,PRED_VERSION,WORKSPACE_ID,BRANCH_ID,IS_HEAD,CHECKIN_DATE,ASSET_VERSION,GOOD_TYPE,COST_TO,COST,COMPANY,RETURN_COST) values ('487224742354','0','0',null,'487220488157','10100','1',to_date('25/05/2016','DD/MM/YYYY'),'1','2','999','12,59',null,null);
Insert into ECI_DELIVERY_COST (DELIVERY_COST_ID,VERSION_DELETED,VERSION_EDITABLE,PRED_VERSION,WORKSPACE_ID,BRANCH_ID,IS_HEAD,CHECKIN_DATE,ASSET_VERSION,GOOD_TYPE,COST_TO,COST,COMPANY,RETURN_COST) values ('487224742358','0','0',null,'487220488157','10100','1',to_date('25/05/2016','DD/MM/YYYY'),'1','2','5','8,59',null,null);
Insert into ECI_DELIVERY_COST (DELIVERY_COST_ID,VERSION_DELETED,VERSION_EDITABLE,PRED_VERSION,WORKSPACE_ID,BRANCH_ID,IS_HEAD,CHECKIN_DATE,ASSET_VERSION,GOOD_TYPE,COST_TO,COST,COMPANY,RETURN_COST) values ('487225442342','0','0',null,'487220509569','10100','1',to_date('04/10/2016','DD/MM/YYYY'),'1',null,'999','3','1','3');
Insert into ECI_DELIVERY_COST (DELIVERY_COST_ID,VERSION_DELETED,VERSION_EDITABLE,PRED_VERSION,WORKSPACE_ID,BRANCH_ID,IS_HEAD,CHECKIN_DATE,ASSET_VERSION,GOOD_TYPE,COST_TO,COST,COMPANY,RETURN_COST) values ('487225342342','0','0',null,'487220507703','10100','1',to_date('27/09/2016','DD/MM/YYYY'),'1','2','999','17,71',null,'17,71');
Insert into ECI_DELIVERY_COST (DELIVERY_COST_ID,VERSION_DELETED,VERSION_EDITABLE,PRED_VERSION,WORKSPACE_ID,BRANCH_ID,IS_HEAD,CHECKIN_DATE,ASSET_VERSION,GOOD_TYPE,COST_TO,COST,COMPANY,RETURN_COST) values ('487225442346','0','0',null,'487220505543','10100','1',to_date('04/10/2016','DD/MM/YYYY'),'1',null,'999','7','2','7');
Insert into ECI_DELIVERY_COST (DELIVERY_COST_ID,VERSION_DELETED,VERSION_EDITABLE,PRED_VERSION,WORKSPACE_ID,BRANCH_ID,IS_HEAD,CHECKIN_DATE,ASSET_VERSION,GOOD_TYPE,COST_TO,COST,COMPANY,RETURN_COST) values ('487225042342','0','0',null,'487220497446','10100','1',to_date('20/07/2016','DD/MM/YYYY'),'1','0','2','14,5',null,'14,5');
Insert into ECI_DELIVERY_COST (DELIVERY_COST_ID,VERSION_DELETED,VERSION_EDITABLE,PRED_VERSION,WORKSPACE_ID,BRANCH_ID,IS_HEAD,CHECKIN_DATE,ASSET_VERSION,GOOD_TYPE,COST_TO,COST,COMPANY,RETURN_COST) values ('487225642358','0','0',null,'487220490860','10100','1',to_date('05/10/2016','DD/MM/YYYY'),'1','2','999','5',null,'5');
Insert into ECI_DELIVERY_COST (DELIVERY_COST_ID,VERSION_DELETED,VERSION_EDITABLE,PRED_VERSION,WORKSPACE_ID,BRANCH_ID,IS_HEAD,CHECKIN_DATE,ASSET_VERSION,GOOD_TYPE,COST_TO,COST,COMPANY,RETURN_COST) values ('487225642360','0','0',null,'487220490860','10100','1',to_date('05/10/2016','DD/MM/YYYY'),'1','3','999','5',null,'5');
Insert into ECI_DELIVERY_COST (DELIVERY_COST_ID,VERSION_DELETED,VERSION_EDITABLE,PRED_VERSION,WORKSPACE_ID,BRANCH_ID,IS_HEAD,CHECKIN_DATE,ASSET_VERSION,GOOD_TYPE,COST_TO,COST,COMPANY,RETURN_COST) values ('487225742342','0','0',null,'487220510050','10100','1',to_date('06/10/2016','DD/MM/YYYY'),'1','2','999','5',null,'5');
Insert into ECI_DELIVERY_COST (DELIVERY_COST_ID,VERSION_DELETED,VERSION_EDITABLE,PRED_VERSION,WORKSPACE_ID,BRANCH_ID,IS_HEAD,CHECKIN_DATE,ASSET_VERSION,GOOD_TYPE,COST_TO,COST,COMPANY,RETURN_COST) values ('487225842348','0','0',null,'487220510846','10100','1',to_date('14/10/2016','DD/MM/YYYY'),'1','2','10','0,5',null,null);
Insert into ECI_DELIVERY_COST (DELIVERY_COST_ID,VERSION_DELETED,VERSION_EDITABLE,PRED_VERSION,WORKSPACE_ID,BRANCH_ID,IS_HEAD,CHECKIN_DATE,ASSET_VERSION,GOOD_TYPE,COST_TO,COST,COMPANY,RETURN_COST) values ('487225842350','0','0',null,'487220510846','10100','1',to_date('14/10/2016','DD/MM/YYYY'),'1','2','10','0,5',null,'0,5');
Insert into ECI_DELIVERY_COST (DELIVERY_COST_ID,VERSION_DELETED,VERSION_EDITABLE,PRED_VERSION,WORKSPACE_ID,BRANCH_ID,IS_HEAD,CHECKIN_DATE,ASSET_VERSION,GOOD_TYPE,COST_TO,COST,COMPANY,RETURN_COST) values ('487225942342','0','0',null,'487220514353','10100','1',to_date('04/11/2016','DD/MM/YYYY'),'1','2','7','5,9',null,'6,9');
Insert into ECI_DELIVERY_COST (DELIVERY_COST_ID,VERSION_DELETED,VERSION_EDITABLE,PRED_VERSION,WORKSPACE_ID,BRANCH_ID,IS_HEAD,CHECKIN_DATE,ASSET_VERSION,GOOD_TYPE,COST_TO,COST,COMPANY,RETURN_COST) values ('487223642384','0','0',null,'487220467145','10100','1',to_date('14/01/2016','DD/MM/YYYY'),'1','3','999','20',null,'20');
Insert into ECI_DELIVERY_COST (DELIVERY_COST_ID,VERSION_DELETED,VERSION_EDITABLE,PRED_VERSION,WORKSPACE_ID,BRANCH_ID,IS_HEAD,CHECKIN_DATE,ASSET_VERSION,GOOD_TYPE,COST_TO,COST,COMPANY,RETURN_COST) values ('487223642386','0','0',null,'487220467145','10100','1',to_date('14/01/2016','DD/MM/YYYY'),'1','2','999','20',null,'20');
Insert into ECI_DELIVERY_COST (DELIVERY_COST_ID,VERSION_DELETED,VERSION_EDITABLE,PRED_VERSION,WORKSPACE_ID,BRANCH_ID,IS_HEAD,CHECKIN_DATE,ASSET_VERSION,GOOD_TYPE,COST_TO,COST,COMPANY,RETURN_COST) values ('487223642388','0','0',null,'487220467145','10100','1',to_date('14/01/2016','DD/MM/YYYY'),'1','2','7','20',null,'20');
Insert into ECI_DELIVERY_COST (DELIVERY_COST_ID,VERSION_DELETED,VERSION_EDITABLE,PRED_VERSION,WORKSPACE_ID,BRANCH_ID,IS_HEAD,CHECKIN_DATE,ASSET_VERSION,GOOD_TYPE,COST_TO,COST,COMPANY,RETURN_COST) values ('487223742348','0','0',null,'487220471486','10100','1',to_date('16/02/2016','DD/MM/YYYY'),'1','3','10','6',null,'6');
Insert into ECI_DELIVERY_COST (DELIVERY_COST_ID,VERSION_DELETED,VERSION_EDITABLE,PRED_VERSION,WORKSPACE_ID,BRANCH_ID,IS_HEAD,CHECKIN_DATE,ASSET_VERSION,GOOD_TYPE,COST_TO,COST,COMPANY,RETURN_COST) values ('487223742352','0','0',null,'487220471486','10100','1',to_date('16/02/2016','DD/MM/YYYY'),'1','2','7','6',null,'6');
Insert into ECI_DELIVERY_COST (DELIVERY_COST_ID,VERSION_DELETED,VERSION_EDITABLE,PRED_VERSION,WORKSPACE_ID,BRANCH_ID,IS_HEAD,CHECKIN_DATE,ASSET_VERSION,GOOD_TYPE,COST_TO,COST,COMPANY,RETURN_COST) values ('487223742354','0','0',null,'487220471486','10100','1',to_date('16/02/2016','DD/MM/YYYY'),'1','1','15','11,9',null,'11,9');
Insert into ECI_DELIVERY_COST (DELIVERY_COST_ID,VERSION_DELETED,VERSION_EDITABLE,PRED_VERSION,WORKSPACE_ID,BRANCH_ID,IS_HEAD,CHECKIN_DATE,ASSET_VERSION,GOOD_TYPE,COST_TO,COST,COMPANY,RETURN_COST) values ('487223742356','0','0',null,'487220471486','10100','1',to_date('16/02/2016','DD/MM/YYYY'),'1','2','24','17,8',null,'17,8');
Insert into ECI_DELIVERY_COST (DELIVERY_COST_ID,VERSION_DELETED,VERSION_EDITABLE,PRED_VERSION,WORKSPACE_ID,BRANCH_ID,IS_HEAD,CHECKIN_DATE,ASSET_VERSION,GOOD_TYPE,COST_TO,COST,COMPANY,RETURN_COST) values ('487223742358','0','0',null,'487220471486','10100','1',to_date('16/02/2016','DD/MM/YYYY'),'1','2','35','23,7',null,'23,7');
Insert into ECI_DELIVERY_COST (DELIVERY_COST_ID,VERSION_DELETED,VERSION_EDITABLE,PRED_VERSION,WORKSPACE_ID,BRANCH_ID,IS_HEAD,CHECKIN_DATE,ASSET_VERSION,GOOD_TYPE,COST_TO,COST,COMPANY,RETURN_COST) values ('487223742362','0','0',null,'487220471486','10100','1',to_date('16/02/2016','DD/MM/YYYY'),'1','2','15','11,9',null,'11,9');
Insert into ECI_DELIVERY_COST (DELIVERY_COST_ID,VERSION_DELETED,VERSION_EDITABLE,PRED_VERSION,WORKSPACE_ID,BRANCH_ID,IS_HEAD,CHECKIN_DATE,ASSET_VERSION,GOOD_TYPE,COST_TO,COST,COMPANY,RETURN_COST) values ('487223742366','0','0',null,'487220471486','10100','1',to_date('16/02/2016','DD/MM/YYYY'),'1','2','999','29,6',null,'29,6');
Insert into ECI_DELIVERY_COST (DELIVERY_COST_ID,VERSION_DELETED,VERSION_EDITABLE,PRED_VERSION,WORKSPACE_ID,BRANCH_ID,IS_HEAD,CHECKIN_DATE,ASSET_VERSION,GOOD_TYPE,COST_TO,COST,COMPANY,RETURN_COST) values ('487223742368','0','0',null,'487220471486','10100','1',to_date('16/02/2016','DD/MM/YYYY'),'1','1','7','9,9',null,'9,9');
Insert into ECI_DELIVERY_COST (DELIVERY_COST_ID,VERSION_DELETED,VERSION_EDITABLE,PRED_VERSION,WORKSPACE_ID,BRANCH_ID,IS_HEAD,CHECKIN_DATE,ASSET_VERSION,GOOD_TYPE,COST_TO,COST,COMPANY,RETURN_COST) values ('487223742370','0','0',null,'487220471486','10100','1',to_date('16/02/2016','DD/MM/YYYY'),'1','1','15','19',null,'19');
Insert into ECI_DELIVERY_COST (DELIVERY_COST_ID,VERSION_DELETED,VERSION_EDITABLE,PRED_VERSION,WORKSPACE_ID,BRANCH_ID,IS_HEAD,CHECKIN_DATE,ASSET_VERSION,GOOD_TYPE,COST_TO,COST,COMPANY,RETURN_COST) values ('487223742372','0','0',null,'487220471486','10100','1',to_date('16/02/2016','DD/MM/YYYY'),'1','1','24','28,8',null,'28,8');
Insert into ECI_DELIVERY_COST (DELIVERY_COST_ID,VERSION_DELETED,VERSION_EDITABLE,PRED_VERSION,WORKSPACE_ID,BRANCH_ID,IS_HEAD,CHECKIN_DATE,ASSET_VERSION,GOOD_TYPE,COST_TO,COST,COMPANY,RETURN_COST) values ('487223742374','0','0',null,'487220471486','10100','1',to_date('16/02/2016','DD/MM/YYYY'),'1','1','35','38,6',null,'38,6');
Insert into ECI_DELIVERY_COST (DELIVERY_COST_ID,VERSION_DELETED,VERSION_EDITABLE,PRED_VERSION,WORKSPACE_ID,BRANCH_ID,IS_HEAD,CHECKIN_DATE,ASSET_VERSION,GOOD_TYPE,COST_TO,COST,COMPANY,RETURN_COST) values ('487223742376','0','0',null,'487220471486','10100','1',to_date('16/02/2016','DD/MM/YYYY'),'1','1','999','47,8',null,'47,8');
Insert into ECI_DELIVERY_COST (DELIVERY_COST_ID,VERSION_DELETED,VERSION_EDITABLE,PRED_VERSION,WORKSPACE_ID,BRANCH_ID,IS_HEAD,CHECKIN_DATE,ASSET_VERSION,GOOD_TYPE,COST_TO,COST,COMPANY,RETURN_COST) values ('487223742378','0','0',null,'487220471486','10100','1',to_date('16/02/2016','DD/MM/YYYY'),'1','0','2','14,5',null,'14,5');
Insert into ECI_DELIVERY_COST (DELIVERY_COST_ID,VERSION_DELETED,VERSION_EDITABLE,PRED_VERSION,WORKSPACE_ID,BRANCH_ID,IS_HEAD,CHECKIN_DATE,ASSET_VERSION,GOOD_TYPE,COST_TO,COST,COMPANY,RETURN_COST) values ('487223742380','0','0',null,'487220471486','10100','1',to_date('16/02/2016','DD/MM/YYYY'),'1','0','5','29,5',null,'28,5');
Insert into ECI_DELIVERY_COST (DELIVERY_COST_ID,VERSION_DELETED,VERSION_EDITABLE,PRED_VERSION,WORKSPACE_ID,BRANCH_ID,IS_HEAD,CHECKIN_DATE,ASSET_VERSION,GOOD_TYPE,COST_TO,COST,COMPANY,RETURN_COST) values ('487223742382','0','0',null,'487220471486','10100','1',to_date('16/02/2016','DD/MM/YYYY'),'1','0','10','42,5',null,'42,5');
Insert into ECI_DELIVERY_COST (DELIVERY_COST_ID,VERSION_DELETED,VERSION_EDITABLE,PRED_VERSION,WORKSPACE_ID,BRANCH_ID,IS_HEAD,CHECKIN_DATE,ASSET_VERSION,GOOD_TYPE,COST_TO,COST,COMPANY,RETURN_COST) values ('487223742384','0','0',null,'487220471486','10100','1',to_date('16/02/2016','DD/MM/YYYY'),'1','0','999','50,5',null,'50,5');
Insert into ECI_DELIVERY_COST (DELIVERY_COST_ID,VERSION_DELETED,VERSION_EDITABLE,PRED_VERSION,WORKSPACE_ID,BRANCH_ID,IS_HEAD,CHECKIN_DATE,ASSET_VERSION,GOOD_TYPE,COST_TO,COST,COMPANY,RETURN_COST) values ('487223742386','0','0',null,'487220471486','10100','1',to_date('16/02/2016','DD/MM/YYYY'),'1','3','35','21',null,'21');
Insert into ECI_DELIVERY_COST (DELIVERY_COST_ID,VERSION_DELETED,VERSION_EDITABLE,PRED_VERSION,WORKSPACE_ID,BRANCH_ID,IS_HEAD,CHECKIN_DATE,ASSET_VERSION,GOOD_TYPE,COST_TO,COST,COMPANY,RETURN_COST) values ('487224142366','0','0',null,'487220482552','10100','1',to_date('19/04/2016','DD/MM/YYYY'),'1','3','5','7,69',null,'7,69');
Insert into ECI_DELIVERY_COST (DELIVERY_COST_ID,VERSION_DELETED,VERSION_EDITABLE,PRED_VERSION,WORKSPACE_ID,BRANCH_ID,IS_HEAD,CHECKIN_DATE,ASSET_VERSION,GOOD_TYPE,COST_TO,COST,COMPANY,RETURN_COST) values ('487226242342','0','0',null,'487220532742','10100','1',to_date('02/03/2017','DD/MM/YYYY'),'1','3','9','19,1',null,'19,15');
Insert into ECI_DELIVERY_COST (DELIVERY_COST_ID,VERSION_DELETED,VERSION_EDITABLE,PRED_VERSION,WORKSPACE_ID,BRANCH_ID,IS_HEAD,CHECKIN_DATE,ASSET_VERSION,GOOD_TYPE,COST_TO,COST,COMPANY,RETURN_COST) values ('487226242346','0','0',null,'487220532742','10100','1',to_date('02/03/2017','DD/MM/YYYY'),'1','2','9','19,02',null,'19,03');
Insert into ECI_DELIVERY_COST (DELIVERY_COST_ID,VERSION_DELETED,VERSION_EDITABLE,PRED_VERSION,WORKSPACE_ID,BRANCH_ID,IS_HEAD,CHECKIN_DATE,ASSET_VERSION,GOOD_TYPE,COST_TO,COST,COMPANY,RETURN_COST) values ('487226242348','0','0',null,'487220532742','10100','1',to_date('02/03/2017','DD/MM/YYYY'),'1','1','9','19,3',null,'19,35');
Insert into ECI_DELIVERY_COST (DELIVERY_COST_ID,VERSION_DELETED,VERSION_EDITABLE,PRED_VERSION,WORKSPACE_ID,BRANCH_ID,IS_HEAD,CHECKIN_DATE,ASSET_VERSION,GOOD_TYPE,COST_TO,COST,COMPANY,RETURN_COST) values ('487226242350','0','0',null,'487220532742','10100','1',to_date('02/03/2017','DD/MM/YYYY'),'1','3','9','19,1',null,'19,15');
Insert into ECI_DELIVERY_COST (DELIVERY_COST_ID,VERSION_DELETED,VERSION_EDITABLE,PRED_VERSION,WORKSPACE_ID,BRANCH_ID,IS_HEAD,CHECKIN_DATE,ASSET_VERSION,GOOD_TYPE,COST_TO,COST,COMPANY,RETURN_COST) values ('487226242352','0','0',null,'487220532742','10100','1',to_date('02/03/2017','DD/MM/YYYY'),'1','2','9','19,2',null,'19,25');
Insert into ECI_DELIVERY_COST (DELIVERY_COST_ID,VERSION_DELETED,VERSION_EDITABLE,PRED_VERSION,WORKSPACE_ID,BRANCH_ID,IS_HEAD,CHECKIN_DATE,ASSET_VERSION,GOOD_TYPE,COST_TO,COST,COMPANY,RETURN_COST) values ('487226242354','0','0',null,'487220532742','10100','1',to_date('02/03/2017','DD/MM/YYYY'),'1','0','9','19,4',null,'19,45');
Insert into ECI_DELIVERY_COST (DELIVERY_COST_ID,VERSION_DELETED,VERSION_EDITABLE,PRED_VERSION,WORKSPACE_ID,BRANCH_ID,IS_HEAD,CHECKIN_DATE,ASSET_VERSION,GOOD_TYPE,COST_TO,COST,COMPANY,RETURN_COST) values ('487226242356','0','0',null,'487220532742','10100','1',to_date('02/03/2017','DD/MM/YYYY'),'1','1','9','20,2',null,'20,25');
Insert into ECI_DELIVERY_COST (DELIVERY_COST_ID,VERSION_DELETED,VERSION_EDITABLE,PRED_VERSION,WORKSPACE_ID,BRANCH_ID,IS_HEAD,CHECKIN_DATE,ASSET_VERSION,GOOD_TYPE,COST_TO,COST,COMPANY,RETURN_COST) values ('487226242358','0','0',null,'487220532742','10100','1',to_date('02/03/2017','DD/MM/YYYY'),'1','3','9','20,1',null,'20,15');
Insert into ECI_DELIVERY_COST (DELIVERY_COST_ID,VERSION_DELETED,VERSION_EDITABLE,PRED_VERSION,WORKSPACE_ID,BRANCH_ID,IS_HEAD,CHECKIN_DATE,ASSET_VERSION,GOOD_TYPE,COST_TO,COST,COMPANY,RETURN_COST) values ('487226242360','0','0',null,'487220532742','10100','1',to_date('02/03/2017','DD/MM/YYYY'),'1','2','9','20,2',null,'20,25');
Insert into ECI_DELIVERY_COST (DELIVERY_COST_ID,VERSION_DELETED,VERSION_EDITABLE,PRED_VERSION,WORKSPACE_ID,BRANCH_ID,IS_HEAD,CHECKIN_DATE,ASSET_VERSION,GOOD_TYPE,COST_TO,COST,COMPANY,RETURN_COST) values ('487226242362','0','0',null,'487220532742','10100','1',to_date('02/03/2017','DD/MM/YYYY'),'1','1','9','20,3',null,'20,35');
Insert into ECI_DELIVERY_COST (DELIVERY_COST_ID,VERSION_DELETED,VERSION_EDITABLE,PRED_VERSION,WORKSPACE_ID,BRANCH_ID,IS_HEAD,CHECKIN_DATE,ASSET_VERSION,GOOD_TYPE,COST_TO,COST,COMPANY,RETURN_COST) values ('487226242364','0','0',null,'487220532742','10100','1',to_date('02/03/2017','DD/MM/YYYY'),'1','0','9','20,4',null,'20,45');
Insert into ECI_DELIVERY_COST (DELIVERY_COST_ID,VERSION_DELETED,VERSION_EDITABLE,PRED_VERSION,WORKSPACE_ID,BRANCH_ID,IS_HEAD,CHECKIN_DATE,ASSET_VERSION,GOOD_TYPE,COST_TO,COST,COMPANY,RETURN_COST) values ('487226542342','0','0',null,'487220548649','10100','1',to_date('20/06/2017','DD/MM/YYYY'),'1','3','999','10,9',null,null);
Insert into ECI_DELIVERY_COST (DELIVERY_COST_ID,VERSION_DELETED,VERSION_EDITABLE,PRED_VERSION,WORKSPACE_ID,BRANCH_ID,IS_HEAD,CHECKIN_DATE,ASSET_VERSION,GOOD_TYPE,COST_TO,COST,COMPANY,RETURN_COST) values ('487226742344','0','0',null,'487220563843','10100','1',to_date('27/09/2017','DD/MM/YYYY'),'1','3','999','20','3','20');
Insert into ECI_DELIVERY_COST (DELIVERY_COST_ID,VERSION_DELETED,VERSION_EDITABLE,PRED_VERSION,WORKSPACE_ID,BRANCH_ID,IS_HEAD,CHECKIN_DATE,ASSET_VERSION,GOOD_TYPE,COST_TO,COST,COMPANY,RETURN_COST) values ('487226742346','0','0',null,'487220563843','10100','1',to_date('27/09/2017','DD/MM/YYYY'),'1','2','999','20',null,'20');
Insert into ECI_DELIVERY_COST (DELIVERY_COST_ID,VERSION_DELETED,VERSION_EDITABLE,PRED_VERSION,WORKSPACE_ID,BRANCH_ID,IS_HEAD,CHECKIN_DATE,ASSET_VERSION,GOOD_TYPE,COST_TO,COST,COMPANY,RETURN_COST) values ('487226742348','0','0',null,'487220563843','10100','1',to_date('27/09/2017','DD/MM/YYYY'),'1','3','999','20','3','20');
Insert into ECI_DELIVERY_COST (DELIVERY_COST_ID,VERSION_DELETED,VERSION_EDITABLE,PRED_VERSION,WORKSPACE_ID,BRANCH_ID,IS_HEAD,CHECKIN_DATE,ASSET_VERSION,GOOD_TYPE,COST_TO,COST,COMPANY,RETURN_COST) values ('487220842346','0','0',null,'487220368643','10100','1',to_date('21/03/2014','DD/MM/YYYY'),'1','2','24','17,7',null,'17,7');
Insert into ECI_DELIVERY_COST (DELIVERY_COST_ID,VERSION_DELETED,VERSION_EDITABLE,PRED_VERSION,WORKSPACE_ID,BRANCH_ID,IS_HEAD,CHECKIN_DATE,ASSET_VERSION,GOOD_TYPE,COST_TO,COST,COMPANY,RETURN_COST) values ('487220842348','0','0',null,'487220368643','10100','1',to_date('21/03/2014','DD/MM/YYYY'),'1','2','35','23,6',null,'23,6');
Insert into ECI_DELIVERY_COST (DELIVERY_COST_ID,VERSION_DELETED,VERSION_EDITABLE,PRED_VERSION,WORKSPACE_ID,BRANCH_ID,IS_HEAD,CHECKIN_DATE,ASSET_VERSION,GOOD_TYPE,COST_TO,COST,COMPANY,RETURN_COST) values ('487220842350','0','0',null,'487220368643','10100','1',to_date('21/03/2014','DD/MM/YYYY'),'1','2','999','29,5',null,'29,5');
Insert into ECI_DELIVERY_COST (DELIVERY_COST_ID,VERSION_DELETED,VERSION_EDITABLE,PRED_VERSION,WORKSPACE_ID,BRANCH_ID,IS_HEAD,CHECKIN_DATE,ASSET_VERSION,GOOD_TYPE,COST_TO,COST,COMPANY,RETURN_COST) values ('487220842342','0','0',null,'487220368643','10100','1',to_date('21/03/2014','DD/MM/YYYY'),'1','2','7','5,9',null,'5,9');
Insert into ECI_DELIVERY_COST (DELIVERY_COST_ID,VERSION_DELETED,VERSION_EDITABLE,PRED_VERSION,WORKSPACE_ID,BRANCH_ID,IS_HEAD,CHECKIN_DATE,ASSET_VERSION,GOOD_TYPE,COST_TO,COST,COMPANY,RETURN_COST) values ('487220842344','0','0',null,'487220368643','10100','1',to_date('21/03/2014','DD/MM/YYYY'),'1','2','15','11,8',null,'11,8');
Insert into ECI_DELIVERY_COST (DELIVERY_COST_ID,VERSION_DELETED,VERSION_EDITABLE,PRED_VERSION,WORKSPACE_ID,BRANCH_ID,IS_HEAD,CHECKIN_DATE,ASSET_VERSION,GOOD_TYPE,COST_TO,COST,COMPANY,RETURN_COST) values ('487220842352','0','0',null,'487220368643','10100','1',to_date('21/03/2014','DD/MM/YYYY'),'1','1','7','9,8',null,'9,8');
Insert into ECI_DELIVERY_COST (DELIVERY_COST_ID,VERSION_DELETED,VERSION_EDITABLE,PRED_VERSION,WORKSPACE_ID,BRANCH_ID,IS_HEAD,CHECKIN_DATE,ASSET_VERSION,GOOD_TYPE,COST_TO,COST,COMPANY,RETURN_COST) values ('487220842354','0','0',null,'487220368643','10100','1',to_date('21/03/2014','DD/MM/YYYY'),'1','1','15','18,9',null,'18,9');
Insert into ECI_DELIVERY_COST (DELIVERY_COST_ID,VERSION_DELETED,VERSION_EDITABLE,PRED_VERSION,WORKSPACE_ID,BRANCH_ID,IS_HEAD,CHECKIN_DATE,ASSET_VERSION,GOOD_TYPE,COST_TO,COST,COMPANY,RETURN_COST) values ('487220842356','0','0',null,'487220368643','10100','1',to_date('21/03/2014','DD/MM/YYYY'),'1','1','24','28,7',null,'28,7');
Insert into ECI_DELIVERY_COST (DELIVERY_COST_ID,VERSION_DELETED,VERSION_EDITABLE,PRED_VERSION,WORKSPACE_ID,BRANCH_ID,IS_HEAD,CHECKIN_DATE,ASSET_VERSION,GOOD_TYPE,COST_TO,COST,COMPANY,RETURN_COST) values ('487220842358','0','0',null,'487220368643','10100','1',to_date('21/03/2014','DD/MM/YYYY'),'1','1','35','38,5',null,'38,5');
Insert into ECI_DELIVERY_COST (DELIVERY_COST_ID,VERSION_DELETED,VERSION_EDITABLE,PRED_VERSION,WORKSPACE_ID,BRANCH_ID,IS_HEAD,CHECKIN_DATE,ASSET_VERSION,GOOD_TYPE,COST_TO,COST,COMPANY,RETURN_COST) values ('487220842360','0','0',null,'487220368643','10100','1',to_date('21/03/2014','DD/MM/YYYY'),'1','1','999','47,7',null,'47,7');
Insert into ECI_DELIVERY_COST (DELIVERY_COST_ID,VERSION_DELETED,VERSION_EDITABLE,PRED_VERSION,WORKSPACE_ID,BRANCH_ID,IS_HEAD,CHECKIN_DATE,ASSET_VERSION,GOOD_TYPE,COST_TO,COST,COMPANY,RETURN_COST) values ('487220842362','0','0',null,'487220368643','10100','1',to_date('21/03/2014','DD/MM/YYYY'),'1','0','2','14',null,'14');
Insert into ECI_DELIVERY_COST (DELIVERY_COST_ID,VERSION_DELETED,VERSION_EDITABLE,PRED_VERSION,WORKSPACE_ID,BRANCH_ID,IS_HEAD,CHECKIN_DATE,ASSET_VERSION,GOOD_TYPE,COST_TO,COST,COMPANY,RETURN_COST) values ('487220842364','0','0',null,'487220368643','10100','1',to_date('21/03/2014','DD/MM/YYYY'),'1','0','5','28',null,'28');
Insert into ECI_DELIVERY_COST (DELIVERY_COST_ID,VERSION_DELETED,VERSION_EDITABLE,PRED_VERSION,WORKSPACE_ID,BRANCH_ID,IS_HEAD,CHECKIN_DATE,ASSET_VERSION,GOOD_TYPE,COST_TO,COST,COMPANY,RETURN_COST) values ('487220842366','0','0',null,'487220368643','10100','1',to_date('21/03/2014','DD/MM/YYYY'),'1','0','10','42',null,'42');
Insert into ECI_DELIVERY_COST (DELIVERY_COST_ID,VERSION_DELETED,VERSION_EDITABLE,PRED_VERSION,WORKSPACE_ID,BRANCH_ID,IS_HEAD,CHECKIN_DATE,ASSET_VERSION,GOOD_TYPE,COST_TO,COST,COMPANY,RETURN_COST) values ('487220842368','0','0',null,'487220368643','10100','1',to_date('21/03/2014','DD/MM/YYYY'),'1','0','999','50',null,'50');
Insert into ECI_DELIVERY_COST (DELIVERY_COST_ID,VERSION_DELETED,VERSION_EDITABLE,PRED_VERSION,WORKSPACE_ID,BRANCH_ID,IS_HEAD,CHECKIN_DATE,ASSET_VERSION,GOOD_TYPE,COST_TO,COST,COMPANY,RETURN_COST) values ('487221342350','0','0',null,'487220390242','10100','1',to_date('25/09/2014','DD/MM/YYYY'),'1','3','999','23',null,'23');
Insert into ECI_DELIVERY_COST (DELIVERY_COST_ID,VERSION_DELETED,VERSION_EDITABLE,PRED_VERSION,WORKSPACE_ID,BRANCH_ID,IS_HEAD,CHECKIN_DATE,ASSET_VERSION,GOOD_TYPE,COST_TO,COST,COMPANY,RETURN_COST) values ('487221342352','0','0',null,'487220390242','10100','1',to_date('25/09/2014','DD/MM/YYYY'),'1','3','35','20',null,'20');
Insert into ECI_DELIVERY_COST (DELIVERY_COST_ID,VERSION_DELETED,VERSION_EDITABLE,PRED_VERSION,WORKSPACE_ID,BRANCH_ID,IS_HEAD,CHECKIN_DATE,ASSET_VERSION,GOOD_TYPE,COST_TO,COST,COMPANY,RETURN_COST) values ('487221342358','0','0',null,'487220390242','10100','1',to_date('25/09/2014','DD/MM/YYYY'),'1','3','999','40',null,'40');
Insert into ECI_DELIVERY_COST (DELIVERY_COST_ID,VERSION_DELETED,VERSION_EDITABLE,PRED_VERSION,WORKSPACE_ID,BRANCH_ID,IS_HEAD,CHECKIN_DATE,ASSET_VERSION,GOOD_TYPE,COST_TO,COST,COMPANY,RETURN_COST) values ('487221342360','0','0',null,'487220390242','10100','1',to_date('25/09/2014','DD/MM/YYYY'),'1','3','35','20',null,'20');
Insert into ECI_DELIVERY_COST (DELIVERY_COST_ID,VERSION_DELETED,VERSION_EDITABLE,PRED_VERSION,WORKSPACE_ID,BRANCH_ID,IS_HEAD,CHECKIN_DATE,ASSET_VERSION,GOOD_TYPE,COST_TO,COST,COMPANY,RETURN_COST) values ('487221342364','0','0',null,'487220390251','10100','1',to_date('25/09/2014','DD/MM/YYYY'),'1','3','15','50',null,'50');
Insert into ECI_DELIVERY_COST (DELIVERY_COST_ID,VERSION_DELETED,VERSION_EDITABLE,PRED_VERSION,WORKSPACE_ID,BRANCH_ID,IS_HEAD,CHECKIN_DATE,ASSET_VERSION,GOOD_TYPE,COST_TO,COST,COMPANY,RETURN_COST) values ('487221342368','0','0',null,'487220390251','10100','1',to_date('25/09/2014','DD/MM/YYYY'),'1','3','15','18',null,'18');
Insert into ECI_DELIVERY_COST (DELIVERY_COST_ID,VERSION_DELETED,VERSION_EDITABLE,PRED_VERSION,WORKSPACE_ID,BRANCH_ID,IS_HEAD,CHECKIN_DATE,ASSET_VERSION,GOOD_TYPE,COST_TO,COST,COMPANY,RETURN_COST) values ('487221342370','0','0',null,'487220390251','10100','1',to_date('25/09/2014','DD/MM/YYYY'),'1','3','999','18',null,'18');
Insert into ECI_DELIVERY_COST (DELIVERY_COST_ID,VERSION_DELETED,VERSION_EDITABLE,PRED_VERSION,WORKSPACE_ID,BRANCH_ID,IS_HEAD,CHECKIN_DATE,ASSET_VERSION,GOOD_TYPE,COST_TO,COST,COMPANY,RETURN_COST) values ('487221342372','0','0',null,'487220390251','10100','1',to_date('25/09/2014','DD/MM/YYYY'),'1','3','15','43',null,'43');
Insert into ECI_DELIVERY_COST (DELIVERY_COST_ID,VERSION_DELETED,VERSION_EDITABLE,PRED_VERSION,WORKSPACE_ID,BRANCH_ID,IS_HEAD,CHECKIN_DATE,ASSET_VERSION,GOOD_TYPE,COST_TO,COST,COMPANY,RETURN_COST) values ('487221342378','0','0',null,'487220390256','10100','1',to_date('25/09/2014','DD/MM/YYYY'),'1','3','14','11,8',null,'11,8');
Insert into ECI_DELIVERY_COST (DELIVERY_COST_ID,VERSION_DELETED,VERSION_EDITABLE,PRED_VERSION,WORKSPACE_ID,BRANCH_ID,IS_HEAD,CHECKIN_DATE,ASSET_VERSION,GOOD_TYPE,COST_TO,COST,COMPANY,RETURN_COST) values ('487221342380','0','0',null,'487220390256','10100','1',to_date('25/09/2014','DD/MM/YYYY'),'1','3','24','17,7',null,'17,7');
Insert into ECI_DELIVERY_COST (DELIVERY_COST_ID,VERSION_DELETED,VERSION_EDITABLE,PRED_VERSION,WORKSPACE_ID,BRANCH_ID,IS_HEAD,CHECKIN_DATE,ASSET_VERSION,GOOD_TYPE,COST_TO,COST,COMPANY,RETURN_COST) values ('487221342382','0','0',null,'487220390256','10100','1',to_date('25/09/2014','DD/MM/YYYY'),'1','3','35','23,6',null,'23,6');
Insert into ECI_DELIVERY_COST (DELIVERY_COST_ID,VERSION_DELETED,VERSION_EDITABLE,PRED_VERSION,WORKSPACE_ID,BRANCH_ID,IS_HEAD,CHECKIN_DATE,ASSET_VERSION,GOOD_TYPE,COST_TO,COST,COMPANY,RETURN_COST) values ('487221342384','0','0',null,'487220390256','10100','1',to_date('25/09/2014','DD/MM/YYYY'),'1','3','999','23,6',null,'23,6');
Insert into ECI_DELIVERY_COST (DELIVERY_COST_ID,VERSION_DELETED,VERSION_EDITABLE,PRED_VERSION,WORKSPACE_ID,BRANCH_ID,IS_HEAD,CHECKIN_DATE,ASSET_VERSION,GOOD_TYPE,COST_TO,COST,COMPANY,RETURN_COST) values ('487221342386','0','0',null,'487220390256','10100','1',to_date('25/09/2014','DD/MM/YYYY'),'1','2','7','5,9',null,'5,9');
Insert into ECI_DELIVERY_COST (DELIVERY_COST_ID,VERSION_DELETED,VERSION_EDITABLE,PRED_VERSION,WORKSPACE_ID,BRANCH_ID,IS_HEAD,CHECKIN_DATE,ASSET_VERSION,GOOD_TYPE,COST_TO,COST,COMPANY,RETURN_COST) values ('487221342388','0','0',null,'487220390256','10100','1',to_date('25/09/2014','DD/MM/YYYY'),'1','2','15','11,8',null,'11,8');
Insert into ECI_DELIVERY_COST (DELIVERY_COST_ID,VERSION_DELETED,VERSION_EDITABLE,PRED_VERSION,WORKSPACE_ID,BRANCH_ID,IS_HEAD,CHECKIN_DATE,ASSET_VERSION,GOOD_TYPE,COST_TO,COST,COMPANY,RETURN_COST) values ('487221342390','0','0',null,'487220390256','10100','1',to_date('25/09/2014','DD/MM/YYYY'),'1','2','24','17,7',null,'17,7');
Insert into ECI_DELIVERY_COST (DELIVERY_COST_ID,VERSION_DELETED,VERSION_EDITABLE,PRED_VERSION,WORKSPACE_ID,BRANCH_ID,IS_HEAD,CHECKIN_DATE,ASSET_VERSION,GOOD_TYPE,COST_TO,COST,COMPANY,RETURN_COST) values ('487221342392','0','0',null,'487220390256','10100','1',to_date('25/09/2014','DD/MM/YYYY'),'1','2','35','23,6',null,'23,6');
Insert into ECI_DELIVERY_COST (DELIVERY_COST_ID,VERSION_DELETED,VERSION_EDITABLE,PRED_VERSION,WORKSPACE_ID,BRANCH_ID,IS_HEAD,CHECKIN_DATE,ASSET_VERSION,GOOD_TYPE,COST_TO,COST,COMPANY,RETURN_COST) values ('487221342394','0','0',null,'487220390256','10100','1',to_date('25/09/2014','DD/MM/YYYY'),'1','2','999','29,5',null,'29,5');
Insert into ECI_DELIVERY_COST (DELIVERY_COST_ID,VERSION_DELETED,VERSION_EDITABLE,PRED_VERSION,WORKSPACE_ID,BRANCH_ID,IS_HEAD,CHECKIN_DATE,ASSET_VERSION,GOOD_TYPE,COST_TO,COST,COMPANY,RETURN_COST) values ('487221342396','0','0',null,'487220390256','10100','1',to_date('25/09/2014','DD/MM/YYYY'),'1','0','2','14',null,'14');
Insert into ECI_DELIVERY_COST (DELIVERY_COST_ID,VERSION_DELETED,VERSION_EDITABLE,PRED_VERSION,WORKSPACE_ID,BRANCH_ID,IS_HEAD,CHECKIN_DATE,ASSET_VERSION,GOOD_TYPE,COST_TO,COST,COMPANY,RETURN_COST) values ('487221342398','0','0',null,'487220390256','10100','1',to_date('25/09/2014','DD/MM/YYYY'),'1','0','5','28',null,'28');
Insert into ECI_DELIVERY_COST (DELIVERY_COST_ID,VERSION_DELETED,VERSION_EDITABLE,PRED_VERSION,WORKSPACE_ID,BRANCH_ID,IS_HEAD,CHECKIN_DATE,ASSET_VERSION,GOOD_TYPE,COST_TO,COST,COMPANY,RETURN_COST) values ('487221342400','0','0',null,'487220390256','10100','1',to_date('25/09/2014','DD/MM/YYYY'),'1','0','10','42',null,'42');
Insert into ECI_DELIVERY_COST (DELIVERY_COST_ID,VERSION_DELETED,VERSION_EDITABLE,PRED_VERSION,WORKSPACE_ID,BRANCH_ID,IS_HEAD,CHECKIN_DATE,ASSET_VERSION,GOOD_TYPE,COST_TO,COST,COMPANY,RETURN_COST) values ('487221342402','0','0',null,'487220390256','10100','1',to_date('25/09/2014','DD/MM/YYYY'),'1','0','999','50',null,'50');
Insert into ECI_DELIVERY_COST (DELIVERY_COST_ID,VERSION_DELETED,VERSION_EDITABLE,PRED_VERSION,WORKSPACE_ID,BRANCH_ID,IS_HEAD,CHECKIN_DATE,ASSET_VERSION,GOOD_TYPE,COST_TO,COST,COMPANY,RETURN_COST) values ('487221342404','0','0',null,'487220390256','10100','1',to_date('25/09/2014','DD/MM/YYYY'),'1','1','7','9,8',null,'9,8');
Insert into ECI_DELIVERY_COST (DELIVERY_COST_ID,VERSION_DELETED,VERSION_EDITABLE,PRED_VERSION,WORKSPACE_ID,BRANCH_ID,IS_HEAD,CHECKIN_DATE,ASSET_VERSION,GOOD_TYPE,COST_TO,COST,COMPANY,RETURN_COST) values ('487221342418','0','0',null,'487220390259','10100','1',to_date('25/09/2014','DD/MM/YYYY'),'1','2','7','5,9',null,'5,9');
Insert into ECI_DELIVERY_COST (DELIVERY_COST_ID,VERSION_DELETED,VERSION_EDITABLE,PRED_VERSION,WORKSPACE_ID,BRANCH_ID,IS_HEAD,CHECKIN_DATE,ASSET_VERSION,GOOD_TYPE,COST_TO,COST,COMPANY,RETURN_COST) values ('487221342420','0','0',null,'487220390259','10100','1',to_date('25/09/2014','DD/MM/YYYY'),'1','2','15','11,8',null,'11,8');
Insert into ECI_DELIVERY_COST (DELIVERY_COST_ID,VERSION_DELETED,VERSION_EDITABLE,PRED_VERSION,WORKSPACE_ID,BRANCH_ID,IS_HEAD,CHECKIN_DATE,ASSET_VERSION,GOOD_TYPE,COST_TO,COST,COMPANY,RETURN_COST) values ('487221342422','0','0',null,'487220390259','10100','1',to_date('25/09/2014','DD/MM/YYYY'),'1','2','24','17,7',null,'17,7');
Insert into ECI_DELIVERY_COST (DELIVERY_COST_ID,VERSION_DELETED,VERSION_EDITABLE,PRED_VERSION,WORKSPACE_ID,BRANCH_ID,IS_HEAD,CHECKIN_DATE,ASSET_VERSION,GOOD_TYPE,COST_TO,COST,COMPANY,RETURN_COST) values ('487221342424','0','0',null,'487220390259','10100','1',to_date('25/09/2014','DD/MM/YYYY'),'1','2','35','23,6',null,'23,6');
Insert into ECI_DELIVERY_COST (DELIVERY_COST_ID,VERSION_DELETED,VERSION_EDITABLE,PRED_VERSION,WORKSPACE_ID,BRANCH_ID,IS_HEAD,CHECKIN_DATE,ASSET_VERSION,GOOD_TYPE,COST_TO,COST,COMPANY,RETURN_COST) values ('487221542342','0','0',null,'487220390548','10100','1',to_date('29/09/2014','DD/MM/YYYY'),'1','3','999','1',null,'1');
Insert into ECI_DELIVERY_COST (DELIVERY_COST_ID,VERSION_DELETED,VERSION_EDITABLE,PRED_VERSION,WORKSPACE_ID,BRANCH_ID,IS_HEAD,CHECKIN_DATE,ASSET_VERSION,GOOD_TYPE,COST_TO,COST,COMPANY,RETURN_COST) values ('487221942348','0','0',null,'487220429541','10100','1',to_date('27/05/2015','DD/MM/YYYY'),'1','1','999','2','4','2');
Insert into ECI_DELIVERY_COST (DELIVERY_COST_ID,VERSION_DELETED,VERSION_EDITABLE,PRED_VERSION,WORKSPACE_ID,BRANCH_ID,IS_HEAD,CHECKIN_DATE,ASSET_VERSION,GOOD_TYPE,COST_TO,COST,COMPANY,RETURN_COST) values ('487221942350','0','0',null,'487220429541','10100','1',to_date('27/05/2015','DD/MM/YYYY'),'1','0','999','2','4','2');
Insert into ECI_DELIVERY_COST (DELIVERY_COST_ID,VERSION_DELETED,VERSION_EDITABLE,PRED_VERSION,WORKSPACE_ID,BRANCH_ID,IS_HEAD,CHECKIN_DATE,ASSET_VERSION,GOOD_TYPE,COST_TO,COST,COMPANY,RETURN_COST) values ('487221942352','0','0',null,'487220429541','10100','1',to_date('27/05/2015','DD/MM/YYYY'),'1','3','999','2','5','2');
Insert into ECI_DELIVERY_COST (DELIVERY_COST_ID,VERSION_DELETED,VERSION_EDITABLE,PRED_VERSION,WORKSPACE_ID,BRANCH_ID,IS_HEAD,CHECKIN_DATE,ASSET_VERSION,GOOD_TYPE,COST_TO,COST,COMPANY,RETURN_COST) values ('487221942354','0','0',null,'487220429541','10100','1',to_date('27/05/2015','DD/MM/YYYY'),'1','2','999','2','5','2');
Insert into ECI_DELIVERY_COST (DELIVERY_COST_ID,VERSION_DELETED,VERSION_EDITABLE,PRED_VERSION,WORKSPACE_ID,BRANCH_ID,IS_HEAD,CHECKIN_DATE,ASSET_VERSION,GOOD_TYPE,COST_TO,COST,COMPANY,RETURN_COST) values ('487221942356','0','0',null,'487220429541','10100','1',to_date('27/05/2015','DD/MM/YYYY'),'1','1','999','2','5','2');
Insert into ECI_DELIVERY_COST (DELIVERY_COST_ID,VERSION_DELETED,VERSION_EDITABLE,PRED_VERSION,WORKSPACE_ID,BRANCH_ID,IS_HEAD,CHECKIN_DATE,ASSET_VERSION,GOOD_TYPE,COST_TO,COST,COMPANY,RETURN_COST) values ('487221942358','0','0',null,'487220429541','10100','1',to_date('27/05/2015','DD/MM/YYYY'),'1','0','999','2','5','2');
Insert into ECI_DELIVERY_COST (DELIVERY_COST_ID,VERSION_DELETED,VERSION_EDITABLE,PRED_VERSION,WORKSPACE_ID,BRANCH_ID,IS_HEAD,CHECKIN_DATE,ASSET_VERSION,GOOD_TYPE,COST_TO,COST,COMPANY,RETURN_COST) values ('487221942360','0','0',null,'487220429541','10100','1',to_date('27/05/2015','DD/MM/YYYY'),'1','3','999','3','6','3');
Insert into ECI_DELIVERY_COST (DELIVERY_COST_ID,VERSION_DELETED,VERSION_EDITABLE,PRED_VERSION,WORKSPACE_ID,BRANCH_ID,IS_HEAD,CHECKIN_DATE,ASSET_VERSION,GOOD_TYPE,COST_TO,COST,COMPANY,RETURN_COST) values ('487221942362','0','0',null,'487220429541','10100','1',to_date('27/05/2015','DD/MM/YYYY'),'1','2','999','3','6','3');
Insert into ECI_DELIVERY_COST (DELIVERY_COST_ID,VERSION_DELETED,VERSION_EDITABLE,PRED_VERSION,WORKSPACE_ID,BRANCH_ID,IS_HEAD,CHECKIN_DATE,ASSET_VERSION,GOOD_TYPE,COST_TO,COST,COMPANY,RETURN_COST) values ('487221942364','0','0',null,'487220429541','10100','1',to_date('27/05/2015','DD/MM/YYYY'),'1','1','999','3','6','3');
Insert into ECI_DELIVERY_COST (DELIVERY_COST_ID,VERSION_DELETED,VERSION_EDITABLE,PRED_VERSION,WORKSPACE_ID,BRANCH_ID,IS_HEAD,CHECKIN_DATE,ASSET_VERSION,GOOD_TYPE,COST_TO,COST,COMPANY,RETURN_COST) values ('487221942366','0','0',null,'487220429541','10100','1',to_date('27/05/2015','DD/MM/YYYY'),'1','0','999','3','6','3');
Insert into ECI_DELIVERY_COST (DELIVERY_COST_ID,VERSION_DELETED,VERSION_EDITABLE,PRED_VERSION,WORKSPACE_ID,BRANCH_ID,IS_HEAD,CHECKIN_DATE,ASSET_VERSION,GOOD_TYPE,COST_TO,COST,COMPANY,RETURN_COST) values ('487222442342','0','0',null,'487220449944','10100','1',to_date('13/10/2015','DD/MM/YYYY'),'1','3','999','2',null,'2');
Insert into ECI_DELIVERY_COST (DELIVERY_COST_ID,VERSION_DELETED,VERSION_EDITABLE,PRED_VERSION,WORKSPACE_ID,BRANCH_ID,IS_HEAD,CHECKIN_DATE,ASSET_VERSION,GOOD_TYPE,COST_TO,COST,COMPANY,RETURN_COST) values ('487222442344','0','0',null,'487220449944','10100','1',to_date('13/10/2015','DD/MM/YYYY'),'1','2','999','3',null,'3');
Insert into ECI_DELIVERY_COST (DELIVERY_COST_ID,VERSION_DELETED,VERSION_EDITABLE,PRED_VERSION,WORKSPACE_ID,BRANCH_ID,IS_HEAD,CHECKIN_DATE,ASSET_VERSION,GOOD_TYPE,COST_TO,COST,COMPANY,RETURN_COST) values ('487222442346','0','0',null,'487220449944','10100','1',to_date('13/10/2015','DD/MM/YYYY'),'1','1','999','4',null,'4');
Insert into ECI_DELIVERY_COST (DELIVERY_COST_ID,VERSION_DELETED,VERSION_EDITABLE,PRED_VERSION,WORKSPACE_ID,BRANCH_ID,IS_HEAD,CHECKIN_DATE,ASSET_VERSION,GOOD_TYPE,COST_TO,COST,COMPANY,RETURN_COST) values ('487222442348','0','0',null,'487220449944','10100','1',to_date('13/10/2015','DD/MM/YYYY'),'1','0','999','5',null,'5');
Insert into ECI_DELIVERY_COST (DELIVERY_COST_ID,VERSION_DELETED,VERSION_EDITABLE,PRED_VERSION,WORKSPACE_ID,BRANCH_ID,IS_HEAD,CHECKIN_DATE,ASSET_VERSION,GOOD_TYPE,COST_TO,COST,COMPANY,RETURN_COST) values ('487222442350','0','0',null,'487220449944','10100','1',to_date('13/10/2015','DD/MM/YYYY'),'1','3','999','2,5',null,'2,5');
Insert into ECI_DELIVERY_COST (DELIVERY_COST_ID,VERSION_DELETED,VERSION_EDITABLE,PRED_VERSION,WORKSPACE_ID,BRANCH_ID,IS_HEAD,CHECKIN_DATE,ASSET_VERSION,GOOD_TYPE,COST_TO,COST,COMPANY,RETURN_COST) values ('487222442352','0','0',null,'487220449944','10100','1',to_date('13/10/2015','DD/MM/YYYY'),'1','2','999','3,5',null,'3,5');
Insert into ECI_DELIVERY_COST (DELIVERY_COST_ID,VERSION_DELETED,VERSION_EDITABLE,PRED_VERSION,WORKSPACE_ID,BRANCH_ID,IS_HEAD,CHECKIN_DATE,ASSET_VERSION,GOOD_TYPE,COST_TO,COST,COMPANY,RETURN_COST) values ('487222442354','0','0',null,'487220449944','10100','1',to_date('13/10/2015','DD/MM/YYYY'),'1','1','999','4,5',null,'4,5');
Insert into ECI_DELIVERY_COST (DELIVERY_COST_ID,VERSION_DELETED,VERSION_EDITABLE,PRED_VERSION,WORKSPACE_ID,BRANCH_ID,IS_HEAD,CHECKIN_DATE,ASSET_VERSION,GOOD_TYPE,COST_TO,COST,COMPANY,RETURN_COST) values ('487222442356','0','0',null,'487220449944','10100','1',to_date('13/10/2015','DD/MM/YYYY'),'1','0','999','5,5',null,'5,5');
Insert into ECI_DELIVERY_COST (DELIVERY_COST_ID,VERSION_DELETED,VERSION_EDITABLE,PRED_VERSION,WORKSPACE_ID,BRANCH_ID,IS_HEAD,CHECKIN_DATE,ASSET_VERSION,GOOD_TYPE,COST_TO,COST,COMPANY,RETURN_COST) values ('487222942346','0','0',null,'487220460045','10100','1',to_date('25/11/2015','DD/MM/YYYY'),'1','3','10','6',null,'6');
Insert into ECI_DELIVERY_COST (DELIVERY_COST_ID,VERSION_DELETED,VERSION_EDITABLE,PRED_VERSION,WORKSPACE_ID,BRANCH_ID,IS_HEAD,CHECKIN_DATE,ASSET_VERSION,GOOD_TYPE,COST_TO,COST,COMPANY,RETURN_COST) values ('487222942348','0','0',null,'487220460045','10100','1',to_date('25/11/2015','DD/MM/YYYY'),'1','3','999','8',null,'8');
Insert into ECI_DELIVERY_COST (DELIVERY_COST_ID,VERSION_DELETED,VERSION_EDITABLE,PRED_VERSION,WORKSPACE_ID,BRANCH_ID,IS_HEAD,CHECKIN_DATE,ASSET_VERSION,GOOD_TYPE,COST_TO,COST,COMPANY,RETURN_COST) values ('487222942350','0','0',null,'487220460045','10100','1',to_date('25/11/2015','DD/MM/YYYY'),'1','2','7','6',null,'6');
Insert into ECI_DELIVERY_COST (DELIVERY_COST_ID,VERSION_DELETED,VERSION_EDITABLE,PRED_VERSION,WORKSPACE_ID,BRANCH_ID,IS_HEAD,CHECKIN_DATE,ASSET_VERSION,GOOD_TYPE,COST_TO,COST,COMPANY,RETURN_COST) values ('487222942352','0','0',null,'487220460045','10100','1',to_date('25/11/2015','DD/MM/YYYY'),'1','2','15','11,9',null,'11,9');
Insert into ECI_DELIVERY_COST (DELIVERY_COST_ID,VERSION_DELETED,VERSION_EDITABLE,PRED_VERSION,WORKSPACE_ID,BRANCH_ID,IS_HEAD,CHECKIN_DATE,ASSET_VERSION,GOOD_TYPE,COST_TO,COST,COMPANY,RETURN_COST) values ('487222942354','0','0',null,'487220460045','10100','1',to_date('25/11/2015','DD/MM/YYYY'),'1','2','24','17,8',null,'17,8');
Insert into ECI_DELIVERY_COST (DELIVERY_COST_ID,VERSION_DELETED,VERSION_EDITABLE,PRED_VERSION,WORKSPACE_ID,BRANCH_ID,IS_HEAD,CHECKIN_DATE,ASSET_VERSION,GOOD_TYPE,COST_TO,COST,COMPANY,RETURN_COST) values ('487222942356','0','0',null,'487220460045','10100','1',to_date('25/11/2015','DD/MM/YYYY'),'1','2','35','23,7',null,'23,7');
Insert into ECI_DELIVERY_COST (DELIVERY_COST_ID,VERSION_DELETED,VERSION_EDITABLE,PRED_VERSION,WORKSPACE_ID,BRANCH_ID,IS_HEAD,CHECKIN_DATE,ASSET_VERSION,GOOD_TYPE,COST_TO,COST,COMPANY,RETURN_COST) values ('487222942358','0','0',null,'487220460045','10100','1',to_date('25/11/2015','DD/MM/YYYY'),'1','2','999','29,6',null,'29,6');
Insert into ECI_DELIVERY_COST (DELIVERY_COST_ID,VERSION_DELETED,VERSION_EDITABLE,PRED_VERSION,WORKSPACE_ID,BRANCH_ID,IS_HEAD,CHECKIN_DATE,ASSET_VERSION,GOOD_TYPE,COST_TO,COST,COMPANY,RETURN_COST) values ('487222942360','0','0',null,'487220460045','10100','1',to_date('25/11/2015','DD/MM/YYYY'),'1','1','7','9,9',null,'9,9');
Insert into ECI_DELIVERY_COST (DELIVERY_COST_ID,VERSION_DELETED,VERSION_EDITABLE,PRED_VERSION,WORKSPACE_ID,BRANCH_ID,IS_HEAD,CHECKIN_DATE,ASSET_VERSION,GOOD_TYPE,COST_TO,COST,COMPANY,RETURN_COST) values ('487222942362','0','0',null,'487220460045','10100','1',to_date('25/11/2015','DD/MM/YYYY'),'1','1','15','19',null,'19');
Insert into ECI_DELIVERY_COST (DELIVERY_COST_ID,VERSION_DELETED,VERSION_EDITABLE,PRED_VERSION,WORKSPACE_ID,BRANCH_ID,IS_HEAD,CHECKIN_DATE,ASSET_VERSION,GOOD_TYPE,COST_TO,COST,COMPANY,RETURN_COST) values ('487222942364','0','0',null,'487220460045','10100','1',to_date('25/11/2015','DD/MM/YYYY'),'1','1','24','28,8',null,'28,8');
Insert into ECI_DELIVERY_COST (DELIVERY_COST_ID,VERSION_DELETED,VERSION_EDITABLE,PRED_VERSION,WORKSPACE_ID,BRANCH_ID,IS_HEAD,CHECKIN_DATE,ASSET_VERSION,GOOD_TYPE,COST_TO,COST,COMPANY,RETURN_COST) values ('487222942366','0','0',null,'487220460045','10100','1',to_date('25/11/2015','DD/MM/YYYY'),'1','1','35','38,6',null,'38,6');
Insert into ECI_DELIVERY_COST (DELIVERY_COST_ID,VERSION_DELETED,VERSION_EDITABLE,PRED_VERSION,WORKSPACE_ID,BRANCH_ID,IS_HEAD,CHECKIN_DATE,ASSET_VERSION,GOOD_TYPE,COST_TO,COST,COMPANY,RETURN_COST) values ('487222942368','0','0',null,'487220460045','10100','1',to_date('25/11/2015','DD/MM/YYYY'),'1','1','999','47,8',null,'47,8');
Insert into ECI_DELIVERY_COST (DELIVERY_COST_ID,VERSION_DELETED,VERSION_EDITABLE,PRED_VERSION,WORKSPACE_ID,BRANCH_ID,IS_HEAD,CHECKIN_DATE,ASSET_VERSION,GOOD_TYPE,COST_TO,COST,COMPANY,RETURN_COST) values ('487222942370','0','0',null,'487220460045','10100','1',to_date('25/11/2015','DD/MM/YYYY'),'1','0','2','14,5',null,'14,5');
Insert into ECI_DELIVERY_COST (DELIVERY_COST_ID,VERSION_DELETED,VERSION_EDITABLE,PRED_VERSION,WORKSPACE_ID,BRANCH_ID,IS_HEAD,CHECKIN_DATE,ASSET_VERSION,GOOD_TYPE,COST_TO,COST,COMPANY,RETURN_COST) values ('487222942372','0','0',null,'487220460045','10100','1',to_date('25/11/2015','DD/MM/YYYY'),'1','0','5','29,5',null,'28,5');
Insert into ECI_DELIVERY_COST (DELIVERY_COST_ID,VERSION_DELETED,VERSION_EDITABLE,PRED_VERSION,WORKSPACE_ID,BRANCH_ID,IS_HEAD,CHECKIN_DATE,ASSET_VERSION,GOOD_TYPE,COST_TO,COST,COMPANY,RETURN_COST) values ('487222942374','0','0',null,'487220460045','10100','1',to_date('25/11/2015','DD/MM/YYYY'),'1','0','10','42,5',null,'42,5');
Insert into ECI_DELIVERY_COST (DELIVERY_COST_ID,VERSION_DELETED,VERSION_EDITABLE,PRED_VERSION,WORKSPACE_ID,BRANCH_ID,IS_HEAD,CHECKIN_DATE,ASSET_VERSION,GOOD_TYPE,COST_TO,COST,COMPANY,RETURN_COST) values ('487222942376','0','0',null,'487220460045','10100','1',to_date('25/11/2015','DD/MM/YYYY'),'1','0','999','50,5',null,'50,5');
Insert into ECI_DELIVERY_COST (DELIVERY_COST_ID,VERSION_DELETED,VERSION_EDITABLE,PRED_VERSION,WORKSPACE_ID,BRANCH_ID,IS_HEAD,CHECKIN_DATE,ASSET_VERSION,GOOD_TYPE,COST_TO,COST,COMPANY,RETURN_COST) values ('487222942378','0','0',null,'487220460048','10100','1',to_date('25/11/2015','DD/MM/YYYY'),'1','2','7','5,9',null,'5,9');
Insert into ECI_DELIVERY_COST (DELIVERY_COST_ID,VERSION_DELETED,VERSION_EDITABLE,PRED_VERSION,WORKSPACE_ID,BRANCH_ID,IS_HEAD,CHECKIN_DATE,ASSET_VERSION,GOOD_TYPE,COST_TO,COST,COMPANY,RETURN_COST) values ('487222942380','0','0',null,'487220460048','10100','1',to_date('25/11/2015','DD/MM/YYYY'),'1','3','999','5,9',null,'5,9');
Insert into ECI_DELIVERY_COST (DELIVERY_COST_ID,VERSION_DELETED,VERSION_EDITABLE,PRED_VERSION,WORKSPACE_ID,BRANCH_ID,IS_HEAD,CHECKIN_DATE,ASSET_VERSION,GOOD_TYPE,COST_TO,COST,COMPANY,RETURN_COST) values ('487222942382','0','0',null,'487220460048','10100','1',to_date('25/11/2015','DD/MM/YYYY'),'1','2','15','11,8',null,'11,8');
Insert into ECI_DELIVERY_COST (DELIVERY_COST_ID,VERSION_DELETED,VERSION_EDITABLE,PRED_VERSION,WORKSPACE_ID,BRANCH_ID,IS_HEAD,CHECKIN_DATE,ASSET_VERSION,GOOD_TYPE,COST_TO,COST,COMPANY,RETURN_COST) values ('487222942384','0','0',null,'487220460048','10100','1',to_date('25/11/2015','DD/MM/YYYY'),'1','2','24','17,7',null,'17,7');
Insert into ECI_DELIVERY_COST (DELIVERY_COST_ID,VERSION_DELETED,VERSION_EDITABLE,PRED_VERSION,WORKSPACE_ID,BRANCH_ID,IS_HEAD,CHECKIN_DATE,ASSET_VERSION,GOOD_TYPE,COST_TO,COST,COMPANY,RETURN_COST) values ('487222942386','0','0',null,'487220460048','10100','1',to_date('25/11/2015','DD/MM/YYYY'),'1','2','999','17,7',null,'17,7');
Insert into ECI_DELIVERY_COST (DELIVERY_COST_ID,VERSION_DELETED,VERSION_EDITABLE,PRED_VERSION,WORKSPACE_ID,BRANCH_ID,IS_HEAD,CHECKIN_DATE,ASSET_VERSION,GOOD_TYPE,COST_TO,COST,COMPANY,RETURN_COST) values ('487222942388','0','0',null,'487220460048','10100','1',to_date('25/11/2015','DD/MM/YYYY'),'1','1','7','9,8',null,'9,8');
Insert into ECI_DELIVERY_COST (DELIVERY_COST_ID,VERSION_DELETED,VERSION_EDITABLE,PRED_VERSION,WORKSPACE_ID,BRANCH_ID,IS_HEAD,CHECKIN_DATE,ASSET_VERSION,GOOD_TYPE,COST_TO,COST,COMPANY,RETURN_COST) values ('487222942390','0','0',null,'487220460048','10100','1',to_date('25/11/2015','DD/MM/YYYY'),'1','1','15','18,9',null,'18,9');
Insert into ECI_DELIVERY_COST (DELIVERY_COST_ID,VERSION_DELETED,VERSION_EDITABLE,PRED_VERSION,WORKSPACE_ID,BRANCH_ID,IS_HEAD,CHECKIN_DATE,ASSET_VERSION,GOOD_TYPE,COST_TO,COST,COMPANY,RETURN_COST) values ('487222942392','0','0',null,'487220460048','10100','1',to_date('25/11/2015','DD/MM/YYYY'),'1','1','24','28,8',null,'28,8');
Insert into ECI_DELIVERY_COST (DELIVERY_COST_ID,VERSION_DELETED,VERSION_EDITABLE,PRED_VERSION,WORKSPACE_ID,BRANCH_ID,IS_HEAD,CHECKIN_DATE,ASSET_VERSION,GOOD_TYPE,COST_TO,COST,COMPANY,RETURN_COST) values ('487222942394','0','0',null,'487220460048','10100','1',to_date('25/11/2015','DD/MM/YYYY'),'1','1','999','28,8',null,'28,8');
Insert into ECI_DELIVERY_COST (DELIVERY_COST_ID,VERSION_DELETED,VERSION_EDITABLE,PRED_VERSION,WORKSPACE_ID,BRANCH_ID,IS_HEAD,CHECKIN_DATE,ASSET_VERSION,GOOD_TYPE,COST_TO,COST,COMPANY,RETURN_COST) values ('487222942396','0','0',null,'487220460048','10100','1',to_date('25/11/2015','DD/MM/YYYY'),'1','0','2','14',null,'14');
Insert into ECI_DELIVERY_COST (DELIVERY_COST_ID,VERSION_DELETED,VERSION_EDITABLE,PRED_VERSION,WORKSPACE_ID,BRANCH_ID,IS_HEAD,CHECKIN_DATE,ASSET_VERSION,GOOD_TYPE,COST_TO,COST,COMPANY,RETURN_COST) values ('487222942398','0','0',null,'487220460048','10100','1',to_date('25/11/2015','DD/MM/YYYY'),'1','0','5','28,9',null,'28,9');
Insert into ECI_DELIVERY_COST (DELIVERY_COST_ID,VERSION_DELETED,VERSION_EDITABLE,PRED_VERSION,WORKSPACE_ID,BRANCH_ID,IS_HEAD,CHECKIN_DATE,ASSET_VERSION,GOOD_TYPE,COST_TO,COST,COMPANY,RETURN_COST) values ('487222942400','0','0',null,'487220460048','10100','1',to_date('25/11/2015','DD/MM/YYYY'),'1','0','10','40',null,'40');
Insert into ECI_DELIVERY_COST (DELIVERY_COST_ID,VERSION_DELETED,VERSION_EDITABLE,PRED_VERSION,WORKSPACE_ID,BRANCH_ID,IS_HEAD,CHECKIN_DATE,ASSET_VERSION,GOOD_TYPE,COST_TO,COST,COMPANY,RETURN_COST) values ('487222942402','0','0',null,'487220460048','10100','1',to_date('25/11/2015','DD/MM/YYYY'),'1','1','15','50',null,'50');
Insert into ECI_DELIVERY_COST (DELIVERY_COST_ID,VERSION_DELETED,VERSION_EDITABLE,PRED_VERSION,WORKSPACE_ID,BRANCH_ID,IS_HEAD,CHECKIN_DATE,ASSET_VERSION,GOOD_TYPE,COST_TO,COST,COMPANY,RETURN_COST) values ('487222942404','0','0',null,'487220460048','10100','1',to_date('25/11/2015','DD/MM/YYYY'),'1','0','999','28,9',null,'28,9');
Insert into ECI_DELIVERY_COST (DELIVERY_COST_ID,VERSION_DELETED,VERSION_EDITABLE,PRED_VERSION,WORKSPACE_ID,BRANCH_ID,IS_HEAD,CHECKIN_DATE,ASSET_VERSION,GOOD_TYPE,COST_TO,COST,COMPANY,RETURN_COST) values ('487222942406','0','0',null,'487220460048','10100','1',to_date('25/11/2015','DD/MM/YYYY'),'1','3','999','1',null,'1');
Insert into ECI_DELIVERY_COST (DELIVERY_COST_ID,VERSION_DELETED,VERSION_EDITABLE,PRED_VERSION,WORKSPACE_ID,BRANCH_ID,IS_HEAD,CHECKIN_DATE,ASSET_VERSION,GOOD_TYPE,COST_TO,COST,COMPANY,RETURN_COST) values ('487222942408','0','0',null,'487220460048','10100','1',to_date('25/11/2015','DD/MM/YYYY'),'1','2','999','1',null,'1');
Insert into ECI_DELIVERY_COST (DELIVERY_COST_ID,VERSION_DELETED,VERSION_EDITABLE,PRED_VERSION,WORKSPACE_ID,BRANCH_ID,IS_HEAD,CHECKIN_DATE,ASSET_VERSION,GOOD_TYPE,COST_TO,COST,COMPANY,RETURN_COST) values ('487222942410','0','0',null,'487220460048','10100','1',to_date('25/11/2015','DD/MM/YYYY'),'1','1','999','1',null,'1');
Insert into ECI_DELIVERY_COST (DELIVERY_COST_ID,VERSION_DELETED,VERSION_EDITABLE,PRED_VERSION,WORKSPACE_ID,BRANCH_ID,IS_HEAD,CHECKIN_DATE,ASSET_VERSION,GOOD_TYPE,COST_TO,COST,COMPANY,RETURN_COST) values ('487222942412','0','0',null,'487220460048','10100','1',to_date('25/11/2015','DD/MM/YYYY'),'1','0','999','1',null,'1');
Insert into ECI_DELIVERY_COST (DELIVERY_COST_ID,VERSION_DELETED,VERSION_EDITABLE,PRED_VERSION,WORKSPACE_ID,BRANCH_ID,IS_HEAD,CHECKIN_DATE,ASSET_VERSION,GOOD_TYPE,COST_TO,COST,COMPANY,RETURN_COST) values ('487224142346','0','0',null,'487220482544','10100','1',to_date('19/04/2016','DD/MM/YYYY'),'1','3','5','7,89',null,'7,89');
Insert into ECI_DELIVERY_COST (DELIVERY_COST_ID,VERSION_DELETED,VERSION_EDITABLE,PRED_VERSION,WORKSPACE_ID,BRANCH_ID,IS_HEAD,CHECKIN_DATE,ASSET_VERSION,GOOD_TYPE,COST_TO,COST,COMPANY,RETURN_COST) values ('487224142348','0','0',null,'487220482544','10100','1',to_date('19/04/2016','DD/MM/YYYY'),'1','3','999','11,89',null,'11,89');
Insert into ECI_DELIVERY_COST (DELIVERY_COST_ID,VERSION_DELETED,VERSION_EDITABLE,PRED_VERSION,WORKSPACE_ID,BRANCH_ID,IS_HEAD,CHECKIN_DATE,ASSET_VERSION,GOOD_TYPE,COST_TO,COST,COMPANY,RETURN_COST) values ('487224142350','0','0',null,'487220482544','10100','1',to_date('19/04/2016','DD/MM/YYYY'),'1','2','5','8,89',null,'8,89');
Insert into ECI_DELIVERY_COST (DELIVERY_COST_ID,VERSION_DELETED,VERSION_EDITABLE,PRED_VERSION,WORKSPACE_ID,BRANCH_ID,IS_HEAD,CHECKIN_DATE,ASSET_VERSION,GOOD_TYPE,COST_TO,COST,COMPANY,RETURN_COST) values ('487224142352','0','0',null,'487220482544','10100','1',to_date('19/04/2016','DD/MM/YYYY'),'1','1','999','12,89',null,'12,89');
Insert into ECI_DELIVERY_COST (DELIVERY_COST_ID,VERSION_DELETED,VERSION_EDITABLE,PRED_VERSION,WORKSPACE_ID,BRANCH_ID,IS_HEAD,CHECKIN_DATE,ASSET_VERSION,GOOD_TYPE,COST_TO,COST,COMPANY,RETURN_COST) values ('487224142360','0','0',null,'487220482548','10100','1',to_date('19/04/2016','DD/MM/YYYY'),'1','2','5','8,79',null,'8,79');
Insert into ECI_DELIVERY_COST (DELIVERY_COST_ID,VERSION_DELETED,VERSION_EDITABLE,PRED_VERSION,WORKSPACE_ID,BRANCH_ID,IS_HEAD,CHECKIN_DATE,ASSET_VERSION,GOOD_TYPE,COST_TO,COST,COMPANY,RETURN_COST) values ('487224142362','0','0',null,'487220482548','10100','1',to_date('19/04/2016','DD/MM/YYYY'),'1','2','5','8,79',null,'8,79');
Insert into ECI_DELIVERY_COST (DELIVERY_COST_ID,VERSION_DELETED,VERSION_EDITABLE,PRED_VERSION,WORKSPACE_ID,BRANCH_ID,IS_HEAD,CHECKIN_DATE,ASSET_VERSION,GOOD_TYPE,COST_TO,COST,COMPANY,RETURN_COST) values ('487224142364','0','0',null,'487220482548','10100','1',to_date('19/04/2016','DD/MM/YYYY'),'1','2','999','12,79',null,'12,79');
Insert into ECI_DELIVERY_COST (DELIVERY_COST_ID,VERSION_DELETED,VERSION_EDITABLE,PRED_VERSION,WORKSPACE_ID,BRANCH_ID,IS_HEAD,CHECKIN_DATE,ASSET_VERSION,GOOD_TYPE,COST_TO,COST,COMPANY,RETURN_COST) values ('487224342344','0','0',null,'487220484943','10100','1',to_date('04/05/2016','DD/MM/YYYY'),'1','3','999','18',null,'18');
Insert into ECI_DELIVERY_COST (DELIVERY_COST_ID,VERSION_DELETED,VERSION_EDITABLE,PRED_VERSION,WORKSPACE_ID,BRANCH_ID,IS_HEAD,CHECKIN_DATE,ASSET_VERSION,GOOD_TYPE,COST_TO,COST,COMPANY,RETURN_COST) values ('487224342362','0','0',null,'487220484943','10100','1',to_date('04/05/2016','DD/MM/YYYY'),'1','2','15','23',null,'23');
Insert into ECI_DELIVERY_COST (DELIVERY_COST_ID,VERSION_DELETED,VERSION_EDITABLE,PRED_VERSION,WORKSPACE_ID,BRANCH_ID,IS_HEAD,CHECKIN_DATE,ASSET_VERSION,GOOD_TYPE,COST_TO,COST,COMPANY,RETURN_COST) values ('487224342382','0','0',null,'487220484965','10100','1',to_date('04/05/2016','DD/MM/YYYY'),'1','3','35','20',null,'20');
Insert into ECI_DELIVERY_COST (DELIVERY_COST_ID,VERSION_DELETED,VERSION_EDITABLE,PRED_VERSION,WORKSPACE_ID,BRANCH_ID,IS_HEAD,CHECKIN_DATE,ASSET_VERSION,GOOD_TYPE,COST_TO,COST,COMPANY,RETURN_COST) values ('487224342384','0','0',null,'487220484965','10100','1',to_date('04/05/2016','DD/MM/YYYY'),'1','3','999','20',null,'20');
Insert into ECI_DELIVERY_COST (DELIVERY_COST_ID,VERSION_DELETED,VERSION_EDITABLE,PRED_VERSION,WORKSPACE_ID,BRANCH_ID,IS_HEAD,CHECKIN_DATE,ASSET_VERSION,GOOD_TYPE,COST_TO,COST,COMPANY,RETURN_COST) values ('487224342386','0','0',null,'487220484965','10100','1',to_date('04/05/2016','DD/MM/YYYY'),'1','1','999','75',null,'75');
Insert into ECI_DELIVERY_COST (DELIVERY_COST_ID,VERSION_DELETED,VERSION_EDITABLE,PRED_VERSION,WORKSPACE_ID,BRANCH_ID,IS_HEAD,CHECKIN_DATE,ASSET_VERSION,GOOD_TYPE,COST_TO,COST,COMPANY,RETURN_COST) values ('487224342388','0','0',null,'487220484965','10100','1',to_date('04/05/2016','DD/MM/YYYY'),'1','1','50','75',null,'75');
Insert into ECI_DELIVERY_COST (DELIVERY_COST_ID,VERSION_DELETED,VERSION_EDITABLE,PRED_VERSION,WORKSPACE_ID,BRANCH_ID,IS_HEAD,CHECKIN_DATE,ASSET_VERSION,GOOD_TYPE,COST_TO,COST,COMPANY,RETURN_COST) values ('487224342390','0','0',null,'487220484965','10100','1',to_date('04/05/2016','DD/MM/YYYY'),'1','1','24','50',null,'50');
Insert into ECI_DELIVERY_COST (DELIVERY_COST_ID,VERSION_DELETED,VERSION_EDITABLE,PRED_VERSION,WORKSPACE_ID,BRANCH_ID,IS_HEAD,CHECKIN_DATE,ASSET_VERSION,GOOD_TYPE,COST_TO,COST,COMPANY,RETURN_COST) values ('487224342392','0','0',null,'487220484965','10100','1',to_date('04/05/2016','DD/MM/YYYY'),'1','1','15','35',null,'35');
Insert into ECI_DELIVERY_COST (DELIVERY_COST_ID,VERSION_DELETED,VERSION_EDITABLE,PRED_VERSION,WORKSPACE_ID,BRANCH_ID,IS_HEAD,CHECKIN_DATE,ASSET_VERSION,GOOD_TYPE,COST_TO,COST,COMPANY,RETURN_COST) values ('487224342394','0','0',null,'487220484965','10100','1',to_date('04/05/2016','DD/MM/YYYY'),'1',null,'7','30',null,'30');
Insert into ECI_DELIVERY_COST (DELIVERY_COST_ID,VERSION_DELETED,VERSION_EDITABLE,PRED_VERSION,WORKSPACE_ID,BRANCH_ID,IS_HEAD,CHECKIN_DATE,ASSET_VERSION,GOOD_TYPE,COST_TO,COST,COMPANY,RETURN_COST) values ('487224342396','0','0',null,'487220484965','10100','1',to_date('04/05/2016','DD/MM/YYYY'),'1','0','999','50',null,'50');
Insert into ECI_DELIVERY_COST (DELIVERY_COST_ID,VERSION_DELETED,VERSION_EDITABLE,PRED_VERSION,WORKSPACE_ID,BRANCH_ID,IS_HEAD,CHECKIN_DATE,ASSET_VERSION,GOOD_TYPE,COST_TO,COST,COMPANY,RETURN_COST) values ('487224342408','0','0',null,'487220484965','10100','1',to_date('04/05/2016','DD/MM/YYYY'),'1','2','7','20',null,'20');
Insert into ECI_DELIVERY_COST (DELIVERY_COST_ID,VERSION_DELETED,VERSION_EDITABLE,PRED_VERSION,WORKSPACE_ID,BRANCH_ID,IS_HEAD,CHECKIN_DATE,ASSET_VERSION,GOOD_TYPE,COST_TO,COST,COMPANY,RETURN_COST) values ('487220742348','0','0',null,'487220365965','10100','1',to_date('19/02/2014','DD/MM/YYYY'),'1','0','1','0',null,'0');
Insert into ECI_DELIVERY_COST (DELIVERY_COST_ID,VERSION_DELETED,VERSION_EDITABLE,PRED_VERSION,WORKSPACE_ID,BRANCH_ID,IS_HEAD,CHECKIN_DATE,ASSET_VERSION,GOOD_TYPE,COST_TO,COST,COMPANY,RETURN_COST) values ('487220742350','0','0',null,'487220365965','10100','1',to_date('19/02/2014','DD/MM/YYYY'),'1','2','999','0',null,'0');
Insert into ECI_DELIVERY_COST (DELIVERY_COST_ID,VERSION_DELETED,VERSION_EDITABLE,PRED_VERSION,WORKSPACE_ID,BRANCH_ID,IS_HEAD,CHECKIN_DATE,ASSET_VERSION,GOOD_TYPE,COST_TO,COST,COMPANY,RETURN_COST) values ('487220742352','0','0',null,'487220365965','10100','1',to_date('19/02/2014','DD/MM/YYYY'),'1','2','1','0',null,'0');
Insert into ECI_DELIVERY_COST (DELIVERY_COST_ID,VERSION_DELETED,VERSION_EDITABLE,PRED_VERSION,WORKSPACE_ID,BRANCH_ID,IS_HEAD,CHECKIN_DATE,ASSET_VERSION,GOOD_TYPE,COST_TO,COST,COMPANY,RETURN_COST) values ('487220742342','0','0',null,'487220365965','10100','1',to_date('19/02/2014','DD/MM/YYYY'),'1','1','999','0',null,'0');
Insert into ECI_DELIVERY_COST (DELIVERY_COST_ID,VERSION_DELETED,VERSION_EDITABLE,PRED_VERSION,WORKSPACE_ID,BRANCH_ID,IS_HEAD,CHECKIN_DATE,ASSET_VERSION,GOOD_TYPE,COST_TO,COST,COMPANY,RETURN_COST) values ('487220742346','0','0',null,'487220365965','10100','1',to_date('19/02/2014','DD/MM/YYYY'),'1','0','999','0',null,'0');
Insert into ECI_DELIVERY_COST (DELIVERY_COST_ID,VERSION_DELETED,VERSION_EDITABLE,PRED_VERSION,WORKSPACE_ID,BRANCH_ID,IS_HEAD,CHECKIN_DATE,ASSET_VERSION,GOOD_TYPE,COST_TO,COST,COMPANY,RETURN_COST) values ('487221042344','0','0',null,'487220381641','10100','1',to_date('02/07/2014','DD/MM/YYYY'),'1','0','999','28,9',null,'28,9');
Insert into ECI_DELIVERY_COST (DELIVERY_COST_ID,VERSION_DELETED,VERSION_EDITABLE,PRED_VERSION,WORKSPACE_ID,BRANCH_ID,IS_HEAD,CHECKIN_DATE,ASSET_VERSION,GOOD_TYPE,COST_TO,COST,COMPANY,RETURN_COST) values ('487221042346','0','0',null,'487220381641','10100','1',to_date('02/07/2014','DD/MM/YYYY'),'1','0','5','28,9',null,'28,9');
Insert into ECI_DELIVERY_COST (DELIVERY_COST_ID,VERSION_DELETED,VERSION_EDITABLE,PRED_VERSION,WORKSPACE_ID,BRANCH_ID,IS_HEAD,CHECKIN_DATE,ASSET_VERSION,GOOD_TYPE,COST_TO,COST,COMPANY,RETURN_COST) values ('487221042348','0','0',null,'487220381641','10100','1',to_date('02/07/2014','DD/MM/YYYY'),'1',null,'999','28,8',null,'28,8');
Insert into ECI_DELIVERY_COST (DELIVERY_COST_ID,VERSION_DELETED,VERSION_EDITABLE,PRED_VERSION,WORKSPACE_ID,BRANCH_ID,IS_HEAD,CHECKIN_DATE,ASSET_VERSION,GOOD_TYPE,COST_TO,COST,COMPANY,RETURN_COST) values ('487221042354','0','0',null,'487220381641','10100','1',to_date('02/07/2014','DD/MM/YYYY'),'1','1','7','9,8',null,'9,8');
Insert into ECI_DELIVERY_COST (DELIVERY_COST_ID,VERSION_DELETED,VERSION_EDITABLE,PRED_VERSION,WORKSPACE_ID,BRANCH_ID,IS_HEAD,CHECKIN_DATE,ASSET_VERSION,GOOD_TYPE,COST_TO,COST,COMPANY,RETURN_COST) values ('487221042356','0','0',null,'487220381641','10100','1',to_date('02/07/2014','DD/MM/YYYY'),'1','0','2','14',null,'14');
Insert into ECI_DELIVERY_COST (DELIVERY_COST_ID,VERSION_DELETED,VERSION_EDITABLE,PRED_VERSION,WORKSPACE_ID,BRANCH_ID,IS_HEAD,CHECKIN_DATE,ASSET_VERSION,GOOD_TYPE,COST_TO,COST,COMPANY,RETURN_COST) values ('487221042360','0','0',null,'487220381641','10100','1',to_date('02/07/2014','DD/MM/YYYY'),'1','2','7','5,9',null,'5,9');
Insert into ECI_DELIVERY_COST (DELIVERY_COST_ID,VERSION_DELETED,VERSION_EDITABLE,PRED_VERSION,WORKSPACE_ID,BRANCH_ID,IS_HEAD,CHECKIN_DATE,ASSET_VERSION,GOOD_TYPE,COST_TO,COST,COMPANY,RETURN_COST) values ('487221142346','0','0',null,'487220387960','10100','1',to_date('10/09/2014','DD/MM/YYYY'),'1','0','999999','5,9',null,'5,9');
Insert into ECI_DELIVERY_COST (DELIVERY_COST_ID,VERSION_DELETED,VERSION_EDITABLE,PRED_VERSION,WORKSPACE_ID,BRANCH_ID,IS_HEAD,CHECKIN_DATE,ASSET_VERSION,GOOD_TYPE,COST_TO,COST,COMPANY,RETURN_COST) values ('487221142348','0','0',null,'487220387960','10100','1',to_date('10/09/2014','DD/MM/YYYY'),'1','0','99','14',null,'14');
Insert into ECI_DELIVERY_COST (DELIVERY_COST_ID,VERSION_DELETED,VERSION_EDITABLE,PRED_VERSION,WORKSPACE_ID,BRANCH_ID,IS_HEAD,CHECKIN_DATE,ASSET_VERSION,GOOD_TYPE,COST_TO,COST,COMPANY,RETURN_COST) values ('487221142350','0','0',null,'487220387960','10100','1',to_date('10/09/2014','DD/MM/YYYY'),'1','1','99','6,8',null,'6,8');
Insert into ECI_DELIVERY_COST (DELIVERY_COST_ID,VERSION_DELETED,VERSION_EDITABLE,PRED_VERSION,WORKSPACE_ID,BRANCH_ID,IS_HEAD,CHECKIN_DATE,ASSET_VERSION,GOOD_TYPE,COST_TO,COST,COMPANY,RETURN_COST) values ('487221142352','0','0',null,'487220387960','10100','1',to_date('10/09/2014','DD/MM/YYYY'),'1','2','99','5,9',null,'5,9');
Insert into ECI_DELIVERY_COST (DELIVERY_COST_ID,VERSION_DELETED,VERSION_EDITABLE,PRED_VERSION,WORKSPACE_ID,BRANCH_ID,IS_HEAD,CHECKIN_DATE,ASSET_VERSION,GOOD_TYPE,COST_TO,COST,COMPANY,RETURN_COST) values ('487221342344','0','0',null,'487220390242','10100','1',to_date('25/09/2014','DD/MM/YYYY'),'1','3','35','5,9',null,'5,9');
Insert into ECI_DELIVERY_COST (DELIVERY_COST_ID,VERSION_DELETED,VERSION_EDITABLE,PRED_VERSION,WORKSPACE_ID,BRANCH_ID,IS_HEAD,CHECKIN_DATE,ASSET_VERSION,GOOD_TYPE,COST_TO,COST,COMPANY,RETURN_COST) values ('487221342346','0','0',null,'487220390242','10100','1',to_date('25/09/2014','DD/MM/YYYY'),'1','3','999','5,9',null,'5,9');
Insert into ECI_DELIVERY_COST (DELIVERY_COST_ID,VERSION_DELETED,VERSION_EDITABLE,PRED_VERSION,WORKSPACE_ID,BRANCH_ID,IS_HEAD,CHECKIN_DATE,ASSET_VERSION,GOOD_TYPE,COST_TO,COST,COMPANY,RETURN_COST) values ('487221342348','0','0',null,'487220390242','10100','1',to_date('25/09/2014','DD/MM/YYYY'),'1','3','15','23',null,'23');
Insert into ECI_DELIVERY_COST (DELIVERY_COST_ID,VERSION_DELETED,VERSION_EDITABLE,PRED_VERSION,WORKSPACE_ID,BRANCH_ID,IS_HEAD,CHECKIN_DATE,ASSET_VERSION,GOOD_TYPE,COST_TO,COST,COMPANY,RETURN_COST) values ('487221342354','0','0',null,'487220390242','10100','1',to_date('25/09/2014','DD/MM/YYYY'),'1','3','999','20',null,'20');
Insert into ECI_DELIVERY_COST (DELIVERY_COST_ID,VERSION_DELETED,VERSION_EDITABLE,PRED_VERSION,WORKSPACE_ID,BRANCH_ID,IS_HEAD,CHECKIN_DATE,ASSET_VERSION,GOOD_TYPE,COST_TO,COST,COMPANY,RETURN_COST) values ('487221342356','0','0',null,'487220390242','10100','1',to_date('25/09/2014','DD/MM/YYYY'),'1','3','15','40',null,'40');
Insert into ECI_DELIVERY_COST (DELIVERY_COST_ID,VERSION_DELETED,VERSION_EDITABLE,PRED_VERSION,WORKSPACE_ID,BRANCH_ID,IS_HEAD,CHECKIN_DATE,ASSET_VERSION,GOOD_TYPE,COST_TO,COST,COMPANY,RETURN_COST) values ('487221342362','0','0',null,'487220390242','10100','1',to_date('25/09/2014','DD/MM/YYYY'),'1','3','999','20',null,'20');
Insert into ECI_DELIVERY_COST (DELIVERY_COST_ID,VERSION_DELETED,VERSION_EDITABLE,PRED_VERSION,WORKSPACE_ID,BRANCH_ID,IS_HEAD,CHECKIN_DATE,ASSET_VERSION,GOOD_TYPE,COST_TO,COST,COMPANY,RETURN_COST) values ('487221642346','0','0',null,'487220407241','10100','1',to_date('29/01/2015','DD/MM/YYYY'),'1','0','999','1',null,'1');
Insert into ECI_DELIVERY_COST (DELIVERY_COST_ID,VERSION_DELETED,VERSION_EDITABLE,PRED_VERSION,WORKSPACE_ID,BRANCH_ID,IS_HEAD,CHECKIN_DATE,ASSET_VERSION,GOOD_TYPE,COST_TO,COST,COMPANY,RETURN_COST) values ('487221642348','0','0',null,'487220407241','10100','1',to_date('29/01/2015','DD/MM/YYYY'),'1','3','999','1',null,'1');
Insert into ECI_DELIVERY_COST (DELIVERY_COST_ID,VERSION_DELETED,VERSION_EDITABLE,PRED_VERSION,WORKSPACE_ID,BRANCH_ID,IS_HEAD,CHECKIN_DATE,ASSET_VERSION,GOOD_TYPE,COST_TO,COST,COMPANY,RETURN_COST) values ('487221742344','0','0',null,'487220407445','10100','1',to_date('30/01/2015','DD/MM/YYYY'),'1','2','999','15',null,'15');
Insert into ECI_DELIVERY_COST (DELIVERY_COST_ID,VERSION_DELETED,VERSION_EDITABLE,PRED_VERSION,WORKSPACE_ID,BRANCH_ID,IS_HEAD,CHECKIN_DATE,ASSET_VERSION,GOOD_TYPE,COST_TO,COST,COMPANY,RETURN_COST) values ('487221842342','0','0',null,'487220408753','10100','1',to_date('10/02/2015','DD/MM/YYYY'),'1','2','999','666',null,'666');
Insert into ECI_DELIVERY_COST (DELIVERY_COST_ID,VERSION_DELETED,VERSION_EDITABLE,PRED_VERSION,WORKSPACE_ID,BRANCH_ID,IS_HEAD,CHECKIN_DATE,ASSET_VERSION,GOOD_TYPE,COST_TO,COST,COMPANY,RETURN_COST) values ('487221842344','0','0',null,'487220408753','10100','1',to_date('10/02/2015','DD/MM/YYYY'),'1','1','999','665',null,'665');
Insert into ECI_DELIVERY_COST (DELIVERY_COST_ID,VERSION_DELETED,VERSION_EDITABLE,PRED_VERSION,WORKSPACE_ID,BRANCH_ID,IS_HEAD,CHECKIN_DATE,ASSET_VERSION,GOOD_TYPE,COST_TO,COST,COMPANY,RETURN_COST) values ('487221842346','0','0',null,'487220408753','10100','1',to_date('10/02/2015','DD/MM/YYYY'),'1','0','999','664',null,'664');
Insert into ECI_DELIVERY_COST (DELIVERY_COST_ID,VERSION_DELETED,VERSION_EDITABLE,PRED_VERSION,WORKSPACE_ID,BRANCH_ID,IS_HEAD,CHECKIN_DATE,ASSET_VERSION,GOOD_TYPE,COST_TO,COST,COMPANY,RETURN_COST) values ('487221842348','0','0',null,'487220408753','10100','1',to_date('10/02/2015','DD/MM/YYYY'),'1','3','999','663',null,'663');
Insert into ECI_DELIVERY_COST (DELIVERY_COST_ID,VERSION_DELETED,VERSION_EDITABLE,PRED_VERSION,WORKSPACE_ID,BRANCH_ID,IS_HEAD,CHECKIN_DATE,ASSET_VERSION,GOOD_TYPE,COST_TO,COST,COMPANY,RETURN_COST) values ('487221842350','0','0',null,'487220408753','10100','1',to_date('10/02/2015','DD/MM/YYYY'),'1','0','999','555',null,'555');
Insert into ECI_DELIVERY_COST (DELIVERY_COST_ID,VERSION_DELETED,VERSION_EDITABLE,PRED_VERSION,WORKSPACE_ID,BRANCH_ID,IS_HEAD,CHECKIN_DATE,ASSET_VERSION,GOOD_TYPE,COST_TO,COST,COMPANY,RETURN_COST) values ('487221842352','0','0',null,'487220408753','10100','1',to_date('10/02/2015','DD/MM/YYYY'),'1','1','999','554',null,'554');
Insert into ECI_DELIVERY_COST (DELIVERY_COST_ID,VERSION_DELETED,VERSION_EDITABLE,PRED_VERSION,WORKSPACE_ID,BRANCH_ID,IS_HEAD,CHECKIN_DATE,ASSET_VERSION,GOOD_TYPE,COST_TO,COST,COMPANY,RETURN_COST) values ('487221842354','0','0',null,'487220408753','10100','1',to_date('10/02/2015','DD/MM/YYYY'),'1',null,'999','553',null,'553');
Insert into ECI_DELIVERY_COST (DELIVERY_COST_ID,VERSION_DELETED,VERSION_EDITABLE,PRED_VERSION,WORKSPACE_ID,BRANCH_ID,IS_HEAD,CHECKIN_DATE,ASSET_VERSION,GOOD_TYPE,COST_TO,COST,COMPANY,RETURN_COST) values ('487221842356','0','0',null,'487220408753','10100','1',to_date('10/02/2015','DD/MM/YYYY'),'1','3','999','553',null,'553');
Insert into ECI_DELIVERY_COST (DELIVERY_COST_ID,VERSION_DELETED,VERSION_EDITABLE,PRED_VERSION,WORKSPACE_ID,BRANCH_ID,IS_HEAD,CHECKIN_DATE,ASSET_VERSION,GOOD_TYPE,COST_TO,COST,COMPANY,RETURN_COST) values ('487221842358','0','0',null,'487220408753','10100','1',to_date('10/02/2015','DD/MM/YYYY'),'1','2','999','552',null,'552');
Insert into ECI_DELIVERY_COST (DELIVERY_COST_ID,VERSION_DELETED,VERSION_EDITABLE,PRED_VERSION,WORKSPACE_ID,BRANCH_ID,IS_HEAD,CHECKIN_DATE,ASSET_VERSION,GOOD_TYPE,COST_TO,COST,COMPANY,RETURN_COST) values ('487222942342','0','0',null,'487220460042','10100','1',to_date('25/11/2015','DD/MM/YYYY'),'1','3','10','5,9',null,'5,9');
Insert into ECI_DELIVERY_COST (DELIVERY_COST_ID,VERSION_DELETED,VERSION_EDITABLE,PRED_VERSION,WORKSPACE_ID,BRANCH_ID,IS_HEAD,CHECKIN_DATE,ASSET_VERSION,GOOD_TYPE,COST_TO,COST,COMPANY,RETURN_COST) values ('487222942344','0','0',null,'487220460042','10100','1',to_date('25/11/2015','DD/MM/YYYY'),'1','3','999','7,9',null,'7,9');
Insert into ECI_DELIVERY_COST (DELIVERY_COST_ID,VERSION_DELETED,VERSION_EDITABLE,PRED_VERSION,WORKSPACE_ID,BRANCH_ID,IS_HEAD,CHECKIN_DATE,ASSET_VERSION,GOOD_TYPE,COST_TO,COST,COMPANY,RETURN_COST) values ('487223242342','0','0',null,'487220463341','10100','1',to_date('15/12/2015','DD/MM/YYYY'),'1','2','500','6','6','6');
Insert into ECI_DELIVERY_COST (DELIVERY_COST_ID,VERSION_DELETED,VERSION_EDITABLE,PRED_VERSION,WORKSPACE_ID,BRANCH_ID,IS_HEAD,CHECKIN_DATE,ASSET_VERSION,GOOD_TYPE,COST_TO,COST,COMPANY,RETURN_COST) values ('487223242344','0','0',null,'487220463343','10100','1',to_date('15/12/2015','DD/MM/YYYY'),'1','2','500','8','2','8');
Insert into ECI_DELIVERY_COST (DELIVERY_COST_ID,VERSION_DELETED,VERSION_EDITABLE,PRED_VERSION,WORKSPACE_ID,BRANCH_ID,IS_HEAD,CHECKIN_DATE,ASSET_VERSION,GOOD_TYPE,COST_TO,COST,COMPANY,RETURN_COST) values ('487223242346','0','0',null,'487220463345','10100','1',to_date('15/12/2015','DD/MM/YYYY'),'1','2','999','2,5','2','2,5');
Insert into ECI_DELIVERY_COST (DELIVERY_COST_ID,VERSION_DELETED,VERSION_EDITABLE,PRED_VERSION,WORKSPACE_ID,BRANCH_ID,IS_HEAD,CHECKIN_DATE,ASSET_VERSION,GOOD_TYPE,COST_TO,COST,COMPANY,RETURN_COST) values ('487224142354','0','0',null,'487220482546','10100','1',to_date('19/04/2016','DD/MM/YYYY'),'1','2','999','12,89',null,'12,89');
Insert into ECI_DELIVERY_COST (DELIVERY_COST_ID,VERSION_DELETED,VERSION_EDITABLE,PRED_VERSION,WORKSPACE_ID,BRANCH_ID,IS_HEAD,CHECKIN_DATE,ASSET_VERSION,GOOD_TYPE,COST_TO,COST,COMPANY,RETURN_COST) values ('487224142356','0','0',null,'487220482548','10100','1',to_date('19/04/2016','DD/MM/YYYY'),'1','3','5','7,79',null,'7,79');
Insert into ECI_DELIVERY_COST (DELIVERY_COST_ID,VERSION_DELETED,VERSION_EDITABLE,PRED_VERSION,WORKSPACE_ID,BRANCH_ID,IS_HEAD,CHECKIN_DATE,ASSET_VERSION,GOOD_TYPE,COST_TO,COST,COMPANY,RETURN_COST) values ('487224142358','0','0',null,'487220482548','10100','1',to_date('19/04/2016','DD/MM/YYYY'),'1','3','999','11,79',null,'11,79');
Insert into ECI_DELIVERY_COST (DELIVERY_COST_ID,VERSION_DELETED,VERSION_EDITABLE,PRED_VERSION,WORKSPACE_ID,BRANCH_ID,IS_HEAD,CHECKIN_DATE,ASSET_VERSION,GOOD_TYPE,COST_TO,COST,COMPANY,RETURN_COST) values ('487224142376','0','0',null,'487220482556','10100','1',to_date('19/04/2016','DD/MM/YYYY'),'1','3','5','7,59',null,'7,59');
Insert into ECI_DELIVERY_COST (DELIVERY_COST_ID,VERSION_DELETED,VERSION_EDITABLE,PRED_VERSION,WORKSPACE_ID,BRANCH_ID,IS_HEAD,CHECKIN_DATE,ASSET_VERSION,GOOD_TYPE,COST_TO,COST,COMPANY,RETURN_COST) values ('487224142378','0','0',null,'487220482556','10100','1',to_date('19/04/2016','DD/MM/YYYY'),'1','3','999','11,59',null,'11,59');
Insert into ECI_DELIVERY_COST (DELIVERY_COST_ID,VERSION_DELETED,VERSION_EDITABLE,PRED_VERSION,WORKSPACE_ID,BRANCH_ID,IS_HEAD,CHECKIN_DATE,ASSET_VERSION,GOOD_TYPE,COST_TO,COST,COMPANY,RETURN_COST) values ('487224142380','0','0',null,'487220482556','10100','1',to_date('19/04/2016','DD/MM/YYYY'),'1','2','5','8,59',null,'8,59');
Insert into ECI_DELIVERY_COST (DELIVERY_COST_ID,VERSION_DELETED,VERSION_EDITABLE,PRED_VERSION,WORKSPACE_ID,BRANCH_ID,IS_HEAD,CHECKIN_DATE,ASSET_VERSION,GOOD_TYPE,COST_TO,COST,COMPANY,RETURN_COST) values ('487224142382','0','0',null,'487220482556','10100','1',to_date('19/04/2016','DD/MM/YYYY'),'1','2','999','12,59',null,'12,59');
Insert into ECI_DELIVERY_COST (DELIVERY_COST_ID,VERSION_DELETED,VERSION_EDITABLE,PRED_VERSION,WORKSPACE_ID,BRANCH_ID,IS_HEAD,CHECKIN_DATE,ASSET_VERSION,GOOD_TYPE,COST_TO,COST,COMPANY,RETURN_COST) values ('487224342368','0','0',null,'487220484956','10100','1',to_date('04/05/2016','DD/MM/YYYY'),'1','3','15','40',null,'40');
Insert into ECI_DELIVERY_COST (DELIVERY_COST_ID,VERSION_DELETED,VERSION_EDITABLE,PRED_VERSION,WORKSPACE_ID,BRANCH_ID,IS_HEAD,CHECKIN_DATE,ASSET_VERSION,GOOD_TYPE,COST_TO,COST,COMPANY,RETURN_COST) values ('487224342370','0','0',null,'487220484956','10100','1',to_date('04/05/2016','DD/MM/YYYY'),'1','3','999','40',null,'40');
Insert into ECI_DELIVERY_COST (DELIVERY_COST_ID,VERSION_DELETED,VERSION_EDITABLE,PRED_VERSION,WORKSPACE_ID,BRANCH_ID,IS_HEAD,CHECKIN_DATE,ASSET_VERSION,GOOD_TYPE,COST_TO,COST,COMPANY,RETURN_COST) values ('487224342372','0','0',null,'487220484956','10100','1',to_date('04/05/2016','DD/MM/YYYY'),'1','1','999','275',null,'275');
Insert into ECI_DELIVERY_COST (DELIVERY_COST_ID,VERSION_DELETED,VERSION_EDITABLE,PRED_VERSION,WORKSPACE_ID,BRANCH_ID,IS_HEAD,CHECKIN_DATE,ASSET_VERSION,GOOD_TYPE,COST_TO,COST,COMPANY,RETURN_COST) values ('487224342374','0','0',null,'487220484956','10100','1',to_date('04/05/2016','DD/MM/YYYY'),'1','0','999','275',null,'275');
Insert into ECI_DELIVERY_COST (DELIVERY_COST_ID,VERSION_DELETED,VERSION_EDITABLE,PRED_VERSION,WORKSPACE_ID,BRANCH_ID,IS_HEAD,CHECKIN_DATE,ASSET_VERSION,GOOD_TYPE,COST_TO,COST,COMPANY,RETURN_COST) values ('487224342376','0','0',null,'487220484956','10100','1',to_date('04/05/2016','DD/MM/YYYY'),'1','2','7','40',null,'40');
Insert into ECI_DELIVERY_COST (DELIVERY_COST_ID,VERSION_DELETED,VERSION_EDITABLE,PRED_VERSION,WORKSPACE_ID,BRANCH_ID,IS_HEAD,CHECKIN_DATE,ASSET_VERSION,GOOD_TYPE,COST_TO,COST,COMPANY,RETURN_COST) values ('487224342380','0','0',null,'487220484956','10100','1',to_date('04/05/2016','DD/MM/YYYY'),'1','2','999','275',null,'275');
Insert into ECI_DELIVERY_COST (DELIVERY_COST_ID,VERSION_DELETED,VERSION_EDITABLE,PRED_VERSION,WORKSPACE_ID,BRANCH_ID,IS_HEAD,CHECKIN_DATE,ASSET_VERSION,GOOD_TYPE,COST_TO,COST,COMPANY,RETURN_COST) values ('487224342398','0','0',null,'487220484965','10100','1',to_date('04/05/2016','DD/MM/YYYY'),'1','1','7','30',null,'30');
Insert into ECI_DELIVERY_COST (DELIVERY_COST_ID,VERSION_DELETED,VERSION_EDITABLE,PRED_VERSION,WORKSPACE_ID,BRANCH_ID,IS_HEAD,CHECKIN_DATE,ASSET_VERSION,GOOD_TYPE,COST_TO,COST,COMPANY,RETURN_COST) values ('487224342400','0','0',null,'487220484965','10100','1',to_date('04/05/2016','DD/MM/YYYY'),'1','0','50','100',null,'100');
Insert into ECI_DELIVERY_COST (DELIVERY_COST_ID,VERSION_DELETED,VERSION_EDITABLE,PRED_VERSION,WORKSPACE_ID,BRANCH_ID,IS_HEAD,CHECKIN_DATE,ASSET_VERSION,GOOD_TYPE,COST_TO,COST,COMPANY,RETURN_COST) values ('487224342402','0','0',null,'487220484965','10100','1',to_date('04/05/2016','DD/MM/YYYY'),'1','0','25','75',null,'75');
Insert into ECI_DELIVERY_COST (DELIVERY_COST_ID,VERSION_DELETED,VERSION_EDITABLE,PRED_VERSION,WORKSPACE_ID,BRANCH_ID,IS_HEAD,CHECKIN_DATE,ASSET_VERSION,GOOD_TYPE,COST_TO,COST,COMPANY,RETURN_COST) values ('487224342404','0','0',null,'487220484965','10100','1',to_date('04/05/2016','DD/MM/YYYY'),'1','0','5','50',null,'50');
Insert into ECI_DELIVERY_COST (DELIVERY_COST_ID,VERSION_DELETED,VERSION_EDITABLE,PRED_VERSION,WORKSPACE_ID,BRANCH_ID,IS_HEAD,CHECKIN_DATE,ASSET_VERSION,GOOD_TYPE,COST_TO,COST,COMPANY,RETURN_COST) values ('487224342406','0','0',null,'487220484965','10100','1',to_date('04/05/2016','DD/MM/YYYY'),'1','0','2','40',null,'40');
Insert into ECI_DELIVERY_COST (DELIVERY_COST_ID,VERSION_DELETED,VERSION_EDITABLE,PRED_VERSION,WORKSPACE_ID,BRANCH_ID,IS_HEAD,CHECKIN_DATE,ASSET_VERSION,GOOD_TYPE,COST_TO,COST,COMPANY,RETURN_COST) values ('487224342410','0','0',null,'487220484965','10100','1',to_date('04/05/2016','DD/MM/YYYY'),'1','2','15','30',null,'30');
Insert into ECI_DELIVERY_COST (DELIVERY_COST_ID,VERSION_DELETED,VERSION_EDITABLE,PRED_VERSION,WORKSPACE_ID,BRANCH_ID,IS_HEAD,CHECKIN_DATE,ASSET_VERSION,GOOD_TYPE,COST_TO,COST,COMPANY,RETURN_COST) values ('487224342412','0','0',null,'487220484965','10100','1',to_date('04/05/2016','DD/MM/YYYY'),'1','2','24','40',null,'40');
Insert into ECI_DELIVERY_COST (DELIVERY_COST_ID,VERSION_DELETED,VERSION_EDITABLE,PRED_VERSION,WORKSPACE_ID,BRANCH_ID,IS_HEAD,CHECKIN_DATE,ASSET_VERSION,GOOD_TYPE,COST_TO,COST,COMPANY,RETURN_COST) values ('487224342414','0','0',null,'487220484965','10100','1',to_date('04/05/2016','DD/MM/YYYY'),'1','2','50','50',null,'50');
Insert into ECI_DELIVERY_COST (DELIVERY_COST_ID,VERSION_DELETED,VERSION_EDITABLE,PRED_VERSION,WORKSPACE_ID,BRANCH_ID,IS_HEAD,CHECKIN_DATE,ASSET_VERSION,GOOD_TYPE,COST_TO,COST,COMPANY,RETURN_COST) values ('487224342416','0','0',null,'487220484965','10100','1',to_date('04/05/2016','DD/MM/YYYY'),'1','2','999','50',null,'50');
Insert into ECI_DELIVERY_COST (DELIVERY_COST_ID,VERSION_DELETED,VERSION_EDITABLE,PRED_VERSION,WORKSPACE_ID,BRANCH_ID,IS_HEAD,CHECKIN_DATE,ASSET_VERSION,GOOD_TYPE,COST_TO,COST,COMPANY,RETURN_COST) values ('487224442342','0','0',null,'487220485542','10100','1',to_date('10/05/2016','DD/MM/YYYY'),'1','2','999','3,99',null,'3,99');
Insert into ECI_DELIVERY_COST (DELIVERY_COST_ID,VERSION_DELETED,VERSION_EDITABLE,PRED_VERSION,WORKSPACE_ID,BRANCH_ID,IS_HEAD,CHECKIN_DATE,ASSET_VERSION,GOOD_TYPE,COST_TO,COST,COMPANY,RETURN_COST) values ('487224542342','0','0',null,'487220486446','10100','1',to_date('11/05/2016','DD/MM/YYYY'),'1','2','5','8,79',null,null);
Insert into ECI_DELIVERY_COST (DELIVERY_COST_ID,VERSION_DELETED,VERSION_EDITABLE,PRED_VERSION,WORKSPACE_ID,BRANCH_ID,IS_HEAD,CHECKIN_DATE,ASSET_VERSION,GOOD_TYPE,COST_TO,COST,COMPANY,RETURN_COST) values ('487224542344','0','0',null,'487220486446','10100','1',to_date('11/05/2016','DD/MM/YYYY'),'1',null,'999','12,79',null,null);
Insert into ECI_DELIVERY_COST (DELIVERY_COST_ID,VERSION_DELETED,VERSION_EDITABLE,PRED_VERSION,WORKSPACE_ID,BRANCH_ID,IS_HEAD,CHECKIN_DATE,ASSET_VERSION,GOOD_TYPE,COST_TO,COST,COMPANY,RETURN_COST) values ('487224542346','0','0',null,'487220486446','10100','1',to_date('11/05/2016','DD/MM/YYYY'),'1','1','5','8,59',null,null);
Insert into ECI_DELIVERY_COST (DELIVERY_COST_ID,VERSION_DELETED,VERSION_EDITABLE,PRED_VERSION,WORKSPACE_ID,BRANCH_ID,IS_HEAD,CHECKIN_DATE,ASSET_VERSION,GOOD_TYPE,COST_TO,COST,COMPANY,RETURN_COST) values ('487224642342','0','0',null,'487220487951','10100','1',to_date('24/05/2016','DD/MM/YYYY'),'1','2','999','12,79',null,null);
Insert into ECI_DELIVERY_COST (DELIVERY_COST_ID,VERSION_DELETED,VERSION_EDITABLE,PRED_VERSION,WORKSPACE_ID,BRANCH_ID,IS_HEAD,CHECKIN_DATE,ASSET_VERSION,GOOD_TYPE,COST_TO,COST,COMPANY,RETURN_COST) values ('487224742342','0','0',null,'487220488143','10100','1',to_date('25/05/2016','DD/MM/YYYY'),'1','1','99','11,23',null,'5');
Insert into ECI_DELIVERY_COST (DELIVERY_COST_ID,VERSION_DELETED,VERSION_EDITABLE,PRED_VERSION,WORKSPACE_ID,BRANCH_ID,IS_HEAD,CHECKIN_DATE,ASSET_VERSION,GOOD_TYPE,COST_TO,COST,COMPANY,RETURN_COST) values ('487224742344','0','0',null,'487220488143','10100','1',to_date('25/05/2016','DD/MM/YYYY'),'1','0','99','10,23',null,'4');
Insert into ECI_DELIVERY_COST (DELIVERY_COST_ID,VERSION_DELETED,VERSION_EDITABLE,PRED_VERSION,WORKSPACE_ID,BRANCH_ID,IS_HEAD,CHECKIN_DATE,ASSET_VERSION,GOOD_TYPE,COST_TO,COST,COMPANY,RETURN_COST) values ('487225142346','0','0',null,'487220498044','10100','1',to_date('22/07/2016','DD/MM/YYYY'),'1','1','999','9,85',null,'9,85');
Insert into ECI_DELIVERY_COST (DELIVERY_COST_ID,VERSION_DELETED,VERSION_EDITABLE,PRED_VERSION,WORKSPACE_ID,BRANCH_ID,IS_HEAD,CHECKIN_DATE,ASSET_VERSION,GOOD_TYPE,COST_TO,COST,COMPANY,RETURN_COST) values ('487225642346','0','0',null,'487220509587','10100','1',to_date('05/10/2016','DD/MM/YYYY'),'1','3','1000','12','2','12');
Insert into ECI_DELIVERY_COST (DELIVERY_COST_ID,VERSION_DELETED,VERSION_EDITABLE,PRED_VERSION,WORKSPACE_ID,BRANCH_ID,IS_HEAD,CHECKIN_DATE,ASSET_VERSION,GOOD_TYPE,COST_TO,COST,COMPANY,RETURN_COST) values ('487225742344','0','0',null,'487220510050','10100','1',to_date('06/10/2016','DD/MM/YYYY'),'1','3','999','5',null,'5');
Insert into ECI_DELIVERY_COST (DELIVERY_COST_ID,VERSION_DELETED,VERSION_EDITABLE,PRED_VERSION,WORKSPACE_ID,BRANCH_ID,IS_HEAD,CHECKIN_DATE,ASSET_VERSION,GOOD_TYPE,COST_TO,COST,COMPANY,RETURN_COST) values ('487226542344','0','0',null,'487220548649','10100','1',to_date('20/06/2017','DD/MM/YYYY'),'1','2','999','11,9',null,null);
Insert into ECI_DELIVERY_COST (DELIVERY_COST_ID,VERSION_DELETED,VERSION_EDITABLE,PRED_VERSION,WORKSPACE_ID,BRANCH_ID,IS_HEAD,CHECKIN_DATE,ASSET_VERSION,GOOD_TYPE,COST_TO,COST,COMPANY,RETURN_COST) values ('487226542346','0','0',null,'487220548649','10100','1',to_date('20/06/2017','DD/MM/YYYY'),'1','1','999','12,9',null,null);
Insert into ECI_DELIVERY_COST (DELIVERY_COST_ID,VERSION_DELETED,VERSION_EDITABLE,PRED_VERSION,WORKSPACE_ID,BRANCH_ID,IS_HEAD,CHECKIN_DATE,ASSET_VERSION,GOOD_TYPE,COST_TO,COST,COMPANY,RETURN_COST) values ('487226542348','0','0',null,'487220548649','10100','1',to_date('20/06/2017','DD/MM/YYYY'),'1','0','999','13,9',null,null);
Insert into ECI_DELIVERY_COST (DELIVERY_COST_ID,VERSION_DELETED,VERSION_EDITABLE,PRED_VERSION,WORKSPACE_ID,BRANCH_ID,IS_HEAD,CHECKIN_DATE,ASSET_VERSION,GOOD_TYPE,COST_TO,COST,COMPANY,RETURN_COST) values ('487226642346','0','0',null,'487220548760','10100','1',to_date('21/06/2017','DD/MM/YYYY'),'1','3','999','12',null,'12');
Insert into ECI_DELIVERY_COST (DELIVERY_COST_ID,VERSION_DELETED,VERSION_EDITABLE,PRED_VERSION,WORKSPACE_ID,BRANCH_ID,IS_HEAD,CHECKIN_DATE,ASSET_VERSION,GOOD_TYPE,COST_TO,COST,COMPANY,RETURN_COST) values ('487226642350','0','0',null,'487220548765','10100','1',to_date('21/06/2017','DD/MM/YYYY'),'1','0','999','12',null,'12');
Insert into ECI_DELIVERY_COST (DELIVERY_COST_ID,VERSION_DELETED,VERSION_EDITABLE,PRED_VERSION,WORKSPACE_ID,BRANCH_ID,IS_HEAD,CHECKIN_DATE,ASSET_VERSION,GOOD_TYPE,COST_TO,COST,COMPANY,RETURN_COST) values ('487226642352','0','0',null,'487220548765','10100','1',to_date('21/06/2017','DD/MM/YYYY'),'1','1','999','12',null,'12');
Insert into ECI_DELIVERY_COST (DELIVERY_COST_ID,VERSION_DELETED,VERSION_EDITABLE,PRED_VERSION,WORKSPACE_ID,BRANCH_ID,IS_HEAD,CHECKIN_DATE,ASSET_VERSION,GOOD_TYPE,COST_TO,COST,COMPANY,RETURN_COST) values ('487226642354','0','0',null,'487220548765','10100','1',to_date('21/06/2017','DD/MM/YYYY'),'1','2','999','12',null,'12');
Insert into ECI_DELIVERY_COST (DELIVERY_COST_ID,VERSION_DELETED,VERSION_EDITABLE,PRED_VERSION,WORKSPACE_ID,BRANCH_ID,IS_HEAD,CHECKIN_DATE,ASSET_VERSION,GOOD_TYPE,COST_TO,COST,COMPANY,RETURN_COST) values ('487226742350','0','0',null,'487220563843','10100','1',to_date('27/09/2017','DD/MM/YYYY'),'1','3','999','20',null,'20');
Insert into ECI_DELIVERY_COST (DELIVERY_COST_ID,VERSION_DELETED,VERSION_EDITABLE,PRED_VERSION,WORKSPACE_ID,BRANCH_ID,IS_HEAD,CHECKIN_DATE,ASSET_VERSION,GOOD_TYPE,COST_TO,COST,COMPANY,RETURN_COST) values ('487226742352','0','0',null,'487220563843','10100','1',to_date('27/09/2017','DD/MM/YYYY'),'1','0','999','50',null,'50');
Insert into ECI_DELIVERY_COST (DELIVERY_COST_ID,VERSION_DELETED,VERSION_EDITABLE,PRED_VERSION,WORKSPACE_ID,BRANCH_ID,IS_HEAD,CHECKIN_DATE,ASSET_VERSION,GOOD_TYPE,COST_TO,COST,COMPANY,RETURN_COST) values ('487226742354','0','0',null,'487220563843','10100','1',to_date('27/09/2017','DD/MM/YYYY'),'1','0','999','500',null,'500');
Insert into ECI_DELIVERY_COST (DELIVERY_COST_ID,VERSION_DELETED,VERSION_EDITABLE,PRED_VERSION,WORKSPACE_ID,BRANCH_ID,IS_HEAD,CHECKIN_DATE,ASSET_VERSION,GOOD_TYPE,COST_TO,COST,COMPANY,RETURN_COST) values ('487226742356','0','0',null,'487220563843','10100','1',to_date('27/09/2017','DD/MM/YYYY'),'1','1','999','50',null,'50');
Insert into ECI_DELIVERY_COST (DELIVERY_COST_ID,VERSION_DELETED,VERSION_EDITABLE,PRED_VERSION,WORKSPACE_ID,BRANCH_ID,IS_HEAD,CHECKIN_DATE,ASSET_VERSION,GOOD_TYPE,COST_TO,COST,COMPANY,RETURN_COST) values ('487220742344','0','0',null,'487220365965','10100','1',to_date('19/02/2014','DD/MM/YYYY'),'1','1','1','0',null,'0');
Insert into ECI_DELIVERY_COST (DELIVERY_COST_ID,VERSION_DELETED,VERSION_EDITABLE,PRED_VERSION,WORKSPACE_ID,BRANCH_ID,IS_HEAD,CHECKIN_DATE,ASSET_VERSION,GOOD_TYPE,COST_TO,COST,COMPANY,RETURN_COST) values ('487221342366','0','0',null,'487220390251','10100','1',to_date('25/09/2014','DD/MM/YYYY'),'1','3','999','50',null,'50');
Insert into ECI_DELIVERY_COST (DELIVERY_COST_ID,VERSION_DELETED,VERSION_EDITABLE,PRED_VERSION,WORKSPACE_ID,BRANCH_ID,IS_HEAD,CHECKIN_DATE,ASSET_VERSION,GOOD_TYPE,COST_TO,COST,COMPANY,RETURN_COST) values ('487221142342','0','0',null,'487220387960','10100','1',to_date('10/09/2014','DD/MM/YYYY'),'1','2','999999','5,9',null,'5,9');
Insert into ECI_DELIVERY_COST (DELIVERY_COST_ID,VERSION_DELETED,VERSION_EDITABLE,PRED_VERSION,WORKSPACE_ID,BRANCH_ID,IS_HEAD,CHECKIN_DATE,ASSET_VERSION,GOOD_TYPE,COST_TO,COST,COMPANY,RETURN_COST) values ('487221142344','0','0',null,'487220387960','10100','1',to_date('10/09/2014','DD/MM/YYYY'),'1','1','999999','6',null,'6');
Insert into ECI_DELIVERY_COST (DELIVERY_COST_ID,VERSION_DELETED,VERSION_EDITABLE,PRED_VERSION,WORKSPACE_ID,BRANCH_ID,IS_HEAD,CHECKIN_DATE,ASSET_VERSION,GOOD_TYPE,COST_TO,COST,COMPANY,RETURN_COST) values ('487221342374','0','0',null,'487220390251','10100','1',to_date('25/09/2014','DD/MM/YYYY'),'1','3','999','43',null,'43');
Insert into ECI_DELIVERY_COST (DELIVERY_COST_ID,VERSION_DELETED,VERSION_EDITABLE,PRED_VERSION,WORKSPACE_ID,BRANCH_ID,IS_HEAD,CHECKIN_DATE,ASSET_VERSION,GOOD_TYPE,COST_TO,COST,COMPANY,RETURN_COST) values ('487221342376','0','0',null,'487220390256','10100','1',to_date('25/09/2014','DD/MM/YYYY'),'1','3','7','5,9',null,'5,9');
Insert into ECI_DELIVERY_COST (DELIVERY_COST_ID,VERSION_DELETED,VERSION_EDITABLE,PRED_VERSION,WORKSPACE_ID,BRANCH_ID,IS_HEAD,CHECKIN_DATE,ASSET_VERSION,GOOD_TYPE,COST_TO,COST,COMPANY,RETURN_COST) values ('487221342406','0','0',null,'487220390256','10100','1',to_date('25/09/2014','DD/MM/YYYY'),'1','1','15','18,9',null,'18,9');
Insert into ECI_DELIVERY_COST (DELIVERY_COST_ID,VERSION_DELETED,VERSION_EDITABLE,PRED_VERSION,WORKSPACE_ID,BRANCH_ID,IS_HEAD,CHECKIN_DATE,ASSET_VERSION,GOOD_TYPE,COST_TO,COST,COMPANY,RETURN_COST) values ('487221342408','0','0',null,'487220390256','10100','1',to_date('25/09/2014','DD/MM/YYYY'),'1','1','24','28,7',null,'28,7');
Insert into ECI_DELIVERY_COST (DELIVERY_COST_ID,VERSION_DELETED,VERSION_EDITABLE,PRED_VERSION,WORKSPACE_ID,BRANCH_ID,IS_HEAD,CHECKIN_DATE,ASSET_VERSION,GOOD_TYPE,COST_TO,COST,COMPANY,RETURN_COST) values ('487221342410','0','0',null,'487220390256','10100','1',to_date('25/09/2014','DD/MM/YYYY'),'1','1','35','38,5',null,'38,5');
Insert into ECI_DELIVERY_COST (DELIVERY_COST_ID,VERSION_DELETED,VERSION_EDITABLE,PRED_VERSION,WORKSPACE_ID,BRANCH_ID,IS_HEAD,CHECKIN_DATE,ASSET_VERSION,GOOD_TYPE,COST_TO,COST,COMPANY,RETURN_COST) values ('487221342412','0','0',null,'487220390256','10100','1',to_date('25/09/2014','DD/MM/YYYY'),'1','1','999','47,7',null,'47,7');
Insert into ECI_DELIVERY_COST (DELIVERY_COST_ID,VERSION_DELETED,VERSION_EDITABLE,PRED_VERSION,WORKSPACE_ID,BRANCH_ID,IS_HEAD,CHECKIN_DATE,ASSET_VERSION,GOOD_TYPE,COST_TO,COST,COMPANY,RETURN_COST) values ('487221942342','0','0',null,'487220429541','10100','1',to_date('27/05/2015','DD/MM/YYYY'),'1','3','999','2','4','2');
Insert into ECI_DELIVERY_COST (DELIVERY_COST_ID,VERSION_DELETED,VERSION_EDITABLE,PRED_VERSION,WORKSPACE_ID,BRANCH_ID,IS_HEAD,CHECKIN_DATE,ASSET_VERSION,GOOD_TYPE,COST_TO,COST,COMPANY,RETURN_COST) values ('487221942344','0','0',null,'487220429541','10100','1',to_date('27/05/2015','DD/MM/YYYY'),'1',null,'999','2','4','2');
Insert into ECI_DELIVERY_COST (DELIVERY_COST_ID,VERSION_DELETED,VERSION_EDITABLE,PRED_VERSION,WORKSPACE_ID,BRANCH_ID,IS_HEAD,CHECKIN_DATE,ASSET_VERSION,GOOD_TYPE,COST_TO,COST,COMPANY,RETURN_COST) values ('487221942346','0','0',null,'487220429541','10100','1',to_date('27/05/2015','DD/MM/YYYY'),'1','2','999','2','4','2');
Insert into ECI_DELIVERY_COST (DELIVERY_COST_ID,VERSION_DELETED,VERSION_EDITABLE,PRED_VERSION,WORKSPACE_ID,BRANCH_ID,IS_HEAD,CHECKIN_DATE,ASSET_VERSION,GOOD_TYPE,COST_TO,COST,COMPANY,RETURN_COST) values ('487222642344','0','0',null,'487220453341','10100','1',to_date('22/10/2015','DD/MM/YYYY'),'1','2','999','0,7',null,'0,7');
Insert into ECI_DELIVERY_COST (DELIVERY_COST_ID,VERSION_DELETED,VERSION_EDITABLE,PRED_VERSION,WORKSPACE_ID,BRANCH_ID,IS_HEAD,CHECKIN_DATE,ASSET_VERSION,GOOD_TYPE,COST_TO,COST,COMPANY,RETURN_COST) values ('487222042344','0','0',null,'487220430587','10100','1',to_date('04/06/2015','DD/MM/YYYY'),'1','3','999','2','4','2');
Insert into ECI_DELIVERY_COST (DELIVERY_COST_ID,VERSION_DELETED,VERSION_EDITABLE,PRED_VERSION,WORKSPACE_ID,BRANCH_ID,IS_HEAD,CHECKIN_DATE,ASSET_VERSION,GOOD_TYPE,COST_TO,COST,COMPANY,RETURN_COST) values ('487222042348','0','0',null,'487220430587','10100','1',to_date('04/06/2015','DD/MM/YYYY'),'1','2','999','2','4','2');
Insert into ECI_DELIVERY_COST (DELIVERY_COST_ID,VERSION_DELETED,VERSION_EDITABLE,PRED_VERSION,WORKSPACE_ID,BRANCH_ID,IS_HEAD,CHECKIN_DATE,ASSET_VERSION,GOOD_TYPE,COST_TO,COST,COMPANY,RETURN_COST) values ('487222042350','0','0',null,'487220430587','10100','1',to_date('04/06/2015','DD/MM/YYYY'),'1','1','999','2','4','2');
Insert into ECI_DELIVERY_COST (DELIVERY_COST_ID,VERSION_DELETED,VERSION_EDITABLE,PRED_VERSION,WORKSPACE_ID,BRANCH_ID,IS_HEAD,CHECKIN_DATE,ASSET_VERSION,GOOD_TYPE,COST_TO,COST,COMPANY,RETURN_COST) values ('487222042352','0','0',null,'487220430587','10100','1',to_date('04/06/2015','DD/MM/YYYY'),'1','0','999','2','4','2');
Insert into ECI_DELIVERY_COST (DELIVERY_COST_ID,VERSION_DELETED,VERSION_EDITABLE,PRED_VERSION,WORKSPACE_ID,BRANCH_ID,IS_HEAD,CHECKIN_DATE,ASSET_VERSION,GOOD_TYPE,COST_TO,COST,COMPANY,RETURN_COST) values ('487222042354','0','0',null,'487220430587','10100','1',to_date('04/06/2015','DD/MM/YYYY'),'1','3','999','2','5','2');
Insert into ECI_DELIVERY_COST (DELIVERY_COST_ID,VERSION_DELETED,VERSION_EDITABLE,PRED_VERSION,WORKSPACE_ID,BRANCH_ID,IS_HEAD,CHECKIN_DATE,ASSET_VERSION,GOOD_TYPE,COST_TO,COST,COMPANY,RETURN_COST) values ('487222042356','0','0',null,'487220430587','10100','1',to_date('04/06/2015','DD/MM/YYYY'),'1','2','999','2','5','2');
Insert into ECI_DELIVERY_COST (DELIVERY_COST_ID,VERSION_DELETED,VERSION_EDITABLE,PRED_VERSION,WORKSPACE_ID,BRANCH_ID,IS_HEAD,CHECKIN_DATE,ASSET_VERSION,GOOD_TYPE,COST_TO,COST,COMPANY,RETURN_COST) values ('487222042358','0','0',null,'487220430587','10100','1',to_date('04/06/2015','DD/MM/YYYY'),'1','1','999','2','5','2');
Insert into ECI_DELIVERY_COST (DELIVERY_COST_ID,VERSION_DELETED,VERSION_EDITABLE,PRED_VERSION,WORKSPACE_ID,BRANCH_ID,IS_HEAD,CHECKIN_DATE,ASSET_VERSION,GOOD_TYPE,COST_TO,COST,COMPANY,RETURN_COST) values ('487222042360','0','0',null,'487220430587','10100','1',to_date('04/06/2015','DD/MM/YYYY'),'1','0','999','2','5','2');
Insert into ECI_DELIVERY_COST (DELIVERY_COST_ID,VERSION_DELETED,VERSION_EDITABLE,PRED_VERSION,WORKSPACE_ID,BRANCH_ID,IS_HEAD,CHECKIN_DATE,ASSET_VERSION,GOOD_TYPE,COST_TO,COST,COMPANY,RETURN_COST) values ('487222042362','0','0',null,'487220430587','10100','1',to_date('04/06/2015','DD/MM/YYYY'),'1','3','999','2','6','2');
Insert into ECI_DELIVERY_COST (DELIVERY_COST_ID,VERSION_DELETED,VERSION_EDITABLE,PRED_VERSION,WORKSPACE_ID,BRANCH_ID,IS_HEAD,CHECKIN_DATE,ASSET_VERSION,GOOD_TYPE,COST_TO,COST,COMPANY,RETURN_COST) values ('487222042364','0','0',null,'487220430587','10100','1',to_date('04/06/2015','DD/MM/YYYY'),'1','2','999','2','6','2');
Insert into ECI_DELIVERY_COST (DELIVERY_COST_ID,VERSION_DELETED,VERSION_EDITABLE,PRED_VERSION,WORKSPACE_ID,BRANCH_ID,IS_HEAD,CHECKIN_DATE,ASSET_VERSION,GOOD_TYPE,COST_TO,COST,COMPANY,RETURN_COST) values ('487222042366','0','0',null,'487220430587','10100','1',to_date('04/06/2015','DD/MM/YYYY'),'1','1','999','2','6','2');
Insert into ECI_DELIVERY_COST (DELIVERY_COST_ID,VERSION_DELETED,VERSION_EDITABLE,PRED_VERSION,WORKSPACE_ID,BRANCH_ID,IS_HEAD,CHECKIN_DATE,ASSET_VERSION,GOOD_TYPE,COST_TO,COST,COMPANY,RETURN_COST) values ('487222042368','0','0',null,'487220430587','10100','1',to_date('04/06/2015','DD/MM/YYYY'),'1','0','999','2','6','2');
Insert into ECI_DELIVERY_COST (DELIVERY_COST_ID,VERSION_DELETED,VERSION_EDITABLE,PRED_VERSION,WORKSPACE_ID,BRANCH_ID,IS_HEAD,CHECKIN_DATE,ASSET_VERSION,GOOD_TYPE,COST_TO,COST,COMPANY,RETURN_COST) values ('487222642342','0','0',null,'487220453341','10100','1',to_date('22/10/2015','DD/MM/YYYY'),'1','3','999','0,6',null,'0,6');
Insert into ECI_DELIVERY_COST (DELIVERY_COST_ID,VERSION_DELETED,VERSION_EDITABLE,PRED_VERSION,WORKSPACE_ID,BRANCH_ID,IS_HEAD,CHECKIN_DATE,ASSET_VERSION,GOOD_TYPE,COST_TO,COST,COMPANY,RETURN_COST) values ('487222642346','0','0',null,'487220453341','10100','1',to_date('22/10/2015','DD/MM/YYYY'),'1','1','999','0,8',null,'0,8');
Insert into ECI_DELIVERY_COST (DELIVERY_COST_ID,VERSION_DELETED,VERSION_EDITABLE,PRED_VERSION,WORKSPACE_ID,BRANCH_ID,IS_HEAD,CHECKIN_DATE,ASSET_VERSION,GOOD_TYPE,COST_TO,COST,COMPANY,RETURN_COST) values ('487222642348','0','0',null,'487220453341','10100','1',to_date('22/10/2015','DD/MM/YYYY'),'1','0','999','0,9',null,'0,9');
Insert into ECI_DELIVERY_COST (DELIVERY_COST_ID,VERSION_DELETED,VERSION_EDITABLE,PRED_VERSION,WORKSPACE_ID,BRANCH_ID,IS_HEAD,CHECKIN_DATE,ASSET_VERSION,GOOD_TYPE,COST_TO,COST,COMPANY,RETURN_COST) values ('487223442342','0','0',null,'487220466141','10100','1',to_date('08/01/2016','DD/MM/YYYY'),'1','3','999','2','2','2');
Insert into ECI_DELIVERY_COST (DELIVERY_COST_ID,VERSION_DELETED,VERSION_EDITABLE,PRED_VERSION,WORKSPACE_ID,BRANCH_ID,IS_HEAD,CHECKIN_DATE,ASSET_VERSION,GOOD_TYPE,COST_TO,COST,COMPANY,RETURN_COST) values ('487223442344','0','0',null,'487220466141','10100','1',to_date('08/01/2016','DD/MM/YYYY'),'1','2','999','2','2','2');
Insert into ECI_DELIVERY_COST (DELIVERY_COST_ID,VERSION_DELETED,VERSION_EDITABLE,PRED_VERSION,WORKSPACE_ID,BRANCH_ID,IS_HEAD,CHECKIN_DATE,ASSET_VERSION,GOOD_TYPE,COST_TO,COST,COMPANY,RETURN_COST) values ('487223442346','0','0',null,'487220466141','10100','1',to_date('08/01/2016','DD/MM/YYYY'),'1','1','999','2','2','2');
Insert into ECI_DELIVERY_COST (DELIVERY_COST_ID,VERSION_DELETED,VERSION_EDITABLE,PRED_VERSION,WORKSPACE_ID,BRANCH_ID,IS_HEAD,CHECKIN_DATE,ASSET_VERSION,GOOD_TYPE,COST_TO,COST,COMPANY,RETURN_COST) values ('487223442348','0','0',null,'487220466141','10100','1',to_date('08/01/2016','DD/MM/YYYY'),'1','0','999','2','2','2');
Insert into ECI_DELIVERY_COST (DELIVERY_COST_ID,VERSION_DELETED,VERSION_EDITABLE,PRED_VERSION,WORKSPACE_ID,BRANCH_ID,IS_HEAD,CHECKIN_DATE,ASSET_VERSION,GOOD_TYPE,COST_TO,COST,COMPANY,RETURN_COST) values ('487223442350','0','0',null,'487220466141','10100','1',to_date('08/01/2016','DD/MM/YYYY'),'1','3','999','3','4','3');
Insert into ECI_DELIVERY_COST (DELIVERY_COST_ID,VERSION_DELETED,VERSION_EDITABLE,PRED_VERSION,WORKSPACE_ID,BRANCH_ID,IS_HEAD,CHECKIN_DATE,ASSET_VERSION,GOOD_TYPE,COST_TO,COST,COMPANY,RETURN_COST) values ('487223442352','0','0',null,'487220466141','10100','1',to_date('08/01/2016','DD/MM/YYYY'),'1','2','999','3','4','3');
Insert into ECI_DELIVERY_COST (DELIVERY_COST_ID,VERSION_DELETED,VERSION_EDITABLE,PRED_VERSION,WORKSPACE_ID,BRANCH_ID,IS_HEAD,CHECKIN_DATE,ASSET_VERSION,GOOD_TYPE,COST_TO,COST,COMPANY,RETURN_COST) values ('487223442354','0','0',null,'487220466141','10100','1',to_date('08/01/2016','DD/MM/YYYY'),'1','1','999','3','4','3');
Insert into ECI_DELIVERY_COST (DELIVERY_COST_ID,VERSION_DELETED,VERSION_EDITABLE,PRED_VERSION,WORKSPACE_ID,BRANCH_ID,IS_HEAD,CHECKIN_DATE,ASSET_VERSION,GOOD_TYPE,COST_TO,COST,COMPANY,RETURN_COST) values ('487223442356','0','0',null,'487220466141','10100','1',to_date('08/01/2016','DD/MM/YYYY'),'1','0','999','3','4','3');
Insert into ECI_DELIVERY_COST (DELIVERY_COST_ID,VERSION_DELETED,VERSION_EDITABLE,PRED_VERSION,WORKSPACE_ID,BRANCH_ID,IS_HEAD,CHECKIN_DATE,ASSET_VERSION,GOOD_TYPE,COST_TO,COST,COMPANY,RETURN_COST) values ('487223442358','0','0',null,'487220466141','10100','1',to_date('08/01/2016','DD/MM/YYYY'),'1','3','999','4','6','4');
Insert into ECI_DELIVERY_COST (DELIVERY_COST_ID,VERSION_DELETED,VERSION_EDITABLE,PRED_VERSION,WORKSPACE_ID,BRANCH_ID,IS_HEAD,CHECKIN_DATE,ASSET_VERSION,GOOD_TYPE,COST_TO,COST,COMPANY,RETURN_COST) values ('487223442360','0','0',null,'487220466141','10100','1',to_date('08/01/2016','DD/MM/YYYY'),'1','2','999','4','6','4');
Insert into ECI_DELIVERY_COST (DELIVERY_COST_ID,VERSION_DELETED,VERSION_EDITABLE,PRED_VERSION,WORKSPACE_ID,BRANCH_ID,IS_HEAD,CHECKIN_DATE,ASSET_VERSION,GOOD_TYPE,COST_TO,COST,COMPANY,RETURN_COST) values ('487223442362','0','0',null,'487220466141','10100','1',to_date('08/01/2016','DD/MM/YYYY'),'1','1','999','4','6','4');
Insert into ECI_DELIVERY_COST (DELIVERY_COST_ID,VERSION_DELETED,VERSION_EDITABLE,PRED_VERSION,WORKSPACE_ID,BRANCH_ID,IS_HEAD,CHECKIN_DATE,ASSET_VERSION,GOOD_TYPE,COST_TO,COST,COMPANY,RETURN_COST) values ('487223442364','0','0',null,'487220466141','10100','1',to_date('08/01/2016','DD/MM/YYYY'),'1','0','999','4','6','4');
Insert into ECI_DELIVERY_COST (DELIVERY_COST_ID,VERSION_DELETED,VERSION_EDITABLE,PRED_VERSION,WORKSPACE_ID,BRANCH_ID,IS_HEAD,CHECKIN_DATE,ASSET_VERSION,GOOD_TYPE,COST_TO,COST,COMPANY,RETURN_COST) values ('487223742388','0','0',null,'487220471486','10100','1',to_date('16/02/2016','DD/MM/YYYY'),'1','3','999','22',null,'22');
Insert into ECI_DELIVERY_COST (DELIVERY_COST_ID,VERSION_DELETED,VERSION_EDITABLE,PRED_VERSION,WORKSPACE_ID,BRANCH_ID,IS_HEAD,CHECKIN_DATE,ASSET_VERSION,GOOD_TYPE,COST_TO,COST,COMPANY,RETURN_COST) values ('487223742390','0','0',null,'487220471486','10100','1',to_date('16/02/2016','DD/MM/YYYY'),'1','2','15','31',null,'31');
Insert into ECI_DELIVERY_COST (DELIVERY_COST_ID,VERSION_DELETED,VERSION_EDITABLE,PRED_VERSION,WORKSPACE_ID,BRANCH_ID,IS_HEAD,CHECKIN_DATE,ASSET_VERSION,GOOD_TYPE,COST_TO,COST,COMPANY,RETURN_COST) values ('487223742392','0','0',null,'487220471486','10100','1',to_date('16/02/2016','DD/MM/YYYY'),'1','2','24','41',null,'41');
Insert into ECI_DELIVERY_COST (DELIVERY_COST_ID,VERSION_DELETED,VERSION_EDITABLE,PRED_VERSION,WORKSPACE_ID,BRANCH_ID,IS_HEAD,CHECKIN_DATE,ASSET_VERSION,GOOD_TYPE,COST_TO,COST,COMPANY,RETURN_COST) values ('487223742394','0','0',null,'487220471486','10100','1',to_date('16/02/2016','DD/MM/YYYY'),'1','2','50','51',null,'51');
Insert into ECI_DELIVERY_COST (DELIVERY_COST_ID,VERSION_DELETED,VERSION_EDITABLE,PRED_VERSION,WORKSPACE_ID,BRANCH_ID,IS_HEAD,CHECKIN_DATE,ASSET_VERSION,GOOD_TYPE,COST_TO,COST,COMPANY,RETURN_COST) values ('487223742396','0','0',null,'487220471486','10100','1',to_date('16/02/2016','DD/MM/YYYY'),'1','2','999','55',null,'55');
Insert into ECI_DELIVERY_COST (DELIVERY_COST_ID,VERSION_DELETED,VERSION_EDITABLE,PRED_VERSION,WORKSPACE_ID,BRANCH_ID,IS_HEAD,CHECKIN_DATE,ASSET_VERSION,GOOD_TYPE,COST_TO,COST,COMPANY,RETURN_COST) values ('487223742398','0','0',null,'487220471486','10100','1',to_date('16/02/2016','DD/MM/YYYY'),'1','1','7','35',null,'35');
Insert into ECI_DELIVERY_COST (DELIVERY_COST_ID,VERSION_DELETED,VERSION_EDITABLE,PRED_VERSION,WORKSPACE_ID,BRANCH_ID,IS_HEAD,CHECKIN_DATE,ASSET_VERSION,GOOD_TYPE,COST_TO,COST,COMPANY,RETURN_COST) values ('487223742400','0','0',null,'487220471486','10100','1',to_date('16/02/2016','DD/MM/YYYY'),'1','1','15','40',null,'40');
Insert into ECI_DELIVERY_COST (DELIVERY_COST_ID,VERSION_DELETED,VERSION_EDITABLE,PRED_VERSION,WORKSPACE_ID,BRANCH_ID,IS_HEAD,CHECKIN_DATE,ASSET_VERSION,GOOD_TYPE,COST_TO,COST,COMPANY,RETURN_COST) values ('487223742402','0','0',null,'487220471486','10100','1',to_date('16/02/2016','DD/MM/YYYY'),'1','1','24','55',null,'55');
Insert into ECI_DELIVERY_COST (DELIVERY_COST_ID,VERSION_DELETED,VERSION_EDITABLE,PRED_VERSION,WORKSPACE_ID,BRANCH_ID,IS_HEAD,CHECKIN_DATE,ASSET_VERSION,GOOD_TYPE,COST_TO,COST,COMPANY,RETURN_COST) values ('487223742404','0','0',null,'487220471486','10100','1',to_date('16/02/2016','DD/MM/YYYY'),'1','1','50','77',null,'77');
Insert into ECI_DELIVERY_COST (DELIVERY_COST_ID,VERSION_DELETED,VERSION_EDITABLE,PRED_VERSION,WORKSPACE_ID,BRANCH_ID,IS_HEAD,CHECKIN_DATE,ASSET_VERSION,GOOD_TYPE,COST_TO,COST,COMPANY,RETURN_COST) values ('487223742406','0','0',null,'487220471486','10100','1',to_date('16/02/2016','DD/MM/YYYY'),'1','1','999','80',null,'80');
Insert into ECI_DELIVERY_COST (DELIVERY_COST_ID,VERSION_DELETED,VERSION_EDITABLE,PRED_VERSION,WORKSPACE_ID,BRANCH_ID,IS_HEAD,CHECKIN_DATE,ASSET_VERSION,GOOD_TYPE,COST_TO,COST,COMPANY,RETURN_COST) values ('487223742408','0','0',null,'487220471486','10100','1',to_date('16/02/2016','DD/MM/YYYY'),'1','0','2','45',null,'45');
Insert into ECI_DELIVERY_COST (DELIVERY_COST_ID,VERSION_DELETED,VERSION_EDITABLE,PRED_VERSION,WORKSPACE_ID,BRANCH_ID,IS_HEAD,CHECKIN_DATE,ASSET_VERSION,GOOD_TYPE,COST_TO,COST,COMPANY,RETURN_COST) values ('487223742410','0','0',null,'487220471486','10100','1',to_date('16/02/2016','DD/MM/YYYY'),'1','0','5','55',null,'55');
Insert into ECI_DELIVERY_COST (DELIVERY_COST_ID,VERSION_DELETED,VERSION_EDITABLE,PRED_VERSION,WORKSPACE_ID,BRANCH_ID,IS_HEAD,CHECKIN_DATE,ASSET_VERSION,GOOD_TYPE,COST_TO,COST,COMPANY,RETURN_COST) values ('487223742412','0','0',null,'487220471486','10100','1',to_date('16/02/2016','DD/MM/YYYY'),'1','0','25','76',null,'76');
Insert into ECI_DELIVERY_COST (DELIVERY_COST_ID,VERSION_DELETED,VERSION_EDITABLE,PRED_VERSION,WORKSPACE_ID,BRANCH_ID,IS_HEAD,CHECKIN_DATE,ASSET_VERSION,GOOD_TYPE,COST_TO,COST,COMPANY,RETURN_COST) values ('487223742414','0','0',null,'487220471486','10100','1',to_date('16/02/2016','DD/MM/YYYY'),'1','0','50','105',null,'105');
Insert into ECI_DELIVERY_COST (DELIVERY_COST_ID,VERSION_DELETED,VERSION_EDITABLE,PRED_VERSION,WORKSPACE_ID,BRANCH_ID,IS_HEAD,CHECKIN_DATE,ASSET_VERSION,GOOD_TYPE,COST_TO,COST,COMPANY,RETURN_COST) values ('487223742418','0','0',null,'487220471486','10100','1',to_date('16/02/2016','DD/MM/YYYY'),'1','0','999','56',null,'56');
Insert into ECI_DELIVERY_COST (DELIVERY_COST_ID,VERSION_DELETED,VERSION_EDITABLE,PRED_VERSION,WORKSPACE_ID,BRANCH_ID,IS_HEAD,CHECKIN_DATE,ASSET_VERSION,GOOD_TYPE,COST_TO,COST,COMPANY,RETURN_COST) values ('487223842342','0','0',null,'487220475341','10100','1',to_date('09/03/2016','DD/MM/YYYY'),'1','0','2','13',null,'13');
Insert into ECI_DELIVERY_COST (DELIVERY_COST_ID,VERSION_DELETED,VERSION_EDITABLE,PRED_VERSION,WORKSPACE_ID,BRANCH_ID,IS_HEAD,CHECKIN_DATE,ASSET_VERSION,GOOD_TYPE,COST_TO,COST,COMPANY,RETURN_COST) values ('487224042342','0','0',null,'487220482041','10100','1',to_date('18/04/2016','DD/MM/YYYY'),'1','2','2','4',null,'4');
Insert into ECI_DELIVERY_COST (DELIVERY_COST_ID,VERSION_DELETED,VERSION_EDITABLE,PRED_VERSION,WORKSPACE_ID,BRANCH_ID,IS_HEAD,CHECKIN_DATE,ASSET_VERSION,GOOD_TYPE,COST_TO,COST,COMPANY,RETURN_COST) values ('487224042344','0','0',null,'487220482043','10100','1',to_date('18/04/2016','DD/MM/YYYY'),'1','2','7','5,9',null,'5,9');
Insert into ECI_DELIVERY_COST (DELIVERY_COST_ID,VERSION_DELETED,VERSION_EDITABLE,PRED_VERSION,WORKSPACE_ID,BRANCH_ID,IS_HEAD,CHECKIN_DATE,ASSET_VERSION,GOOD_TYPE,COST_TO,COST,COMPANY,RETURN_COST) values ('487224342342','0','0',null,'487220484943','10100','1',to_date('04/05/2016','DD/MM/YYYY'),'1','3','15','18',null,'18');
Insert into ECI_DELIVERY_COST (DELIVERY_COST_ID,VERSION_DELETED,VERSION_EDITABLE,PRED_VERSION,WORKSPACE_ID,BRANCH_ID,IS_HEAD,CHECKIN_DATE,ASSET_VERSION,GOOD_TYPE,COST_TO,COST,COMPANY,RETURN_COST) values ('487224342346','0','0',null,'487220484943','10100','1',to_date('04/05/2016','DD/MM/YYYY'),'1','1','7','18',null,'18');
Insert into ECI_DELIVERY_COST (DELIVERY_COST_ID,VERSION_DELETED,VERSION_EDITABLE,PRED_VERSION,WORKSPACE_ID,BRANCH_ID,IS_HEAD,CHECKIN_DATE,ASSET_VERSION,GOOD_TYPE,COST_TO,COST,COMPANY,RETURN_COST) values ('487224342348','0','0',null,'487220484943','10100','1',to_date('04/05/2016','DD/MM/YYYY'),'1','1','15','23',null,'23');
Insert into ECI_DELIVERY_COST (DELIVERY_COST_ID,VERSION_DELETED,VERSION_EDITABLE,PRED_VERSION,WORKSPACE_ID,BRANCH_ID,IS_HEAD,CHECKIN_DATE,ASSET_VERSION,GOOD_TYPE,COST_TO,COST,COMPANY,RETURN_COST) values ('487224342352','0','0',null,'487220484943','10100','1',to_date('04/05/2016','DD/MM/YYYY'),'1','1','7','23',null,'23');
Insert into ECI_DELIVERY_COST (DELIVERY_COST_ID,VERSION_DELETED,VERSION_EDITABLE,PRED_VERSION,WORKSPACE_ID,BRANCH_ID,IS_HEAD,CHECKIN_DATE,ASSET_VERSION,GOOD_TYPE,COST_TO,COST,COMPANY,RETURN_COST) values ('487224342354','0','0',null,'487220484943','10100','1',to_date('04/05/2016','DD/MM/YYYY'),'1','1','15','31',null,'31');
Insert into ECI_DELIVERY_COST (DELIVERY_COST_ID,VERSION_DELETED,VERSION_EDITABLE,PRED_VERSION,WORKSPACE_ID,BRANCH_ID,IS_HEAD,CHECKIN_DATE,ASSET_VERSION,GOOD_TYPE,COST_TO,COST,COMPANY,RETURN_COST) values ('487224342356','0','0',null,'487220484943','10100','1',to_date('04/05/2016','DD/MM/YYYY'),'1','1','999','50',null,'50');
Insert into ECI_DELIVERY_COST (DELIVERY_COST_ID,VERSION_DELETED,VERSION_EDITABLE,PRED_VERSION,WORKSPACE_ID,BRANCH_ID,IS_HEAD,CHECKIN_DATE,ASSET_VERSION,GOOD_TYPE,COST_TO,COST,COMPANY,RETURN_COST) values ('487224342358','0','0',null,'487220484943','10100','1',to_date('04/05/2016','DD/MM/YYYY'),'1','0','999','500',null,'500');
Insert into ECI_DELIVERY_COST (DELIVERY_COST_ID,VERSION_DELETED,VERSION_EDITABLE,PRED_VERSION,WORKSPACE_ID,BRANCH_ID,IS_HEAD,CHECKIN_DATE,ASSET_VERSION,GOOD_TYPE,COST_TO,COST,COMPANY,RETURN_COST) values ('487224342360','0','0',null,'487220484943','10100','1',to_date('04/05/2016','DD/MM/YYYY'),'1','2','7','18',null,'18');
Insert into ECI_DELIVERY_COST (DELIVERY_COST_ID,VERSION_DELETED,VERSION_EDITABLE,PRED_VERSION,WORKSPACE_ID,BRANCH_ID,IS_HEAD,CHECKIN_DATE,ASSET_VERSION,GOOD_TYPE,COST_TO,COST,COMPANY,RETURN_COST) values ('487224342364','0','0',null,'487220484943','10100','1',to_date('04/05/2016','DD/MM/YYYY'),'1','2','999','50',null,'50');
Insert into ECI_DELIVERY_COST (DELIVERY_COST_ID,VERSION_DELETED,VERSION_EDITABLE,PRED_VERSION,WORKSPACE_ID,BRANCH_ID,IS_HEAD,CHECKIN_DATE,ASSET_VERSION,GOOD_TYPE,COST_TO,COST,COMPANY,RETURN_COST) values ('487224342378','0','0',null,'487220484956','10100','1',to_date('04/05/2016','DD/MM/YYYY'),'1','2','15','50',null,'50');
Insert into ECI_DELIVERY_COST (DELIVERY_COST_ID,VERSION_DELETED,VERSION_EDITABLE,PRED_VERSION,WORKSPACE_ID,BRANCH_ID,IS_HEAD,CHECKIN_DATE,ASSET_VERSION,GOOD_TYPE,COST_TO,COST,COMPANY,RETURN_COST) values ('487224542350','0','0',null,'487220486448','10100','1',to_date('11/05/2016','DD/MM/YYYY'),'1','2','5','8,59',null,null);
Insert into ECI_DELIVERY_COST (DELIVERY_COST_ID,VERSION_DELETED,VERSION_EDITABLE,PRED_VERSION,WORKSPACE_ID,BRANCH_ID,IS_HEAD,CHECKIN_DATE,ASSET_VERSION,GOOD_TYPE,COST_TO,COST,COMPANY,RETURN_COST) values ('487224942342','0','0',null,'487220490343','10100','1',to_date('08/06/2016','DD/MM/YYYY'),'1','1','99','50',null,null);
Insert into ECI_DELIVERY_COST (DELIVERY_COST_ID,VERSION_DELETED,VERSION_EDITABLE,PRED_VERSION,WORKSPACE_ID,BRANCH_ID,IS_HEAD,CHECKIN_DATE,ASSET_VERSION,GOOD_TYPE,COST_TO,COST,COMPANY,RETURN_COST) values ('487225442344','0','0',null,'487220509569','10100','1',to_date('04/10/2016','DD/MM/YYYY'),'1',null,'999','5','3','5');
Insert into ECI_DELIVERY_COST (DELIVERY_COST_ID,VERSION_DELETED,VERSION_EDITABLE,PRED_VERSION,WORKSPACE_ID,BRANCH_ID,IS_HEAD,CHECKIN_DATE,ASSET_VERSION,GOOD_TYPE,COST_TO,COST,COMPANY,RETURN_COST) values ('487225442348','0','0',null,'487220509575','10100','1',to_date('04/10/2016','DD/MM/YYYY'),'1','2','999','5',null,'5');
Insert into ECI_DELIVERY_COST (DELIVERY_COST_ID,VERSION_DELETED,VERSION_EDITABLE,PRED_VERSION,WORKSPACE_ID,BRANCH_ID,IS_HEAD,CHECKIN_DATE,ASSET_VERSION,GOOD_TYPE,COST_TO,COST,COMPANY,RETURN_COST) values ('487225542342','0','0',null,'487220509486','10100','1',to_date('04/10/2016','DD/MM/YYYY'),'1','3','1000','5','3','5');
Insert into ECI_DELIVERY_COST (DELIVERY_COST_ID,VERSION_DELETED,VERSION_EDITABLE,PRED_VERSION,WORKSPACE_ID,BRANCH_ID,IS_HEAD,CHECKIN_DATE,ASSET_VERSION,GOOD_TYPE,COST_TO,COST,COMPANY,RETURN_COST) values ('487225542344','0','0',null,'487220509486','10100','1',to_date('04/10/2016','DD/MM/YYYY'),'1','2','1000','5','3','5');
Insert into ECI_DELIVERY_COST (DELIVERY_COST_ID,VERSION_DELETED,VERSION_EDITABLE,PRED_VERSION,WORKSPACE_ID,BRANCH_ID,IS_HEAD,CHECKIN_DATE,ASSET_VERSION,GOOD_TYPE,COST_TO,COST,COMPANY,RETURN_COST) values ('487225642342','0','0',null,'487220509849','10100','1',to_date('05/10/2016','DD/MM/YYYY'),'1','3','1000','7','3','7');
Insert into ECI_DELIVERY_COST (DELIVERY_COST_ID,VERSION_DELETED,VERSION_EDITABLE,PRED_VERSION,WORKSPACE_ID,BRANCH_ID,IS_HEAD,CHECKIN_DATE,ASSET_VERSION,GOOD_TYPE,COST_TO,COST,COMPANY,RETURN_COST) values ('487225642344','0','0',null,'487220509849','10100','1',to_date('05/10/2016','DD/MM/YYYY'),'1','2','1000','7','3','7');
Insert into ECI_DELIVERY_COST (DELIVERY_COST_ID,VERSION_DELETED,VERSION_EDITABLE,PRED_VERSION,WORKSPACE_ID,BRANCH_ID,IS_HEAD,CHECKIN_DATE,ASSET_VERSION,GOOD_TYPE,COST_TO,COST,COMPANY,RETURN_COST) values ('487225642348','0','0',null,'487220509587','10100','1',to_date('05/10/2016','DD/MM/YYYY'),'1','2','1000','12','2','12');
Insert into ECI_DELIVERY_COST (DELIVERY_COST_ID,VERSION_DELETED,VERSION_EDITABLE,PRED_VERSION,WORKSPACE_ID,BRANCH_ID,IS_HEAD,CHECKIN_DATE,ASSET_VERSION,GOOD_TYPE,COST_TO,COST,COMPANY,RETURN_COST) values ('487225642350','0','0',null,'487220509855','10100','1',to_date('05/10/2016','DD/MM/YYYY'),'1','2','1000','12',null,'12');
Insert into ECI_DELIVERY_COST (DELIVERY_COST_ID,VERSION_DELETED,VERSION_EDITABLE,PRED_VERSION,WORKSPACE_ID,BRANCH_ID,IS_HEAD,CHECKIN_DATE,ASSET_VERSION,GOOD_TYPE,COST_TO,COST,COMPANY,RETURN_COST) values ('487225642352','0','0',null,'487220509855','10100','1',to_date('05/10/2016','DD/MM/YYYY'),'1','3','1000','12',null,'12');
Insert into ECI_DELIVERY_COST (DELIVERY_COST_ID,VERSION_DELETED,VERSION_EDITABLE,PRED_VERSION,WORKSPACE_ID,BRANCH_ID,IS_HEAD,CHECKIN_DATE,ASSET_VERSION,GOOD_TYPE,COST_TO,COST,COMPANY,RETURN_COST) values ('487225642354','0','0',null,'487220498641','10100','1',to_date('05/10/2016','DD/MM/YYYY'),'1','2','999','12','2','12');
Insert into ECI_DELIVERY_COST (DELIVERY_COST_ID,VERSION_DELETED,VERSION_EDITABLE,PRED_VERSION,WORKSPACE_ID,BRANCH_ID,IS_HEAD,CHECKIN_DATE,ASSET_VERSION,GOOD_TYPE,COST_TO,COST,COMPANY,RETURN_COST) values ('487225642356','0','0',null,'487220498641','10100','1',to_date('05/10/2016','DD/MM/YYYY'),'1','3','999','12','2','12');
Insert into ECI_DELIVERY_COST (DELIVERY_COST_ID,VERSION_DELETED,VERSION_EDITABLE,PRED_VERSION,WORKSPACE_ID,BRANCH_ID,IS_HEAD,CHECKIN_DATE,ASSET_VERSION,GOOD_TYPE,COST_TO,COST,COMPANY,RETURN_COST) values ('487225742346','0','0',null,'487220510053','10100','1',to_date('06/10/2016','DD/MM/YYYY'),'1','2','999','15',null,'15');
Insert into ECI_DELIVERY_COST (DELIVERY_COST_ID,VERSION_DELETED,VERSION_EDITABLE,PRED_VERSION,WORKSPACE_ID,BRANCH_ID,IS_HEAD,CHECKIN_DATE,ASSET_VERSION,GOOD_TYPE,COST_TO,COST,COMPANY,RETURN_COST) values ('487225742348','0','0',null,'487220510053','10100','1',to_date('06/10/2016','DD/MM/YYYY'),'1','3','999','15',null,'15');
Insert into ECI_DELIVERY_COST (DELIVERY_COST_ID,VERSION_DELETED,VERSION_EDITABLE,PRED_VERSION,WORKSPACE_ID,BRANCH_ID,IS_HEAD,CHECKIN_DATE,ASSET_VERSION,GOOD_TYPE,COST_TO,COST,COMPANY,RETURN_COST) values ('487225842352','0','0',null,'487220510848','10100','1',to_date('14/10/2016','DD/MM/YYYY'),'1','2','10','6',null,'6');
Insert into ECI_DELIVERY_COST (DELIVERY_COST_ID,VERSION_DELETED,VERSION_EDITABLE,PRED_VERSION,WORKSPACE_ID,BRANCH_ID,IS_HEAD,CHECKIN_DATE,ASSET_VERSION,GOOD_TYPE,COST_TO,COST,COMPANY,RETURN_COST) values ('487225842354','0','0',null,'487220510848','10100','1',to_date('14/10/2016','DD/MM/YYYY'),'1','2','10','4',null,'4');
Insert into ECI_DELIVERY_COST (DELIVERY_COST_ID,VERSION_DELETED,VERSION_EDITABLE,PRED_VERSION,WORKSPACE_ID,BRANCH_ID,IS_HEAD,CHECKIN_DATE,ASSET_VERSION,GOOD_TYPE,COST_TO,COST,COMPANY,RETURN_COST) values ('487226642342','0','0',null,'487220548749','10100','1',to_date('21/06/2017','DD/MM/YYYY'),'1','3','999','25',null,'25');
Insert into ECI_DELIVERY_COST (DELIVERY_COST_ID,VERSION_DELETED,VERSION_EDITABLE,PRED_VERSION,WORKSPACE_ID,BRANCH_ID,IS_HEAD,CHECKIN_DATE,ASSET_VERSION,GOOD_TYPE,COST_TO,COST,COMPANY,RETURN_COST) values ('487226642348','0','0',null,'487220548760','10100','1',to_date('21/06/2017','DD/MM/YYYY'),'1','3','999','12','3','12');
Insert into ECI_DELIVERY_COST (DELIVERY_COST_ID,VERSION_DELETED,VERSION_EDITABLE,PRED_VERSION,WORKSPACE_ID,BRANCH_ID,IS_HEAD,CHECKIN_DATE,ASSET_VERSION,GOOD_TYPE,COST_TO,COST,COMPANY,RETURN_COST) values ('487227042342','0','0',null,'487220595841','10100','1',to_date('19/04/2018','DD/MM/YYYY'),'1','3','2','6,55',null,'8,55');
Insert into ECI_DELIVERY_COST (DELIVERY_COST_ID,VERSION_DELETED,VERSION_EDITABLE,PRED_VERSION,WORKSPACE_ID,BRANCH_ID,IS_HEAD,CHECKIN_DATE,ASSET_VERSION,GOOD_TYPE,COST_TO,COST,COMPANY,RETURN_COST) values ('487227042358','0','0',null,'487220595841','10100','1',to_date('19/04/2018','DD/MM/YYYY'),'1','3','999','8,1',null,'10,1');
Insert into ECI_DELIVERY_COST (DELIVERY_COST_ID,VERSION_DELETED,VERSION_EDITABLE,PRED_VERSION,WORKSPACE_ID,BRANCH_ID,IS_HEAD,CHECKIN_DATE,ASSET_VERSION,GOOD_TYPE,COST_TO,COST,COMPANY,RETURN_COST) values ('487227042344','0','0',null,'487220595841','10100','1',to_date('19/04/2018','DD/MM/YYYY'),'1','2','2','8,88',null,'10,88');
Insert into ECI_DELIVERY_COST (DELIVERY_COST_ID,VERSION_DELETED,VERSION_EDITABLE,PRED_VERSION,WORKSPACE_ID,BRANCH_ID,IS_HEAD,CHECKIN_DATE,ASSET_VERSION,GOOD_TYPE,COST_TO,COST,COMPANY,RETURN_COST) values ('487226942346','0','0','1','487220595841','10100','1',to_date('19/04/2018','DD/MM/YYYY'),'2','2','999','13,02',null,'21');
Insert into ECI_DELIVERY_COST (DELIVERY_COST_ID,VERSION_DELETED,VERSION_EDITABLE,PRED_VERSION,WORKSPACE_ID,BRANCH_ID,IS_HEAD,CHECKIN_DATE,ASSET_VERSION,GOOD_TYPE,COST_TO,COST,COMPANY,RETURN_COST) values ('487226942348','0','0',null,'487220584341','10100','1',to_date('12/02/2018','DD/MM/YYYY'),'1','3','999','22',null,'22');
Insert into ECI_DELIVERY_COST (DELIVERY_COST_ID,VERSION_DELETED,VERSION_EDITABLE,PRED_VERSION,WORKSPACE_ID,BRANCH_ID,IS_HEAD,CHECKIN_DATE,ASSET_VERSION,GOOD_TYPE,COST_TO,COST,COMPANY,RETURN_COST) values ('487226942350','0','0',null,'487220584341','10100','1',to_date('12/02/2018','DD/MM/YYYY'),'1','2','15','31',null,'31');
Insert into ECI_DELIVERY_COST (DELIVERY_COST_ID,VERSION_DELETED,VERSION_EDITABLE,PRED_VERSION,WORKSPACE_ID,BRANCH_ID,IS_HEAD,CHECKIN_DATE,ASSET_VERSION,GOOD_TYPE,COST_TO,COST,COMPANY,RETURN_COST) values ('487226942352','0','0',null,'487220584341','10100','1',to_date('12/02/2018','DD/MM/YYYY'),'1','2','24','41',null,'41');
Insert into ECI_DELIVERY_COST (DELIVERY_COST_ID,VERSION_DELETED,VERSION_EDITABLE,PRED_VERSION,WORKSPACE_ID,BRANCH_ID,IS_HEAD,CHECKIN_DATE,ASSET_VERSION,GOOD_TYPE,COST_TO,COST,COMPANY,RETURN_COST) values ('487226942354','0','0',null,'487220584341','10100','1',to_date('12/02/2018','DD/MM/YYYY'),'1','2','50','51',null,'51');
Insert into ECI_DELIVERY_COST (DELIVERY_COST_ID,VERSION_DELETED,VERSION_EDITABLE,PRED_VERSION,WORKSPACE_ID,BRANCH_ID,IS_HEAD,CHECKIN_DATE,ASSET_VERSION,GOOD_TYPE,COST_TO,COST,COMPANY,RETURN_COST) values ('487226942356','0','0',null,'487220584341','10100','1',to_date('12/02/2018','DD/MM/YYYY'),'1','2','999','55',null,'55');
Insert into ECI_DELIVERY_COST (DELIVERY_COST_ID,VERSION_DELETED,VERSION_EDITABLE,PRED_VERSION,WORKSPACE_ID,BRANCH_ID,IS_HEAD,CHECKIN_DATE,ASSET_VERSION,GOOD_TYPE,COST_TO,COST,COMPANY,RETURN_COST) values ('487226942358','0','0',null,'487220584341','10100','1',to_date('12/02/2018','DD/MM/YYYY'),'1','1','7','35',null,'35');
Insert into ECI_DELIVERY_COST (DELIVERY_COST_ID,VERSION_DELETED,VERSION_EDITABLE,PRED_VERSION,WORKSPACE_ID,BRANCH_ID,IS_HEAD,CHECKIN_DATE,ASSET_VERSION,GOOD_TYPE,COST_TO,COST,COMPANY,RETURN_COST) values ('487226942360','0','0',null,'487220584341','10100','1',to_date('12/02/2018','DD/MM/YYYY'),'1','1','15','40',null,'40');
Insert into ECI_DELIVERY_COST (DELIVERY_COST_ID,VERSION_DELETED,VERSION_EDITABLE,PRED_VERSION,WORKSPACE_ID,BRANCH_ID,IS_HEAD,CHECKIN_DATE,ASSET_VERSION,GOOD_TYPE,COST_TO,COST,COMPANY,RETURN_COST) values ('487226942362','0','0',null,'487220584341','10100','1',to_date('12/02/2018','DD/MM/YYYY'),'1','1','24','55',null,'55');
Insert into ECI_DELIVERY_COST (DELIVERY_COST_ID,VERSION_DELETED,VERSION_EDITABLE,PRED_VERSION,WORKSPACE_ID,BRANCH_ID,IS_HEAD,CHECKIN_DATE,ASSET_VERSION,GOOD_TYPE,COST_TO,COST,COMPANY,RETURN_COST) values ('487226942364','0','0',null,'487220584341','10100','1',to_date('12/02/2018','DD/MM/YYYY'),'1','1','50','77',null,'77');
Insert into ECI_DELIVERY_COST (DELIVERY_COST_ID,VERSION_DELETED,VERSION_EDITABLE,PRED_VERSION,WORKSPACE_ID,BRANCH_ID,IS_HEAD,CHECKIN_DATE,ASSET_VERSION,GOOD_TYPE,COST_TO,COST,COMPANY,RETURN_COST) values ('487226942366','0','0',null,'487220584341','10100','1',to_date('12/02/2018','DD/MM/YYYY'),'1','1','999','80',null,'80');
Insert into ECI_DELIVERY_COST (DELIVERY_COST_ID,VERSION_DELETED,VERSION_EDITABLE,PRED_VERSION,WORKSPACE_ID,BRANCH_ID,IS_HEAD,CHECKIN_DATE,ASSET_VERSION,GOOD_TYPE,COST_TO,COST,COMPANY,RETURN_COST) values ('487226942368','0','0',null,'487220584341','10100','1',to_date('12/02/2018','DD/MM/YYYY'),'1','0','2','45',null,'45');
Insert into ECI_DELIVERY_COST (DELIVERY_COST_ID,VERSION_DELETED,VERSION_EDITABLE,PRED_VERSION,WORKSPACE_ID,BRANCH_ID,IS_HEAD,CHECKIN_DATE,ASSET_VERSION,GOOD_TYPE,COST_TO,COST,COMPANY,RETURN_COST) values ('487226942370','0','0',null,'487220584341','10100','1',to_date('12/02/2018','DD/MM/YYYY'),'1','0','5','55',null,'55');
Insert into ECI_DELIVERY_COST (DELIVERY_COST_ID,VERSION_DELETED,VERSION_EDITABLE,PRED_VERSION,WORKSPACE_ID,BRANCH_ID,IS_HEAD,CHECKIN_DATE,ASSET_VERSION,GOOD_TYPE,COST_TO,COST,COMPANY,RETURN_COST) values ('487226942372','0','0',null,'487220584341','10100','1',to_date('12/02/2018','DD/MM/YYYY'),'1','0','25','76',null,'76');
Insert into ECI_DELIVERY_COST (DELIVERY_COST_ID,VERSION_DELETED,VERSION_EDITABLE,PRED_VERSION,WORKSPACE_ID,BRANCH_ID,IS_HEAD,CHECKIN_DATE,ASSET_VERSION,GOOD_TYPE,COST_TO,COST,COMPANY,RETURN_COST) values ('487226942374','0','0',null,'487220584341','10100','1',to_date('12/02/2018','DD/MM/YYYY'),'1','0','50','105',null,'105');
Insert into ECI_DELIVERY_COST (DELIVERY_COST_ID,VERSION_DELETED,VERSION_EDITABLE,PRED_VERSION,WORKSPACE_ID,BRANCH_ID,IS_HEAD,CHECKIN_DATE,ASSET_VERSION,GOOD_TYPE,COST_TO,COST,COMPANY,RETURN_COST) values ('487226942376','0','0',null,'487220584341','10100','1',to_date('12/02/2018','DD/MM/YYYY'),'1','0','999','56',null,'56');
Insert into ECI_DELIVERY_COST (DELIVERY_COST_ID,VERSION_DELETED,VERSION_EDITABLE,PRED_VERSION,WORKSPACE_ID,BRANCH_ID,IS_HEAD,CHECKIN_DATE,ASSET_VERSION,GOOD_TYPE,COST_TO,COST,COMPANY,RETURN_COST) values ('487227142342','0','0',null,'487220588546','10100','1',to_date('06/03/2018','DD/MM/YYYY'),'1','0','2','14,5',null,'14,5');
Insert into ECI_DELIVERY_COST (DELIVERY_COST_ID,VERSION_DELETED,VERSION_EDITABLE,PRED_VERSION,WORKSPACE_ID,BRANCH_ID,IS_HEAD,CHECKIN_DATE,ASSET_VERSION,GOOD_TYPE,COST_TO,COST,COMPANY,RETURN_COST) values ('487227842344','0','0',null,'487220609346','10100','1',to_date('13/08/2018','DD/MM/YYYY'),'1','0','6','66,66','3','66,66');
Insert into ECI_DELIVERY_COST (DELIVERY_COST_ID,VERSION_DELETED,VERSION_EDITABLE,PRED_VERSION,WORKSPACE_ID,BRANCH_ID,IS_HEAD,CHECKIN_DATE,ASSET_VERSION,GOOD_TYPE,COST_TO,COST,COMPANY,RETURN_COST) values ('487228742344','0','0',null,'487220626841','10100','1',to_date('28/02/2019','DD/MM/YYYY'),'1','2','2','4,9',null,null);
Insert into ECI_DELIVERY_COST (DELIVERY_COST_ID,VERSION_DELETED,VERSION_EDITABLE,PRED_VERSION,WORKSPACE_ID,BRANCH_ID,IS_HEAD,CHECKIN_DATE,ASSET_VERSION,GOOD_TYPE,COST_TO,COST,COMPANY,RETURN_COST) values ('487228742346','0','0',null,'487220626841','10100','1',to_date('28/02/2019','DD/MM/YYYY'),'1','2','9','4,2',null,null);
Insert into ECI_DELIVERY_COST (DELIVERY_COST_ID,VERSION_DELETED,VERSION_EDITABLE,PRED_VERSION,WORKSPACE_ID,BRANCH_ID,IS_HEAD,CHECKIN_DATE,ASSET_VERSION,GOOD_TYPE,COST_TO,COST,COMPANY,RETURN_COST) values ('487228742348','0','0',null,'487220626841','10100','1',to_date('28/02/2019','DD/MM/YYYY'),'1','2','2','4,1',null,null);
Insert into ECI_DELIVERY_COST (DELIVERY_COST_ID,VERSION_DELETED,VERSION_EDITABLE,PRED_VERSION,WORKSPACE_ID,BRANCH_ID,IS_HEAD,CHECKIN_DATE,ASSET_VERSION,GOOD_TYPE,COST_TO,COST,COMPANY,RETURN_COST) values ('487229242362','0','0',null,'487220633754','10100','1',to_date('11/06/2019','DD/MM/YYYY'),'1','2','500','45','2','45');
Insert into ECI_DELIVERY_COST (DELIVERY_COST_ID,VERSION_DELETED,VERSION_EDITABLE,PRED_VERSION,WORKSPACE_ID,BRANCH_ID,IS_HEAD,CHECKIN_DATE,ASSET_VERSION,GOOD_TYPE,COST_TO,COST,COMPANY,RETURN_COST) values ('487229542342','0','0',null,'487220634043','10100','1',to_date('18/06/2019','DD/MM/YYYY'),'1','2','7','5,9','3',null);
Insert into ECI_DELIVERY_COST (DELIVERY_COST_ID,VERSION_DELETED,VERSION_EDITABLE,PRED_VERSION,WORKSPACE_ID,BRANCH_ID,IS_HEAD,CHECKIN_DATE,ASSET_VERSION,GOOD_TYPE,COST_TO,COST,COMPANY,RETURN_COST) values ('487229342374','0','0',null,'487220633889','10100','1',to_date('14/06/2019','DD/MM/YYYY'),'1','2','999','0',null,'0');
Insert into ECI_DELIVERY_COST (DELIVERY_COST_ID,VERSION_DELETED,VERSION_EDITABLE,PRED_VERSION,WORKSPACE_ID,BRANCH_ID,IS_HEAD,CHECKIN_DATE,ASSET_VERSION,GOOD_TYPE,COST_TO,COST,COMPANY,RETURN_COST) values ('487228842342','0','0',null,'487220627442','10100','1',to_date('08/03/2019','DD/MM/YYYY'),'1','3','2','20',null,'20');
Insert into ECI_DELIVERY_COST (DELIVERY_COST_ID,VERSION_DELETED,VERSION_EDITABLE,PRED_VERSION,WORKSPACE_ID,BRANCH_ID,IS_HEAD,CHECKIN_DATE,ASSET_VERSION,GOOD_TYPE,COST_TO,COST,COMPANY,RETURN_COST) values ('487229342376','0','0',null,'487220633889','10100','1',to_date('14/06/2019','DD/MM/YYYY'),'1','2','1','0',null,'0');
Insert into ECI_DELIVERY_COST (DELIVERY_COST_ID,VERSION_DELETED,VERSION_EDITABLE,PRED_VERSION,WORKSPACE_ID,BRANCH_ID,IS_HEAD,CHECKIN_DATE,ASSET_VERSION,GOOD_TYPE,COST_TO,COST,COMPANY,RETURN_COST) values ('487229942342','0','0',null,'487220643443','10100','1',to_date('28/11/2019','DD/MM/YYYY'),'1',null,'999','2',null,null);
Insert into ECI_DELIVERY_COST (DELIVERY_COST_ID,VERSION_DELETED,VERSION_EDITABLE,PRED_VERSION,WORKSPACE_ID,BRANCH_ID,IS_HEAD,CHECKIN_DATE,ASSET_VERSION,GOOD_TYPE,COST_TO,COST,COMPANY,RETURN_COST) values ('487229942344','0','0',null,'487220643443','10100','1',to_date('28/11/2019','DD/MM/YYYY'),'1','3','999','1','1',null);
Insert into ECI_DELIVERY_COST (DELIVERY_COST_ID,VERSION_DELETED,VERSION_EDITABLE,PRED_VERSION,WORKSPACE_ID,BRANCH_ID,IS_HEAD,CHECKIN_DATE,ASSET_VERSION,GOOD_TYPE,COST_TO,COST,COMPANY,RETURN_COST) values ('487229942346','0','0',null,'487220643443','10100','1',to_date('28/11/2019','DD/MM/YYYY'),'1','2','999','1','1',null);
Insert into ECI_DELIVERY_COST (DELIVERY_COST_ID,VERSION_DELETED,VERSION_EDITABLE,PRED_VERSION,WORKSPACE_ID,BRANCH_ID,IS_HEAD,CHECKIN_DATE,ASSET_VERSION,GOOD_TYPE,COST_TO,COST,COMPANY,RETURN_COST) values ('487229942348','0','0',null,'487220643443','10100','1',to_date('28/11/2019','DD/MM/YYYY'),'1','1','999','1','1',null);
Insert into ECI_DELIVERY_COST (DELIVERY_COST_ID,VERSION_DELETED,VERSION_EDITABLE,PRED_VERSION,WORKSPACE_ID,BRANCH_ID,IS_HEAD,CHECKIN_DATE,ASSET_VERSION,GOOD_TYPE,COST_TO,COST,COMPANY,RETURN_COST) values ('487229942350','0','0',null,'487220643443','10100','1',to_date('28/11/2019','DD/MM/YYYY'),'1','0','999','1','1',null);
Insert into ECI_DELIVERY_COST (DELIVERY_COST_ID,VERSION_DELETED,VERSION_EDITABLE,PRED_VERSION,WORKSPACE_ID,BRANCH_ID,IS_HEAD,CHECKIN_DATE,ASSET_VERSION,GOOD_TYPE,COST_TO,COST,COMPANY,RETURN_COST) values ('487229942352','0','0',null,'487220643443','10100','1',to_date('28/11/2019','DD/MM/YYYY'),'1','3','999','1','2',null);
Insert into ECI_DELIVERY_COST (DELIVERY_COST_ID,VERSION_DELETED,VERSION_EDITABLE,PRED_VERSION,WORKSPACE_ID,BRANCH_ID,IS_HEAD,CHECKIN_DATE,ASSET_VERSION,GOOD_TYPE,COST_TO,COST,COMPANY,RETURN_COST) values ('487229942354','0','0',null,'487220643443','10100','1',to_date('28/11/2019','DD/MM/YYYY'),'1','2','999','1','2',null);
Insert into ECI_DELIVERY_COST (DELIVERY_COST_ID,VERSION_DELETED,VERSION_EDITABLE,PRED_VERSION,WORKSPACE_ID,BRANCH_ID,IS_HEAD,CHECKIN_DATE,ASSET_VERSION,GOOD_TYPE,COST_TO,COST,COMPANY,RETURN_COST) values ('487229942356','0','0',null,'487220643443','10100','1',to_date('28/11/2019','DD/MM/YYYY'),'1','1','999','1','2',null);
Insert into ECI_DELIVERY_COST (DELIVERY_COST_ID,VERSION_DELETED,VERSION_EDITABLE,PRED_VERSION,WORKSPACE_ID,BRANCH_ID,IS_HEAD,CHECKIN_DATE,ASSET_VERSION,GOOD_TYPE,COST_TO,COST,COMPANY,RETURN_COST) values ('487229942358','0','0',null,'487220643443','10100','1',to_date('28/11/2019','DD/MM/YYYY'),'1','0','999','1',null,null);
Insert into ECI_DELIVERY_COST (DELIVERY_COST_ID,VERSION_DELETED,VERSION_EDITABLE,PRED_VERSION,WORKSPACE_ID,BRANCH_ID,IS_HEAD,CHECKIN_DATE,ASSET_VERSION,GOOD_TYPE,COST_TO,COST,COMPANY,RETURN_COST) values ('487230042342','0','0',null,'487220645953','10100','1',to_date('13/01/2020','DD/MM/YYYY'),'1','2','999','96','3','96');
Insert into ECI_DELIVERY_COST (DELIVERY_COST_ID,VERSION_DELETED,VERSION_EDITABLE,PRED_VERSION,WORKSPACE_ID,BRANCH_ID,IS_HEAD,CHECKIN_DATE,ASSET_VERSION,GOOD_TYPE,COST_TO,COST,COMPANY,RETURN_COST) values ('487230042344','0','0',null,'487220645957','10100','1',to_date('13/01/2020','DD/MM/YYYY'),'1','2','999','3,5','3','3,5');
Insert into ECI_DELIVERY_COST (DELIVERY_COST_ID,VERSION_DELETED,VERSION_EDITABLE,PRED_VERSION,WORKSPACE_ID,BRANCH_ID,IS_HEAD,CHECKIN_DATE,ASSET_VERSION,GOOD_TYPE,COST_TO,COST,COMPANY,RETURN_COST) values ('487228342344','0','0',null,'487220621443','10100','1',to_date('31/12/2018','DD/MM/YYYY'),'1','0','999','5,8','3','5,8');
Insert into ECI_DELIVERY_COST (DELIVERY_COST_ID,VERSION_DELETED,VERSION_EDITABLE,PRED_VERSION,WORKSPACE_ID,BRANCH_ID,IS_HEAD,CHECKIN_DATE,ASSET_VERSION,GOOD_TYPE,COST_TO,COST,COMPANY,RETURN_COST) values ('487228342346','0','0',null,'487220621443','10100','1',to_date('31/12/2018','DD/MM/YYYY'),'1','0','999','5,8',null,'5,8');
Insert into ECI_DELIVERY_COST (DELIVERY_COST_ID,VERSION_DELETED,VERSION_EDITABLE,PRED_VERSION,WORKSPACE_ID,BRANCH_ID,IS_HEAD,CHECKIN_DATE,ASSET_VERSION,GOOD_TYPE,COST_TO,COST,COMPANY,RETURN_COST) values ('487228342348','0','0',null,'487220621443','10100','1',to_date('31/12/2018','DD/MM/YYYY'),'1','2','999','3,7',null,'3,7');
Insert into ECI_DELIVERY_COST (DELIVERY_COST_ID,VERSION_DELETED,VERSION_EDITABLE,PRED_VERSION,WORKSPACE_ID,BRANCH_ID,IS_HEAD,CHECKIN_DATE,ASSET_VERSION,GOOD_TYPE,COST_TO,COST,COMPANY,RETURN_COST) values ('487228342350','0','0',null,'487220621443','10100','1',to_date('31/12/2018','DD/MM/YYYY'),'1','3','999','2,7',null,'2,7');
Insert into ECI_DELIVERY_COST (DELIVERY_COST_ID,VERSION_DELETED,VERSION_EDITABLE,PRED_VERSION,WORKSPACE_ID,BRANCH_ID,IS_HEAD,CHECKIN_DATE,ASSET_VERSION,GOOD_TYPE,COST_TO,COST,COMPANY,RETURN_COST) values ('487228342352','0','0',null,'487220621443','10100','1',to_date('31/12/2018','DD/MM/YYYY'),'1','1','999','4,7',null,'4,7');
Insert into ECI_DELIVERY_COST (DELIVERY_COST_ID,VERSION_DELETED,VERSION_EDITABLE,PRED_VERSION,WORKSPACE_ID,BRANCH_ID,IS_HEAD,CHECKIN_DATE,ASSET_VERSION,GOOD_TYPE,COST_TO,COST,COMPANY,RETURN_COST) values ('487229242350','0','0',null,'487220633750','10100','1',to_date('11/06/2019','DD/MM/YYYY'),'1','2','500','40','4','35');
Insert into ECI_DELIVERY_COST (DELIVERY_COST_ID,VERSION_DELETED,VERSION_EDITABLE,PRED_VERSION,WORKSPACE_ID,BRANCH_ID,IS_HEAD,CHECKIN_DATE,ASSET_VERSION,GOOD_TYPE,COST_TO,COST,COMPANY,RETURN_COST) values ('487229242354','0','0',null,'487220633750','10100','1',to_date('11/06/2019','DD/MM/YYYY'),'1','2','500','40','4','35');
Insert into ECI_DELIVERY_COST (DELIVERY_COST_ID,VERSION_DELETED,VERSION_EDITABLE,PRED_VERSION,WORKSPACE_ID,BRANCH_ID,IS_HEAD,CHECKIN_DATE,ASSET_VERSION,GOOD_TYPE,COST_TO,COST,COMPANY,RETURN_COST) values ('487229242356','0','0',null,'487220633750','10100','1',to_date('11/06/2019','DD/MM/YYYY'),'1','2','50','40','3','30');
Insert into ECI_DELIVERY_COST (DELIVERY_COST_ID,VERSION_DELETED,VERSION_EDITABLE,PRED_VERSION,WORKSPACE_ID,BRANCH_ID,IS_HEAD,CHECKIN_DATE,ASSET_VERSION,GOOD_TYPE,COST_TO,COST,COMPANY,RETURN_COST) values ('487229442342','0','0',null,'487220633941','10100','1',to_date('13/06/2019','DD/MM/YYYY'),'1','3','999','2,9','3',null);
Insert into ECI_DELIVERY_COST (DELIVERY_COST_ID,VERSION_DELETED,VERSION_EDITABLE,PRED_VERSION,WORKSPACE_ID,BRANCH_ID,IS_HEAD,CHECKIN_DATE,ASSET_VERSION,GOOD_TYPE,COST_TO,COST,COMPANY,RETURN_COST) values ('487229442344','0','0',null,'487220633941','10100','1',to_date('13/06/2019','DD/MM/YYYY'),'1','3','999','2,9',null,'2,8');
Insert into ECI_DELIVERY_COST (DELIVERY_COST_ID,VERSION_DELETED,VERSION_EDITABLE,PRED_VERSION,WORKSPACE_ID,BRANCH_ID,IS_HEAD,CHECKIN_DATE,ASSET_VERSION,GOOD_TYPE,COST_TO,COST,COMPANY,RETURN_COST) values ('487228042342','0','0',null,'487220616644','10100','1',to_date('30/10/2018','DD/MM/YYYY'),'1','3','6','4,1','3','0');
Insert into ECI_DELIVERY_COST (DELIVERY_COST_ID,VERSION_DELETED,VERSION_EDITABLE,PRED_VERSION,WORKSPACE_ID,BRANCH_ID,IS_HEAD,CHECKIN_DATE,ASSET_VERSION,GOOD_TYPE,COST_TO,COST,COMPANY,RETURN_COST) values ('487229042350','0','0',null,'487220629551','10100','1',to_date('01/04/2019','DD/MM/YYYY'),'1','0','99','5',null,'4');
Insert into ECI_DELIVERY_COST (DELIVERY_COST_ID,VERSION_DELETED,VERSION_EDITABLE,PRED_VERSION,WORKSPACE_ID,BRANCH_ID,IS_HEAD,CHECKIN_DATE,ASSET_VERSION,GOOD_TYPE,COST_TO,COST,COMPANY,RETURN_COST) values ('487229242342','0','0',null,'487220633743','10100','1',to_date('11/06/2019','DD/MM/YYYY'),'1','2','50','0','3',null);
Insert into ECI_DELIVERY_COST (DELIVERY_COST_ID,VERSION_DELETED,VERSION_EDITABLE,PRED_VERSION,WORKSPACE_ID,BRANCH_ID,IS_HEAD,CHECKIN_DATE,ASSET_VERSION,GOOD_TYPE,COST_TO,COST,COMPANY,RETURN_COST) values ('487229242344','0','0',null,'487220633743','10100','1',to_date('11/06/2019','DD/MM/YYYY'),'1','2','50','40','3',null);
Insert into ECI_DELIVERY_COST (DELIVERY_COST_ID,VERSION_DELETED,VERSION_EDITABLE,PRED_VERSION,WORKSPACE_ID,BRANCH_ID,IS_HEAD,CHECKIN_DATE,ASSET_VERSION,GOOD_TYPE,COST_TO,COST,COMPANY,RETURN_COST) values ('487229342370','0','0',null,'487220633883','10100','1',to_date('13/06/2019','DD/MM/YYYY'),'1','2','999','35',null,'35');
Insert into ECI_DELIVERY_COST (DELIVERY_COST_ID,VERSION_DELETED,VERSION_EDITABLE,PRED_VERSION,WORKSPACE_ID,BRANCH_ID,IS_HEAD,CHECKIN_DATE,ASSET_VERSION,GOOD_TYPE,COST_TO,COST,COMPANY,RETURN_COST) values ('487229342372','0','0',null,'487220633887','10100','1',to_date('14/06/2019','DD/MM/YYYY'),'1','2','999','35',null,'35');
Insert into ECI_DELIVERY_COST (DELIVERY_COST_ID,VERSION_DELETED,VERSION_EDITABLE,PRED_VERSION,WORKSPACE_ID,BRANCH_ID,IS_HEAD,CHECKIN_DATE,ASSET_VERSION,GOOD_TYPE,COST_TO,COST,COMPANY,RETURN_COST) values ('487228442342','0','0',null,'487220621742','10100','1',to_date('03/01/2019','DD/MM/YYYY'),'1','3','999','2,3',null,'2,3');
Insert into ECI_DELIVERY_COST (DELIVERY_COST_ID,VERSION_DELETED,VERSION_EDITABLE,PRED_VERSION,WORKSPACE_ID,BRANCH_ID,IS_HEAD,CHECKIN_DATE,ASSET_VERSION,GOOD_TYPE,COST_TO,COST,COMPANY,RETURN_COST) values ('487228442344','0','0',null,'487220621742','10100','1',to_date('03/01/2019','DD/MM/YYYY'),'1','2','999','3,3',null,'3,3');
Insert into ECI_DELIVERY_COST (DELIVERY_COST_ID,VERSION_DELETED,VERSION_EDITABLE,PRED_VERSION,WORKSPACE_ID,BRANCH_ID,IS_HEAD,CHECKIN_DATE,ASSET_VERSION,GOOD_TYPE,COST_TO,COST,COMPANY,RETURN_COST) values ('487228442346','0','0',null,'487220621742','10100','1',to_date('03/01/2019','DD/MM/YYYY'),'1','1','999','4,3',null,'4,3');
Insert into ECI_DELIVERY_COST (DELIVERY_COST_ID,VERSION_DELETED,VERSION_EDITABLE,PRED_VERSION,WORKSPACE_ID,BRANCH_ID,IS_HEAD,CHECKIN_DATE,ASSET_VERSION,GOOD_TYPE,COST_TO,COST,COMPANY,RETURN_COST) values ('487228442348','0','0',null,'487220621742','10100','1',to_date('03/01/2019','DD/MM/YYYY'),'1','0','999','5,3',null,'5,3');
Insert into ECI_DELIVERY_COST (DELIVERY_COST_ID,VERSION_DELETED,VERSION_EDITABLE,PRED_VERSION,WORKSPACE_ID,BRANCH_ID,IS_HEAD,CHECKIN_DATE,ASSET_VERSION,GOOD_TYPE,COST_TO,COST,COMPANY,RETURN_COST) values ('487228842348','0','0',null,'487220627446','10100','1',to_date('08/03/2019','DD/MM/YYYY'),'1','3','999','8',null,'8');
Insert into ECI_DELIVERY_COST (DELIVERY_COST_ID,VERSION_DELETED,VERSION_EDITABLE,PRED_VERSION,WORKSPACE_ID,BRANCH_ID,IS_HEAD,CHECKIN_DATE,ASSET_VERSION,GOOD_TYPE,COST_TO,COST,COMPANY,RETURN_COST) values ('487228842350','0','0',null,'487220627446','10100','1',to_date('08/03/2019','DD/MM/YYYY'),'1','3','10','6',null,'6');
Insert into ECI_DELIVERY_COST (DELIVERY_COST_ID,VERSION_DELETED,VERSION_EDITABLE,PRED_VERSION,WORKSPACE_ID,BRANCH_ID,IS_HEAD,CHECKIN_DATE,ASSET_VERSION,GOOD_TYPE,COST_TO,COST,COMPANY,RETURN_COST) values ('487228842352','0','0',null,'487220627446','10100','1',to_date('08/03/2019','DD/MM/YYYY'),'1','3','999','45',null,'45');
Insert into ECI_DELIVERY_COST (DELIVERY_COST_ID,VERSION_DELETED,VERSION_EDITABLE,PRED_VERSION,WORKSPACE_ID,BRANCH_ID,IS_HEAD,CHECKIN_DATE,ASSET_VERSION,GOOD_TYPE,COST_TO,COST,COMPANY,RETURN_COST) values ('487228842354','0','0',null,'487220627446','10100','1',to_date('08/03/2019','DD/MM/YYYY'),'1','3','10','25',null,'25');
Insert into ECI_DELIVERY_COST (DELIVERY_COST_ID,VERSION_DELETED,VERSION_EDITABLE,PRED_VERSION,WORKSPACE_ID,BRANCH_ID,IS_HEAD,CHECKIN_DATE,ASSET_VERSION,GOOD_TYPE,COST_TO,COST,COMPANY,RETURN_COST) values ('487229342356','0','0',null,'487220633871','10100','1',to_date('13/06/2019','DD/MM/YYYY'),'1','3','20','20',null,'20');
Insert into ECI_DELIVERY_COST (DELIVERY_COST_ID,VERSION_DELETED,VERSION_EDITABLE,PRED_VERSION,WORKSPACE_ID,BRANCH_ID,IS_HEAD,CHECKIN_DATE,ASSET_VERSION,GOOD_TYPE,COST_TO,COST,COMPANY,RETURN_COST) values ('487229342358','0','0',null,'487220633871','10100','1',to_date('13/06/2019','DD/MM/YYYY'),'1','2','100','21',null,'21');
Insert into ECI_DELIVERY_COST (DELIVERY_COST_ID,VERSION_DELETED,VERSION_EDITABLE,PRED_VERSION,WORKSPACE_ID,BRANCH_ID,IS_HEAD,CHECKIN_DATE,ASSET_VERSION,GOOD_TYPE,COST_TO,COST,COMPANY,RETURN_COST) values ('487229342360','0','0',null,'487220633873','10100','1',to_date('13/06/2019','DD/MM/YYYY'),'1','3','50','11',null,'11');
Insert into ECI_DELIVERY_COST (DELIVERY_COST_ID,VERSION_DELETED,VERSION_EDITABLE,PRED_VERSION,WORKSPACE_ID,BRANCH_ID,IS_HEAD,CHECKIN_DATE,ASSET_VERSION,GOOD_TYPE,COST_TO,COST,COMPANY,RETURN_COST) values ('487229342362','0','0',null,'487220633873','10100','1',to_date('13/06/2019','DD/MM/YYYY'),'1','2','50','12',null,'12');
Insert into ECI_DELIVERY_COST (DELIVERY_COST_ID,VERSION_DELETED,VERSION_EDITABLE,PRED_VERSION,WORKSPACE_ID,BRANCH_ID,IS_HEAD,CHECKIN_DATE,ASSET_VERSION,GOOD_TYPE,COST_TO,COST,COMPANY,RETURN_COST) values ('487229342364','0','0',null,'487220633873','10100','1',to_date('13/06/2019','DD/MM/YYYY'),'1','1','50','13',null,'13');
Insert into ECI_DELIVERY_COST (DELIVERY_COST_ID,VERSION_DELETED,VERSION_EDITABLE,PRED_VERSION,WORKSPACE_ID,BRANCH_ID,IS_HEAD,CHECKIN_DATE,ASSET_VERSION,GOOD_TYPE,COST_TO,COST,COMPANY,RETURN_COST) values ('487229742342','0','0',null,'487220635041','10100','1',to_date('28/06/2019','DD/MM/YYYY'),'1','0','999','5,5',null,'5,5');
Insert into ECI_DELIVERY_COST (DELIVERY_COST_ID,VERSION_DELETED,VERSION_EDITABLE,PRED_VERSION,WORKSPACE_ID,BRANCH_ID,IS_HEAD,CHECKIN_DATE,ASSET_VERSION,GOOD_TYPE,COST_TO,COST,COMPANY,RETURN_COST) values ('487229742344','0','0',null,'487220635041','10100','1',to_date('28/06/2019','DD/MM/YYYY'),'1','1','999','4,5',null,'4,5');
Insert into ECI_DELIVERY_COST (DELIVERY_COST_ID,VERSION_DELETED,VERSION_EDITABLE,PRED_VERSION,WORKSPACE_ID,BRANCH_ID,IS_HEAD,CHECKIN_DATE,ASSET_VERSION,GOOD_TYPE,COST_TO,COST,COMPANY,RETURN_COST) values ('487229742346','0','0',null,'487220635041','10100','1',to_date('28/06/2019','DD/MM/YYYY'),'1','2','999','3,5',null,'3,5');
Insert into ECI_DELIVERY_COST (DELIVERY_COST_ID,VERSION_DELETED,VERSION_EDITABLE,PRED_VERSION,WORKSPACE_ID,BRANCH_ID,IS_HEAD,CHECKIN_DATE,ASSET_VERSION,GOOD_TYPE,COST_TO,COST,COMPANY,RETURN_COST) values ('487229742348','0','0',null,'487220635041','10100','1',to_date('28/06/2019','DD/MM/YYYY'),'1','3','999','2,5',null,'2,5');
Insert into ECI_DELIVERY_COST (DELIVERY_COST_ID,VERSION_DELETED,VERSION_EDITABLE,PRED_VERSION,WORKSPACE_ID,BRANCH_ID,IS_HEAD,CHECKIN_DATE,ASSET_VERSION,GOOD_TYPE,COST_TO,COST,COMPANY,RETURN_COST) values ('487222344354','0','0',null,'487220645141','10100','1',to_date('25/02/2020','DD/MM/YYYY'),'1','3','999','5,9',null,'6,9');
Insert into ECI_DELIVERY_COST (DELIVERY_COST_ID,VERSION_DELETED,VERSION_EDITABLE,PRED_VERSION,WORKSPACE_ID,BRANCH_ID,IS_HEAD,CHECKIN_DATE,ASSET_VERSION,GOOD_TYPE,COST_TO,COST,COMPANY,RETURN_COST) values ('391172224350','0','0',null,'487220645141','10100','1',to_date('25/02/2020','DD/MM/YYYY'),'1','2','10','5,9',null,'5,9');
Insert into ECI_DELIVERY_COST (DELIVERY_COST_ID,VERSION_DELETED,VERSION_EDITABLE,PRED_VERSION,WORKSPACE_ID,BRANCH_ID,IS_HEAD,CHECKIN_DATE,ASSET_VERSION,GOOD_TYPE,COST_TO,COST,COMPANY,RETURN_COST) values ('391172224354','0','0',null,'487220645141','10100','1',to_date('25/02/2020','DD/MM/YYYY'),'1','2','999','7,9',null,'7,9');
Insert into ECI_DELIVERY_COST (DELIVERY_COST_ID,VERSION_DELETED,VERSION_EDITABLE,PRED_VERSION,WORKSPACE_ID,BRANCH_ID,IS_HEAD,CHECKIN_DATE,ASSET_VERSION,GOOD_TYPE,COST_TO,COST,COMPANY,RETURN_COST) values ('487221544354','0','0',null,'487220645141','10100','1',to_date('25/02/2020','DD/MM/YYYY'),'1','1','10','5,9',null,'5,9');
Insert into ECI_DELIVERY_COST (DELIVERY_COST_ID,VERSION_DELETED,VERSION_EDITABLE,PRED_VERSION,WORKSPACE_ID,BRANCH_ID,IS_HEAD,CHECKIN_DATE,ASSET_VERSION,GOOD_TYPE,COST_TO,COST,COMPANY,RETURN_COST) values ('487221544360','0','0',null,'487220645141','10100','1',to_date('25/02/2020','DD/MM/YYYY'),'1','1','999','7,9',null,'7,9');
Insert into ECI_DELIVERY_COST (DELIVERY_COST_ID,VERSION_DELETED,VERSION_EDITABLE,PRED_VERSION,WORKSPACE_ID,BRANCH_ID,IS_HEAD,CHECKIN_DATE,ASSET_VERSION,GOOD_TYPE,COST_TO,COST,COMPANY,RETURN_COST) values ('487224244354','0','0',null,'487220645141','10100','1',to_date('25/02/2020','DD/MM/YYYY'),'1','0','2','15',null,'30');
Insert into ECI_DELIVERY_COST (DELIVERY_COST_ID,VERSION_DELETED,VERSION_EDITABLE,PRED_VERSION,WORKSPACE_ID,BRANCH_ID,IS_HEAD,CHECKIN_DATE,ASSET_VERSION,GOOD_TYPE,COST_TO,COST,COMPANY,RETURN_COST) values ('487224244356','0','0',null,'487220645141','10100','1',to_date('25/02/2020','DD/MM/YYYY'),'1','0','999','25',null,'30');
Insert into ECI_DELIVERY_COST (DELIVERY_COST_ID,VERSION_DELETED,VERSION_EDITABLE,PRED_VERSION,WORKSPACE_ID,BRANCH_ID,IS_HEAD,CHECKIN_DATE,ASSET_VERSION,GOOD_TYPE,COST_TO,COST,COMPANY,RETURN_COST) values ('487227942342','0','0',null,'487220614341','10100','1',to_date('04/10/2018','DD/MM/YYYY'),'1','3','999','7,5',null,'7,5');
Insert into ECI_DELIVERY_COST (DELIVERY_COST_ID,VERSION_DELETED,VERSION_EDITABLE,PRED_VERSION,WORKSPACE_ID,BRANCH_ID,IS_HEAD,CHECKIN_DATE,ASSET_VERSION,GOOD_TYPE,COST_TO,COST,COMPANY,RETURN_COST) values ('487227942344','0','0',null,'487220614341','10100','1',to_date('04/10/2018','DD/MM/YYYY'),'1','2','999','7,5',null,'7,5');
Insert into ECI_DELIVERY_COST (DELIVERY_COST_ID,VERSION_DELETED,VERSION_EDITABLE,PRED_VERSION,WORKSPACE_ID,BRANCH_ID,IS_HEAD,CHECKIN_DATE,ASSET_VERSION,GOOD_TYPE,COST_TO,COST,COMPANY,RETURN_COST) values ('487227942346','0','0',null,'487220614341','10100','1',to_date('04/10/2018','DD/MM/YYYY'),'1','1','999','7,5',null,'7,5');
Insert into ECI_DELIVERY_COST (DELIVERY_COST_ID,VERSION_DELETED,VERSION_EDITABLE,PRED_VERSION,WORKSPACE_ID,BRANCH_ID,IS_HEAD,CHECKIN_DATE,ASSET_VERSION,GOOD_TYPE,COST_TO,COST,COMPANY,RETURN_COST) values ('487227942348','0','0',null,'487220614341','10100','1',to_date('04/10/2018','DD/MM/YYYY'),'1','0','999','7,5',null,'7,5');
Insert into ECI_DELIVERY_COST (DELIVERY_COST_ID,VERSION_DELETED,VERSION_EDITABLE,PRED_VERSION,WORKSPACE_ID,BRANCH_ID,IS_HEAD,CHECKIN_DATE,ASSET_VERSION,GOOD_TYPE,COST_TO,COST,COMPANY,RETURN_COST) values ('487227942350','0','0',null,'487220614341','10100','1',to_date('04/10/2018','DD/MM/YYYY'),'1','3','999','7,5',null,'7,5');
Insert into ECI_DELIVERY_COST (DELIVERY_COST_ID,VERSION_DELETED,VERSION_EDITABLE,PRED_VERSION,WORKSPACE_ID,BRANCH_ID,IS_HEAD,CHECKIN_DATE,ASSET_VERSION,GOOD_TYPE,COST_TO,COST,COMPANY,RETURN_COST) values ('487227942352','0','0',null,'487220614341','10100','1',to_date('04/10/2018','DD/MM/YYYY'),'1','2','999','7,5',null,'7,5');
Insert into ECI_DELIVERY_COST (DELIVERY_COST_ID,VERSION_DELETED,VERSION_EDITABLE,PRED_VERSION,WORKSPACE_ID,BRANCH_ID,IS_HEAD,CHECKIN_DATE,ASSET_VERSION,GOOD_TYPE,COST_TO,COST,COMPANY,RETURN_COST) values ('487227942354','0','0',null,'487220614341','10100','1',to_date('04/10/2018','DD/MM/YYYY'),'1','1','999','7,5',null,'7,5');
Insert into ECI_DELIVERY_COST (DELIVERY_COST_ID,VERSION_DELETED,VERSION_EDITABLE,PRED_VERSION,WORKSPACE_ID,BRANCH_ID,IS_HEAD,CHECKIN_DATE,ASSET_VERSION,GOOD_TYPE,COST_TO,COST,COMPANY,RETURN_COST) values ('487227942356','0','0',null,'487220614341','10100','1',to_date('04/10/2018','DD/MM/YYYY'),'1','0','999','7,5',null,'7,5');
Insert into ECI_DELIVERY_COST (DELIVERY_COST_ID,VERSION_DELETED,VERSION_EDITABLE,PRED_VERSION,WORKSPACE_ID,BRANCH_ID,IS_HEAD,CHECKIN_DATE,ASSET_VERSION,GOOD_TYPE,COST_TO,COST,COMPANY,RETURN_COST) values ('487227942358','0','0',null,'487220614341','10100','1',to_date('04/10/2018','DD/MM/YYYY'),'1','0','999','7,5',null,'7,5');
Insert into ECI_DELIVERY_COST (DELIVERY_COST_ID,VERSION_DELETED,VERSION_EDITABLE,PRED_VERSION,WORKSPACE_ID,BRANCH_ID,IS_HEAD,CHECKIN_DATE,ASSET_VERSION,GOOD_TYPE,COST_TO,COST,COMPANY,RETURN_COST) values ('487227942360','0','0',null,'487220614341','10100','1',to_date('04/10/2018','DD/MM/YYYY'),'1','1','999','7,5',null,'7,5');
Insert into ECI_DELIVERY_COST (DELIVERY_COST_ID,VERSION_DELETED,VERSION_EDITABLE,PRED_VERSION,WORKSPACE_ID,BRANCH_ID,IS_HEAD,CHECKIN_DATE,ASSET_VERSION,GOOD_TYPE,COST_TO,COST,COMPANY,RETURN_COST) values ('487227942362','0','0',null,'487220614341','10100','1',to_date('04/10/2018','DD/MM/YYYY'),'1','2','999','7,5',null,'7,5');
Insert into ECI_DELIVERY_COST (DELIVERY_COST_ID,VERSION_DELETED,VERSION_EDITABLE,PRED_VERSION,WORKSPACE_ID,BRANCH_ID,IS_HEAD,CHECKIN_DATE,ASSET_VERSION,GOOD_TYPE,COST_TO,COST,COMPANY,RETURN_COST) values ('487227942364','0','0',null,'487220614341','10100','1',to_date('04/10/2018','DD/MM/YYYY'),'1','3','999','7,5',null,'7,5');
Insert into ECI_DELIVERY_COST (DELIVERY_COST_ID,VERSION_DELETED,VERSION_EDITABLE,PRED_VERSION,WORKSPACE_ID,BRANCH_ID,IS_HEAD,CHECKIN_DATE,ASSET_VERSION,GOOD_TYPE,COST_TO,COST,COMPANY,RETURN_COST) values ('487227942366','0','0',null,'487220614341','10100','1',to_date('04/10/2018','DD/MM/YYYY'),'1','0','999','7,5',null,'7,5');
Insert into ECI_DELIVERY_COST (DELIVERY_COST_ID,VERSION_DELETED,VERSION_EDITABLE,PRED_VERSION,WORKSPACE_ID,BRANCH_ID,IS_HEAD,CHECKIN_DATE,ASSET_VERSION,GOOD_TYPE,COST_TO,COST,COMPANY,RETURN_COST) values ('487227942368','0','0',null,'487220614341','10100','1',to_date('04/10/2018','DD/MM/YYYY'),'1','1','999','7,5',null,'7,5');
Insert into ECI_DELIVERY_COST (DELIVERY_COST_ID,VERSION_DELETED,VERSION_EDITABLE,PRED_VERSION,WORKSPACE_ID,BRANCH_ID,IS_HEAD,CHECKIN_DATE,ASSET_VERSION,GOOD_TYPE,COST_TO,COST,COMPANY,RETURN_COST) values ('487227942370','0','0',null,'487220614341','10100','1',to_date('04/10/2018','DD/MM/YYYY'),'1','2','999','7,5',null,'7,5');
Insert into ECI_DELIVERY_COST (DELIVERY_COST_ID,VERSION_DELETED,VERSION_EDITABLE,PRED_VERSION,WORKSPACE_ID,BRANCH_ID,IS_HEAD,CHECKIN_DATE,ASSET_VERSION,GOOD_TYPE,COST_TO,COST,COMPANY,RETURN_COST) values ('487227942372','0','0',null,'487220614341','10100','1',to_date('04/10/2018','DD/MM/YYYY'),'1','3','999','7,5',null,'7,5');
Insert into ECI_DELIVERY_COST (DELIVERY_COST_ID,VERSION_DELETED,VERSION_EDITABLE,PRED_VERSION,WORKSPACE_ID,BRANCH_ID,IS_HEAD,CHECKIN_DATE,ASSET_VERSION,GOOD_TYPE,COST_TO,COST,COMPANY,RETURN_COST) values ('487227942374','0','0',null,'487220614341','10100','1',to_date('04/10/2018','DD/MM/YYYY'),'1','0','999','7,5',null,'7,5');
Insert into ECI_DELIVERY_COST (DELIVERY_COST_ID,VERSION_DELETED,VERSION_EDITABLE,PRED_VERSION,WORKSPACE_ID,BRANCH_ID,IS_HEAD,CHECKIN_DATE,ASSET_VERSION,GOOD_TYPE,COST_TO,COST,COMPANY,RETURN_COST) values ('487227942376','0','0',null,'487220614341','10100','1',to_date('04/10/2018','DD/MM/YYYY'),'1','1','999','7,5',null,'7,5');
Insert into ECI_DELIVERY_COST (DELIVERY_COST_ID,VERSION_DELETED,VERSION_EDITABLE,PRED_VERSION,WORKSPACE_ID,BRANCH_ID,IS_HEAD,CHECKIN_DATE,ASSET_VERSION,GOOD_TYPE,COST_TO,COST,COMPANY,RETURN_COST) values ('487227942378','0','0',null,'487220614341','10100','1',to_date('04/10/2018','DD/MM/YYYY'),'1','2','999','7,5',null,'7,5');
Insert into ECI_DELIVERY_COST (DELIVERY_COST_ID,VERSION_DELETED,VERSION_EDITABLE,PRED_VERSION,WORKSPACE_ID,BRANCH_ID,IS_HEAD,CHECKIN_DATE,ASSET_VERSION,GOOD_TYPE,COST_TO,COST,COMPANY,RETURN_COST) values ('487227942380','0','0',null,'487220614341','10100','1',to_date('04/10/2018','DD/MM/YYYY'),'1','3','999','7,5',null,'7,5');
Insert into ECI_DELIVERY_COST (DELIVERY_COST_ID,VERSION_DELETED,VERSION_EDITABLE,PRED_VERSION,WORKSPACE_ID,BRANCH_ID,IS_HEAD,CHECKIN_DATE,ASSET_VERSION,GOOD_TYPE,COST_TO,COST,COMPANY,RETURN_COST) values ('487227942382','0','0',null,'487220614341','10100','1',to_date('04/10/2018','DD/MM/YYYY'),'1','0','999','7,5',null,'7,5');
Insert into ECI_DELIVERY_COST (DELIVERY_COST_ID,VERSION_DELETED,VERSION_EDITABLE,PRED_VERSION,WORKSPACE_ID,BRANCH_ID,IS_HEAD,CHECKIN_DATE,ASSET_VERSION,GOOD_TYPE,COST_TO,COST,COMPANY,RETURN_COST) values ('487227942384','0','0',null,'487220614341','10100','1',to_date('04/10/2018','DD/MM/YYYY'),'1','1','999','7,5',null,'7,5');
Insert into ECI_DELIVERY_COST (DELIVERY_COST_ID,VERSION_DELETED,VERSION_EDITABLE,PRED_VERSION,WORKSPACE_ID,BRANCH_ID,IS_HEAD,CHECKIN_DATE,ASSET_VERSION,GOOD_TYPE,COST_TO,COST,COMPANY,RETURN_COST) values ('487227942386','0','0',null,'487220614341','10100','1',to_date('04/10/2018','DD/MM/YYYY'),'1','2','999','7,5',null,'7,5');
Insert into ECI_DELIVERY_COST (DELIVERY_COST_ID,VERSION_DELETED,VERSION_EDITABLE,PRED_VERSION,WORKSPACE_ID,BRANCH_ID,IS_HEAD,CHECKIN_DATE,ASSET_VERSION,GOOD_TYPE,COST_TO,COST,COMPANY,RETURN_COST) values ('487227942388','0','0',null,'487220614341','10100','1',to_date('04/10/2018','DD/MM/YYYY'),'1','3','999','7,5',null,'7,5');
Insert into ECI_DELIVERY_COST (DELIVERY_COST_ID,VERSION_DELETED,VERSION_EDITABLE,PRED_VERSION,WORKSPACE_ID,BRANCH_ID,IS_HEAD,CHECKIN_DATE,ASSET_VERSION,GOOD_TYPE,COST_TO,COST,COMPANY,RETURN_COST) values ('487229442346','0','0',null,'487220633943','10100','1',to_date('13/06/2019','DD/MM/YYYY'),'1','0','999','5,9','3','5,8');
Insert into ECI_DELIVERY_COST (DELIVERY_COST_ID,VERSION_DELETED,VERSION_EDITABLE,PRED_VERSION,WORKSPACE_ID,BRANCH_ID,IS_HEAD,CHECKIN_DATE,ASSET_VERSION,GOOD_TYPE,COST_TO,COST,COMPANY,RETURN_COST) values ('487228442350','0','0',null,'487220621744','10100','1',to_date('03/01/2019','DD/MM/YYYY'),'1','3','999','1,6',null,'1,6');
Insert into ECI_DELIVERY_COST (DELIVERY_COST_ID,VERSION_DELETED,VERSION_EDITABLE,PRED_VERSION,WORKSPACE_ID,BRANCH_ID,IS_HEAD,CHECKIN_DATE,ASSET_VERSION,GOOD_TYPE,COST_TO,COST,COMPANY,RETURN_COST) values ('487228442352','0','0',null,'487220621744','10100','1',to_date('03/01/2019','DD/MM/YYYY'),'1','2','999','1,7',null,'1,7');
Insert into ECI_DELIVERY_COST (DELIVERY_COST_ID,VERSION_DELETED,VERSION_EDITABLE,PRED_VERSION,WORKSPACE_ID,BRANCH_ID,IS_HEAD,CHECKIN_DATE,ASSET_VERSION,GOOD_TYPE,COST_TO,COST,COMPANY,RETURN_COST) values ('487228442354','0','0',null,'487220621744','10100','1',to_date('03/01/2019','DD/MM/YYYY'),'1','1','999','1,8',null,'1,8');
Insert into ECI_DELIVERY_COST (DELIVERY_COST_ID,VERSION_DELETED,VERSION_EDITABLE,PRED_VERSION,WORKSPACE_ID,BRANCH_ID,IS_HEAD,CHECKIN_DATE,ASSET_VERSION,GOOD_TYPE,COST_TO,COST,COMPANY,RETURN_COST) values ('487228442356','0','0',null,'487220621744','10100','1',to_date('03/01/2019','DD/MM/YYYY'),'1','0','999','1,9',null,'1,9');
Insert into ECI_DELIVERY_COST (DELIVERY_COST_ID,VERSION_DELETED,VERSION_EDITABLE,PRED_VERSION,WORKSPACE_ID,BRANCH_ID,IS_HEAD,CHECKIN_DATE,ASSET_VERSION,GOOD_TYPE,COST_TO,COST,COMPANY,RETURN_COST) values ('487229242348','0','0',null,'487220633746','10100','1',to_date('11/06/2019','DD/MM/YYYY'),'1','2','500','40','4','30');
Insert into ECI_DELIVERY_COST (DELIVERY_COST_ID,VERSION_DELETED,VERSION_EDITABLE,PRED_VERSION,WORKSPACE_ID,BRANCH_ID,IS_HEAD,CHECKIN_DATE,ASSET_VERSION,GOOD_TYPE,COST_TO,COST,COMPANY,RETURN_COST) values ('487229442348','0','0',null,'487220633943','10100','1',to_date('13/06/2019','DD/MM/YYYY'),'1','1','999','4,9','3','4,8');
Insert into ECI_DELIVERY_COST (DELIVERY_COST_ID,VERSION_DELETED,VERSION_EDITABLE,PRED_VERSION,WORKSPACE_ID,BRANCH_ID,IS_HEAD,CHECKIN_DATE,ASSET_VERSION,GOOD_TYPE,COST_TO,COST,COMPANY,RETURN_COST) values ('487228942344','0','0',null,'487220628456','10100','1',to_date('15/03/2019','DD/MM/YYYY'),'1','2','5','3,9','3',null);
Insert into ECI_DELIVERY_COST (DELIVERY_COST_ID,VERSION_DELETED,VERSION_EDITABLE,PRED_VERSION,WORKSPACE_ID,BRANCH_ID,IS_HEAD,CHECKIN_DATE,ASSET_VERSION,GOOD_TYPE,COST_TO,COST,COMPANY,RETURN_COST) values ('487228942346','0','0',null,'487220628458','10100','1',to_date('15/03/2019','DD/MM/YYYY'),'1','2','999','3,6',null,null);
Insert into ECI_DELIVERY_COST (DELIVERY_COST_ID,VERSION_DELETED,VERSION_EDITABLE,PRED_VERSION,WORKSPACE_ID,BRANCH_ID,IS_HEAD,CHECKIN_DATE,ASSET_VERSION,GOOD_TYPE,COST_TO,COST,COMPANY,RETURN_COST) values ('487229442350','0','0',null,'487220633943','10100','1',to_date('13/06/2019','DD/MM/YYYY'),'1','2','999','1,9','3','1,8');
Insert into ECI_DELIVERY_COST (DELIVERY_COST_ID,VERSION_DELETED,VERSION_EDITABLE,PRED_VERSION,WORKSPACE_ID,BRANCH_ID,IS_HEAD,CHECKIN_DATE,ASSET_VERSION,GOOD_TYPE,COST_TO,COST,COMPANY,RETURN_COST) values ('487229442352','0','0',null,'487220633943','10100','1',to_date('13/06/2019','DD/MM/YYYY'),'1','2','999','1,9','3','1,8');
Insert into ECI_DELIVERY_COST (DELIVERY_COST_ID,VERSION_DELETED,VERSION_EDITABLE,PRED_VERSION,WORKSPACE_ID,BRANCH_ID,IS_HEAD,CHECKIN_DATE,ASSET_VERSION,GOOD_TYPE,COST_TO,COST,COMPANY,RETURN_COST) values ('487229342344','0','0',null,'487220633864','10100','1',to_date('13/06/2019','DD/MM/YYYY'),'1','2','500','30',null,'30');
Insert into ECI_DELIVERY_COST (DELIVERY_COST_ID,VERSION_DELETED,VERSION_EDITABLE,PRED_VERSION,WORKSPACE_ID,BRANCH_ID,IS_HEAD,CHECKIN_DATE,ASSET_VERSION,GOOD_TYPE,COST_TO,COST,COMPANY,RETURN_COST) values ('487229342368','0','0',null,'487220633881','10100','1',to_date('13/06/2019','DD/MM/YYYY'),'1','2','999','3,5',null,'3,5');
Insert into ECI_DELIVERY_COST (DELIVERY_COST_ID,VERSION_DELETED,VERSION_EDITABLE,PRED_VERSION,WORKSPACE_ID,BRANCH_ID,IS_HEAD,CHECKIN_DATE,ASSET_VERSION,GOOD_TYPE,COST_TO,COST,COMPANY,RETURN_COST) values ('487227542342','0','0',null,'487220607553','10100','1',to_date('30/07/2018','DD/MM/YYYY'),'1','0','999','9,85',null,'9,85');
Insert into ECI_DELIVERY_COST (DELIVERY_COST_ID,VERSION_DELETED,VERSION_EDITABLE,PRED_VERSION,WORKSPACE_ID,BRANCH_ID,IS_HEAD,CHECKIN_DATE,ASSET_VERSION,GOOD_TYPE,COST_TO,COST,COMPANY,RETURN_COST) values ('487227542348','0','0',null,'487220607562','10100','1',to_date('30/07/2018','DD/MM/YYYY'),'1','0','6','9,85','3','9,85');
Insert into ECI_DELIVERY_COST (DELIVERY_COST_ID,VERSION_DELETED,VERSION_EDITABLE,PRED_VERSION,WORKSPACE_ID,BRANCH_ID,IS_HEAD,CHECKIN_DATE,ASSET_VERSION,GOOD_TYPE,COST_TO,COST,COMPANY,RETURN_COST) values ('487228842344','0','0',null,'487220627444','10100','1',to_date('08/03/2019','DD/MM/YYYY'),'1','3','5','50',null,'0');
Insert into ECI_DELIVERY_COST (DELIVERY_COST_ID,VERSION_DELETED,VERSION_EDITABLE,PRED_VERSION,WORKSPACE_ID,BRANCH_ID,IS_HEAD,CHECKIN_DATE,ASSET_VERSION,GOOD_TYPE,COST_TO,COST,COMPANY,RETURN_COST) values ('487228842346','0','0',null,'487220627444','10100','1',to_date('08/03/2019','DD/MM/YYYY'),'1','3','999','100',null,'100');
Insert into ECI_DELIVERY_COST (DELIVERY_COST_ID,VERSION_DELETED,VERSION_EDITABLE,PRED_VERSION,WORKSPACE_ID,BRANCH_ID,IS_HEAD,CHECKIN_DATE,ASSET_VERSION,GOOD_TYPE,COST_TO,COST,COMPANY,RETURN_COST) values ('487229042352','0','0',null,'487220629556','10100','1',to_date('01/04/2019','DD/MM/YYYY'),'1','1','6','6',null,'5');
Insert into ECI_DELIVERY_COST (DELIVERY_COST_ID,VERSION_DELETED,VERSION_EDITABLE,PRED_VERSION,WORKSPACE_ID,BRANCH_ID,IS_HEAD,CHECKIN_DATE,ASSET_VERSION,GOOD_TYPE,COST_TO,COST,COMPANY,RETURN_COST) values ('487229642344','0','0',null,'487220634159','10100','1',to_date('20/06/2019','DD/MM/YYYY'),'1','0','999','5,5','3','5,4');
Insert into ECI_DELIVERY_COST (DELIVERY_COST_ID,VERSION_DELETED,VERSION_EDITABLE,PRED_VERSION,WORKSPACE_ID,BRANCH_ID,IS_HEAD,CHECKIN_DATE,ASSET_VERSION,GOOD_TYPE,COST_TO,COST,COMPANY,RETURN_COST) values ('487229642346','0','0',null,'487220634159','10100','1',to_date('20/06/2019','DD/MM/YYYY'),'1','1','999','4,5','3','4,4');
Insert into ECI_DELIVERY_COST (DELIVERY_COST_ID,VERSION_DELETED,VERSION_EDITABLE,PRED_VERSION,WORKSPACE_ID,BRANCH_ID,IS_HEAD,CHECKIN_DATE,ASSET_VERSION,GOOD_TYPE,COST_TO,COST,COMPANY,RETURN_COST) values ('487229642348','0','0',null,'487220634159','10100','1',to_date('20/06/2019','DD/MM/YYYY'),'1','2','999','3,5','3','3,4');
Insert into ECI_DELIVERY_COST (DELIVERY_COST_ID,VERSION_DELETED,VERSION_EDITABLE,PRED_VERSION,WORKSPACE_ID,BRANCH_ID,IS_HEAD,CHECKIN_DATE,ASSET_VERSION,GOOD_TYPE,COST_TO,COST,COMPANY,RETURN_COST) values ('487229642350','0','0',null,'487220634159','10100','1',to_date('20/06/2019','DD/MM/YYYY'),'1','3','999','2,5','3','2,4');
Insert into ECI_DELIVERY_COST (DELIVERY_COST_ID,VERSION_DELETED,VERSION_EDITABLE,PRED_VERSION,WORKSPACE_ID,BRANCH_ID,IS_HEAD,CHECKIN_DATE,ASSET_VERSION,GOOD_TYPE,COST_TO,COST,COMPANY,RETURN_COST) values ('487229642352','0','0',null,'487220634159','10100','1',to_date('20/06/2019','DD/MM/YYYY'),'1','3','999','2,5','3','2,4');
Insert into ECI_DELIVERY_COST (DELIVERY_COST_ID,VERSION_DELETED,VERSION_EDITABLE,PRED_VERSION,WORKSPACE_ID,BRANCH_ID,IS_HEAD,CHECKIN_DATE,ASSET_VERSION,GOOD_TYPE,COST_TO,COST,COMPANY,RETURN_COST) values ('487229642354','0','0',null,'487220634159','10100','1',to_date('20/06/2019','DD/MM/YYYY'),'1','3','999','2,5','3','2,4');
Insert into ECI_DELIVERY_COST (DELIVERY_COST_ID,VERSION_DELETED,VERSION_EDITABLE,PRED_VERSION,WORKSPACE_ID,BRANCH_ID,IS_HEAD,CHECKIN_DATE,ASSET_VERSION,GOOD_TYPE,COST_TO,COST,COMPANY,RETURN_COST) values ('487229842344','0','0',null,'487220642445','10100','1',to_date('15/11/2019','DD/MM/YYYY'),'1','0','999','14',null,null);
Insert into ECI_DELIVERY_COST (DELIVERY_COST_ID,VERSION_DELETED,VERSION_EDITABLE,PRED_VERSION,WORKSPACE_ID,BRANCH_ID,IS_HEAD,CHECKIN_DATE,ASSET_VERSION,GOOD_TYPE,COST_TO,COST,COMPANY,RETURN_COST) values ('487229842346','0','0',null,'487220642445','10100','1',to_date('15/11/2019','DD/MM/YYYY'),'1','1','999','13',null,null);
Insert into ECI_DELIVERY_COST (DELIVERY_COST_ID,VERSION_DELETED,VERSION_EDITABLE,PRED_VERSION,WORKSPACE_ID,BRANCH_ID,IS_HEAD,CHECKIN_DATE,ASSET_VERSION,GOOD_TYPE,COST_TO,COST,COMPANY,RETURN_COST) values ('487229842348','0','0',null,'487220642445','10100','1',to_date('15/11/2019','DD/MM/YYYY'),'1','2','999','12',null,null);
Insert into ECI_DELIVERY_COST (DELIVERY_COST_ID,VERSION_DELETED,VERSION_EDITABLE,PRED_VERSION,WORKSPACE_ID,BRANCH_ID,IS_HEAD,CHECKIN_DATE,ASSET_VERSION,GOOD_TYPE,COST_TO,COST,COMPANY,RETURN_COST) values ('487229842350','0','0',null,'487220642445','10100','1',to_date('15/11/2019','DD/MM/YYYY'),'1','3','999','11',null,null);
Insert into ECI_DELIVERY_COST (DELIVERY_COST_ID,VERSION_DELETED,VERSION_EDITABLE,PRED_VERSION,WORKSPACE_ID,BRANCH_ID,IS_HEAD,CHECKIN_DATE,ASSET_VERSION,GOOD_TYPE,COST_TO,COST,COMPANY,RETURN_COST) values ('487229842352','0','0',null,'487220642451','10100','1',to_date('18/11/2019','DD/MM/YYYY'),'1','3','999','2,9',null,'2,9');
Insert into ECI_DELIVERY_COST (DELIVERY_COST_ID,VERSION_DELETED,VERSION_EDITABLE,PRED_VERSION,WORKSPACE_ID,BRANCH_ID,IS_HEAD,CHECKIN_DATE,ASSET_VERSION,GOOD_TYPE,COST_TO,COST,COMPANY,RETURN_COST) values ('487229842354','0','0',null,'487220642451','10100','1',to_date('18/11/2019','DD/MM/YYYY'),'1','2','999','3,9',null,'3,9');
Insert into ECI_DELIVERY_COST (DELIVERY_COST_ID,VERSION_DELETED,VERSION_EDITABLE,PRED_VERSION,WORKSPACE_ID,BRANCH_ID,IS_HEAD,CHECKIN_DATE,ASSET_VERSION,GOOD_TYPE,COST_TO,COST,COMPANY,RETURN_COST) values ('487229842356','0','0',null,'487220642451','10100','1',to_date('18/11/2019','DD/MM/YYYY'),'1','1','999','4,5',null,'4,5');
Insert into ECI_DELIVERY_COST (DELIVERY_COST_ID,VERSION_DELETED,VERSION_EDITABLE,PRED_VERSION,WORKSPACE_ID,BRANCH_ID,IS_HEAD,CHECKIN_DATE,ASSET_VERSION,GOOD_TYPE,COST_TO,COST,COMPANY,RETURN_COST) values ('487229842358','0','0',null,'487220642451','10100','1',to_date('18/11/2019','DD/MM/YYYY'),'1','0','999','5,9',null,'5,9');
Insert into ECI_DELIVERY_COST (DELIVERY_COST_ID,VERSION_DELETED,VERSION_EDITABLE,PRED_VERSION,WORKSPACE_ID,BRANCH_ID,IS_HEAD,CHECKIN_DATE,ASSET_VERSION,GOOD_TYPE,COST_TO,COST,COMPANY,RETURN_COST) values ('487227542344','0','0',null,'487220607553','10100','1',to_date('30/07/2018','DD/MM/YYYY'),'1','0','999','9,85',null,'9,85');
Insert into ECI_DELIVERY_COST (DELIVERY_COST_ID,VERSION_DELETED,VERSION_EDITABLE,PRED_VERSION,WORKSPACE_ID,BRANCH_ID,IS_HEAD,CHECKIN_DATE,ASSET_VERSION,GOOD_TYPE,COST_TO,COST,COMPANY,RETURN_COST) values ('487227542346','0','0',null,'487220607560','10100','1',to_date('30/07/2018','DD/MM/YYYY'),'1','0','999','9,85','3','9,85');
Insert into ECI_DELIVERY_COST (DELIVERY_COST_ID,VERSION_DELETED,VERSION_EDITABLE,PRED_VERSION,WORKSPACE_ID,BRANCH_ID,IS_HEAD,CHECKIN_DATE,ASSET_VERSION,GOOD_TYPE,COST_TO,COST,COMPANY,RETURN_COST) values ('487227642342','0','0',null,'487220607645','10100','1',to_date('30/07/2018','DD/MM/YYYY'),'1','0','7','9,85','3','9,85');
Insert into ECI_DELIVERY_COST (DELIVERY_COST_ID,VERSION_DELETED,VERSION_EDITABLE,PRED_VERSION,WORKSPACE_ID,BRANCH_ID,IS_HEAD,CHECKIN_DATE,ASSET_VERSION,GOOD_TYPE,COST_TO,COST,COMPANY,RETURN_COST) values ('487229242364','0','0',null,'487220633758','10100','1',to_date('11/06/2019','DD/MM/YYYY'),'1','1','500','50','2','50');
Insert into ECI_DELIVERY_COST (DELIVERY_COST_ID,VERSION_DELETED,VERSION_EDITABLE,PRED_VERSION,WORKSPACE_ID,BRANCH_ID,IS_HEAD,CHECKIN_DATE,ASSET_VERSION,GOOD_TYPE,COST_TO,COST,COMPANY,RETURN_COST) values ('487229242358','0','0',null,'487220633752','10100','1',to_date('11/06/2019','DD/MM/YYYY'),'1','2','50','30','3','30');
Insert into ECI_DELIVERY_COST (DELIVERY_COST_ID,VERSION_DELETED,VERSION_EDITABLE,PRED_VERSION,WORKSPACE_ID,BRANCH_ID,IS_HEAD,CHECKIN_DATE,ASSET_VERSION,GOOD_TYPE,COST_TO,COST,COMPANY,RETURN_COST) values ('487229242360','0','0',null,'487220633752','10100','1',to_date('11/06/2019','DD/MM/YYYY'),'1','2','500','35','4','35');
Insert into ECI_DELIVERY_COST (DELIVERY_COST_ID,VERSION_DELETED,VERSION_EDITABLE,PRED_VERSION,WORKSPACE_ID,BRANCH_ID,IS_HEAD,CHECKIN_DATE,ASSET_VERSION,GOOD_TYPE,COST_TO,COST,COMPANY,RETURN_COST) values ('487229242366','0','0',null,'487220633758','10100','1',to_date('11/06/2019','DD/MM/YYYY'),'1','3','500','55','2','55');
Insert into ECI_DELIVERY_COST (DELIVERY_COST_ID,VERSION_DELETED,VERSION_EDITABLE,PRED_VERSION,WORKSPACE_ID,BRANCH_ID,IS_HEAD,CHECKIN_DATE,ASSET_VERSION,GOOD_TYPE,COST_TO,COST,COMPANY,RETURN_COST) values ('487229242368','0','0',null,'487220633758','10100','1',to_date('11/06/2019','DD/MM/YYYY'),'1','1','500','60','4','60');
Insert into ECI_DELIVERY_COST (DELIVERY_COST_ID,VERSION_DELETED,VERSION_EDITABLE,PRED_VERSION,WORKSPACE_ID,BRANCH_ID,IS_HEAD,CHECKIN_DATE,ASSET_VERSION,GOOD_TYPE,COST_TO,COST,COMPANY,RETURN_COST) values ('487229242370','0','0',null,'487220633758','10100','1',to_date('11/06/2019','DD/MM/YYYY'),'1','3','500','65','4','65');
Insert into ECI_DELIVERY_COST (DELIVERY_COST_ID,VERSION_DELETED,VERSION_EDITABLE,PRED_VERSION,WORKSPACE_ID,BRANCH_ID,IS_HEAD,CHECKIN_DATE,ASSET_VERSION,GOOD_TYPE,COST_TO,COST,COMPANY,RETURN_COST) values ('487229242372','0','0',null,'487220633758','10100','1',to_date('11/06/2019','DD/MM/YYYY'),'1','3','500','70','4','70');
Insert into ECI_DELIVERY_COST (DELIVERY_COST_ID,VERSION_DELETED,VERSION_EDITABLE,PRED_VERSION,WORKSPACE_ID,BRANCH_ID,IS_HEAD,CHECKIN_DATE,ASSET_VERSION,GOOD_TYPE,COST_TO,COST,COMPANY,RETURN_COST) values ('487229342348','0','0',null,'487220633868','10100','1',to_date('13/06/2019','DD/MM/YYYY'),'1','1','999','35',null,'35');
Insert into ECI_DELIVERY_COST (DELIVERY_COST_ID,VERSION_DELETED,VERSION_EDITABLE,PRED_VERSION,WORKSPACE_ID,BRANCH_ID,IS_HEAD,CHECKIN_DATE,ASSET_VERSION,GOOD_TYPE,COST_TO,COST,COMPANY,RETURN_COST) values ('487229342350','0','0',null,'487220633868','10100','1',to_date('13/06/2019','DD/MM/YYYY'),'1','2','999','55',null,'55');
Insert into ECI_DELIVERY_COST (DELIVERY_COST_ID,VERSION_DELETED,VERSION_EDITABLE,PRED_VERSION,WORKSPACE_ID,BRANCH_ID,IS_HEAD,CHECKIN_DATE,ASSET_VERSION,GOOD_TYPE,COST_TO,COST,COMPANY,RETURN_COST) values ('487229342352','0','0',null,'487220633868','10100','1',to_date('13/06/2019','DD/MM/YYYY'),'1','3','999','45',null,'45');
Insert into ECI_DELIVERY_COST (DELIVERY_COST_ID,VERSION_DELETED,VERSION_EDITABLE,PRED_VERSION,WORKSPACE_ID,BRANCH_ID,IS_HEAD,CHECKIN_DATE,ASSET_VERSION,GOOD_TYPE,COST_TO,COST,COMPANY,RETURN_COST) values ('487229342366','0','0',null,'487220633879','10100','1',to_date('13/06/2019','DD/MM/YYYY'),'1','2','999','11',null,'11');

commit;