 SET DEFINE OFF;
 
 -------------------------------------------------
--       PD00000516-3094
-------------------------------------------------
-- Carga de datos de gestión de envíos de BCC en esquema CA

-- Gastos de envío
delete from ECI_DELIVERY_COST;
 
--Configuración de Gestión Logística-Proveedor-Destino
 delete from ECI_FT_LOGISTIC_PAYMENT_TYPE;
 delete from ECI_FT_LOGISTIC_STSCOST;
 delete from ECI_FT_LOGISTIC_DELIVERY_COST;
 delete from ECI_FT_LOGISTIC_CNCCOST;
 delete from ECI_FT_LGSTIC_EXPRESS_COST;
 delete from ECI_FT_LGSTIC_EXP_PRIME_COST;
 delete from ECI_FT_LGSTIC_ECI_EXP_COST;
 delete from ECI_FT_LGSTIC_CATERING_COST;
 delete from ECI_FROMTO_LOGISTIC_CONFIG;
 
--Configuración de Vía-Proveedor-Destino
 delete from ECI_FROMTO_RESTR_PAYMENT_TYPE;
 delete from ECI_FROMTO_PAYMENT_TYPE;
 delete from ECI_FROMTO_STSCOST;
 delete from ECI_FROMTO_EXPRESS_COST;
 delete from ECI_FROMTO_EXP_PREMIUM_COST;
 delete from ECI_FROMTO_DELIVERY_COST;
 delete from ECI_FROMTO_CNC_COST;
 delete from ECI_FROMTO_CONFIG;
 
-- Configuración de Formas de Pago
 delete from ECI_PAYMENT_TYPE;

-- Configuración de Tipos de Entrega
 delete from ECI_DELIVERY_TYPE;
 
-- Configuración de Destinos
 delete from SINT_REGION_REGION_XLATE;
 delete from SINT_REGION_XLATE;
 delete from ECI_REGIONS_SITES;
 delete from ECI_REGIONS_PROVINCES_AREAS;
 delete from ECI_REGIONS_COUNTRIES;
 delete from ECI_REGIONS;
 
-- Configuración de Ámbitos
 delete from ECI_PROVINCES;
 delete from ECI_PROV_AREA_PCODE_AREAS;
 delete from ECI_PROVINCE_AREAS;
 
-- Configuración de Regiones
 delete from ECI_POSTALCODE_AREA_PCODE;
 delete from ECI_POSTALCODE_AREA_DIST;
 delete from eci_postalcode_area;

 ------------------------------------------
-- Configuración de Regiones
Insert into ECI_POSTALCODE_AREA (ID,POSTALCODE_AREA_NAME,POSTALCODE_AREA_COUNTRY_ID) values ('1200006','Formentera','11');
Insert into ECI_POSTALCODE_AREA (ID,POSTALCODE_AREA_NAME,POSTALCODE_AREA_COUNTRY_ID) values ('1200008','Ibiza','11');
Insert into ECI_POSTALCODE_AREA (ID,POSTALCODE_AREA_NAME,POSTALCODE_AREA_COUNTRY_ID) values ('1200004','Menorca','11');
Insert into ECI_POSTALCODE_AREA (ID,POSTALCODE_AREA_NAME,POSTALCODE_AREA_COUNTRY_ID) values ('1200002','Mallorca','11');
Insert into ECI_POSTALCODE_AREA (ID,POSTALCODE_AREA_NAME,POSTALCODE_AREA_COUNTRY_ID) values ('700010','Region PT Continental','10');
Insert into ECI_POSTALCODE_AREA (ID,POSTALCODE_AREA_NAME,POSTALCODE_AREA_COUNTRY_ID) values ('700012','REGIÓN ZARAGOZA CENTRO ','11');
Insert into ECI_POSTALCODE_AREA (ID,POSTALCODE_AREA_NAME,POSTALCODE_AREA_COUNTRY_ID) values ('1100002','Formentera','11');
Insert into ECI_POSTALCODE_AREA (ID,POSTALCODE_AREA_NAME,POSTALCODE_AREA_COUNTRY_ID) values ('300002','Región ESP CP''s','11');
Insert into ECI_POSTALCODE_AREA (ID,POSTALCODE_AREA_NAME,POSTALCODE_AREA_COUNTRY_ID) values ('300008','Region PT Islas','10');
Insert into ECI_POSTALCODE_AREA (ID,POSTALCODE_AREA_NAME,POSTALCODE_AREA_COUNTRY_ID) values ('1000006','Fuerteventura','11');
Insert into ECI_POSTALCODE_AREA (ID,POSTALCODE_AREA_NAME,POSTALCODE_AREA_COUNTRY_ID) values ('1300002','Region PT Islas codigo postal','11');
Insert into ECI_POSTALCODE_AREA (ID,POSTALCODE_AREA_NAME,POSTALCODE_AREA_COUNTRY_ID) values ('1400002','Madeira','10');
Insert into ECI_POSTALCODE_AREA (ID,POSTALCODE_AREA_NAME,POSTALCODE_AREA_COUNTRY_ID) values ('1400004','Açores','10');
Insert into ECI_POSTALCODE_AREA (ID,POSTALCODE_AREA_NAME,POSTALCODE_AREA_COUNTRY_ID) values ('1400006','PT Todas Ilhas','10');

Insert into ECI_POSTALCODE_AREA_DIST (POSTALCODE_AREA_ID,DISTRICT_CODE) values ('1400002','31');
Insert into ECI_POSTALCODE_AREA_DIST (POSTALCODE_AREA_ID,DISTRICT_CODE) values ('1400002','32');
Insert into ECI_POSTALCODE_AREA_DIST (POSTALCODE_AREA_ID,DISTRICT_CODE) values ('1400004','41');
Insert into ECI_POSTALCODE_AREA_DIST (POSTALCODE_AREA_ID,DISTRICT_CODE) values ('1400004','42');
Insert into ECI_POSTALCODE_AREA_DIST (POSTALCODE_AREA_ID,DISTRICT_CODE) values ('1400004','43');
Insert into ECI_POSTALCODE_AREA_DIST (POSTALCODE_AREA_ID,DISTRICT_CODE) values ('1400004','44');
Insert into ECI_POSTALCODE_AREA_DIST (POSTALCODE_AREA_ID,DISTRICT_CODE) values ('1400004','45');
Insert into ECI_POSTALCODE_AREA_DIST (POSTALCODE_AREA_ID,DISTRICT_CODE) values ('1400004','46');
Insert into ECI_POSTALCODE_AREA_DIST (POSTALCODE_AREA_ID,DISTRICT_CODE) values ('1400004','47');
Insert into ECI_POSTALCODE_AREA_DIST (POSTALCODE_AREA_ID,DISTRICT_CODE) values ('1400004','48');
Insert into ECI_POSTALCODE_AREA_DIST (POSTALCODE_AREA_ID,DISTRICT_CODE) values ('1400004','49');
Insert into ECI_POSTALCODE_AREA_DIST (POSTALCODE_AREA_ID,DISTRICT_CODE) values ('1400006','9000000-9980999');
Insert into ECI_POSTALCODE_AREA_DIST (POSTALCODE_AREA_ID,DISTRICT_CODE) values ('300008','31');
Insert into ECI_POSTALCODE_AREA_DIST (POSTALCODE_AREA_ID,DISTRICT_CODE) values ('300008','32');
Insert into ECI_POSTALCODE_AREA_DIST (POSTALCODE_AREA_ID,DISTRICT_CODE) values ('300008','33');
Insert into ECI_POSTALCODE_AREA_DIST (POSTALCODE_AREA_ID,DISTRICT_CODE) values ('300008','34');
Insert into ECI_POSTALCODE_AREA_DIST (POSTALCODE_AREA_ID,DISTRICT_CODE) values ('300008','35');
Insert into ECI_POSTALCODE_AREA_DIST (POSTALCODE_AREA_ID,DISTRICT_CODE) values ('300008','36');
Insert into ECI_POSTALCODE_AREA_DIST (POSTALCODE_AREA_ID,DISTRICT_CODE) values ('300008','37');
Insert into ECI_POSTALCODE_AREA_DIST (POSTALCODE_AREA_ID,DISTRICT_CODE) values ('300008','38');
Insert into ECI_POSTALCODE_AREA_DIST (POSTALCODE_AREA_ID,DISTRICT_CODE) values ('300008','39');
Insert into ECI_POSTALCODE_AREA_DIST (POSTALCODE_AREA_ID,DISTRICT_CODE) values ('300008','40');
Insert into ECI_POSTALCODE_AREA_DIST (POSTALCODE_AREA_ID,DISTRICT_CODE) values ('300008','41');
Insert into ECI_POSTALCODE_AREA_DIST (POSTALCODE_AREA_ID,DISTRICT_CODE) values ('300008','42');
Insert into ECI_POSTALCODE_AREA_DIST (POSTALCODE_AREA_ID,DISTRICT_CODE) values ('300008','43');
Insert into ECI_POSTALCODE_AREA_DIST (POSTALCODE_AREA_ID,DISTRICT_CODE) values ('300008','44');
Insert into ECI_POSTALCODE_AREA_DIST (POSTALCODE_AREA_ID,DISTRICT_CODE) values ('300008','45');
Insert into ECI_POSTALCODE_AREA_DIST (POSTALCODE_AREA_ID,DISTRICT_CODE) values ('300008','46');
Insert into ECI_POSTALCODE_AREA_DIST (POSTALCODE_AREA_ID,DISTRICT_CODE) values ('300008','47');
Insert into ECI_POSTALCODE_AREA_DIST (POSTALCODE_AREA_ID,DISTRICT_CODE) values ('300008','48');
Insert into ECI_POSTALCODE_AREA_DIST (POSTALCODE_AREA_ID,DISTRICT_CODE) values ('300008','49');
Insert into ECI_POSTALCODE_AREA_DIST (POSTALCODE_AREA_ID,DISTRICT_CODE) values ('700010','01');
Insert into ECI_POSTALCODE_AREA_DIST (POSTALCODE_AREA_ID,DISTRICT_CODE) values ('700010','02');
Insert into ECI_POSTALCODE_AREA_DIST (POSTALCODE_AREA_ID,DISTRICT_CODE) values ('700010','03');
Insert into ECI_POSTALCODE_AREA_DIST (POSTALCODE_AREA_ID,DISTRICT_CODE) values ('700010','04');
Insert into ECI_POSTALCODE_AREA_DIST (POSTALCODE_AREA_ID,DISTRICT_CODE) values ('700010','05');
Insert into ECI_POSTALCODE_AREA_DIST (POSTALCODE_AREA_ID,DISTRICT_CODE) values ('700010','06');
Insert into ECI_POSTALCODE_AREA_DIST (POSTALCODE_AREA_ID,DISTRICT_CODE) values ('700010','07');
Insert into ECI_POSTALCODE_AREA_DIST (POSTALCODE_AREA_ID,DISTRICT_CODE) values ('700010','08');
Insert into ECI_POSTALCODE_AREA_DIST (POSTALCODE_AREA_ID,DISTRICT_CODE) values ('700010','09');
Insert into ECI_POSTALCODE_AREA_DIST (POSTALCODE_AREA_ID,DISTRICT_CODE) values ('700010','10');
Insert into ECI_POSTALCODE_AREA_DIST (POSTALCODE_AREA_ID,DISTRICT_CODE) values ('700010','11');
Insert into ECI_POSTALCODE_AREA_DIST (POSTALCODE_AREA_ID,DISTRICT_CODE) values ('700010','12');
Insert into ECI_POSTALCODE_AREA_DIST (POSTALCODE_AREA_ID,DISTRICT_CODE) values ('700010','13');
Insert into ECI_POSTALCODE_AREA_DIST (POSTALCODE_AREA_ID,DISTRICT_CODE) values ('700010','14');
Insert into ECI_POSTALCODE_AREA_DIST (POSTALCODE_AREA_ID,DISTRICT_CODE) values ('700010','15');
Insert into ECI_POSTALCODE_AREA_DIST (POSTALCODE_AREA_ID,DISTRICT_CODE) values ('700010','16');
Insert into ECI_POSTALCODE_AREA_DIST (POSTALCODE_AREA_ID,DISTRICT_CODE) values ('700010','17');
Insert into ECI_POSTALCODE_AREA_DIST (POSTALCODE_AREA_ID,DISTRICT_CODE) values ('700010','18');
Insert into ECI_POSTALCODE_AREA_DIST (POSTALCODE_AREA_ID,DISTRICT_CODE) values ('700010','19');
Insert into ECI_POSTALCODE_AREA_DIST (POSTALCODE_AREA_ID,DISTRICT_CODE) values ('700010','20');
Insert into ECI_POSTALCODE_AREA_DIST (POSTALCODE_AREA_ID,DISTRICT_CODE) values ('700010','21');
Insert into ECI_POSTALCODE_AREA_DIST (POSTALCODE_AREA_ID,DISTRICT_CODE) values ('700010','22');
Insert into ECI_POSTALCODE_AREA_DIST (POSTALCODE_AREA_ID,DISTRICT_CODE) values ('700010','23');
Insert into ECI_POSTALCODE_AREA_DIST (POSTALCODE_AREA_ID,DISTRICT_CODE) values ('700010','24');
Insert into ECI_POSTALCODE_AREA_DIST (POSTALCODE_AREA_ID,DISTRICT_CODE) values ('700010','25');
Insert into ECI_POSTALCODE_AREA_DIST (POSTALCODE_AREA_ID,DISTRICT_CODE) values ('700010','26');
Insert into ECI_POSTALCODE_AREA_DIST (POSTALCODE_AREA_ID,DISTRICT_CODE) values ('700010','27');
Insert into ECI_POSTALCODE_AREA_DIST (POSTALCODE_AREA_ID,DISTRICT_CODE) values ('700010','28');
Insert into ECI_POSTALCODE_AREA_DIST (POSTALCODE_AREA_ID,DISTRICT_CODE) values ('700010','29');
Insert into ECI_POSTALCODE_AREA_DIST (POSTALCODE_AREA_ID,DISTRICT_CODE) values ('700010','30');

Insert into ECI_POSTALCODE_AREA_PCODE (POSTALCODE_AREA_ID,POSTALCODE) values ('1000006','35601');
Insert into ECI_POSTALCODE_AREA_PCODE (POSTALCODE_AREA_ID,POSTALCODE) values ('1100002','07860');
Insert into ECI_POSTALCODE_AREA_PCODE (POSTALCODE_AREA_ID,POSTALCODE) values ('1100002','07870');
Insert into ECI_POSTALCODE_AREA_PCODE (POSTALCODE_AREA_ID,POSTALCODE) values ('1100002','07871');
Insert into ECI_POSTALCODE_AREA_PCODE (POSTALCODE_AREA_ID,POSTALCODE) values ('1100002','07872');
Insert into ECI_POSTALCODE_AREA_PCODE (POSTALCODE_AREA_ID,POSTALCODE) values ('1200002','07001-07699');
Insert into ECI_POSTALCODE_AREA_PCODE (POSTALCODE_AREA_ID,POSTALCODE) values ('1200004','07700-07799');
Insert into ECI_POSTALCODE_AREA_PCODE (POSTALCODE_AREA_ID,POSTALCODE) values ('1200006','07860-07872');
Insert into ECI_POSTALCODE_AREA_PCODE (POSTALCODE_AREA_ID,POSTALCODE) values ('1200008','07800-07859');
Insert into ECI_POSTALCODE_AREA_PCODE (POSTALCODE_AREA_ID,POSTALCODE) values ('1300002','42');
Insert into ECI_POSTALCODE_AREA_PCODE (POSTALCODE_AREA_ID,POSTALCODE) values ('300002','28003');
Insert into ECI_POSTALCODE_AREA_PCODE (POSTALCODE_AREA_ID,POSTALCODE) values ('300002','28004');
Insert into ECI_POSTALCODE_AREA_PCODE (POSTALCODE_AREA_ID,POSTALCODE) values ('300002','28005');
Insert into ECI_POSTALCODE_AREA_PCODE (POSTALCODE_AREA_ID,POSTALCODE) values ('300002','28010');
Insert into ECI_POSTALCODE_AREA_PCODE (POSTALCODE_AREA_ID,POSTALCODE) values ('700012','50050');

-- Configuración de Ámbitos
Insert into ECI_PROVINCE_AREAS (PROVINCE_AREA_ID,PROVINCE_AREA_NAME,COUNTRY_ID,COUNTRY_LOCALE) values ('487231642342','Ambito Formentera','11','es_ES');
Insert into ECI_PROVINCE_AREAS (PROVINCE_AREA_ID,PROVINCE_AREA_NAME,COUNTRY_ID,COUNTRY_LOCALE) values ('487231742344','Baleares (Menorca, Ibiza, Formentera)','11','es_ES');
Insert into ECI_PROVINCE_AREAS (PROVINCE_AREA_ID,PROVINCE_AREA_NAME,COUNTRY_ID,COUNTRY_LOCALE) values ('487231742342','Baleares (Mallorca)','11','es_ES');
Insert into ECI_PROVINCE_AREAS (PROVINCE_AREA_ID,PROVINCE_AREA_NAME,COUNTRY_ID,COUNTRY_LOCALE) values ('100010','Península','11','es_ES');
Insert into ECI_PROVINCE_AREAS (PROVINCE_AREA_ID,PROVINCE_AREA_NAME,COUNTRY_ID,COUNTRY_LOCALE) values ('100008','Baleares','11','es_ES');
Insert into ECI_PROVINCE_AREAS (PROVINCE_AREA_ID,PROVINCE_AREA_NAME,COUNTRY_ID,COUNTRY_LOCALE) values ('100006','Ceuta y Melilla','11','es_ES');
Insert into ECI_PROVINCE_AREAS (PROVINCE_AREA_ID,PROVINCE_AREA_NAME,COUNTRY_ID,COUNTRY_LOCALE) values ('100004','Canarias','11','es_ES');
Insert into ECI_PROVINCE_AREAS (PROVINCE_AREA_ID,PROVINCE_AREA_NAME,COUNTRY_ID,COUNTRY_LOCALE) values ('487226342360','Toledo','11','es_ES');
Insert into ECI_PROVINCE_AREAS (PROVINCE_AREA_ID,PROVINCE_AREA_NAME,COUNTRY_ID,COUNTRY_LOCALE) values ('487226342344','Pais Vasco','11','es_ES');
Insert into ECI_PROVINCE_AREAS (PROVINCE_AREA_ID,PROVINCE_AREA_NAME,COUNTRY_ID,COUNTRY_LOCALE) values ('487226342352','Murcia','11','es_ES');
Insert into ECI_PROVINCE_AREAS (PROVINCE_AREA_ID,PROVINCE_AREA_NAME,COUNTRY_ID,COUNTRY_LOCALE) values ('487224642344','ARAGÓN','11','es_ES');
Insert into ECI_PROVINCE_AREAS (PROVINCE_AREA_ID,PROVINCE_AREA_NAME,COUNTRY_ID,COUNTRY_LOCALE) values ('487231542343','Ambito PT Islas','10','es_ES');
Insert into ECI_PROVINCE_AREAS (PROVINCE_AREA_ID,PROVINCE_AREA_NAME,COUNTRY_ID,COUNTRY_LOCALE) values ('487224442346','Islas','11','es_ES');
Insert into ECI_PROVINCE_AREAS (PROVINCE_AREA_ID,PROVINCE_AREA_NAME,COUNTRY_ID,COUNTRY_LOCALE) values ('487228642342','Ambito ESP Provincias','11','es_ES');
Insert into ECI_PROVINCE_AREAS (PROVINCE_AREA_ID,PROVINCE_AREA_NAME,COUNTRY_ID,COUNTRY_LOCALE) values ('487228642344','Ambito ESP Regiones','11','es_ES');
Insert into ECI_PROVINCE_AREAS (PROVINCE_AREA_ID,PROVINCE_AREA_NAME,COUNTRY_ID,COUNTRY_LOCALE) values ('487228642346','Ambito PT Continental','10','es_ES');
Insert into ECI_PROVINCE_AREAS (PROVINCE_AREA_ID,PROVINCE_AREA_NAME,COUNTRY_ID,COUNTRY_LOCALE) values ('487223642344','Andalucía','11','es_ES');
Insert into ECI_PROVINCE_AREAS (PROVINCE_AREA_ID,PROVINCE_AREA_NAME,COUNTRY_ID,COUNTRY_LOCALE) values ('487229642342','Canarias - Fuerteventura','11','es_ES');
Insert into ECI_PROVINCE_AREAS (PROVINCE_AREA_ID,PROVINCE_AREA_NAME,COUNTRY_ID,COUNTRY_LOCALE) values ('487228742346','AMBITO ZARAGOZA CENTRO','11','es_ES');
Insert into ECI_PROVINCE_AREAS (PROVINCE_AREA_ID,PROVINCE_AREA_NAME,COUNTRY_ID,COUNTRY_LOCALE) values ('487232242344','Portugal - Ilhas (Açores e Madeira)','10','es_ES');
Insert into ECI_PROVINCE_AREAS (PROVINCE_AREA_ID,PROVINCE_AREA_NAME,COUNTRY_ID,COUNTRY_LOCALE) values ('487232242342','Portugal Continental','10','es_ES');

Insert into ECI_PROV_AREA_PCODE_AREAS (PROVINCE_AREA_ID,POSTALCODE_AREA_ID) values ('487228642344','300002');
Insert into ECI_PROV_AREA_PCODE_AREAS (PROVINCE_AREA_ID,POSTALCODE_AREA_ID) values ('487228642346','700010');
Insert into ECI_PROV_AREA_PCODE_AREAS (PROVINCE_AREA_ID,POSTALCODE_AREA_ID) values ('487228742346','700012');
Insert into ECI_PROV_AREA_PCODE_AREAS (PROVINCE_AREA_ID,POSTALCODE_AREA_ID) values ('487229642342','1000006');
Insert into ECI_PROV_AREA_PCODE_AREAS (PROVINCE_AREA_ID,POSTALCODE_AREA_ID) values ('487231542343','1300002');
Insert into ECI_PROV_AREA_PCODE_AREAS (PROVINCE_AREA_ID,POSTALCODE_AREA_ID) values ('487231642342','1100002');
Insert into ECI_PROV_AREA_PCODE_AREAS (PROVINCE_AREA_ID,POSTALCODE_AREA_ID) values ('487231742342','1200002');
Insert into ECI_PROV_AREA_PCODE_AREAS (PROVINCE_AREA_ID,POSTALCODE_AREA_ID) values ('487231742344','1100002');
Insert into ECI_PROV_AREA_PCODE_AREAS (PROVINCE_AREA_ID,POSTALCODE_AREA_ID) values ('487231742344','1200004');
Insert into ECI_PROV_AREA_PCODE_AREAS (PROVINCE_AREA_ID,POSTALCODE_AREA_ID) values ('487231742344','1200008');
Insert into ECI_PROV_AREA_PCODE_AREAS (PROVINCE_AREA_ID,POSTALCODE_AREA_ID) values ('487232242342','700010');
Insert into ECI_PROV_AREA_PCODE_AREAS (PROVINCE_AREA_ID,POSTALCODE_AREA_ID) values ('487232242344','1400006');

Insert into ECI_PROVINCES (PROVINCE_ID,LOCALE,PROVINCE_AREA_ID) values ('01','es_ES','100010');
Insert into ECI_PROVINCES (PROVINCE_ID,LOCALE,PROVINCE_AREA_ID) values ('01','es_ES','487226342344');
Insert into ECI_PROVINCES (PROVINCE_ID,LOCALE,PROVINCE_AREA_ID) values ('01','es_ES','487228642342');
Insert into ECI_PROVINCES (PROVINCE_ID,LOCALE,PROVINCE_AREA_ID) values ('02','es_ES','100010');
Insert into ECI_PROVINCES (PROVINCE_ID,LOCALE,PROVINCE_AREA_ID) values ('02','es_ES','487228642342');
Insert into ECI_PROVINCES (PROVINCE_ID,LOCALE,PROVINCE_AREA_ID) values ('03','es_ES','100010');
Insert into ECI_PROVINCES (PROVINCE_ID,LOCALE,PROVINCE_AREA_ID) values ('03','es_ES','487228642342');
Insert into ECI_PROVINCES (PROVINCE_ID,LOCALE,PROVINCE_AREA_ID) values ('04','es_ES','100010');
Insert into ECI_PROVINCES (PROVINCE_ID,LOCALE,PROVINCE_AREA_ID) values ('04','es_ES','487223642344');
Insert into ECI_PROVINCES (PROVINCE_ID,LOCALE,PROVINCE_AREA_ID) values ('04','es_ES','487228642342');
Insert into ECI_PROVINCES (PROVINCE_ID,LOCALE,PROVINCE_AREA_ID) values ('05','es_ES','100010');
Insert into ECI_PROVINCES (PROVINCE_ID,LOCALE,PROVINCE_AREA_ID) values ('05','es_ES','487228642342');
Insert into ECI_PROVINCES (PROVINCE_ID,LOCALE,PROVINCE_AREA_ID) values ('06','es_ES','100010');
Insert into ECI_PROVINCES (PROVINCE_ID,LOCALE,PROVINCE_AREA_ID) values ('07','es_ES','100008');
Insert into ECI_PROVINCES (PROVINCE_ID,LOCALE,PROVINCE_AREA_ID) values ('07','es_ES','487224442346');
Insert into ECI_PROVINCES (PROVINCE_ID,LOCALE,PROVINCE_AREA_ID) values ('08','es_ES','100010');
Insert into ECI_PROVINCES (PROVINCE_ID,LOCALE,PROVINCE_AREA_ID) values ('09','es_ES','100010');
Insert into ECI_PROVINCES (PROVINCE_ID,LOCALE,PROVINCE_AREA_ID) values ('10','es_ES','100010');
Insert into ECI_PROVINCES (PROVINCE_ID,LOCALE,PROVINCE_AREA_ID) values ('11','es_ES','100010');
Insert into ECI_PROVINCES (PROVINCE_ID,LOCALE,PROVINCE_AREA_ID) values ('11','es_ES','487223642344');
Insert into ECI_PROVINCES (PROVINCE_ID,LOCALE,PROVINCE_AREA_ID) values ('12','es_ES','100010');
Insert into ECI_PROVINCES (PROVINCE_ID,LOCALE,PROVINCE_AREA_ID) values ('13','es_ES','100010');
Insert into ECI_PROVINCES (PROVINCE_ID,LOCALE,PROVINCE_AREA_ID) values ('14','es_ES','100010');
Insert into ECI_PROVINCES (PROVINCE_ID,LOCALE,PROVINCE_AREA_ID) values ('14','es_ES','487223642344');
Insert into ECI_PROVINCES (PROVINCE_ID,LOCALE,PROVINCE_AREA_ID) values ('15','es_ES','100010');
Insert into ECI_PROVINCES (PROVINCE_ID,LOCALE,PROVINCE_AREA_ID) values ('15','es_ES','487224442346');
Insert into ECI_PROVINCES (PROVINCE_ID,LOCALE,PROVINCE_AREA_ID) values ('15','es_ES','487228642342');
Insert into ECI_PROVINCES (PROVINCE_ID,LOCALE,PROVINCE_AREA_ID) values ('16','es_ES','100010');
Insert into ECI_PROVINCES (PROVINCE_ID,LOCALE,PROVINCE_AREA_ID) values ('17','es_ES','100010');
Insert into ECI_PROVINCES (PROVINCE_ID,LOCALE,PROVINCE_AREA_ID) values ('18','es_ES','100010');
Insert into ECI_PROVINCES (PROVINCE_ID,LOCALE,PROVINCE_AREA_ID) values ('18','es_ES','487223642344');
Insert into ECI_PROVINCES (PROVINCE_ID,LOCALE,PROVINCE_AREA_ID) values ('19','es_ES','100010');
Insert into ECI_PROVINCES (PROVINCE_ID,LOCALE,PROVINCE_AREA_ID) values ('20','es_ES','100010');
Insert into ECI_PROVINCES (PROVINCE_ID,LOCALE,PROVINCE_AREA_ID) values ('20','es_ES','487226342344');
Insert into ECI_PROVINCES (PROVINCE_ID,LOCALE,PROVINCE_AREA_ID) values ('21','es_ES','100010');
Insert into ECI_PROVINCES (PROVINCE_ID,LOCALE,PROVINCE_AREA_ID) values ('21','es_ES','487223642344');
Insert into ECI_PROVINCES (PROVINCE_ID,LOCALE,PROVINCE_AREA_ID) values ('22','es_ES','100010');
Insert into ECI_PROVINCES (PROVINCE_ID,LOCALE,PROVINCE_AREA_ID) values ('22','es_ES','487224642344');
Insert into ECI_PROVINCES (PROVINCE_ID,LOCALE,PROVINCE_AREA_ID) values ('23','es_ES','100010');
Insert into ECI_PROVINCES (PROVINCE_ID,LOCALE,PROVINCE_AREA_ID) values ('23','es_ES','487223642344');
Insert into ECI_PROVINCES (PROVINCE_ID,LOCALE,PROVINCE_AREA_ID) values ('24','es_ES','100010');
Insert into ECI_PROVINCES (PROVINCE_ID,LOCALE,PROVINCE_AREA_ID) values ('25','es_ES','100010');
Insert into ECI_PROVINCES (PROVINCE_ID,LOCALE,PROVINCE_AREA_ID) values ('26','es_ES','100010');
Insert into ECI_PROVINCES (PROVINCE_ID,LOCALE,PROVINCE_AREA_ID) values ('27','es_ES','100010');
Insert into ECI_PROVINCES (PROVINCE_ID,LOCALE,PROVINCE_AREA_ID) values ('28','es_ES','100010');
Insert into ECI_PROVINCES (PROVINCE_ID,LOCALE,PROVINCE_AREA_ID) values ('29','es_ES','100010');
Insert into ECI_PROVINCES (PROVINCE_ID,LOCALE,PROVINCE_AREA_ID) values ('29','es_ES','487223642344');
Insert into ECI_PROVINCES (PROVINCE_ID,LOCALE,PROVINCE_AREA_ID) values ('30','es_ES','100010');
Insert into ECI_PROVINCES (PROVINCE_ID,LOCALE,PROVINCE_AREA_ID) values ('30','es_ES','487226342352');
Insert into ECI_PROVINCES (PROVINCE_ID,LOCALE,PROVINCE_AREA_ID) values ('31','es_ES','100010');
Insert into ECI_PROVINCES (PROVINCE_ID,LOCALE,PROVINCE_AREA_ID) values ('32','es_ES','100010');
Insert into ECI_PROVINCES (PROVINCE_ID,LOCALE,PROVINCE_AREA_ID) values ('33','es_ES','100010');
Insert into ECI_PROVINCES (PROVINCE_ID,LOCALE,PROVINCE_AREA_ID) values ('33','es_ES','487228642342');
Insert into ECI_PROVINCES (PROVINCE_ID,LOCALE,PROVINCE_AREA_ID) values ('34','es_ES','100010');
Insert into ECI_PROVINCES (PROVINCE_ID,LOCALE,PROVINCE_AREA_ID) values ('35','es_ES','100004');
Insert into ECI_PROVINCES (PROVINCE_ID,LOCALE,PROVINCE_AREA_ID) values ('35','es_ES','487224442346');
Insert into ECI_PROVINCES (PROVINCE_ID,LOCALE,PROVINCE_AREA_ID) values ('36','es_ES','100010');
Insert into ECI_PROVINCES (PROVINCE_ID,LOCALE,PROVINCE_AREA_ID) values ('37','es_ES','100010');
Insert into ECI_PROVINCES (PROVINCE_ID,LOCALE,PROVINCE_AREA_ID) values ('38','es_ES','100004');
Insert into ECI_PROVINCES (PROVINCE_ID,LOCALE,PROVINCE_AREA_ID) values ('38','es_ES','487224442346');
Insert into ECI_PROVINCES (PROVINCE_ID,LOCALE,PROVINCE_AREA_ID) values ('39','es_ES','100010');
Insert into ECI_PROVINCES (PROVINCE_ID,LOCALE,PROVINCE_AREA_ID) values ('40','es_ES','100010');
Insert into ECI_PROVINCES (PROVINCE_ID,LOCALE,PROVINCE_AREA_ID) values ('41','es_ES','100010');
Insert into ECI_PROVINCES (PROVINCE_ID,LOCALE,PROVINCE_AREA_ID) values ('41','es_ES','487223642344');
Insert into ECI_PROVINCES (PROVINCE_ID,LOCALE,PROVINCE_AREA_ID) values ('42','es_ES','100010');
Insert into ECI_PROVINCES (PROVINCE_ID,LOCALE,PROVINCE_AREA_ID) values ('43','es_ES','100010');
Insert into ECI_PROVINCES (PROVINCE_ID,LOCALE,PROVINCE_AREA_ID) values ('44','es_ES','100010');
Insert into ECI_PROVINCES (PROVINCE_ID,LOCALE,PROVINCE_AREA_ID) values ('44','es_ES','487224642344');
Insert into ECI_PROVINCES (PROVINCE_ID,LOCALE,PROVINCE_AREA_ID) values ('45','es_ES','100010');
Insert into ECI_PROVINCES (PROVINCE_ID,LOCALE,PROVINCE_AREA_ID) values ('45','es_ES','487226342360');
Insert into ECI_PROVINCES (PROVINCE_ID,LOCALE,PROVINCE_AREA_ID) values ('46','es_ES','100010');
Insert into ECI_PROVINCES (PROVINCE_ID,LOCALE,PROVINCE_AREA_ID) values ('47','es_ES','100010');
Insert into ECI_PROVINCES (PROVINCE_ID,LOCALE,PROVINCE_AREA_ID) values ('48','es_ES','100010');
Insert into ECI_PROVINCES (PROVINCE_ID,LOCALE,PROVINCE_AREA_ID) values ('48','es_ES','487226342344');
Insert into ECI_PROVINCES (PROVINCE_ID,LOCALE,PROVINCE_AREA_ID) values ('49','es_ES','100010');
Insert into ECI_PROVINCES (PROVINCE_ID,LOCALE,PROVINCE_AREA_ID) values ('50','es_ES','100010');
Insert into ECI_PROVINCES (PROVINCE_ID,LOCALE,PROVINCE_AREA_ID) values ('50','es_ES','487224642344');
Insert into ECI_PROVINCES (PROVINCE_ID,LOCALE,PROVINCE_AREA_ID) values ('51','es_ES','100006');
Insert into ECI_PROVINCES (PROVINCE_ID,LOCALE,PROVINCE_AREA_ID) values ('52','es_ES','100006');

-- Configuración de Destinos
Insert into ECI_REGIONS (REGION_ID,REGION_NAME,REGION_TYPE,DESCRIPTION,TALON,IVA,PRESUPUESTADO,REGION_ORDER,MAX_UNITS) values ('117005622344','Canarias','1', EMPTY_CLOB(),'0','1','1','2',null);
Insert into ECI_REGIONS (REGION_ID,REGION_NAME,REGION_TYPE,DESCRIPTION,TALON,IVA,PRESUPUESTADO,REGION_ORDER,MAX_UNITS) values ('117005622346','Ceuta y Melilla','1', EMPTY_CLOB(),'0','0','1','3',null);
Insert into ECI_REGIONS (REGION_ID,REGION_NAME,REGION_TYPE,DESCRIPTION,TALON,IVA,PRESUPUESTADO,REGION_ORDER,MAX_UNITS) values ('117005622348','España peninsular, Mallorca','1', EMPTY_CLOB(),'1','1','1','1',null);
Insert into ECI_REGIONS (REGION_ID,REGION_NAME,REGION_TYPE,DESCRIPTION,TALON,IVA,PRESUPUESTADO,REGION_ORDER,MAX_UNITS) values ('117005622350','Portugal','3', EMPTY_CLOB(),'1','1','0','3',null);
Insert into ECI_REGIONS (REGION_ID,REGION_NAME,REGION_TYPE,DESCRIPTION,TALON,IVA,PRESUPUESTADO,REGION_ORDER,MAX_UNITS) values ('117005622352','Resto de Europa, Africa y Asia','2', EMPTY_CLOB(),'0','0','1','8',null);
Insert into ECI_REGIONS (REGION_ID,REGION_NAME,REGION_TYPE,DESCRIPTION,TALON,IVA,PRESUPUESTADO,REGION_ORDER,MAX_UNITS) values ('117005622354','Unión Europea A','2', EMPTY_CLOB(),'1','1','1','4',null);
Insert into ECI_REGIONS (REGION_ID,REGION_NAME,REGION_TYPE,DESCRIPTION,TALON,IVA,PRESUPUESTADO,REGION_ORDER,MAX_UNITS) values ('117005622358','Unión Europea C','2', EMPTY_CLOB(),'1','1','1','6',null);
Insert into ECI_REGIONS (REGION_ID,REGION_NAME,REGION_TYPE,DESCRIPTION,TALON,IVA,PRESUPUESTADO,REGION_ORDER,MAX_UNITS) values ('117005622356','Unión Europea B','2', EMPTY_CLOB(),'1','1','1','5',null);
Insert into ECI_REGIONS (REGION_ID,REGION_NAME,REGION_TYPE,DESCRIPTION,TALON,IVA,PRESUPUESTADO,REGION_ORDER,MAX_UNITS) values ('117005622342','América','2', EMPTY_CLOB(),'0','0','1','7',null);
Insert into ECI_REGIONS (REGION_ID,REGION_NAME,REGION_TYPE,DESCRIPTION,TALON,IVA,PRESUPUESTADO,REGION_ORDER,MAX_UNITS) values ('487231142341','España peninsular y Baleares Hipercor','1', EMPTY_CLOB(),'0','1','1','4',null);
Insert into ECI_REGIONS (REGION_ID,REGION_NAME,REGION_TYPE,DESCRIPTION,TALON,IVA,PRESUPUESTADO,REGION_ORDER,MAX_UNITS) values ('487228742341','Portugal - Ilhas (Açores e Madeira)','3', EMPTY_CLOB(),'1','1','0','3',null);
Insert into ECI_REGIONS (REGION_ID,REGION_NAME,REGION_TYPE,DESCRIPTION,TALON,IVA,PRESUPUESTADO,REGION_ORDER,MAX_UNITS) values ('487231542342','Menorca, Ibiza y Formentera','1', EMPTY_CLOB(),'1','1','1',null,null);

Insert into ECI_REGIONS_COUNTRIES (COUNTRY_ID,LOCALE,REGION_ID) values ('001','es_ES','117005622354');
Insert into ECI_REGIONS_COUNTRIES (COUNTRY_ID,LOCALE,REGION_ID) values ('003','es_ES','117005622354');
Insert into ECI_REGIONS_COUNTRIES (COUNTRY_ID,LOCALE,REGION_ID) values ('004','es_ES','117005622354');
Insert into ECI_REGIONS_COUNTRIES (COUNTRY_ID,LOCALE,REGION_ID) values ('005','es_ES','117005622354');
Insert into ECI_REGIONS_COUNTRIES (COUNTRY_ID,LOCALE,REGION_ID) values ('006','es_ES','117005622354');
Insert into ECI_REGIONS_COUNTRIES (COUNTRY_ID,LOCALE,REGION_ID) values ('007','es_ES','117005622358');
Insert into ECI_REGIONS_COUNTRIES (COUNTRY_ID,LOCALE,REGION_ID) values ('008','es_ES','117005622354');
Insert into ECI_REGIONS_COUNTRIES (COUNTRY_ID,LOCALE,REGION_ID) values ('009','es_ES','117005622358');
Insert into ECI_REGIONS_COUNTRIES (COUNTRY_ID,LOCALE,REGION_ID) values ('010','es_ES','117005622350');
Insert into ECI_REGIONS_COUNTRIES (COUNTRY_ID,LOCALE,REGION_ID) values ('011','es_ES','117005622348');
Insert into ECI_REGIONS_COUNTRIES (COUNTRY_ID,LOCALE,REGION_ID) values ('011','es_ES','487231142341');
Insert into ECI_REGIONS_COUNTRIES (COUNTRY_ID,LOCALE,REGION_ID) values ('017','es_ES','117005622354');
Insert into ECI_REGIONS_COUNTRIES (COUNTRY_ID,LOCALE,REGION_ID) values ('018','es_ES','117005622354');
Insert into ECI_REGIONS_COUNTRIES (COUNTRY_ID,LOCALE,REGION_ID) values ('024','es_ES','117005622352');
Insert into ECI_REGIONS_COUNTRIES (COUNTRY_ID,LOCALE,REGION_ID) values ('028','es_ES','117005622352');
Insert into ECI_REGIONS_COUNTRIES (COUNTRY_ID,LOCALE,REGION_ID) values ('030','es_ES','117005622356');
Insert into ECI_REGIONS_COUNTRIES (COUNTRY_ID,LOCALE,REGION_ID) values ('032','es_ES','117005622356');
Insert into ECI_REGIONS_COUNTRIES (COUNTRY_ID,LOCALE,REGION_ID) values ('037','es_ES','117005622352');
Insert into ECI_REGIONS_COUNTRIES (COUNTRY_ID,LOCALE,REGION_ID) values ('038','es_ES','117005622356');
Insert into ECI_REGIONS_COUNTRIES (COUNTRY_ID,LOCALE,REGION_ID) values ('039','es_ES','117005622352');
Insert into ECI_REGIONS_COUNTRIES (COUNTRY_ID,LOCALE,REGION_ID) values ('041','es_ES','117005622352');
Insert into ECI_REGIONS_COUNTRIES (COUNTRY_ID,LOCALE,REGION_ID) values ('043','es_ES','117005622352');
Insert into ECI_REGIONS_COUNTRIES (COUNTRY_ID,LOCALE,REGION_ID) values ('044','es_ES','117005622352');
Insert into ECI_REGIONS_COUNTRIES (COUNTRY_ID,LOCALE,REGION_ID) values ('045','es_ES','117005622352');
Insert into ECI_REGIONS_COUNTRIES (COUNTRY_ID,LOCALE,REGION_ID) values ('046','es_ES','117005622358');
Insert into ECI_REGIONS_COUNTRIES (COUNTRY_ID,LOCALE,REGION_ID) values ('047','es_ES','117005622352');
Insert into ECI_REGIONS_COUNTRIES (COUNTRY_ID,LOCALE,REGION_ID) values ('052','es_ES','117005622352');
Insert into ECI_REGIONS_COUNTRIES (COUNTRY_ID,LOCALE,REGION_ID) values ('053','es_ES','117005622356');
Insert into ECI_REGIONS_COUNTRIES (COUNTRY_ID,LOCALE,REGION_ID) values ('054','es_ES','117005622356');
Insert into ECI_REGIONS_COUNTRIES (COUNTRY_ID,LOCALE,REGION_ID) values ('055','es_ES','117005622356');
Insert into ECI_REGIONS_COUNTRIES (COUNTRY_ID,LOCALE,REGION_ID) values ('060','es_ES','117005622356');
Insert into ECI_REGIONS_COUNTRIES (COUNTRY_ID,LOCALE,REGION_ID) values ('061','es_ES','117005622356');
Insert into ECI_REGIONS_COUNTRIES (COUNTRY_ID,LOCALE,REGION_ID) values ('063','es_ES','117005622356');
Insert into ECI_REGIONS_COUNTRIES (COUNTRY_ID,LOCALE,REGION_ID) values ('064','es_ES','117005622356');
Insert into ECI_REGIONS_COUNTRIES (COUNTRY_ID,LOCALE,REGION_ID) values ('066','es_ES','117005622356');
Insert into ECI_REGIONS_COUNTRIES (COUNTRY_ID,LOCALE,REGION_ID) values ('068','es_ES','117005622356');
Insert into ECI_REGIONS_COUNTRIES (COUNTRY_ID,LOCALE,REGION_ID) values ('070','es_ES','117005622352');
Insert into ECI_REGIONS_COUNTRIES (COUNTRY_ID,LOCALE,REGION_ID) values ('072','es_ES','117005622352');
Insert into ECI_REGIONS_COUNTRIES (COUNTRY_ID,LOCALE,REGION_ID) values ('073','es_ES','117005622352');
Insert into ECI_REGIONS_COUNTRIES (COUNTRY_ID,LOCALE,REGION_ID) values ('074','es_ES','117005622352');
Insert into ECI_REGIONS_COUNTRIES (COUNTRY_ID,LOCALE,REGION_ID) values ('075','es_ES','117005622352');
Insert into ECI_REGIONS_COUNTRIES (COUNTRY_ID,LOCALE,REGION_ID) values ('076','es_ES','117005622352');
Insert into ECI_REGIONS_COUNTRIES (COUNTRY_ID,LOCALE,REGION_ID) values ('077','es_ES','117005622352');
Insert into ECI_REGIONS_COUNTRIES (COUNTRY_ID,LOCALE,REGION_ID) values ('078','es_ES','117005622352');
Insert into ECI_REGIONS_COUNTRIES (COUNTRY_ID,LOCALE,REGION_ID) values ('079','es_ES','117005622352');
Insert into ECI_REGIONS_COUNTRIES (COUNTRY_ID,LOCALE,REGION_ID) values ('080','es_ES','117005622352');
Insert into ECI_REGIONS_COUNTRIES (COUNTRY_ID,LOCALE,REGION_ID) values ('081','es_ES','117005622352');
Insert into ECI_REGIONS_COUNTRIES (COUNTRY_ID,LOCALE,REGION_ID) values ('082','es_ES','117005622352');
Insert into ECI_REGIONS_COUNTRIES (COUNTRY_ID,LOCALE,REGION_ID) values ('083','es_ES','117005622352');
Insert into ECI_REGIONS_COUNTRIES (COUNTRY_ID,LOCALE,REGION_ID) values ('091','es_ES','117005622356');
Insert into ECI_REGIONS_COUNTRIES (COUNTRY_ID,LOCALE,REGION_ID) values ('092','es_ES','117005622352');
Insert into ECI_REGIONS_COUNTRIES (COUNTRY_ID,LOCALE,REGION_ID) values ('093','es_ES','117005622352');
Insert into ECI_REGIONS_COUNTRIES (COUNTRY_ID,LOCALE,REGION_ID) values ('096','es_ES','117005622352');
Insert into ECI_REGIONS_COUNTRIES (COUNTRY_ID,LOCALE,REGION_ID) values ('204','es_ES','117005622352');
Insert into ECI_REGIONS_COUNTRIES (COUNTRY_ID,LOCALE,REGION_ID) values ('208','es_ES','117005622352');
Insert into ECI_REGIONS_COUNTRIES (COUNTRY_ID,LOCALE,REGION_ID) values ('212','es_ES','117005622352');
Insert into ECI_REGIONS_COUNTRIES (COUNTRY_ID,LOCALE,REGION_ID) values ('216','es_ES','117005622352');
Insert into ECI_REGIONS_COUNTRIES (COUNTRY_ID,LOCALE,REGION_ID) values ('220','es_ES','117005622352');
Insert into ECI_REGIONS_COUNTRIES (COUNTRY_ID,LOCALE,REGION_ID) values ('224','es_ES','117005622352');
Insert into ECI_REGIONS_COUNTRIES (COUNTRY_ID,LOCALE,REGION_ID) values ('228','es_ES','117005622352');
Insert into ECI_REGIONS_COUNTRIES (COUNTRY_ID,LOCALE,REGION_ID) values ('232','es_ES','117005622352');
Insert into ECI_REGIONS_COUNTRIES (COUNTRY_ID,LOCALE,REGION_ID) values ('236','es_ES','117005622352');
Insert into ECI_REGIONS_COUNTRIES (COUNTRY_ID,LOCALE,REGION_ID) values ('240','es_ES','117005622352');
Insert into ECI_REGIONS_COUNTRIES (COUNTRY_ID,LOCALE,REGION_ID) values ('244','es_ES','117005622352');
Insert into ECI_REGIONS_COUNTRIES (COUNTRY_ID,LOCALE,REGION_ID) values ('247','es_ES','117005622352');
Insert into ECI_REGIONS_COUNTRIES (COUNTRY_ID,LOCALE,REGION_ID) values ('248','es_ES','117005622352');
Insert into ECI_REGIONS_COUNTRIES (COUNTRY_ID,LOCALE,REGION_ID) values ('252','es_ES','117005622352');
Insert into ECI_REGIONS_COUNTRIES (COUNTRY_ID,LOCALE,REGION_ID) values ('257','es_ES','117005622352');
Insert into ECI_REGIONS_COUNTRIES (COUNTRY_ID,LOCALE,REGION_ID) values ('260','es_ES','117005622352');
Insert into ECI_REGIONS_COUNTRIES (COUNTRY_ID,LOCALE,REGION_ID) values ('264','es_ES','117005622352');
Insert into ECI_REGIONS_COUNTRIES (COUNTRY_ID,LOCALE,REGION_ID) values ('268','es_ES','117005622352');
Insert into ECI_REGIONS_COUNTRIES (COUNTRY_ID,LOCALE,REGION_ID) values ('272','es_ES','117005622352');
Insert into ECI_REGIONS_COUNTRIES (COUNTRY_ID,LOCALE,REGION_ID) values ('276','es_ES','117005622352');
Insert into ECI_REGIONS_COUNTRIES (COUNTRY_ID,LOCALE,REGION_ID) values ('280','es_ES','117005622352');
Insert into ECI_REGIONS_COUNTRIES (COUNTRY_ID,LOCALE,REGION_ID) values ('284','es_ES','117005622352');
Insert into ECI_REGIONS_COUNTRIES (COUNTRY_ID,LOCALE,REGION_ID) values ('288','es_ES','117005622352');
Insert into ECI_REGIONS_COUNTRIES (COUNTRY_ID,LOCALE,REGION_ID) values ('302','es_ES','117005622352');
Insert into ECI_REGIONS_COUNTRIES (COUNTRY_ID,LOCALE,REGION_ID) values ('306','es_ES','117005622352');
Insert into ECI_REGIONS_COUNTRIES (COUNTRY_ID,LOCALE,REGION_ID) values ('310','es_ES','117005622352');
Insert into ECI_REGIONS_COUNTRIES (COUNTRY_ID,LOCALE,REGION_ID) values ('311','es_ES','117005622352');
Insert into ECI_REGIONS_COUNTRIES (COUNTRY_ID,LOCALE,REGION_ID) values ('314','es_ES','117005622352');
Insert into ECI_REGIONS_COUNTRIES (COUNTRY_ID,LOCALE,REGION_ID) values ('318','es_ES','117005622352');
Insert into ECI_REGIONS_COUNTRIES (COUNTRY_ID,LOCALE,REGION_ID) values ('322','es_ES','117005622352');
Insert into ECI_REGIONS_COUNTRIES (COUNTRY_ID,LOCALE,REGION_ID) values ('324','es_ES','117005622352');
Insert into ECI_REGIONS_COUNTRIES (COUNTRY_ID,LOCALE,REGION_ID) values ('328','es_ES','117005622352');
Insert into ECI_REGIONS_COUNTRIES (COUNTRY_ID,LOCALE,REGION_ID) values ('329','es_ES','117005622352');
Insert into ECI_REGIONS_COUNTRIES (COUNTRY_ID,LOCALE,REGION_ID) values ('330','es_ES','117005622352');
Insert into ECI_REGIONS_COUNTRIES (COUNTRY_ID,LOCALE,REGION_ID) values ('334','es_ES','117005622352');
Insert into ECI_REGIONS_COUNTRIES (COUNTRY_ID,LOCALE,REGION_ID) values ('336','es_ES','117005622352');
Insert into ECI_REGIONS_COUNTRIES (COUNTRY_ID,LOCALE,REGION_ID) values ('338','es_ES','117005622352');
Insert into ECI_REGIONS_COUNTRIES (COUNTRY_ID,LOCALE,REGION_ID) values ('342','es_ES','117005622352');
Insert into ECI_REGIONS_COUNTRIES (COUNTRY_ID,LOCALE,REGION_ID) values ('346','es_ES','117005622352');
Insert into ECI_REGIONS_COUNTRIES (COUNTRY_ID,LOCALE,REGION_ID) values ('350','es_ES','117005622352');
Insert into ECI_REGIONS_COUNTRIES (COUNTRY_ID,LOCALE,REGION_ID) values ('352','es_ES','117005622352');
Insert into ECI_REGIONS_COUNTRIES (COUNTRY_ID,LOCALE,REGION_ID) values ('355','es_ES','117005622352');
Insert into ECI_REGIONS_COUNTRIES (COUNTRY_ID,LOCALE,REGION_ID) values ('366','es_ES','117005622352');
Insert into ECI_REGIONS_COUNTRIES (COUNTRY_ID,LOCALE,REGION_ID) values ('370','es_ES','117005622352');
Insert into ECI_REGIONS_COUNTRIES (COUNTRY_ID,LOCALE,REGION_ID) values ('372','es_ES','117005622356');
Insert into ECI_REGIONS_COUNTRIES (COUNTRY_ID,LOCALE,REGION_ID) values ('373','es_ES','117005622352');
Insert into ECI_REGIONS_COUNTRIES (COUNTRY_ID,LOCALE,REGION_ID) values ('375','es_ES','117005622352');
Insert into ECI_REGIONS_COUNTRIES (COUNTRY_ID,LOCALE,REGION_ID) values ('377','es_ES','117005622356');
Insert into ECI_REGIONS_COUNTRIES (COUNTRY_ID,LOCALE,REGION_ID) values ('378','es_ES','117005622352');
Insert into ECI_REGIONS_COUNTRIES (COUNTRY_ID,LOCALE,REGION_ID) values ('382','es_ES','117005622352');
Insert into ECI_REGIONS_COUNTRIES (COUNTRY_ID,LOCALE,REGION_ID) values ('386','es_ES','117005622352');
Insert into ECI_REGIONS_COUNTRIES (COUNTRY_ID,LOCALE,REGION_ID) values ('388','es_ES','117005622352');
Insert into ECI_REGIONS_COUNTRIES (COUNTRY_ID,LOCALE,REGION_ID) values ('389','es_ES','117005622352');
Insert into ECI_REGIONS_COUNTRIES (COUNTRY_ID,LOCALE,REGION_ID) values ('391','es_ES','117005622352');
Insert into ECI_REGIONS_COUNTRIES (COUNTRY_ID,LOCALE,REGION_ID) values ('393','es_ES','117005622352');
Insert into ECI_REGIONS_COUNTRIES (COUNTRY_ID,LOCALE,REGION_ID) values ('395','es_ES','117005622352');
Insert into ECI_REGIONS_COUNTRIES (COUNTRY_ID,LOCALE,REGION_ID) values ('400','es_ES','117005622342');
Insert into ECI_REGIONS_COUNTRIES (COUNTRY_ID,LOCALE,REGION_ID) values ('404','es_ES','117005622342');
Insert into ECI_REGIONS_COUNTRIES (COUNTRY_ID,LOCALE,REGION_ID) values ('406','es_ES','117005622352');
Insert into ECI_REGIONS_COUNTRIES (COUNTRY_ID,LOCALE,REGION_ID) values ('408','es_ES','117005622352');
Insert into ECI_REGIONS_COUNTRIES (COUNTRY_ID,LOCALE,REGION_ID) values ('412','es_ES','117005622342');
Insert into ECI_REGIONS_COUNTRIES (COUNTRY_ID,LOCALE,REGION_ID) values ('413','es_ES','117005622352');
Insert into ECI_REGIONS_COUNTRIES (COUNTRY_ID,LOCALE,REGION_ID) values ('416','es_ES','117005622342');
Insert into ECI_REGIONS_COUNTRIES (COUNTRY_ID,LOCALE,REGION_ID) values ('421','es_ES','117005622352');
Insert into ECI_REGIONS_COUNTRIES (COUNTRY_ID,LOCALE,REGION_ID) values ('424','es_ES','117005622342');
Insert into ECI_REGIONS_COUNTRIES (COUNTRY_ID,LOCALE,REGION_ID) values ('428','es_ES','117005622342');
Insert into ECI_REGIONS_COUNTRIES (COUNTRY_ID,LOCALE,REGION_ID) values ('428','es_ES','117005622352');
Insert into ECI_REGIONS_COUNTRIES (COUNTRY_ID,LOCALE,REGION_ID) values ('432','es_ES','117005622342');
Insert into ECI_REGIONS_COUNTRIES (COUNTRY_ID,LOCALE,REGION_ID) values ('436','es_ES','117005622342');
Insert into ECI_REGIONS_COUNTRIES (COUNTRY_ID,LOCALE,REGION_ID) values ('442','es_ES','117005622342');
Insert into ECI_REGIONS_COUNTRIES (COUNTRY_ID,LOCALE,REGION_ID) values ('446','es_ES','117005622352');
Insert into ECI_REGIONS_COUNTRIES (COUNTRY_ID,LOCALE,REGION_ID) values ('448','es_ES','117005622342');
Insert into ECI_REGIONS_COUNTRIES (COUNTRY_ID,LOCALE,REGION_ID) values ('449','es_ES','117005622352');
Insert into ECI_REGIONS_COUNTRIES (COUNTRY_ID,LOCALE,REGION_ID) values ('452','es_ES','117005622342');
Insert into ECI_REGIONS_COUNTRIES (COUNTRY_ID,LOCALE,REGION_ID) values ('452','es_ES','117005622352');
Insert into ECI_REGIONS_COUNTRIES (COUNTRY_ID,LOCALE,REGION_ID) values ('453','es_ES','117005622352');
Insert into ECI_REGIONS_COUNTRIES (COUNTRY_ID,LOCALE,REGION_ID) values ('454','es_ES','117005622352');
Insert into ECI_REGIONS_COUNTRIES (COUNTRY_ID,LOCALE,REGION_ID) values ('456','es_ES','117005622342');
Insert into ECI_REGIONS_COUNTRIES (COUNTRY_ID,LOCALE,REGION_ID) values ('457','es_ES','117005622352');
Insert into ECI_REGIONS_COUNTRIES (COUNTRY_ID,LOCALE,REGION_ID) values ('458','es_ES','117005622356');
Insert into ECI_REGIONS_COUNTRIES (COUNTRY_ID,LOCALE,REGION_ID) values ('459','es_ES','117005622352');
Insert into ECI_REGIONS_COUNTRIES (COUNTRY_ID,LOCALE,REGION_ID) values ('460','es_ES','117005622352');
Insert into ECI_REGIONS_COUNTRIES (COUNTRY_ID,LOCALE,REGION_ID) values ('461','es_ES','117005622352');
Insert into ECI_REGIONS_COUNTRIES (COUNTRY_ID,LOCALE,REGION_ID) values ('462','es_ES','117005622356');
Insert into ECI_REGIONS_COUNTRIES (COUNTRY_ID,LOCALE,REGION_ID) values ('463','es_ES','117005622352');
Insert into ECI_REGIONS_COUNTRIES (COUNTRY_ID,LOCALE,REGION_ID) values ('464','es_ES','117005622342');
Insert into ECI_REGIONS_COUNTRIES (COUNTRY_ID,LOCALE,REGION_ID) values ('465','es_ES','117005622352');
Insert into ECI_REGIONS_COUNTRIES (COUNTRY_ID,LOCALE,REGION_ID) values ('467','es_ES','117005622352');
Insert into ECI_REGIONS_COUNTRIES (COUNTRY_ID,LOCALE,REGION_ID) values ('469','es_ES','117005622352');
Insert into ECI_REGIONS_COUNTRIES (COUNTRY_ID,LOCALE,REGION_ID) values ('470','es_ES','117005622352');
Insert into ECI_REGIONS_COUNTRIES (COUNTRY_ID,LOCALE,REGION_ID) values ('472','es_ES','117005622352');
Insert into ECI_REGIONS_COUNTRIES (COUNTRY_ID,LOCALE,REGION_ID) values ('473','es_ES','117005622352');
Insert into ECI_REGIONS_COUNTRIES (COUNTRY_ID,LOCALE,REGION_ID) values ('474','es_ES','117005622352');
Insert into ECI_REGIONS_COUNTRIES (COUNTRY_ID,LOCALE,REGION_ID) values ('478','es_ES','117005622352');
Insert into ECI_REGIONS_COUNTRIES (COUNTRY_ID,LOCALE,REGION_ID) values ('480','es_ES','117005622342');
Insert into ECI_REGIONS_COUNTRIES (COUNTRY_ID,LOCALE,REGION_ID) values ('484','es_ES','117005622342');
Insert into ECI_REGIONS_COUNTRIES (COUNTRY_ID,LOCALE,REGION_ID) values ('488','es_ES','117005622342');
Insert into ECI_REGIONS_COUNTRIES (COUNTRY_ID,LOCALE,REGION_ID) values ('492','es_ES','117005622352');
Insert into ECI_REGIONS_COUNTRIES (COUNTRY_ID,LOCALE,REGION_ID) values ('496','es_ES','117005622356');
Insert into ECI_REGIONS_COUNTRIES (COUNTRY_ID,LOCALE,REGION_ID) values ('500','es_ES','117005622342');
Insert into ECI_REGIONS_COUNTRIES (COUNTRY_ID,LOCALE,REGION_ID) values ('504','es_ES','117005622342');
Insert into ECI_REGIONS_COUNTRIES (COUNTRY_ID,LOCALE,REGION_ID) values ('508','es_ES','117005622342');
Insert into ECI_REGIONS_COUNTRIES (COUNTRY_ID,LOCALE,REGION_ID) values ('512','es_ES','117005622342');
Insert into ECI_REGIONS_COUNTRIES (COUNTRY_ID,LOCALE,REGION_ID) values ('512','es_ES','117005622352');
Insert into ECI_REGIONS_COUNTRIES (COUNTRY_ID,LOCALE,REGION_ID) values ('516','es_ES','117005622342');
Insert into ECI_REGIONS_COUNTRIES (COUNTRY_ID,LOCALE,REGION_ID) values ('520','es_ES','117005622342');
Insert into ECI_REGIONS_COUNTRIES (COUNTRY_ID,LOCALE,REGION_ID) values ('524','es_ES','117005622342');
Insert into ECI_REGIONS_COUNTRIES (COUNTRY_ID,LOCALE,REGION_ID) values ('528','es_ES','117005622342');
Insert into ECI_REGIONS_COUNTRIES (COUNTRY_ID,LOCALE,REGION_ID) values ('529','es_ES','117005622352');
Insert into ECI_REGIONS_COUNTRIES (COUNTRY_ID,LOCALE,REGION_ID) values ('600','es_ES','117005622358');
Insert into ECI_REGIONS_COUNTRIES (COUNTRY_ID,LOCALE,REGION_ID) values ('604','es_ES','117005622352');
Insert into ECI_REGIONS_COUNTRIES (COUNTRY_ID,LOCALE,REGION_ID) values ('608','es_ES','117005622352');
Insert into ECI_REGIONS_COUNTRIES (COUNTRY_ID,LOCALE,REGION_ID) values ('612','es_ES','117005622352');
Insert into ECI_REGIONS_COUNTRIES (COUNTRY_ID,LOCALE,REGION_ID) values ('616','es_ES','117005622352');
Insert into ECI_REGIONS_COUNTRIES (COUNTRY_ID,LOCALE,REGION_ID) values ('624','es_ES','117005622352');
Insert into ECI_REGIONS_COUNTRIES (COUNTRY_ID,LOCALE,REGION_ID) values ('625','es_ES','117005622352');
Insert into ECI_REGIONS_COUNTRIES (COUNTRY_ID,LOCALE,REGION_ID) values ('628','es_ES','117005622352');
Insert into ECI_REGIONS_COUNTRIES (COUNTRY_ID,LOCALE,REGION_ID) values ('632','es_ES','117005622352');
Insert into ECI_REGIONS_COUNTRIES (COUNTRY_ID,LOCALE,REGION_ID) values ('636','es_ES','117005622352');
Insert into ECI_REGIONS_COUNTRIES (COUNTRY_ID,LOCALE,REGION_ID) values ('640','es_ES','117005622352');
Insert into ECI_REGIONS_COUNTRIES (COUNTRY_ID,LOCALE,REGION_ID) values ('644','es_ES','117005622352');
Insert into ECI_REGIONS_COUNTRIES (COUNTRY_ID,LOCALE,REGION_ID) values ('647','es_ES','117005622352');
Insert into ECI_REGIONS_COUNTRIES (COUNTRY_ID,LOCALE,REGION_ID) values ('649','es_ES','117005622352');
Insert into ECI_REGIONS_COUNTRIES (COUNTRY_ID,LOCALE,REGION_ID) values ('653','es_ES','117005622352');
Insert into ECI_REGIONS_COUNTRIES (COUNTRY_ID,LOCALE,REGION_ID) values ('660','es_ES','117005622352');
Insert into ECI_REGIONS_COUNTRIES (COUNTRY_ID,LOCALE,REGION_ID) values ('662','es_ES','117005622352');
Insert into ECI_REGIONS_COUNTRIES (COUNTRY_ID,LOCALE,REGION_ID) values ('664','es_ES','117005622352');
Insert into ECI_REGIONS_COUNTRIES (COUNTRY_ID,LOCALE,REGION_ID) values ('666','es_ES','117005622352');
Insert into ECI_REGIONS_COUNTRIES (COUNTRY_ID,LOCALE,REGION_ID) values ('667','es_ES','117005622352');
Insert into ECI_REGIONS_COUNTRIES (COUNTRY_ID,LOCALE,REGION_ID) values ('669','es_ES','117005622352');
Insert into ECI_REGIONS_COUNTRIES (COUNTRY_ID,LOCALE,REGION_ID) values ('672','es_ES','117005622352');
Insert into ECI_REGIONS_COUNTRIES (COUNTRY_ID,LOCALE,REGION_ID) values ('675','es_ES','117005622352');
Insert into ECI_REGIONS_COUNTRIES (COUNTRY_ID,LOCALE,REGION_ID) values ('676','es_ES','117005622352');
Insert into ECI_REGIONS_COUNTRIES (COUNTRY_ID,LOCALE,REGION_ID) values ('680','es_ES','117005622352');
Insert into ECI_REGIONS_COUNTRIES (COUNTRY_ID,LOCALE,REGION_ID) values ('684','es_ES','117005622352');
Insert into ECI_REGIONS_COUNTRIES (COUNTRY_ID,LOCALE,REGION_ID) values ('690','es_ES','117005622352');
Insert into ECI_REGIONS_COUNTRIES (COUNTRY_ID,LOCALE,REGION_ID) values ('696','es_ES','117005622352');
Insert into ECI_REGIONS_COUNTRIES (COUNTRY_ID,LOCALE,REGION_ID) values ('700','es_ES','117005622352');
Insert into ECI_REGIONS_COUNTRIES (COUNTRY_ID,LOCALE,REGION_ID) values ('701','es_ES','117005622352');
Insert into ECI_REGIONS_COUNTRIES (COUNTRY_ID,LOCALE,REGION_ID) values ('703','es_ES','117005622352');
Insert into ECI_REGIONS_COUNTRIES (COUNTRY_ID,LOCALE,REGION_ID) values ('706','es_ES','117005622352');
Insert into ECI_REGIONS_COUNTRIES (COUNTRY_ID,LOCALE,REGION_ID) values ('708','es_ES','117005622352');
Insert into ECI_REGIONS_COUNTRIES (COUNTRY_ID,LOCALE,REGION_ID) values ('716','es_ES','117005622352');
Insert into ECI_REGIONS_COUNTRIES (COUNTRY_ID,LOCALE,REGION_ID) values ('720','es_ES','117005622352');
Insert into ECI_REGIONS_COUNTRIES (COUNTRY_ID,LOCALE,REGION_ID) values ('724','es_ES','117005622352');
Insert into ECI_REGIONS_COUNTRIES (COUNTRY_ID,LOCALE,REGION_ID) values ('728','es_ES','117005622352');
Insert into ECI_REGIONS_COUNTRIES (COUNTRY_ID,LOCALE,REGION_ID) values ('732','es_ES','117005622352');
Insert into ECI_REGIONS_COUNTRIES (COUNTRY_ID,LOCALE,REGION_ID) values ('736','es_ES','117005622352');
Insert into ECI_REGIONS_COUNTRIES (COUNTRY_ID,LOCALE,REGION_ID) values ('740','es_ES','117005622352');
Insert into ECI_REGIONS_COUNTRIES (COUNTRY_ID,LOCALE,REGION_ID) values ('743','es_ES','117005622352');
Insert into ECI_REGIONS_COUNTRIES (COUNTRY_ID,LOCALE,REGION_ID) values ('800','es_ES','117005622352');
Insert into ECI_REGIONS_COUNTRIES (COUNTRY_ID,LOCALE,REGION_ID) values ('801','es_ES','117005622352');
Insert into ECI_REGIONS_COUNTRIES (COUNTRY_ID,LOCALE,REGION_ID) values ('803','es_ES','117005622352');
Insert into ECI_REGIONS_COUNTRIES (COUNTRY_ID,LOCALE,REGION_ID) values ('804','es_ES','117005622352');
Insert into ECI_REGIONS_COUNTRIES (COUNTRY_ID,LOCALE,REGION_ID) values ('806','es_ES','117005622352');
Insert into ECI_REGIONS_COUNTRIES (COUNTRY_ID,LOCALE,REGION_ID) values ('807','es_ES','117005622352');
Insert into ECI_REGIONS_COUNTRIES (COUNTRY_ID,LOCALE,REGION_ID) values ('809','es_ES','117005622352');
Insert into ECI_REGIONS_COUNTRIES (COUNTRY_ID,LOCALE,REGION_ID) values ('811','es_ES','117005622352');
Insert into ECI_REGIONS_COUNTRIES (COUNTRY_ID,LOCALE,REGION_ID) values ('812','es_ES','117005622352');
Insert into ECI_REGIONS_COUNTRIES (COUNTRY_ID,LOCALE,REGION_ID) values ('813','es_ES','117005622352');
Insert into ECI_REGIONS_COUNTRIES (COUNTRY_ID,LOCALE,REGION_ID) values ('815','es_ES','117005622352');
Insert into ECI_REGIONS_COUNTRIES (COUNTRY_ID,LOCALE,REGION_ID) values ('816','es_ES','117005622352');
Insert into ECI_REGIONS_COUNTRIES (COUNTRY_ID,LOCALE,REGION_ID) values ('817','es_ES','117005622352');
Insert into ECI_REGIONS_COUNTRIES (COUNTRY_ID,LOCALE,REGION_ID) values ('819','es_ES','117005622352');
Insert into ECI_REGIONS_COUNTRIES (COUNTRY_ID,LOCALE,REGION_ID) values ('820','es_ES','117005622352');
Insert into ECI_REGIONS_COUNTRIES (COUNTRY_ID,LOCALE,REGION_ID) values ('822','es_ES','117005622352');
Insert into ECI_REGIONS_COUNTRIES (COUNTRY_ID,LOCALE,REGION_ID) values ('823','es_ES','117005622352');
Insert into ECI_REGIONS_COUNTRIES (COUNTRY_ID,LOCALE,REGION_ID) values ('824','es_ES','117005622352');
Insert into ECI_REGIONS_COUNTRIES (COUNTRY_ID,LOCALE,REGION_ID) values ('825','es_ES','117005622352');

Insert into ECI_REGIONS_PROVINCES_AREAS (PROVINCE_AREA_ID,REGION_ID) values ('100004','117005622344');
Insert into ECI_REGIONS_PROVINCES_AREAS (PROVINCE_AREA_ID,REGION_ID) values ('100006','117005622346');
Insert into ECI_REGIONS_PROVINCES_AREAS (PROVINCE_AREA_ID,REGION_ID) values ('100008','487231142341');
Insert into ECI_REGIONS_PROVINCES_AREAS (PROVINCE_AREA_ID,REGION_ID) values ('100010','117005622348');
Insert into ECI_REGIONS_PROVINCES_AREAS (PROVINCE_AREA_ID,REGION_ID) values ('100010','487231142341');
Insert into ECI_REGIONS_PROVINCES_AREAS (PROVINCE_AREA_ID,REGION_ID) values ('487228642346','117005622350');
Insert into ECI_REGIONS_PROVINCES_AREAS (PROVINCE_AREA_ID,REGION_ID) values ('487231742342','117005622348');
Insert into ECI_REGIONS_PROVINCES_AREAS (PROVINCE_AREA_ID,REGION_ID) values ('487231742344','487231542342');
Insert into ECI_REGIONS_PROVINCES_AREAS (PROVINCE_AREA_ID,REGION_ID) values ('487232242344','487228742341');

Insert into ECI_REGIONS_SITES (SITE_ID,REGION_ID) values ('hipercorStore','487231142341');

Insert into SINT_REGION_XLATE (TRANSLATION_ID,REGION_NAME) values ('200002','fr_FR_Canarias');
Insert into SINT_REGION_XLATE (TRANSLATION_ID,REGION_NAME) values ('200003','en_GB_Canarias');
Insert into SINT_REGION_XLATE (TRANSLATION_ID,REGION_NAME) values ('200001','Canarias');
Insert into SINT_REGION_XLATE (TRANSLATION_ID,REGION_NAME) values ('100009','Peninsular Spain and the Balearic Islands');
Insert into SINT_REGION_XLATE (TRANSLATION_ID,REGION_NAME) values ('100008','Espagne péninsulaire et les îles Baléares');
Insert into SINT_REGION_XLATE (TRANSLATION_ID,REGION_NAME) values ('100007','España peninsular e islas Baleares');

Insert into SINT_REGION_REGION_XLATE (REGION_ID,TRANSLATION_ID,LOCALE) values ('117005622344','200003','en_GB');
Insert into SINT_REGION_REGION_XLATE (REGION_ID,TRANSLATION_ID,LOCALE) values ('117005622344','200001','es_ES');
Insert into SINT_REGION_REGION_XLATE (REGION_ID,TRANSLATION_ID,LOCALE) values ('117005622344','200002','fr_FR');
Insert into SINT_REGION_REGION_XLATE (REGION_ID,TRANSLATION_ID,LOCALE) values ('117005622348','100009','en_GB');
Insert into SINT_REGION_REGION_XLATE (REGION_ID,TRANSLATION_ID,LOCALE) values ('117005622348','100007','es_ES');
Insert into SINT_REGION_REGION_XLATE (REGION_ID,TRANSLATION_ID,LOCALE) values ('117005622348','100008','fr_FR');
Insert into SINT_REGION_REGION_XLATE (REGION_ID,TRANSLATION_ID,LOCALE) values ('487231142341','100009','en_GB');
Insert into SINT_REGION_REGION_XLATE (REGION_ID,TRANSLATION_ID,LOCALE) values ('487231142341','100007','es_ES');
Insert into SINT_REGION_REGION_XLATE (REGION_ID,TRANSLATION_ID,LOCALE) values ('487231142341','100008','fr_FR');

-- Configuración de Tipos de Entrega
Insert into ECI_DELIVERY_TYPE (ID,DELIVERY_TYPE_NAME,DELIVERY_TYPE_REFERENCE) values ('100009','LTC','001027009000012   ');
Insert into ECI_DELIVERY_TYPE (ID,DELIVERY_TYPE_NAME,DELIVERY_TYPE_REFERENCE) values ('100008','C&C','001027009000012   ');
Insert into ECI_DELIVERY_TYPE (ID,DELIVERY_TYPE_NAME,DELIVERY_TYPE_REFERENCE) values ('100006','STS','001027009000012   ');
Insert into ECI_DELIVERY_TYPE (ID,DELIVERY_TYPE_NAME,DELIVERY_TYPE_REFERENCE) values ('100010','C&S','001027009000012   ');
Insert into ECI_DELIVERY_TYPE (ID,DELIVERY_TYPE_NAME,DELIVERY_TYPE_REFERENCE) values ('100011','Devolucion_Home Delivery','001027009000012   ');
Insert into ECI_DELIVERY_TYPE (ID,DELIVERY_TYPE_NAME,DELIVERY_TYPE_REFERENCE) values ('100012','Devolucion_STS','001027009000012   ');
Insert into ECI_DELIVERY_TYPE (ID,DELIVERY_TYPE_NAME,DELIVERY_TYPE_REFERENCE) values ('600010','BRICOR','019000304502438   ');
Insert into ECI_DELIVERY_TYPE (ID,DELIVERY_TYPE_NAME,DELIVERY_TYPE_REFERENCE) values ('800010','hipercorStore ','001027000100019   ');
Insert into ECI_DELIVERY_TYPE (ID,DELIVERY_TYPE_NAME,DELIVERY_TYPE_REFERENCE) values ('700010','primeritiStore','001027002800012   ');
Insert into ECI_DELIVERY_TYPE (ID,DELIVERY_TYPE_NAME,DELIVERY_TYPE_REFERENCE) values ('1000013','eciExpress','001027001600017   ');
Insert into ECI_DELIVERY_TYPE (ID,DELIVERY_TYPE_NAME,DELIVERY_TYPE_REFERENCE) values ('1000010','VPR','001027001100018   ');
Insert into ECI_DELIVERY_TYPE (ID,DELIVERY_TYPE_NAME,DELIVERY_TYPE_REFERENCE) values ('1000012','Home Delivery','001027009000012   ');
Insert into ECI_DELIVERY_TYPE (ID,DELIVERY_TYPE_NAME,DELIVERY_TYPE_REFERENCE) values ('1000014','cateringDelivery','001027009000012   ');

-- Configuración de Formas de Pago
Insert into ECI_PAYMENT_TYPE (PAYMENT_TYPE_ID,NAME,CODE,PRIORITY,CURRENCY_CODE) values ('487220742342','creditLine','creditLine',null,'029');
Insert into ECI_PAYMENT_TYPE (PAYMENT_TYPE_ID,NAME,CODE,PRIORITY,CURRENCY_CODE) values ('487221542344','Plazos Portugal','Plazos Portugal',null,'911');
Insert into ECI_PAYMENT_TYPE (PAYMENT_TYPE_ID,NAME,CODE,PRIORITY,CURRENCY_CODE) values ('487221342344','DivisionComercial','DivisionComercial',null,'907');
Insert into ECI_PAYMENT_TYPE (PAYMENT_TYPE_ID,NAME,CODE,PRIORITY,CURRENCY_CODE) values ('100014','PlanPagosPortugal','PPP',null,'151');
Insert into ECI_PAYMENT_TYPE (PAYMENT_TYPE_ID,NAME,CODE,PRIORITY,CURRENCY_CODE) values ('100002','cashPayment','cashPayment',null,'028');
Insert into ECI_PAYMENT_TYPE (PAYMENT_TYPE_ID,NAME,CODE,PRIORITY,CURRENCY_CODE) values ('487221442342','Transferencia Bancaria','Transferencia',null,'908');
Insert into ECI_PAYMENT_TYPE (PAYMENT_TYPE_ID,NAME,CODE,PRIORITY,CURRENCY_CODE) values ('487220542346','creditCard','creditCard',null,'000,001,002,003,004,005,006,007,008,009,011,012,013,014');
Insert into ECI_PAYMENT_TYPE (PAYMENT_TYPE_ID,NAME,CODE,PRIORITY,CURRENCY_CODE) values ('487220542348','Plazos','Plazos',null,'020');
Insert into ECI_PAYMENT_TYPE (PAYMENT_TYPE_ID,NAME,CODE,PRIORITY,CURRENCY_CODE) values ('487220542344','eciCard','eciCard',null,'022');
Insert into ECI_PAYMENT_TYPE (PAYMENT_TYPE_ID,NAME,CODE,PRIORITY,CURRENCY_CODE) values ('487220542350','paypalCard','paypalCard',null,'026');
Insert into ECI_PAYMENT_TYPE (PAYMENT_TYPE_ID,NAME,CODE,PRIORITY,CURRENCY_CODE) values ('487220542352','giftCard','giftCard',null,'023');
Insert into ECI_PAYMENT_TYPE (PAYMENT_TYPE_ID,NAME,CODE,PRIORITY,CURRENCY_CODE) values ('487221742350','Transferencia Bancaria','Transferencia',null,'908');
Insert into ECI_PAYMENT_TYPE (PAYMENT_TYPE_ID,NAME,CODE,PRIORITY,CURRENCY_CODE) values ('487221742352','Plazos sin ECI (FPP varios)','Plazos sin ECI',null,'912');
Insert into ECI_PAYMENT_TYPE (PAYMENT_TYPE_ID,NAME,CODE,PRIORITY,CURRENCY_CODE) values ('487222242343','creditLine','creditLine',null,'029');
Insert into ECI_PAYMENT_TYPE (PAYMENT_TYPE_ID,NAME,CODE,PRIORITY,CURRENCY_CODE) values ('487222242345','Transferencia Bancaria','Transferencia Bancaria',null,'908');
Insert into ECI_PAYMENT_TYPE (PAYMENT_TYPE_ID,NAME,CODE,PRIORITY,CURRENCY_CODE) values ('sibs','SIBS','SIBS',null,'918');
Insert into ECI_PAYMENT_TYPE (PAYMENT_TYPE_ID,NAME,CODE,PRIORITY,CURRENCY_CODE) values ('multibanco','MULTIBANCO','MULTIBANCO',null,'920');
Insert into ECI_PAYMENT_TYPE (PAYMENT_TYPE_ID,NAME,CODE,PRIORITY,CURRENCY_CODE) values ('mbway','MBWAY','MBWAY',null,'919');
Insert into ECI_PAYMENT_TYPE (PAYMENT_TYPE_ID,NAME,CODE,PRIORITY,CURRENCY_CODE) values ('487221742348','OtrasCuentas','OtrasCuentas',null,'906');
Insert into ECI_PAYMENT_TYPE (PAYMENT_TYPE_ID,NAME,CODE,PRIORITY,CURRENCY_CODE) values ('cupons','Cupones','Cupones',null,'917');
Insert into ECI_PAYMENT_TYPE (PAYMENT_TYPE_ID,NAME,CODE,PRIORITY,CURRENCY_CODE) values ('487222242342','cashPayment','cashPayment',null,'028');

-- Gastos de envío
Insert into ECI_DELIVERY_COST (DELIVERY_COST_ID,GOOD_TYPE,COST_TO,COST,COMPANY,RETURN_COST) values ('487229242344','2','50','40','3',null);
Insert into ECI_DELIVERY_COST (DELIVERY_COST_ID,GOOD_TYPE,COST_TO,COST,COMPANY,RETURN_COST) values ('487221142346','0','999999','5,9',null,'5,9');
Insert into ECI_DELIVERY_COST (DELIVERY_COST_ID,GOOD_TYPE,COST_TO,COST,COMPANY,RETURN_COST) values ('487221142344','1','999999','6',null,'6');
Insert into ECI_DELIVERY_COST (DELIVERY_COST_ID,GOOD_TYPE,COST_TO,COST,COMPANY,RETURN_COST) values ('487221142342','2','999999','5,9',null,'5,9');
Insert into ECI_DELIVERY_COST (DELIVERY_COST_ID,GOOD_TYPE,COST_TO,COST,COMPANY,RETURN_COST) values ('487221142350','1','99','6,8',null,'6,8');
Insert into ECI_DELIVERY_COST (DELIVERY_COST_ID,GOOD_TYPE,COST_TO,COST,COMPANY,RETURN_COST) values ('487221142352','2','99','5,9',null,'5,9');
Insert into ECI_DELIVERY_COST (DELIVERY_COST_ID,GOOD_TYPE,COST_TO,COST,COMPANY,RETURN_COST) values ('487220742344','1','1','0',null,'0');
Insert into ECI_DELIVERY_COST (DELIVERY_COST_ID,GOOD_TYPE,COST_TO,COST,COMPANY,RETURN_COST) values ('487220742342','1','999','0',null,'0');
Insert into ECI_DELIVERY_COST (DELIVERY_COST_ID,GOOD_TYPE,COST_TO,COST,COMPANY,RETURN_COST) values ('487220742348','0','1','0',null,'0');
Insert into ECI_DELIVERY_COST (DELIVERY_COST_ID,GOOD_TYPE,COST_TO,COST,COMPANY,RETURN_COST) values ('487220742346','0','999','0',null,'0');
Insert into ECI_DELIVERY_COST (DELIVERY_COST_ID,GOOD_TYPE,COST_TO,COST,COMPANY,RETURN_COST) values ('487221742342','2','999','15',null,'15');
Insert into ECI_DELIVERY_COST (DELIVERY_COST_ID,GOOD_TYPE,COST_TO,COST,COMPANY,RETURN_COST) values ('487221742344','2','999','15',null,'15');
Insert into ECI_DELIVERY_COST (DELIVERY_COST_ID,GOOD_TYPE,COST_TO,COST,COMPANY,RETURN_COST) values ('487223442362','1','999','4','6','4');
Insert into ECI_DELIVERY_COST (DELIVERY_COST_ID,GOOD_TYPE,COST_TO,COST,COMPANY,RETURN_COST) values ('487223442364','0','999','4','6','4');
Insert into ECI_DELIVERY_COST (DELIVERY_COST_ID,GOOD_TYPE,COST_TO,COST,COMPANY,RETURN_COST) values ('487223442360','2','999','4','6','4');
Insert into ECI_DELIVERY_COST (DELIVERY_COST_ID,GOOD_TYPE,COST_TO,COST,COMPANY,RETURN_COST) values ('487223442366','2','999','32',null,'32');
Insert into ECI_DELIVERY_COST (DELIVERY_COST_ID,GOOD_TYPE,COST_TO,COST,COMPANY,RETURN_COST) values ('487229042350','0','99','5',null,'4');
Insert into ECI_DELIVERY_COST (DELIVERY_COST_ID,GOOD_TYPE,COST_TO,COST,COMPANY,RETURN_COST) values ('487229042352','1','6','6',null,'5');
Insert into ECI_DELIVERY_COST (DELIVERY_COST_ID,GOOD_TYPE,COST_TO,COST,COMPANY,RETURN_COST) values ('487229242342','2','50','0','3',null);
Insert into ECI_DELIVERY_COST (DELIVERY_COST_ID,GOOD_TYPE,COST_TO,COST,COMPANY,RETURN_COST) values ('487229242348','2','500','40','4','30');
Insert into ECI_DELIVERY_COST (DELIVERY_COST_ID,GOOD_TYPE,COST_TO,COST,COMPANY,RETURN_COST) values ('487229242356','2','50','40','3','30');
Insert into ECI_DELIVERY_COST (DELIVERY_COST_ID,GOOD_TYPE,COST_TO,COST,COMPANY,RETURN_COST) values ('487229242354','2','500','40','4','35');
Insert into ECI_DELIVERY_COST (DELIVERY_COST_ID,GOOD_TYPE,COST_TO,COST,COMPANY,RETURN_COST) values ('487229242350','2','500','40','4','35');
Insert into ECI_DELIVERY_COST (DELIVERY_COST_ID,GOOD_TYPE,COST_TO,COST,COMPANY,RETURN_COST) values ('487229242358','2','50','30','3','30');
Insert into ECI_DELIVERY_COST (DELIVERY_COST_ID,GOOD_TYPE,COST_TO,COST,COMPANY,RETURN_COST) values ('487229242360','2','500','35','4','35');
Insert into ECI_DELIVERY_COST (DELIVERY_COST_ID,GOOD_TYPE,COST_TO,COST,COMPANY,RETURN_COST) values ('487229242362','2','500','45','2','45');
Insert into ECI_DELIVERY_COST (DELIVERY_COST_ID,GOOD_TYPE,COST_TO,COST,COMPANY,RETURN_COST) values ('487229242366','3','500','55','2','55');
Insert into ECI_DELIVERY_COST (DELIVERY_COST_ID,GOOD_TYPE,COST_TO,COST,COMPANY,RETURN_COST) values ('487229242368','1','500','60','4','60');
Insert into ECI_DELIVERY_COST (DELIVERY_COST_ID,GOOD_TYPE,COST_TO,COST,COMPANY,RETURN_COST) values ('487229242370','3','500','65','4','65');
Insert into ECI_DELIVERY_COST (DELIVERY_COST_ID,GOOD_TYPE,COST_TO,COST,COMPANY,RETURN_COST) values ('487229242372','3','500','70','4','70');
Insert into ECI_DELIVERY_COST (DELIVERY_COST_ID,GOOD_TYPE,COST_TO,COST,COMPANY,RETURN_COST) values ('487229242364','1','500','50','2','50');
Insert into ECI_DELIVERY_COST (DELIVERY_COST_ID,GOOD_TYPE,COST_TO,COST,COMPANY,RETURN_COST) values ('487229642348','2','999','3,5','3','3,4');
Insert into ECI_DELIVERY_COST (DELIVERY_COST_ID,GOOD_TYPE,COST_TO,COST,COMPANY,RETURN_COST) values ('487229642344','0','999','5,5','3','5,4');
Insert into ECI_DELIVERY_COST (DELIVERY_COST_ID,GOOD_TYPE,COST_TO,COST,COMPANY,RETURN_COST) values ('487229642346','1','999','4,5','3','4,4');
Insert into ECI_DELIVERY_COST (DELIVERY_COST_ID,GOOD_TYPE,COST_TO,COST,COMPANY,RETURN_COST) values ('487229642354','3','999','2,5','3','2,4');
Insert into ECI_DELIVERY_COST (DELIVERY_COST_ID,GOOD_TYPE,COST_TO,COST,COMPANY,RETURN_COST) values ('487229642352','3','999','2,5','3','2,4');
Insert into ECI_DELIVERY_COST (DELIVERY_COST_ID,GOOD_TYPE,COST_TO,COST,COMPANY,RETURN_COST) values ('487229642350','3','999','2,5','3','2,4');
Insert into ECI_DELIVERY_COST (DELIVERY_COST_ID,GOOD_TYPE,COST_TO,COST,COMPANY,RETURN_COST) values ('487230042342','2','999','96','3','96');
Insert into ECI_DELIVERY_COST (DELIVERY_COST_ID,GOOD_TYPE,COST_TO,COST,COMPANY,RETURN_COST) values ('487230042344','2','999','3,5','3','3,5');
Insert into ECI_DELIVERY_COST (DELIVERY_COST_ID,GOOD_TYPE,COST_TO,COST,COMPANY,RETURN_COST) values ('487223442350','3','999','3','4','3');
Insert into ECI_DELIVERY_COST (DELIVERY_COST_ID,GOOD_TYPE,COST_TO,COST,COMPANY,RETURN_COST) values ('487223442352','2','999','3','4','3');
Insert into ECI_DELIVERY_COST (DELIVERY_COST_ID,GOOD_TYPE,COST_TO,COST,COMPANY,RETURN_COST) values ('487223442358','3','999','4','6','4');
Insert into ECI_DELIVERY_COST (DELIVERY_COST_ID,GOOD_TYPE,COST_TO,COST,COMPANY,RETURN_COST) values ('487223442354','1','999','3','4','3');
Insert into ECI_DELIVERY_COST (DELIVERY_COST_ID,GOOD_TYPE,COST_TO,COST,COMPANY,RETURN_COST) values ('487223442356','0','999','3','4','3');
Insert into ECI_DELIVERY_COST (DELIVERY_COST_ID,GOOD_TYPE,COST_TO,COST,COMPANY,RETURN_COST) values ('487223442342','3','999','2','2','2');
Insert into ECI_DELIVERY_COST (DELIVERY_COST_ID,GOOD_TYPE,COST_TO,COST,COMPANY,RETURN_COST) values ('487223442348','0','999','2','2','2');
Insert into ECI_DELIVERY_COST (DELIVERY_COST_ID,GOOD_TYPE,COST_TO,COST,COMPANY,RETURN_COST) values ('487223442346','1','999','2','2','2');
Insert into ECI_DELIVERY_COST (DELIVERY_COST_ID,GOOD_TYPE,COST_TO,COST,COMPANY,RETURN_COST) values ('487223442344','2','999','2','2','2');
Insert into ECI_DELIVERY_COST (DELIVERY_COST_ID,GOOD_TYPE,COST_TO,COST,COMPANY,RETURN_COST) values ('487227042358','3','999','8,1',null,'10,1');
Insert into ECI_DELIVERY_COST (DELIVERY_COST_ID,GOOD_TYPE,COST_TO,COST,COMPANY,RETURN_COST) values ('487227042342','3','2','6,55',null,'8,55');
Insert into ECI_DELIVERY_COST (DELIVERY_COST_ID,GOOD_TYPE,COST_TO,COST,COMPANY,RETURN_COST) values ('487227042344','2','2','8,88',null,'10,88');
Insert into ECI_DELIVERY_COST (DELIVERY_COST_ID,GOOD_TYPE,COST_TO,COST,COMPANY,RETURN_COST) values ('487227642342','0','7','9,85','3','9,85');
Insert into ECI_DELIVERY_COST (DELIVERY_COST_ID,GOOD_TYPE,COST_TO,COST,COMPANY,RETURN_COST) values ('487221842344','1','999','665',null,'665');
Insert into ECI_DELIVERY_COST (DELIVERY_COST_ID,GOOD_TYPE,COST_TO,COST,COMPANY,RETURN_COST) values ('487221842342','2','999','666',null,'666');
Insert into ECI_DELIVERY_COST (DELIVERY_COST_ID,GOOD_TYPE,COST_TO,COST,COMPANY,RETURN_COST) values ('487221842348','3','999','663',null,'663');
Insert into ECI_DELIVERY_COST (DELIVERY_COST_ID,GOOD_TYPE,COST_TO,COST,COMPANY,RETURN_COST) values ('487221842346','0','999','664',null,'664');
Insert into ECI_DELIVERY_COST (DELIVERY_COST_ID,GOOD_TYPE,COST_TO,COST,COMPANY,RETURN_COST) values ('487221842350','0','999','555',null,'555');
Insert into ECI_DELIVERY_COST (DELIVERY_COST_ID,GOOD_TYPE,COST_TO,COST,COMPANY,RETURN_COST) values ('487221842352','1','999','554',null,'554');
Insert into ECI_DELIVERY_COST (DELIVERY_COST_ID,GOOD_TYPE,COST_TO,COST,COMPANY,RETURN_COST) values ('487221842354',null,'999','553',null,'553');
Insert into ECI_DELIVERY_COST (DELIVERY_COST_ID,GOOD_TYPE,COST_TO,COST,COMPANY,RETURN_COST) values ('487221842356','3','999','553',null,'553');
Insert into ECI_DELIVERY_COST (DELIVERY_COST_ID,GOOD_TYPE,COST_TO,COST,COMPANY,RETURN_COST) values ('487221842358','2','999','552',null,'552');
Insert into ECI_DELIVERY_COST (DELIVERY_COST_ID,GOOD_TYPE,COST_TO,COST,COMPANY,RETURN_COST) values ('487226642342','3','999','25',null,'25');
Insert into ECI_DELIVERY_COST (DELIVERY_COST_ID,GOOD_TYPE,COST_TO,COST,COMPANY,RETURN_COST) values ('487226642348','3','999','12','3','12');
Insert into ECI_DELIVERY_COST (DELIVERY_COST_ID,GOOD_TYPE,COST_TO,COST,COMPANY,RETURN_COST) values ('487226642346','3','999','12',null,'12');
Insert into ECI_DELIVERY_COST (DELIVERY_COST_ID,GOOD_TYPE,COST_TO,COST,COMPANY,RETURN_COST) values ('487226642350','0','999','12',null,'12');
Insert into ECI_DELIVERY_COST (DELIVERY_COST_ID,GOOD_TYPE,COST_TO,COST,COMPANY,RETURN_COST) values ('487226642352','1','999','12',null,'12');
Insert into ECI_DELIVERY_COST (DELIVERY_COST_ID,GOOD_TYPE,COST_TO,COST,COMPANY,RETURN_COST) values ('487226642354','2','999','12',null,'12');
Insert into ECI_DELIVERY_COST (DELIVERY_COST_ID,GOOD_TYPE,COST_TO,COST,COMPANY,RETURN_COST) values ('487222942412','0','999','1',null,'1');
Insert into ECI_DELIVERY_COST (DELIVERY_COST_ID,GOOD_TYPE,COST_TO,COST,COMPANY,RETURN_COST) values ('487222942410','1','999','1',null,'1');
Insert into ECI_DELIVERY_COST (DELIVERY_COST_ID,GOOD_TYPE,COST_TO,COST,COMPANY,RETURN_COST) values ('487222342342','3','999','2,9',null,'2,9');
Insert into ECI_DELIVERY_COST (DELIVERY_COST_ID,GOOD_TYPE,COST_TO,COST,COMPANY,RETURN_COST) values ('487222342348','2','999','3,9',null,'3,9');
Insert into ECI_DELIVERY_COST (DELIVERY_COST_ID,GOOD_TYPE,COST_TO,COST,COMPANY,RETURN_COST) values ('487222342346','1','999','4,9',null,'4,9');
Insert into ECI_DELIVERY_COST (DELIVERY_COST_ID,GOOD_TYPE,COST_TO,COST,COMPANY,RETURN_COST) values ('487222342344','1','999','3,9',null,'3,9');
Insert into ECI_DELIVERY_COST (DELIVERY_COST_ID,GOOD_TYPE,COST_TO,COST,COMPANY,RETURN_COST) values ('487222942400','0','10','40',null,'40');
Insert into ECI_DELIVERY_COST (DELIVERY_COST_ID,GOOD_TYPE,COST_TO,COST,COMPANY,RETURN_COST) values ('487222942402','1','15','50',null,'50');
Insert into ECI_DELIVERY_COST (DELIVERY_COST_ID,GOOD_TYPE,COST_TO,COST,COMPANY,RETURN_COST) values ('487222942404','0','999','28,9',null,'28,9');
Insert into ECI_DELIVERY_COST (DELIVERY_COST_ID,GOOD_TYPE,COST_TO,COST,COMPANY,RETURN_COST) values ('487222942406','3','999','1',null,'1');
Insert into ECI_DELIVERY_COST (DELIVERY_COST_ID,GOOD_TYPE,COST_TO,COST,COMPANY,RETURN_COST) values ('487222942408','2','999','1',null,'1');
Insert into ECI_DELIVERY_COST (DELIVERY_COST_ID,GOOD_TYPE,COST_TO,COST,COMPANY,RETURN_COST) values ('487222942386','2','999','17,7',null,'17,7');
Insert into ECI_DELIVERY_COST (DELIVERY_COST_ID,GOOD_TYPE,COST_TO,COST,COMPANY,RETURN_COST) values ('487222942388','1','7','9,8',null,'9,8');
Insert into ECI_DELIVERY_COST (DELIVERY_COST_ID,GOOD_TYPE,COST_TO,COST,COMPANY,RETURN_COST) values ('487222942380','3','999','5,9',null,'5,9');
Insert into ECI_DELIVERY_COST (DELIVERY_COST_ID,GOOD_TYPE,COST_TO,COST,COMPANY,RETURN_COST) values ('487222942382','2','15','11,8',null,'11,8');
Insert into ECI_DELIVERY_COST (DELIVERY_COST_ID,GOOD_TYPE,COST_TO,COST,COMPANY,RETURN_COST) values ('487222942384','2','24','17,7',null,'17,7');
Insert into ECI_DELIVERY_COST (DELIVERY_COST_ID,GOOD_TYPE,COST_TO,COST,COMPANY,RETURN_COST) values ('487222942376','0','999','50,5',null,'50,5');
Insert into ECI_DELIVERY_COST (DELIVERY_COST_ID,GOOD_TYPE,COST_TO,COST,COMPANY,RETURN_COST) values ('487222942374','0','10','42,5',null,'42,5');
Insert into ECI_DELIVERY_COST (DELIVERY_COST_ID,GOOD_TYPE,COST_TO,COST,COMPANY,RETURN_COST) values ('487222942378','2','7','5,9',null,'5,9');
Insert into ECI_DELIVERY_COST (DELIVERY_COST_ID,GOOD_TYPE,COST_TO,COST,COMPANY,RETURN_COST) values ('487222942372','0','5','29,5',null,'28,5');
Insert into ECI_DELIVERY_COST (DELIVERY_COST_ID,GOOD_TYPE,COST_TO,COST,COMPANY,RETURN_COST) values ('487222942370','0','2','14,5',null,'14,5');
Insert into ECI_DELIVERY_COST (DELIVERY_COST_ID,GOOD_TYPE,COST_TO,COST,COMPANY,RETURN_COST) values ('487222942398','0','5','28,9',null,'28,9');
Insert into ECI_DELIVERY_COST (DELIVERY_COST_ID,GOOD_TYPE,COST_TO,COST,COMPANY,RETURN_COST) values ('487222942396','0','2','14',null,'14');
Insert into ECI_DELIVERY_COST (DELIVERY_COST_ID,GOOD_TYPE,COST_TO,COST,COMPANY,RETURN_COST) values ('487222942394','1','999','28,8',null,'28,8');
Insert into ECI_DELIVERY_COST (DELIVERY_COST_ID,GOOD_TYPE,COST_TO,COST,COMPANY,RETURN_COST) values ('487222942392','1','24','28,8',null,'28,8');
Insert into ECI_DELIVERY_COST (DELIVERY_COST_ID,GOOD_TYPE,COST_TO,COST,COMPANY,RETURN_COST) values ('487222942390','1','15','18,9',null,'18,9');
Insert into ECI_DELIVERY_COST (DELIVERY_COST_ID,GOOD_TYPE,COST_TO,COST,COMPANY,RETURN_COST) values ('487221942344',null,'999','2','4','2');
Insert into ECI_DELIVERY_COST (DELIVERY_COST_ID,GOOD_TYPE,COST_TO,COST,COMPANY,RETURN_COST) values ('487221942342','3','999','2','4','2');
Insert into ECI_DELIVERY_COST (DELIVERY_COST_ID,GOOD_TYPE,COST_TO,COST,COMPANY,RETURN_COST) values ('487221942348','1','999','2','4','2');
Insert into ECI_DELIVERY_COST (DELIVERY_COST_ID,GOOD_TYPE,COST_TO,COST,COMPANY,RETURN_COST) values ('487221942346','2','999','2','4','2');
Insert into ECI_DELIVERY_COST (DELIVERY_COST_ID,GOOD_TYPE,COST_TO,COST,COMPANY,RETURN_COST) values ('487221942358','0','999','2','5','2');
Insert into ECI_DELIVERY_COST (DELIVERY_COST_ID,GOOD_TYPE,COST_TO,COST,COMPANY,RETURN_COST) values ('487221942354','2','999','2','5','2');
Insert into ECI_DELIVERY_COST (DELIVERY_COST_ID,GOOD_TYPE,COST_TO,COST,COMPANY,RETURN_COST) values ('487221942356','1','999','2','5','2');
Insert into ECI_DELIVERY_COST (DELIVERY_COST_ID,GOOD_TYPE,COST_TO,COST,COMPANY,RETURN_COST) values ('487221942350','0','999','2','4','2');
Insert into ECI_DELIVERY_COST (DELIVERY_COST_ID,GOOD_TYPE,COST_TO,COST,COMPANY,RETURN_COST) values ('487221942352','3','999','2','5','2');
Insert into ECI_DELIVERY_COST (DELIVERY_COST_ID,GOOD_TYPE,COST_TO,COST,COMPANY,RETURN_COST) values ('487221942366','0','999','3','6','3');
Insert into ECI_DELIVERY_COST (DELIVERY_COST_ID,GOOD_TYPE,COST_TO,COST,COMPANY,RETURN_COST) values ('487221942364','1','999','3','6','3');
Insert into ECI_DELIVERY_COST (DELIVERY_COST_ID,GOOD_TYPE,COST_TO,COST,COMPANY,RETURN_COST) values ('487221942362','2','999','3','6','3');
Insert into ECI_DELIVERY_COST (DELIVERY_COST_ID,GOOD_TYPE,COST_TO,COST,COMPANY,RETURN_COST) values ('487221942360','3','999','3','6','3');
Insert into ECI_DELIVERY_COST (DELIVERY_COST_ID,GOOD_TYPE,COST_TO,COST,COMPANY,RETURN_COST) values ('487222342352','0','999','5,9',null,'5,9');
Insert into ECI_DELIVERY_COST (DELIVERY_COST_ID,GOOD_TYPE,COST_TO,COST,COMPANY,RETURN_COST) values ('487222342350','1','999','4,9',null,'4,9');
Insert into ECI_DELIVERY_COST (DELIVERY_COST_ID,GOOD_TYPE,COST_TO,COST,COMPANY,RETURN_COST) values ('487223842342','0','2','13',null,'13');
Insert into ECI_DELIVERY_COST (DELIVERY_COST_ID,GOOD_TYPE,COST_TO,COST,COMPANY,RETURN_COST) values ('487225942342','2','7','5,9',null,'6,9');
Insert into ECI_DELIVERY_COST (DELIVERY_COST_ID,GOOD_TYPE,COST_TO,COST,COMPANY,RETURN_COST) values ('487222942352','2','15','11,9',null,'11,9');
Insert into ECI_DELIVERY_COST (DELIVERY_COST_ID,GOOD_TYPE,COST_TO,COST,COMPANY,RETURN_COST) values ('487222942354','2','24','17,8',null,'17,8');
Insert into ECI_DELIVERY_COST (DELIVERY_COST_ID,GOOD_TYPE,COST_TO,COST,COMPANY,RETURN_COST) values ('487222942356','2','35','23,7',null,'23,7');
Insert into ECI_DELIVERY_COST (DELIVERY_COST_ID,GOOD_TYPE,COST_TO,COST,COMPANY,RETURN_COST) values ('487222942358','2','999','29,6',null,'29,6');
Insert into ECI_DELIVERY_COST (DELIVERY_COST_ID,GOOD_TYPE,COST_TO,COST,COMPANY,RETURN_COST) values ('487222942350','2','7','6',null,'6');
Insert into ECI_DELIVERY_COST (DELIVERY_COST_ID,GOOD_TYPE,COST_TO,COST,COMPANY,RETURN_COST) values ('487222942366','1','35','38,6',null,'38,6');
Insert into ECI_DELIVERY_COST (DELIVERY_COST_ID,GOOD_TYPE,COST_TO,COST,COMPANY,RETURN_COST) values ('487222942364','1','24','28,8',null,'28,8');
Insert into ECI_DELIVERY_COST (DELIVERY_COST_ID,GOOD_TYPE,COST_TO,COST,COMPANY,RETURN_COST) values ('487222942368','1','999','47,8',null,'47,8');
Insert into ECI_DELIVERY_COST (DELIVERY_COST_ID,GOOD_TYPE,COST_TO,COST,COMPANY,RETURN_COST) values ('487222942362','1','15','19',null,'19');
Insert into ECI_DELIVERY_COST (DELIVERY_COST_ID,GOOD_TYPE,COST_TO,COST,COMPANY,RETURN_COST) values ('487222942360','1','7','9,9',null,'9,9');
Insert into ECI_DELIVERY_COST (DELIVERY_COST_ID,GOOD_TYPE,COST_TO,COST,COMPANY,RETURN_COST) values ('487222942348','3','999','8',null,'8');
Insert into ECI_DELIVERY_COST (DELIVERY_COST_ID,GOOD_TYPE,COST_TO,COST,COMPANY,RETURN_COST) values ('487222942346','3','10','6',null,'6');
Insert into ECI_DELIVERY_COST (DELIVERY_COST_ID,GOOD_TYPE,COST_TO,COST,COMPANY,RETURN_COST) values ('487222942344','3','999','7,9',null,'7,9');
Insert into ECI_DELIVERY_COST (DELIVERY_COST_ID,GOOD_TYPE,COST_TO,COST,COMPANY,RETURN_COST) values ('487222942342','3','10','5,9',null,'5,9');
Insert into ECI_DELIVERY_COST (DELIVERY_COST_ID,GOOD_TYPE,COST_TO,COST,COMPANY,RETURN_COST) values ('487224942342','1','99','50',null,null);
Insert into ECI_DELIVERY_COST (DELIVERY_COST_ID,GOOD_TYPE,COST_TO,COST,COMPANY,RETURN_COST) values ('487224742342','1','99','11,23',null,'5');
Insert into ECI_DELIVERY_COST (DELIVERY_COST_ID,GOOD_TYPE,COST_TO,COST,COMPANY,RETURN_COST) values ('487224742344','0','99','10,23',null,'4');
Insert into ECI_DELIVERY_COST (DELIVERY_COST_ID,GOOD_TYPE,COST_TO,COST,COMPANY,RETURN_COST) values ('487224742350','1','999','12,59',null,null);
Insert into ECI_DELIVERY_COST (DELIVERY_COST_ID,GOOD_TYPE,COST_TO,COST,COMPANY,RETURN_COST) values ('487224742352','1','5','8,59',null,null);
Insert into ECI_DELIVERY_COST (DELIVERY_COST_ID,GOOD_TYPE,COST_TO,COST,COMPANY,RETURN_COST) values ('487224742354','2','999','12,59',null,null);
Insert into ECI_DELIVERY_COST (DELIVERY_COST_ID,GOOD_TYPE,COST_TO,COST,COMPANY,RETURN_COST) values ('487224742358','2','5','8,59',null,null);
Insert into ECI_DELIVERY_COST (DELIVERY_COST_ID,GOOD_TYPE,COST_TO,COST,COMPANY,RETURN_COST) values ('487225842348','2','10','0,5',null,null);
Insert into ECI_DELIVERY_COST (DELIVERY_COST_ID,GOOD_TYPE,COST_TO,COST,COMPANY,RETURN_COST) values ('487225842352','2','10','6',null,'6');
Insert into ECI_DELIVERY_COST (DELIVERY_COST_ID,GOOD_TYPE,COST_TO,COST,COMPANY,RETURN_COST) values ('487225842354','2','10','4',null,'4');
Insert into ECI_DELIVERY_COST (DELIVERY_COST_ID,GOOD_TYPE,COST_TO,COST,COMPANY,RETURN_COST) values ('487225842350','2','10','0,5',null,'0,5');
Insert into ECI_DELIVERY_COST (DELIVERY_COST_ID,GOOD_TYPE,COST_TO,COST,COMPANY,RETURN_COST) values ('487222042362','3','999','2','6','2');
Insert into ECI_DELIVERY_COST (DELIVERY_COST_ID,GOOD_TYPE,COST_TO,COST,COMPANY,RETURN_COST) values ('487222042364','2','999','2','6','2');
Insert into ECI_DELIVERY_COST (DELIVERY_COST_ID,GOOD_TYPE,COST_TO,COST,COMPANY,RETURN_COST) values ('487222042366','1','999','2','6','2');
Insert into ECI_DELIVERY_COST (DELIVERY_COST_ID,GOOD_TYPE,COST_TO,COST,COMPANY,RETURN_COST) values ('487222042368','0','999','2','6','2');
Insert into ECI_DELIVERY_COST (DELIVERY_COST_ID,GOOD_TYPE,COST_TO,COST,COMPANY,RETURN_COST) values ('487222042360','0','999','2','5','2');
Insert into ECI_DELIVERY_COST (DELIVERY_COST_ID,GOOD_TYPE,COST_TO,COST,COMPANY,RETURN_COST) values ('487222042344','3','999','2','4','2');
Insert into ECI_DELIVERY_COST (DELIVERY_COST_ID,GOOD_TYPE,COST_TO,COST,COMPANY,RETURN_COST) values ('487222042358','1','999','2','5','2');
Insert into ECI_DELIVERY_COST (DELIVERY_COST_ID,GOOD_TYPE,COST_TO,COST,COMPANY,RETURN_COST) values ('487222042356','2','999','2','5','2');
Insert into ECI_DELIVERY_COST (DELIVERY_COST_ID,GOOD_TYPE,COST_TO,COST,COMPANY,RETURN_COST) values ('487222042354','3','999','2','5','2');
Insert into ECI_DELIVERY_COST (DELIVERY_COST_ID,GOOD_TYPE,COST_TO,COST,COMPANY,RETURN_COST) values ('487222042352','0','999','2','4','2');
Insert into ECI_DELIVERY_COST (DELIVERY_COST_ID,GOOD_TYPE,COST_TO,COST,COMPANY,RETURN_COST) values ('487222042350','1','999','2','4','2');
Insert into ECI_DELIVERY_COST (DELIVERY_COST_ID,GOOD_TYPE,COST_TO,COST,COMPANY,RETURN_COST) values ('487222042348','2','999','2','4','2');
Insert into ECI_DELIVERY_COST (DELIVERY_COST_ID,GOOD_TYPE,COST_TO,COST,COMPANY,RETURN_COST) values ('487224442342','2','999','3,99',null,'3,99');
Insert into ECI_DELIVERY_COST (DELIVERY_COST_ID,GOOD_TYPE,COST_TO,COST,COMPANY,RETURN_COST) values ('487225542344','2','1000','5','3','5');
Insert into ECI_DELIVERY_COST (DELIVERY_COST_ID,GOOD_TYPE,COST_TO,COST,COMPANY,RETURN_COST) values ('487225542342','3','1000','5','3','5');
Insert into ECI_DELIVERY_COST (DELIVERY_COST_ID,GOOD_TYPE,COST_TO,COST,COMPANY,RETURN_COST) values ('487227842344','0','6','66,66','3','66,66');
Insert into ECI_DELIVERY_COST (DELIVERY_COST_ID,GOOD_TYPE,COST_TO,COST,COMPANY,RETURN_COST) values ('487227942342','3','999','7,5',null,'7,5');
Insert into ECI_DELIVERY_COST (DELIVERY_COST_ID,GOOD_TYPE,COST_TO,COST,COMPANY,RETURN_COST) values ('487227942344','2','999','7,5',null,'7,5');
Insert into ECI_DELIVERY_COST (DELIVERY_COST_ID,GOOD_TYPE,COST_TO,COST,COMPANY,RETURN_COST) values ('487227942346','1','999','7,5',null,'7,5');
Insert into ECI_DELIVERY_COST (DELIVERY_COST_ID,GOOD_TYPE,COST_TO,COST,COMPANY,RETURN_COST) values ('487227942348','0','999','7,5',null,'7,5');
Insert into ECI_DELIVERY_COST (DELIVERY_COST_ID,GOOD_TYPE,COST_TO,COST,COMPANY,RETURN_COST) values ('487220942342','0','14','20',null,'20');
Insert into ECI_DELIVERY_COST (DELIVERY_COST_ID,GOOD_TYPE,COST_TO,COST,COMPANY,RETURN_COST) values ('487224142346','3','5','7,89',null,'7,89');
Insert into ECI_DELIVERY_COST (DELIVERY_COST_ID,GOOD_TYPE,COST_TO,COST,COMPANY,RETURN_COST) values ('487224142354','2','999','12,89',null,'12,89');
Insert into ECI_DELIVERY_COST (DELIVERY_COST_ID,GOOD_TYPE,COST_TO,COST,COMPANY,RETURN_COST) values ('487224142356','3','5','7,79',null,'7,79');
Insert into ECI_DELIVERY_COST (DELIVERY_COST_ID,GOOD_TYPE,COST_TO,COST,COMPANY,RETURN_COST) values ('487224142350','2','5','8,89',null,'8,89');
Insert into ECI_DELIVERY_COST (DELIVERY_COST_ID,GOOD_TYPE,COST_TO,COST,COMPANY,RETURN_COST) values ('487224142352','1','999','12,89',null,'12,89');
Insert into ECI_DELIVERY_COST (DELIVERY_COST_ID,GOOD_TYPE,COST_TO,COST,COMPANY,RETURN_COST) values ('487224142348','3','999','11,89',null,'11,89');
Insert into ECI_DELIVERY_COST (DELIVERY_COST_ID,GOOD_TYPE,COST_TO,COST,COMPANY,RETURN_COST) values ('487224142360','2','5','8,79',null,'8,79');
Insert into ECI_DELIVERY_COST (DELIVERY_COST_ID,GOOD_TYPE,COST_TO,COST,COMPANY,RETURN_COST) values ('487224142368','3','999','11,69',null,'11,69');
Insert into ECI_DELIVERY_COST (DELIVERY_COST_ID,GOOD_TYPE,COST_TO,COST,COMPANY,RETURN_COST) values ('487224142366','3','5','7,69',null,'7,69');
Insert into ECI_DELIVERY_COST (DELIVERY_COST_ID,GOOD_TYPE,COST_TO,COST,COMPANY,RETURN_COST) values ('487224142364','2','999','12,79',null,'12,79');
Insert into ECI_DELIVERY_COST (DELIVERY_COST_ID,GOOD_TYPE,COST_TO,COST,COMPANY,RETURN_COST) values ('487224142362','2','5','8,79',null,'8,79');
Insert into ECI_DELIVERY_COST (DELIVERY_COST_ID,GOOD_TYPE,COST_TO,COST,COMPANY,RETURN_COST) values ('487224142358','3','999','11,79',null,'11,79');
Insert into ECI_DELIVERY_COST (DELIVERY_COST_ID,GOOD_TYPE,COST_TO,COST,COMPANY,RETURN_COST) values ('487224142372','2','5','8,69',null,'8,69');
Insert into ECI_DELIVERY_COST (DELIVERY_COST_ID,GOOD_TYPE,COST_TO,COST,COMPANY,RETURN_COST) values ('487224142374','2','999','12,69',null,'12,69');
Insert into ECI_DELIVERY_COST (DELIVERY_COST_ID,GOOD_TYPE,COST_TO,COST,COMPANY,RETURN_COST) values ('487224142376','3','5','7,59',null,'7,59');
Insert into ECI_DELIVERY_COST (DELIVERY_COST_ID,GOOD_TYPE,COST_TO,COST,COMPANY,RETURN_COST) values ('487224142378','3','999','11,59',null,'11,59');
Insert into ECI_DELIVERY_COST (DELIVERY_COST_ID,GOOD_TYPE,COST_TO,COST,COMPANY,RETURN_COST) values ('487224142382','2','999','12,59',null,'12,59');
Insert into ECI_DELIVERY_COST (DELIVERY_COST_ID,GOOD_TYPE,COST_TO,COST,COMPANY,RETURN_COST) values ('487224142380','2','5','8,59',null,'8,59');
Insert into ECI_DELIVERY_COST (DELIVERY_COST_ID,GOOD_TYPE,COST_TO,COST,COMPANY,RETURN_COST) values ('487222442352','2','999','3,5',null,'3,5');
Insert into ECI_DELIVERY_COST (DELIVERY_COST_ID,GOOD_TYPE,COST_TO,COST,COMPANY,RETURN_COST) values ('487222442354','1','999','4,5',null,'4,5');
Insert into ECI_DELIVERY_COST (DELIVERY_COST_ID,GOOD_TYPE,COST_TO,COST,COMPANY,RETURN_COST) values ('487222442350','3','999','2,5',null,'2,5');
Insert into ECI_DELIVERY_COST (DELIVERY_COST_ID,GOOD_TYPE,COST_TO,COST,COMPANY,RETURN_COST) values ('487222442356','0','999','5,5',null,'5,5');
Insert into ECI_DELIVERY_COST (DELIVERY_COST_ID,GOOD_TYPE,COST_TO,COST,COMPANY,RETURN_COST) values ('487222442342','3','999','2',null,'2');
Insert into ECI_DELIVERY_COST (DELIVERY_COST_ID,GOOD_TYPE,COST_TO,COST,COMPANY,RETURN_COST) values ('487224642342','2','999','12,79',null,null);
Insert into ECI_DELIVERY_COST (DELIVERY_COST_ID,GOOD_TYPE,COST_TO,COST,COMPANY,RETURN_COST) values ('487222442348','0','999','5',null,'5');
Insert into ECI_DELIVERY_COST (DELIVERY_COST_ID,GOOD_TYPE,COST_TO,COST,COMPANY,RETURN_COST) values ('487222442346','1','999','4',null,'4');
Insert into ECI_DELIVERY_COST (DELIVERY_COST_ID,GOOD_TYPE,COST_TO,COST,COMPANY,RETURN_COST) values ('487222442344','2','999','3',null,'3');
Insert into ECI_DELIVERY_COST (DELIVERY_COST_ID,GOOD_TYPE,COST_TO,COST,COMPANY,RETURN_COST) values ('487223042370','0','5','55',null,'55');
Insert into ECI_DELIVERY_COST (DELIVERY_COST_ID,GOOD_TYPE,COST_TO,COST,COMPANY,RETURN_COST) values ('487223042372','0','25','76',null,'76');
Insert into ECI_DELIVERY_COST (DELIVERY_COST_ID,GOOD_TYPE,COST_TO,COST,COMPANY,RETURN_COST) values ('487223042374','0','50','105',null,'105');
Insert into ECI_DELIVERY_COST (DELIVERY_COST_ID,GOOD_TYPE,COST_TO,COST,COMPANY,RETURN_COST) values ('487223042376','0','999','56',null,'56');
Insert into ECI_DELIVERY_COST (DELIVERY_COST_ID,GOOD_TYPE,COST_TO,COST,COMPANY,RETURN_COST) values ('487223042360','1','15','40',null,'40');
Insert into ECI_DELIVERY_COST (DELIVERY_COST_ID,GOOD_TYPE,COST_TO,COST,COMPANY,RETURN_COST) values ('487223042364','1','50','77',null,'77');
Insert into ECI_DELIVERY_COST (DELIVERY_COST_ID,GOOD_TYPE,COST_TO,COST,COMPANY,RETURN_COST) values ('487223042362','1','24','55',null,'55');
Insert into ECI_DELIVERY_COST (DELIVERY_COST_ID,GOOD_TYPE,COST_TO,COST,COMPANY,RETURN_COST) values ('487223042368','0','2','45',null,'45');
Insert into ECI_DELIVERY_COST (DELIVERY_COST_ID,GOOD_TYPE,COST_TO,COST,COMPANY,RETURN_COST) values ('487223042366','1','999','80',null,'80');
Insert into ECI_DELIVERY_COST (DELIVERY_COST_ID,GOOD_TYPE,COST_TO,COST,COMPANY,RETURN_COST) values ('487223042358','1','7','35',null,'35');
Insert into ECI_DELIVERY_COST (DELIVERY_COST_ID,GOOD_TYPE,COST_TO,COST,COMPANY,RETURN_COST) values ('487223042354','2','50','51',null,'51');
Insert into ECI_DELIVERY_COST (DELIVERY_COST_ID,GOOD_TYPE,COST_TO,COST,COMPANY,RETURN_COST) values ('487223042356','2','999','55',null,'55');
Insert into ECI_DELIVERY_COST (DELIVERY_COST_ID,GOOD_TYPE,COST_TO,COST,COMPANY,RETURN_COST) values ('487223042352','2','24','41',null,'41');
Insert into ECI_DELIVERY_COST (DELIVERY_COST_ID,GOOD_TYPE,COST_TO,COST,COMPANY,RETURN_COST) values ('487223042348','2','15','31',null,'31');
Insert into ECI_DELIVERY_COST (DELIVERY_COST_ID,GOOD_TYPE,COST_TO,COST,COMPANY,RETURN_COST) values ('487223042346','3','999','22',null,'22');
Insert into ECI_DELIVERY_COST (DELIVERY_COST_ID,GOOD_TYPE,COST_TO,COST,COMPANY,RETURN_COST) values ('487223042344','3','35','21',null,'21');
Insert into ECI_DELIVERY_COST (DELIVERY_COST_ID,GOOD_TYPE,COST_TO,COST,COMPANY,RETURN_COST) values ('487221042364','1','999','28,8',null,'28,8');
Insert into ECI_DELIVERY_COST (DELIVERY_COST_ID,GOOD_TYPE,COST_TO,COST,COMPANY,RETURN_COST) values ('487221042360','2','7','5,9',null,'5,9');
Insert into ECI_DELIVERY_COST (DELIVERY_COST_ID,GOOD_TYPE,COST_TO,COST,COMPANY,RETURN_COST) values ('487228442342','3','999','2,3',null,'2,3');
Insert into ECI_DELIVERY_COST (DELIVERY_COST_ID,GOOD_TYPE,COST_TO,COST,COMPANY,RETURN_COST) values ('487228442344','2','999','3,3',null,'3,3');
Insert into ECI_DELIVERY_COST (DELIVERY_COST_ID,GOOD_TYPE,COST_TO,COST,COMPANY,RETURN_COST) values ('487228442352','2','999','1,7',null,'1,7');
Insert into ECI_DELIVERY_COST (DELIVERY_COST_ID,GOOD_TYPE,COST_TO,COST,COMPANY,RETURN_COST) values ('487228442350','3','999','1,6',null,'1,6');
Insert into ECI_DELIVERY_COST (DELIVERY_COST_ID,GOOD_TYPE,COST_TO,COST,COMPANY,RETURN_COST) values ('487228442356','0','999','1,9',null,'1,9');
Insert into ECI_DELIVERY_COST (DELIVERY_COST_ID,GOOD_TYPE,COST_TO,COST,COMPANY,RETURN_COST) values ('487228442354','1','999','1,8',null,'1,8');
Insert into ECI_DELIVERY_COST (DELIVERY_COST_ID,GOOD_TYPE,COST_TO,COST,COMPANY,RETURN_COST) values ('487228442348','0','999','5,3',null,'5,3');
Insert into ECI_DELIVERY_COST (DELIVERY_COST_ID,GOOD_TYPE,COST_TO,COST,COMPANY,RETURN_COST) values ('487228442346','1','999','4,3',null,'4,3');
Insert into ECI_DELIVERY_COST (DELIVERY_COST_ID,GOOD_TYPE,COST_TO,COST,COMPANY,RETURN_COST) values ('487221042350','1','25','28,8',null,'28,8');
Insert into ECI_DELIVERY_COST (DELIVERY_COST_ID,GOOD_TYPE,COST_TO,COST,COMPANY,RETURN_COST) values ('487221042356','0','2','14',null,'14');
Insert into ECI_DELIVERY_COST (DELIVERY_COST_ID,GOOD_TYPE,COST_TO,COST,COMPANY,RETURN_COST) values ('487221042358','2','15','11,8',null,'11,8');
Insert into ECI_DELIVERY_COST (DELIVERY_COST_ID,GOOD_TYPE,COST_TO,COST,COMPANY,RETURN_COST) values ('487221042352','1','15','18,9',null,'18,9');
Insert into ECI_DELIVERY_COST (DELIVERY_COST_ID,GOOD_TYPE,COST_TO,COST,COMPANY,RETURN_COST) values ('487221042354','1','7','9,8',null,'9,8');
Insert into ECI_DELIVERY_COST (DELIVERY_COST_ID,GOOD_TYPE,COST_TO,COST,COMPANY,RETURN_COST) values ('487221042348',null,'999','28,8',null,'28,8');
Insert into ECI_DELIVERY_COST (DELIVERY_COST_ID,GOOD_TYPE,COST_TO,COST,COMPANY,RETURN_COST) values ('487221042346','0','5','28,9',null,'28,9');
Insert into ECI_DELIVERY_COST (DELIVERY_COST_ID,GOOD_TYPE,COST_TO,COST,COMPANY,RETURN_COST) values ('487221042344','0','999','28,9',null,'28,9');
Insert into ECI_DELIVERY_COST (DELIVERY_COST_ID,GOOD_TYPE,COST_TO,COST,COMPANY,RETURN_COST) values ('487221042342','2','999','17,7',null,'17,7');
Insert into ECI_DELIVERY_COST (DELIVERY_COST_ID,GOOD_TYPE,COST_TO,COST,COMPANY,RETURN_COST) values ('487223742392','2','24','41',null,'41');
Insert into ECI_DELIVERY_COST (DELIVERY_COST_ID,GOOD_TYPE,COST_TO,COST,COMPANY,RETURN_COST) values ('487223742390','2','15','31',null,'31');
Insert into ECI_DELIVERY_COST (DELIVERY_COST_ID,GOOD_TYPE,COST_TO,COST,COMPANY,RETURN_COST) values ('487223742396','2','999','55',null,'55');
Insert into ECI_DELIVERY_COST (DELIVERY_COST_ID,GOOD_TYPE,COST_TO,COST,COMPANY,RETURN_COST) values ('487223742394','2','50','51',null,'51');
Insert into ECI_DELIVERY_COST (DELIVERY_COST_ID,GOOD_TYPE,COST_TO,COST,COMPANY,RETURN_COST) values ('487223742398','1','7','35',null,'35');
Insert into ECI_DELIVERY_COST (DELIVERY_COST_ID,GOOD_TYPE,COST_TO,COST,COMPANY,RETURN_COST) values ('487223742370','1','15','19',null,'19');
Insert into ECI_DELIVERY_COST (DELIVERY_COST_ID,GOOD_TYPE,COST_TO,COST,COMPANY,RETURN_COST) values ('487223742378','0','2','14,5',null,'14,5');
Insert into ECI_DELIVERY_COST (DELIVERY_COST_ID,GOOD_TYPE,COST_TO,COST,COMPANY,RETURN_COST) values ('487223742376','1','999','47,8',null,'47,8');
Insert into ECI_DELIVERY_COST (DELIVERY_COST_ID,GOOD_TYPE,COST_TO,COST,COMPANY,RETURN_COST) values ('487223742374','1','35','38,6',null,'38,6');
Insert into ECI_DELIVERY_COST (DELIVERY_COST_ID,GOOD_TYPE,COST_TO,COST,COMPANY,RETURN_COST) values ('487223742372','1','24','28,8',null,'28,8');
Insert into ECI_DELIVERY_COST (DELIVERY_COST_ID,GOOD_TYPE,COST_TO,COST,COMPANY,RETURN_COST) values ('487223742380','0','5','29,5',null,'28,5');
Insert into ECI_DELIVERY_COST (DELIVERY_COST_ID,GOOD_TYPE,COST_TO,COST,COMPANY,RETURN_COST) values ('487223742386','3','35','21',null,'21');
Insert into ECI_DELIVERY_COST (DELIVERY_COST_ID,GOOD_TYPE,COST_TO,COST,COMPANY,RETURN_COST) values ('487223742388','3','999','22',null,'22');
Insert into ECI_DELIVERY_COST (DELIVERY_COST_ID,GOOD_TYPE,COST_TO,COST,COMPANY,RETURN_COST) values ('487223742382','0','10','42,5',null,'42,5');
Insert into ECI_DELIVERY_COST (DELIVERY_COST_ID,GOOD_TYPE,COST_TO,COST,COMPANY,RETURN_COST) values ('487223742384','0','999','50,5',null,'50,5');
Insert into ECI_DELIVERY_COST (DELIVERY_COST_ID,GOOD_TYPE,COST_TO,COST,COMPANY,RETURN_COST) values ('487225142346','1','999','9,85',null,'9,85');
Insert into ECI_DELIVERY_COST (DELIVERY_COST_ID,GOOD_TYPE,COST_TO,COST,COMPANY,RETURN_COST) values ('487223742368','1','7','9,9',null,'9,9');
Insert into ECI_DELIVERY_COST (DELIVERY_COST_ID,GOOD_TYPE,COST_TO,COST,COMPANY,RETURN_COST) values ('487223742366','2','999','29,6',null,'29,6');
Insert into ECI_DELIVERY_COST (DELIVERY_COST_ID,GOOD_TYPE,COST_TO,COST,COMPANY,RETURN_COST) values ('487223742362','2','15','11,9',null,'11,9');
Insert into ECI_DELIVERY_COST (DELIVERY_COST_ID,GOOD_TYPE,COST_TO,COST,COMPANY,RETURN_COST) values ('487223742358','2','35','23,7',null,'23,7');
Insert into ECI_DELIVERY_COST (DELIVERY_COST_ID,GOOD_TYPE,COST_TO,COST,COMPANY,RETURN_COST) values ('487223742354','1','15','11,9',null,'11,9');
Insert into ECI_DELIVERY_COST (DELIVERY_COST_ID,GOOD_TYPE,COST_TO,COST,COMPANY,RETURN_COST) values ('487223742356','2','24','17,8',null,'17,8');
Insert into ECI_DELIVERY_COST (DELIVERY_COST_ID,GOOD_TYPE,COST_TO,COST,COMPANY,RETURN_COST) values ('487223742350','3','999','8',null,'8');
Insert into ECI_DELIVERY_COST (DELIVERY_COST_ID,GOOD_TYPE,COST_TO,COST,COMPANY,RETURN_COST) values ('487223742352','2','7','6',null,'6');
Insert into ECI_DELIVERY_COST (DELIVERY_COST_ID,GOOD_TYPE,COST_TO,COST,COMPANY,RETURN_COST) values ('487223742348','3','10','6',null,'6');
Insert into ECI_DELIVERY_COST (DELIVERY_COST_ID,GOOD_TYPE,COST_TO,COST,COMPANY,RETURN_COST) values ('487223742400','1','15','40',null,'40');
Insert into ECI_DELIVERY_COST (DELIVERY_COST_ID,GOOD_TYPE,COST_TO,COST,COMPANY,RETURN_COST) values ('487223742406','1','999','80',null,'80');
Insert into ECI_DELIVERY_COST (DELIVERY_COST_ID,GOOD_TYPE,COST_TO,COST,COMPANY,RETURN_COST) values ('487223742408','0','2','45',null,'45');
Insert into ECI_DELIVERY_COST (DELIVERY_COST_ID,GOOD_TYPE,COST_TO,COST,COMPANY,RETURN_COST) values ('487223742402','1','24','55',null,'55');
Insert into ECI_DELIVERY_COST (DELIVERY_COST_ID,GOOD_TYPE,COST_TO,COST,COMPANY,RETURN_COST) values ('487223742404','1','50','77',null,'77');
Insert into ECI_DELIVERY_COST (DELIVERY_COST_ID,GOOD_TYPE,COST_TO,COST,COMPANY,RETURN_COST) values ('487223742412','0','25','76',null,'76');
Insert into ECI_DELIVERY_COST (DELIVERY_COST_ID,GOOD_TYPE,COST_TO,COST,COMPANY,RETURN_COST) values ('487223742414','0','50','105',null,'105');
Insert into ECI_DELIVERY_COST (DELIVERY_COST_ID,GOOD_TYPE,COST_TO,COST,COMPANY,RETURN_COST) values ('487223742418','0','999','56',null,'56');
Insert into ECI_DELIVERY_COST (DELIVERY_COST_ID,GOOD_TYPE,COST_TO,COST,COMPANY,RETURN_COST) values ('487223742410','0','5','55',null,'55');
Insert into ECI_DELIVERY_COST (DELIVERY_COST_ID,GOOD_TYPE,COST_TO,COST,COMPANY,RETURN_COST) values ('487226542346','1','999','12,9',null,null);
Insert into ECI_DELIVERY_COST (DELIVERY_COST_ID,GOOD_TYPE,COST_TO,COST,COMPANY,RETURN_COST) values ('487226542348','0','999','13,9',null,null);
Insert into ECI_DELIVERY_COST (DELIVERY_COST_ID,GOOD_TYPE,COST_TO,COST,COMPANY,RETURN_COST) values ('487226542342','3','999','10,9',null,null);
Insert into ECI_DELIVERY_COST (DELIVERY_COST_ID,GOOD_TYPE,COST_TO,COST,COMPANY,RETURN_COST) values ('487226542344','2','999','11,9',null,null);
Insert into ECI_DELIVERY_COST (DELIVERY_COST_ID,GOOD_TYPE,COST_TO,COST,COMPANY,RETURN_COST) values ('487227142342','0','2','14,5',null,'14,5');
Insert into ECI_DELIVERY_COST (DELIVERY_COST_ID,GOOD_TYPE,COST_TO,COST,COMPANY,RETURN_COST) values ('487226242360','2','9','20,2',null,'20,25');
Insert into ECI_DELIVERY_COST (DELIVERY_COST_ID,GOOD_TYPE,COST_TO,COST,COMPANY,RETURN_COST) values ('487226242362','1','9','20,3',null,'20,35');
Insert into ECI_DELIVERY_COST (DELIVERY_COST_ID,GOOD_TYPE,COST_TO,COST,COMPANY,RETURN_COST) values ('487226242364','0','9','20,4',null,'20,45');
Insert into ECI_DELIVERY_COST (DELIVERY_COST_ID,GOOD_TYPE,COST_TO,COST,COMPANY,RETURN_COST) values ('487226242358','3','9','20,1',null,'20,15');
Insert into ECI_DELIVERY_COST (DELIVERY_COST_ID,GOOD_TYPE,COST_TO,COST,COMPANY,RETURN_COST) values ('487226242342','3','9','19,1',null,'19,15');
Insert into ECI_DELIVERY_COST (DELIVERY_COST_ID,GOOD_TYPE,COST_TO,COST,COMPANY,RETURN_COST) values ('487226242356','1','9','20,2',null,'20,25');
Insert into ECI_DELIVERY_COST (DELIVERY_COST_ID,GOOD_TYPE,COST_TO,COST,COMPANY,RETURN_COST) values ('487226242354','0','9','19,4',null,'19,45');
Insert into ECI_DELIVERY_COST (DELIVERY_COST_ID,GOOD_TYPE,COST_TO,COST,COMPANY,RETURN_COST) values ('487226242352','2','9','19,2',null,'19,25');
Insert into ECI_DELIVERY_COST (DELIVERY_COST_ID,GOOD_TYPE,COST_TO,COST,COMPANY,RETURN_COST) values ('487226242350','3','9','19,1',null,'19,15');
Insert into ECI_DELIVERY_COST (DELIVERY_COST_ID,GOOD_TYPE,COST_TO,COST,COMPANY,RETURN_COST) values ('487226242348','1','9','19,3',null,'19,35');
Insert into ECI_DELIVERY_COST (DELIVERY_COST_ID,GOOD_TYPE,COST_TO,COST,COMPANY,RETURN_COST) values ('487226242346','2','9','19,02',null,'19,03');
Insert into ECI_DELIVERY_COST (DELIVERY_COST_ID,GOOD_TYPE,COST_TO,COST,COMPANY,RETURN_COST) values ('487229442344','3','999','2,9',null,'2,8');
Insert into ECI_DELIVERY_COST (DELIVERY_COST_ID,GOOD_TYPE,COST_TO,COST,COMPANY,RETURN_COST) values ('487229442352','2','999','1,9','3','1,8');
Insert into ECI_DELIVERY_COST (DELIVERY_COST_ID,GOOD_TYPE,COST_TO,COST,COMPANY,RETURN_COST) values ('487229442350','2','999','1,9','3','1,8');
Insert into ECI_DELIVERY_COST (DELIVERY_COST_ID,GOOD_TYPE,COST_TO,COST,COMPANY,RETURN_COST) values ('487229442348','1','999','4,9','3','4,8');
Insert into ECI_DELIVERY_COST (DELIVERY_COST_ID,GOOD_TYPE,COST_TO,COST,COMPANY,RETURN_COST) values ('487229442346','0','999','5,9','3','5,8');
Insert into ECI_DELIVERY_COST (DELIVERY_COST_ID,GOOD_TYPE,COST_TO,COST,COMPANY,RETURN_COST) values ('487229342344','2','500','30',null,'30');
Insert into ECI_DELIVERY_COST (DELIVERY_COST_ID,GOOD_TYPE,COST_TO,COST,COMPANY,RETURN_COST) values ('487229342352','3','999','45',null,'45');
Insert into ECI_DELIVERY_COST (DELIVERY_COST_ID,GOOD_TYPE,COST_TO,COST,COMPANY,RETURN_COST) values ('487229342350','2','999','55',null,'55');
Insert into ECI_DELIVERY_COST (DELIVERY_COST_ID,GOOD_TYPE,COST_TO,COST,COMPANY,RETURN_COST) values ('487225042342','0','2','14,5',null,'14,5');
Insert into ECI_DELIVERY_COST (DELIVERY_COST_ID,GOOD_TYPE,COST_TO,COST,COMPANY,RETURN_COST) values ('487221642344','1','999','1',null,'1');
Insert into ECI_DELIVERY_COST (DELIVERY_COST_ID,GOOD_TYPE,COST_TO,COST,COMPANY,RETURN_COST) values ('487221642346','0','999','1',null,'1');
Insert into ECI_DELIVERY_COST (DELIVERY_COST_ID,GOOD_TYPE,COST_TO,COST,COMPANY,RETURN_COST) values ('487221642342','2','999','1',null,'1');
Insert into ECI_DELIVERY_COST (DELIVERY_COST_ID,GOOD_TYPE,COST_TO,COST,COMPANY,RETURN_COST) values ('487221642348','3','999','1',null,'1');
Insert into ECI_DELIVERY_COST (DELIVERY_COST_ID,GOOD_TYPE,COST_TO,COST,COMPANY,RETURN_COST) values ('487222642342','3','999','0,6',null,'0,6');
Insert into ECI_DELIVERY_COST (DELIVERY_COST_ID,GOOD_TYPE,COST_TO,COST,COMPANY,RETURN_COST) values ('487222642344','2','999','0,7',null,'0,7');
Insert into ECI_DELIVERY_COST (DELIVERY_COST_ID,GOOD_TYPE,COST_TO,COST,COMPANY,RETURN_COST) values ('487222642346','1','999','0,8',null,'0,8');
Insert into ECI_DELIVERY_COST (DELIVERY_COST_ID,GOOD_TYPE,COST_TO,COST,COMPANY,RETURN_COST) values ('487222642348','0','999','0,9',null,'0,9');
Insert into ECI_DELIVERY_COST (DELIVERY_COST_ID,GOOD_TYPE,COST_TO,COST,COMPANY,RETURN_COST) values ('487223642384','3','999','20',null,'20');
Insert into ECI_DELIVERY_COST (DELIVERY_COST_ID,GOOD_TYPE,COST_TO,COST,COMPANY,RETURN_COST) values ('487223642386','2','999','20',null,'20');
Insert into ECI_DELIVERY_COST (DELIVERY_COST_ID,GOOD_TYPE,COST_TO,COST,COMPANY,RETURN_COST) values ('487223642388','2','7','20',null,'20');
Insert into ECI_DELIVERY_COST (DELIVERY_COST_ID,GOOD_TYPE,COST_TO,COST,COMPANY,RETURN_COST) values ('487227542346','0','999','9,85','3','9,85');
Insert into ECI_DELIVERY_COST (DELIVERY_COST_ID,GOOD_TYPE,COST_TO,COST,COMPANY,RETURN_COST) values ('487227542344','0','999','9,85',null,'9,85');
Insert into ECI_DELIVERY_COST (DELIVERY_COST_ID,GOOD_TYPE,COST_TO,COST,COMPANY,RETURN_COST) values ('487227542342','0','999','9,85',null,'9,85');
Insert into ECI_DELIVERY_COST (DELIVERY_COST_ID,GOOD_TYPE,COST_TO,COST,COMPANY,RETURN_COST) values ('487227542348','0','6','9,85','3','9,85');
Insert into ECI_DELIVERY_COST (DELIVERY_COST_ID,GOOD_TYPE,COST_TO,COST,COMPANY,RETURN_COST) values ('487221542342','3','999','1',null,'1');
Insert into ECI_DELIVERY_COST (DELIVERY_COST_ID,GOOD_TYPE,COST_TO,COST,COMPANY,RETURN_COST) values ('487226742348','3','999','20','3','20');
Insert into ECI_DELIVERY_COST (DELIVERY_COST_ID,GOOD_TYPE,COST_TO,COST,COMPANY,RETURN_COST) values ('487226742346','2','999','20',null,'20');
Insert into ECI_DELIVERY_COST (DELIVERY_COST_ID,GOOD_TYPE,COST_TO,COST,COMPANY,RETURN_COST) values ('487226742344','3','999','20','3','20');
Insert into ECI_DELIVERY_COST (DELIVERY_COST_ID,GOOD_TYPE,COST_TO,COST,COMPANY,RETURN_COST) values ('487226742354','0','999','500',null,'500');
Insert into ECI_DELIVERY_COST (DELIVERY_COST_ID,GOOD_TYPE,COST_TO,COST,COMPANY,RETURN_COST) values ('487226742356','1','999','50',null,'50');
Insert into ECI_DELIVERY_COST (DELIVERY_COST_ID,GOOD_TYPE,COST_TO,COST,COMPANY,RETURN_COST) values ('487226742350','3','999','20',null,'20');
Insert into ECI_DELIVERY_COST (DELIVERY_COST_ID,GOOD_TYPE,COST_TO,COST,COMPANY,RETURN_COST) values ('487226742352','0','999','50',null,'50');
Insert into ECI_DELIVERY_COST (DELIVERY_COST_ID,GOOD_TYPE,COST_TO,COST,COMPANY,RETURN_COST) values ('487224042344','2','7','5,9',null,'5,9');
Insert into ECI_DELIVERY_COST (DELIVERY_COST_ID,GOOD_TYPE,COST_TO,COST,COMPANY,RETURN_COST) values ('487224042342','2','2','4',null,'4');
Insert into ECI_DELIVERY_COST (DELIVERY_COST_ID,GOOD_TYPE,COST_TO,COST,COMPANY,RETURN_COST) values ('487228342348','2','999','3,7',null,'3,7');
Insert into ECI_DELIVERY_COST (DELIVERY_COST_ID,GOOD_TYPE,COST_TO,COST,COMPANY,RETURN_COST) values ('487228342346','0','999','5,8',null,'5,8');
Insert into ECI_DELIVERY_COST (DELIVERY_COST_ID,GOOD_TYPE,COST_TO,COST,COMPANY,RETURN_COST) values ('487228342352','1','999','4,7',null,'4,7');
Insert into ECI_DELIVERY_COST (DELIVERY_COST_ID,GOOD_TYPE,COST_TO,COST,COMPANY,RETURN_COST) values ('487228342350','3','999','2,7',null,'2,7');
Insert into ECI_DELIVERY_COST (DELIVERY_COST_ID,GOOD_TYPE,COST_TO,COST,COMPANY,RETURN_COST) values ('487228342344','0','999','5,8','3','5,8');
Insert into ECI_DELIVERY_COST (DELIVERY_COST_ID,GOOD_TYPE,COST_TO,COST,COMPANY,RETURN_COST) values ('487224242344','1','999','9,79',null,'9,79');
Insert into ECI_DELIVERY_COST (DELIVERY_COST_ID,GOOD_TYPE,COST_TO,COST,COMPANY,RETURN_COST) values ('487227942388','3','999','7,5',null,'7,5');
Insert into ECI_DELIVERY_COST (DELIVERY_COST_ID,GOOD_TYPE,COST_TO,COST,COMPANY,RETURN_COST) values ('487227942380','3','999','7,5',null,'7,5');
Insert into ECI_DELIVERY_COST (DELIVERY_COST_ID,GOOD_TYPE,COST_TO,COST,COMPANY,RETURN_COST) values ('487227942382','0','999','7,5',null,'7,5');
Insert into ECI_DELIVERY_COST (DELIVERY_COST_ID,GOOD_TYPE,COST_TO,COST,COMPANY,RETURN_COST) values ('487229342348','1','999','35',null,'35');
Insert into ECI_DELIVERY_COST (DELIVERY_COST_ID,GOOD_TYPE,COST_TO,COST,COMPANY,RETURN_COST) values ('487229342356','3','20','20',null,'20');
Insert into ECI_DELIVERY_COST (DELIVERY_COST_ID,GOOD_TYPE,COST_TO,COST,COMPANY,RETURN_COST) values ('487229342358','2','100','21',null,'21');
Insert into ECI_DELIVERY_COST (DELIVERY_COST_ID,GOOD_TYPE,COST_TO,COST,COMPANY,RETURN_COST) values ('487229342362','2','50','12',null,'12');
Insert into ECI_DELIVERY_COST (DELIVERY_COST_ID,GOOD_TYPE,COST_TO,COST,COMPANY,RETURN_COST) values ('487229342364','1','50','13',null,'13');
Insert into ECI_DELIVERY_COST (DELIVERY_COST_ID,GOOD_TYPE,COST_TO,COST,COMPANY,RETURN_COST) values ('487229342360','3','50','11',null,'11');
Insert into ECI_DELIVERY_COST (DELIVERY_COST_ID,GOOD_TYPE,COST_TO,COST,COMPANY,RETURN_COST) values ('487229342366','2','999','11',null,'11');
Insert into ECI_DELIVERY_COST (DELIVERY_COST_ID,GOOD_TYPE,COST_TO,COST,COMPANY,RETURN_COST) values ('487229342368','2','999','3,5',null,'3,5');
Insert into ECI_DELIVERY_COST (DELIVERY_COST_ID,GOOD_TYPE,COST_TO,COST,COMPANY,RETURN_COST) values ('487229342370','2','999','35',null,'35');
Insert into ECI_DELIVERY_COST (DELIVERY_COST_ID,GOOD_TYPE,COST_TO,COST,COMPANY,RETURN_COST) values ('487229342372','2','999','35',null,'35');
Insert into ECI_DELIVERY_COST (DELIVERY_COST_ID,GOOD_TYPE,COST_TO,COST,COMPANY,RETURN_COST) values ('487229342374','2','999','0',null,'0');
Insert into ECI_DELIVERY_COST (DELIVERY_COST_ID,GOOD_TYPE,COST_TO,COST,COMPANY,RETURN_COST) values ('487229342376','2','1','0',null,'0');
Insert into ECI_DELIVERY_COST (DELIVERY_COST_ID,GOOD_TYPE,COST_TO,COST,COMPANY,RETURN_COST) values ('487229742348','3','999','2,5',null,'2,5');
Insert into ECI_DELIVERY_COST (DELIVERY_COST_ID,GOOD_TYPE,COST_TO,COST,COMPANY,RETURN_COST) values ('487229742346','2','999','3,5',null,'3,5');
Insert into ECI_DELIVERY_COST (DELIVERY_COST_ID,GOOD_TYPE,COST_TO,COST,COMPANY,RETURN_COST) values ('487229742344','1','999','4,5',null,'4,5');
Insert into ECI_DELIVERY_COST (DELIVERY_COST_ID,GOOD_TYPE,COST_TO,COST,COMPANY,RETURN_COST) values ('487229742342','0','999','5,5',null,'5,5');
Insert into ECI_DELIVERY_COST (DELIVERY_COST_ID,GOOD_TYPE,COST_TO,COST,COMPANY,RETURN_COST) values ('487229842350','3','999','11',null,null);
Insert into ECI_DELIVERY_COST (DELIVERY_COST_ID,GOOD_TYPE,COST_TO,COST,COMPANY,RETURN_COST) values ('487229842348','2','999','12',null,null);
Insert into ECI_DELIVERY_COST (DELIVERY_COST_ID,GOOD_TYPE,COST_TO,COST,COMPANY,RETURN_COST) values ('487229842346','1','999','13',null,null);
Insert into ECI_DELIVERY_COST (DELIVERY_COST_ID,GOOD_TYPE,COST_TO,COST,COMPANY,RETURN_COST) values ('487229842344','0','999','14',null,null);
Insert into ECI_DELIVERY_COST (DELIVERY_COST_ID,GOOD_TYPE,COST_TO,COST,COMPANY,RETURN_COST) values ('487229842356','1','999','4,5',null,'4,5');
Insert into ECI_DELIVERY_COST (DELIVERY_COST_ID,GOOD_TYPE,COST_TO,COST,COMPANY,RETURN_COST) values ('487229842358','0','999','5,9',null,'5,9');
Insert into ECI_DELIVERY_COST (DELIVERY_COST_ID,GOOD_TYPE,COST_TO,COST,COMPANY,RETURN_COST) values ('487229842352','3','999','2,9',null,'2,9');
Insert into ECI_DELIVERY_COST (DELIVERY_COST_ID,GOOD_TYPE,COST_TO,COST,COMPANY,RETURN_COST) values ('487229842354','2','999','3,9',null,'3,9');
Insert into ECI_DELIVERY_COST (DELIVERY_COST_ID,GOOD_TYPE,COST_TO,COST,COMPANY,RETURN_COST) values ('487227942384','1','999','7,5',null,'7,5');
Insert into ECI_DELIVERY_COST (DELIVERY_COST_ID,GOOD_TYPE,COST_TO,COST,COMPANY,RETURN_COST) values ('487227942386','2','999','7,5',null,'7,5');
Insert into ECI_DELIVERY_COST (DELIVERY_COST_ID,GOOD_TYPE,COST_TO,COST,COMPANY,RETURN_COST) values ('487227942378','2','999','7,5',null,'7,5');
Insert into ECI_DELIVERY_COST (DELIVERY_COST_ID,GOOD_TYPE,COST_TO,COST,COMPANY,RETURN_COST) values ('487227942372','3','999','7,5',null,'7,5');
Insert into ECI_DELIVERY_COST (DELIVERY_COST_ID,GOOD_TYPE,COST_TO,COST,COMPANY,RETURN_COST) values ('487227942370','2','999','7,5',null,'7,5');
Insert into ECI_DELIVERY_COST (DELIVERY_COST_ID,GOOD_TYPE,COST_TO,COST,COMPANY,RETURN_COST) values ('487227942376','1','999','7,5',null,'7,5');
Insert into ECI_DELIVERY_COST (DELIVERY_COST_ID,GOOD_TYPE,COST_TO,COST,COMPANY,RETURN_COST) values ('487227942374','0','999','7,5',null,'7,5');
Insert into ECI_DELIVERY_COST (DELIVERY_COST_ID,GOOD_TYPE,COST_TO,COST,COMPANY,RETURN_COST) values ('487227942366','0','999','7,5',null,'7,5');
Insert into ECI_DELIVERY_COST (DELIVERY_COST_ID,GOOD_TYPE,COST_TO,COST,COMPANY,RETURN_COST) values ('487227942368','1','999','7,5',null,'7,5');
Insert into ECI_DELIVERY_COST (DELIVERY_COST_ID,GOOD_TYPE,COST_TO,COST,COMPANY,RETURN_COST) values ('487227942362','2','999','7,5',null,'7,5');
Insert into ECI_DELIVERY_COST (DELIVERY_COST_ID,GOOD_TYPE,COST_TO,COST,COMPANY,RETURN_COST) values ('487227942364','3','999','7,5',null,'7,5');
Insert into ECI_DELIVERY_COST (DELIVERY_COST_ID,GOOD_TYPE,COST_TO,COST,COMPANY,RETURN_COST) values ('487227942360','1','999','7,5',null,'7,5');
Insert into ECI_DELIVERY_COST (DELIVERY_COST_ID,GOOD_TYPE,COST_TO,COST,COMPANY,RETURN_COST) values ('487227942358','0','999','7,5',null,'7,5');
Insert into ECI_DELIVERY_COST (DELIVERY_COST_ID,GOOD_TYPE,COST_TO,COST,COMPANY,RETURN_COST) values ('487227942356','0','999','7,5',null,'7,5');
Insert into ECI_DELIVERY_COST (DELIVERY_COST_ID,GOOD_TYPE,COST_TO,COST,COMPANY,RETURN_COST) values ('487227942354','1','999','7,5',null,'7,5');
Insert into ECI_DELIVERY_COST (DELIVERY_COST_ID,GOOD_TYPE,COST_TO,COST,COMPANY,RETURN_COST) values ('487227942352','2','999','7,5',null,'7,5');
Insert into ECI_DELIVERY_COST (DELIVERY_COST_ID,GOOD_TYPE,COST_TO,COST,COMPANY,RETURN_COST) values ('487227942350','3','999','7,5',null,'7,5');
Insert into ECI_DELIVERY_COST (DELIVERY_COST_ID,GOOD_TYPE,COST_TO,COST,COMPANY,RETURN_COST) values ('487225642360','3','999','5',null,'5');
Insert into ECI_DELIVERY_COST (DELIVERY_COST_ID,GOOD_TYPE,COST_TO,COST,COMPANY,RETURN_COST) values ('487225642342','3','1000','7','3','7');
Insert into ECI_DELIVERY_COST (DELIVERY_COST_ID,GOOD_TYPE,COST_TO,COST,COMPANY,RETURN_COST) values ('487225642346','3','1000','12','2','12');
Insert into ECI_DELIVERY_COST (DELIVERY_COST_ID,GOOD_TYPE,COST_TO,COST,COMPANY,RETURN_COST) values ('487225642344','2','1000','7','3','7');
Insert into ECI_DELIVERY_COST (DELIVERY_COST_ID,GOOD_TYPE,COST_TO,COST,COMPANY,RETURN_COST) values ('487225642348','2','1000','12','2','12');
Insert into ECI_DELIVERY_COST (DELIVERY_COST_ID,GOOD_TYPE,COST_TO,COST,COMPANY,RETURN_COST) values ('487225642350','2','1000','12',null,'12');
Insert into ECI_DELIVERY_COST (DELIVERY_COST_ID,GOOD_TYPE,COST_TO,COST,COMPANY,RETURN_COST) values ('487225642352','3','1000','12',null,'12');
Insert into ECI_DELIVERY_COST (DELIVERY_COST_ID,GOOD_TYPE,COST_TO,COST,COMPANY,RETURN_COST) values ('487225642354','2','999','12','2','12');
Insert into ECI_DELIVERY_COST (DELIVERY_COST_ID,GOOD_TYPE,COST_TO,COST,COMPANY,RETURN_COST) values ('487225642356','3','999','12','2','12');
Insert into ECI_DELIVERY_COST (DELIVERY_COST_ID,GOOD_TYPE,COST_TO,COST,COMPANY,RETURN_COST) values ('487225642358','2','999','5',null,'5');
Insert into ECI_DELIVERY_COST (DELIVERY_COST_ID,GOOD_TYPE,COST_TO,COST,COMPANY,RETURN_COST) values ('487221342404','1','7','9,8',null,'9,8');
Insert into ECI_DELIVERY_COST (DELIVERY_COST_ID,GOOD_TYPE,COST_TO,COST,COMPANY,RETURN_COST) values ('487221342406','1','15','18,9',null,'18,9');
Insert into ECI_DELIVERY_COST (DELIVERY_COST_ID,GOOD_TYPE,COST_TO,COST,COMPANY,RETURN_COST) values ('487221342400','0','10','42',null,'42');
Insert into ECI_DELIVERY_COST (DELIVERY_COST_ID,GOOD_TYPE,COST_TO,COST,COMPANY,RETURN_COST) values ('487221342402','0','999','50',null,'50');
Insert into ECI_DELIVERY_COST (DELIVERY_COST_ID,GOOD_TYPE,COST_TO,COST,COMPANY,RETURN_COST) values ('487221342378','3','14','11,8',null,'11,8');
Insert into ECI_DELIVERY_COST (DELIVERY_COST_ID,GOOD_TYPE,COST_TO,COST,COMPANY,RETURN_COST) values ('487221342376','3','7','5,9',null,'5,9');
Insert into ECI_DELIVERY_COST (DELIVERY_COST_ID,GOOD_TYPE,COST_TO,COST,COMPANY,RETURN_COST) values ('487221342374','3','999','43',null,'43');
Insert into ECI_DELIVERY_COST (DELIVERY_COST_ID,GOOD_TYPE,COST_TO,COST,COMPANY,RETURN_COST) values ('487221342372','3','15','43',null,'43');
Insert into ECI_DELIVERY_COST (DELIVERY_COST_ID,GOOD_TYPE,COST_TO,COST,COMPANY,RETURN_COST) values ('487221342370','3','999','18',null,'18');
Insert into ECI_DELIVERY_COST (DELIVERY_COST_ID,GOOD_TYPE,COST_TO,COST,COMPANY,RETURN_COST) values ('487221342388','2','15','11,8',null,'11,8');
Insert into ECI_DELIVERY_COST (DELIVERY_COST_ID,GOOD_TYPE,COST_TO,COST,COMPANY,RETURN_COST) values ('487221342384','3','999','23,6',null,'23,6');
Insert into ECI_DELIVERY_COST (DELIVERY_COST_ID,GOOD_TYPE,COST_TO,COST,COMPANY,RETURN_COST) values ('487221342386','2','7','5,9',null,'5,9');
Insert into ECI_DELIVERY_COST (DELIVERY_COST_ID,GOOD_TYPE,COST_TO,COST,COMPANY,RETURN_COST) values ('487221342380','3','24','17,7',null,'17,7');
Insert into ECI_DELIVERY_COST (DELIVERY_COST_ID,GOOD_TYPE,COST_TO,COST,COMPANY,RETURN_COST) values ('487221342382','3','35','23,6',null,'23,6');
Insert into ECI_DELIVERY_COST (DELIVERY_COST_ID,GOOD_TYPE,COST_TO,COST,COMPANY,RETURN_COST) values ('487221342390','2','24','17,7',null,'17,7');
Insert into ECI_DELIVERY_COST (DELIVERY_COST_ID,GOOD_TYPE,COST_TO,COST,COMPANY,RETURN_COST) values ('487221342394','2','999','29,5',null,'29,5');
Insert into ECI_DELIVERY_COST (DELIVERY_COST_ID,GOOD_TYPE,COST_TO,COST,COMPANY,RETURN_COST) values ('487221342392','2','35','23,6',null,'23,6');
Insert into ECI_DELIVERY_COST (DELIVERY_COST_ID,GOOD_TYPE,COST_TO,COST,COMPANY,RETURN_COST) values ('487221342398','0','5','28',null,'28');
Insert into ECI_DELIVERY_COST (DELIVERY_COST_ID,GOOD_TYPE,COST_TO,COST,COMPANY,RETURN_COST) values ('487221342396','0','2','14',null,'14');
Insert into ECI_DELIVERY_COST (DELIVERY_COST_ID,GOOD_TYPE,COST_TO,COST,COMPANY,RETURN_COST) values ('487221342348','3','15','23',null,'23');
Insert into ECI_DELIVERY_COST (DELIVERY_COST_ID,GOOD_TYPE,COST_TO,COST,COMPANY,RETURN_COST) values ('487229442342','3','999','2,9','3',null);
Insert into ECI_DELIVERY_COST (DELIVERY_COST_ID,GOOD_TYPE,COST_TO,COST,COMPANY,RETURN_COST) values ('487224244356','0','999','25',null,'30');
Insert into ECI_DELIVERY_COST (DELIVERY_COST_ID,GOOD_TYPE,COST_TO,COST,COMPANY,RETURN_COST) values ('487224244354','0','2','15',null,'30');
Insert into ECI_DELIVERY_COST (DELIVERY_COST_ID,GOOD_TYPE,COST_TO,COST,COMPANY,RETURN_COST) values ('487221544354','1','10','5,9',null,'5,9');
Insert into ECI_DELIVERY_COST (DELIVERY_COST_ID,GOOD_TYPE,COST_TO,COST,COMPANY,RETURN_COST) values ('487221544360','1','999','7,9',null,'7,9');
Insert into ECI_DELIVERY_COST (DELIVERY_COST_ID,GOOD_TYPE,COST_TO,COST,COMPANY,RETURN_COST) values ('487222344354','3','999','5,9',null,'6,9');
Insert into ECI_DELIVERY_COST (DELIVERY_COST_ID,GOOD_TYPE,COST_TO,COST,COMPANY,RETURN_COST) values ('391172224350','2','10','5,9',null,'5,9');
Insert into ECI_DELIVERY_COST (DELIVERY_COST_ID,GOOD_TYPE,COST_TO,COST,COMPANY,RETURN_COST) values ('391172224354','2','999','7,9',null,'7,9');
Insert into ECI_DELIVERY_COST (DELIVERY_COST_ID,GOOD_TYPE,COST_TO,COST,COMPANY,RETURN_COST) values ('487228942346','2','999','3,6',null,null);
Insert into ECI_DELIVERY_COST (DELIVERY_COST_ID,GOOD_TYPE,COST_TO,COST,COMPANY,RETURN_COST) values ('487228942344','2','5','3,9','3',null);
Insert into ECI_DELIVERY_COST (DELIVERY_COST_ID,GOOD_TYPE,COST_TO,COST,COMPANY,RETURN_COST) values ('487229542342','2','7','5,9','3',null);
Insert into ECI_DELIVERY_COST (DELIVERY_COST_ID,GOOD_TYPE,COST_TO,COST,COMPANY,RETURN_COST) values ('487229942342',null,'999','2',null,null);
Insert into ECI_DELIVERY_COST (DELIVERY_COST_ID,GOOD_TYPE,COST_TO,COST,COMPANY,RETURN_COST) values ('487229942352','3','999','1','2',null);
Insert into ECI_DELIVERY_COST (DELIVERY_COST_ID,GOOD_TYPE,COST_TO,COST,COMPANY,RETURN_COST) values ('487229942344','3','999','1','1',null);
Insert into ECI_DELIVERY_COST (DELIVERY_COST_ID,GOOD_TYPE,COST_TO,COST,COMPANY,RETURN_COST) values ('487229942350','0','999','1','1',null);
Insert into ECI_DELIVERY_COST (DELIVERY_COST_ID,GOOD_TYPE,COST_TO,COST,COMPANY,RETURN_COST) values ('487229942346','2','999','1','1',null);
Insert into ECI_DELIVERY_COST (DELIVERY_COST_ID,GOOD_TYPE,COST_TO,COST,COMPANY,RETURN_COST) values ('487229942348','1','999','1','1',null);
Insert into ECI_DELIVERY_COST (DELIVERY_COST_ID,GOOD_TYPE,COST_TO,COST,COMPANY,RETURN_COST) values ('487229942358','0','999','1',null,null);
Insert into ECI_DELIVERY_COST (DELIVERY_COST_ID,GOOD_TYPE,COST_TO,COST,COMPANY,RETURN_COST) values ('487229942356','1','999','1','2',null);
Insert into ECI_DELIVERY_COST (DELIVERY_COST_ID,GOOD_TYPE,COST_TO,COST,COMPANY,RETURN_COST) values ('487229942354','2','999','1','2',null);
Insert into ECI_DELIVERY_COST (DELIVERY_COST_ID,GOOD_TYPE,COST_TO,COST,COMPANY,RETURN_COST) values ('487224342404','0','5','50',null,'50');
Insert into ECI_DELIVERY_COST (DELIVERY_COST_ID,GOOD_TYPE,COST_TO,COST,COMPANY,RETURN_COST) values ('487224342408','2','7','20',null,'20');
Insert into ECI_DELIVERY_COST (DELIVERY_COST_ID,GOOD_TYPE,COST_TO,COST,COMPANY,RETURN_COST) values ('487224342410','2','15','30',null,'30');
Insert into ECI_DELIVERY_COST (DELIVERY_COST_ID,GOOD_TYPE,COST_TO,COST,COMPANY,RETURN_COST) values ('487224342414','2','50','50',null,'50');
Insert into ECI_DELIVERY_COST (DELIVERY_COST_ID,GOOD_TYPE,COST_TO,COST,COMPANY,RETURN_COST) values ('487224342412','2','24','40',null,'40');
Insert into ECI_DELIVERY_COST (DELIVERY_COST_ID,GOOD_TYPE,COST_TO,COST,COMPANY,RETURN_COST) values ('141013222358','0','999','500',null,'500');
Insert into ECI_DELIVERY_COST (DELIVERY_COST_ID,GOOD_TYPE,COST_TO,COST,COMPANY,RETURN_COST) values ('141013222362','2','7','50',null,'50');
Insert into ECI_DELIVERY_COST (DELIVERY_COST_ID,GOOD_TYPE,COST_TO,COST,COMPANY,RETURN_COST) values ('487221342346','3','999','5,9',null,'5,9');
Insert into ECI_DELIVERY_COST (DELIVERY_COST_ID,GOOD_TYPE,COST_TO,COST,COMPANY,RETURN_COST) values ('141013222364','2','15','75',null,'75');
Insert into ECI_DELIVERY_COST (DELIVERY_COST_ID,GOOD_TYPE,COST_TO,COST,COMPANY,RETURN_COST) values ('141013222366','2','999','275',null,'275');
Insert into ECI_DELIVERY_COST (DELIVERY_COST_ID,GOOD_TYPE,COST_TO,COST,COMPANY,RETURN_COST) values ('141013222368','0','999','275',null,'275');
Insert into ECI_DELIVERY_COST (DELIVERY_COST_ID,GOOD_TYPE,COST_TO,COST,COMPANY,RETURN_COST) values ('487221342344','3','35','5,9',null,'5,9');
Insert into ECI_DELIVERY_COST (DELIVERY_COST_ID,GOOD_TYPE,COST_TO,COST,COMPANY,RETURN_COST) values ('487221342350','3','999','23',null,'23');
Insert into ECI_DELIVERY_COST (DELIVERY_COST_ID,GOOD_TYPE,COST_TO,COST,COMPANY,RETURN_COST) values ('487221342352','3','35','20',null,'20');
Insert into ECI_DELIVERY_COST (DELIVERY_COST_ID,GOOD_TYPE,COST_TO,COST,COMPANY,RETURN_COST) values ('487221342354','3','999','20',null,'20');
Insert into ECI_DELIVERY_COST (DELIVERY_COST_ID,GOOD_TYPE,COST_TO,COST,COMPANY,RETURN_COST) values ('487221342356','3','15','40',null,'40');
Insert into ECI_DELIVERY_COST (DELIVERY_COST_ID,GOOD_TYPE,COST_TO,COST,COMPANY,RETURN_COST) values ('487221342358','3','999','40',null,'40');
Insert into ECI_DELIVERY_COST (DELIVERY_COST_ID,GOOD_TYPE,COST_TO,COST,COMPANY,RETURN_COST) values ('487221342360','3','35','20',null,'20');
Insert into ECI_DELIVERY_COST (DELIVERY_COST_ID,GOOD_TYPE,COST_TO,COST,COMPANY,RETURN_COST) values ('487221342364','3','15','50',null,'50');
Insert into ECI_DELIVERY_COST (DELIVERY_COST_ID,GOOD_TYPE,COST_TO,COST,COMPANY,RETURN_COST) values ('487221342362','3','999','20',null,'20');
Insert into ECI_DELIVERY_COST (DELIVERY_COST_ID,GOOD_TYPE,COST_TO,COST,COMPANY,RETURN_COST) values ('487221342368','3','15','18',null,'18');
Insert into ECI_DELIVERY_COST (DELIVERY_COST_ID,GOOD_TYPE,COST_TO,COST,COMPANY,RETURN_COST) values ('487221342366','3','999','50',null,'50');
Insert into ECI_DELIVERY_COST (DELIVERY_COST_ID,GOOD_TYPE,COST_TO,COST,COMPANY,RETURN_COST) values ('487221342430','0','5','28',null,'28');
Insert into ECI_DELIVERY_COST (DELIVERY_COST_ID,GOOD_TYPE,COST_TO,COST,COMPANY,RETURN_COST) values ('487221342432','0','10','42',null,'42');
Insert into ECI_DELIVERY_COST (DELIVERY_COST_ID,GOOD_TYPE,COST_TO,COST,COMPANY,RETURN_COST) values ('487221342434','0','999','50',null,'50');
Insert into ECI_DELIVERY_COST (DELIVERY_COST_ID,GOOD_TYPE,COST_TO,COST,COMPANY,RETURN_COST) values ('487221342436','1','7','9,8',null,'9,8');
Insert into ECI_DELIVERY_COST (DELIVERY_COST_ID,GOOD_TYPE,COST_TO,COST,COMPANY,RETURN_COST) values ('141013222360','1','999','50',null,'50');
Insert into ECI_DELIVERY_COST (DELIVERY_COST_ID,GOOD_TYPE,COST_TO,COST,COMPANY,RETURN_COST) values ('141013222374','2','15','23',null,'23');
Insert into ECI_DELIVERY_COST (DELIVERY_COST_ID,GOOD_TYPE,COST_TO,COST,COMPANY,RETURN_COST) values ('141013222372','2','7','18',null,'18');
Insert into ECI_DELIVERY_COST (DELIVERY_COST_ID,GOOD_TYPE,COST_TO,COST,COMPANY,RETURN_COST) values ('141013222378','0','999','500',null,'500');
Insert into ECI_DELIVERY_COST (DELIVERY_COST_ID,GOOD_TYPE,COST_TO,COST,COMPANY,RETURN_COST) values ('141013222376','2','999','50',null,'50');
Insert into ECI_DELIVERY_COST (DELIVERY_COST_ID,GOOD_TYPE,COST_TO,COST,COMPANY,RETURN_COST) values ('141013222370','1','999','275',null,'275');
Insert into ECI_DELIVERY_COST (DELIVERY_COST_ID,GOOD_TYPE,COST_TO,COST,COMPANY,RETURN_COST) values ('141013222388','2','15','30',null,'30');
Insert into ECI_DELIVERY_COST (DELIVERY_COST_ID,GOOD_TYPE,COST_TO,COST,COMPANY,RETURN_COST) values ('141013222384','1','999','50',null,'50');
Insert into ECI_DELIVERY_COST (DELIVERY_COST_ID,GOOD_TYPE,COST_TO,COST,COMPANY,RETURN_COST) values ('141013222386','2','7','23',null,'23');
Insert into ECI_DELIVERY_COST (DELIVERY_COST_ID,GOOD_TYPE,COST_TO,COST,COMPANY,RETURN_COST) values ('141013222380','1','7','23',null,'23');
Insert into ECI_DELIVERY_COST (DELIVERY_COST_ID,GOOD_TYPE,COST_TO,COST,COMPANY,RETURN_COST) values ('141013222382','1','15','31',null,'31');
Insert into ECI_DELIVERY_COST (DELIVERY_COST_ID,GOOD_TYPE,COST_TO,COST,COMPANY,RETURN_COST) values ('141013222398','1','15','39',null,'39');
Insert into ECI_DELIVERY_COST (DELIVERY_COST_ID,GOOD_TYPE,COST_TO,COST,COMPANY,RETURN_COST) values ('141013222396','1','7','30',null,'30');
Insert into ECI_DELIVERY_COST (DELIVERY_COST_ID,GOOD_TYPE,COST_TO,COST,COMPANY,RETURN_COST) values ('141013222394','0','10','500',null,'500');
Insert into ECI_DELIVERY_COST (DELIVERY_COST_ID,GOOD_TYPE,COST_TO,COST,COMPANY,RETURN_COST) values ('141013222392','0','2','39',null,'39');
Insert into ECI_DELIVERY_COST (DELIVERY_COST_ID,GOOD_TYPE,COST_TO,COST,COMPANY,RETURN_COST) values ('141013222390','2','999','50',null,'50');
Insert into ECI_DELIVERY_COST (DELIVERY_COST_ID,GOOD_TYPE,COST_TO,COST,COMPANY,RETURN_COST) values ('487220542346','0','100','69',null,'69');
Insert into ECI_DELIVERY_COST (DELIVERY_COST_ID,GOOD_TYPE,COST_TO,COST,COMPANY,RETURN_COST) values ('487220542344','0','100','69',null,'69');
Insert into ECI_DELIVERY_COST (DELIVERY_COST_ID,GOOD_TYPE,COST_TO,COST,COMPANY,RETURN_COST) values ('487225442348','2','999','5',null,'5');
Insert into ECI_DELIVERY_COST (DELIVERY_COST_ID,GOOD_TYPE,COST_TO,COST,COMPANY,RETURN_COST) values ('487225442346',null,'999','7','2','7');
Insert into ECI_DELIVERY_COST (DELIVERY_COST_ID,GOOD_TYPE,COST_TO,COST,COMPANY,RETURN_COST) values ('487225442344',null,'999','5','3','5');
Insert into ECI_DELIVERY_COST (DELIVERY_COST_ID,GOOD_TYPE,COST_TO,COST,COMPANY,RETURN_COST) values ('487225442342',null,'999','3','1','3');
Insert into ECI_DELIVERY_COST (DELIVERY_COST_ID,GOOD_TYPE,COST_TO,COST,COMPANY,RETURN_COST) values ('487228842342','3','2','20',null,'20');
Insert into ECI_DELIVERY_COST (DELIVERY_COST_ID,GOOD_TYPE,COST_TO,COST,COMPANY,RETURN_COST) values ('487228842344','3','5','50',null,'0');
Insert into ECI_DELIVERY_COST (DELIVERY_COST_ID,GOOD_TYPE,COST_TO,COST,COMPANY,RETURN_COST) values ('487228842346','3','999','100',null,'100');
Insert into ECI_DELIVERY_COST (DELIVERY_COST_ID,GOOD_TYPE,COST_TO,COST,COMPANY,RETURN_COST) values ('487228842348','3','999','8',null,'8');
Insert into ECI_DELIVERY_COST (DELIVERY_COST_ID,GOOD_TYPE,COST_TO,COST,COMPANY,RETURN_COST) values ('487228842354','3','10','25',null,'25');
Insert into ECI_DELIVERY_COST (DELIVERY_COST_ID,GOOD_TYPE,COST_TO,COST,COMPANY,RETURN_COST) values ('487228842352','3','999','45',null,'45');
Insert into ECI_DELIVERY_COST (DELIVERY_COST_ID,GOOD_TYPE,COST_TO,COST,COMPANY,RETURN_COST) values ('487228842350','3','10','6',null,'6');
Insert into ECI_DELIVERY_COST (DELIVERY_COST_ID,GOOD_TYPE,COST_TO,COST,COMPANY,RETURN_COST) values ('487224542350','2','5','8,59',null,null);
Insert into ECI_DELIVERY_COST (DELIVERY_COST_ID,GOOD_TYPE,COST_TO,COST,COMPANY,RETURN_COST) values ('487224542342','2','5','8,79',null,null);
Insert into ECI_DELIVERY_COST (DELIVERY_COST_ID,GOOD_TYPE,COST_TO,COST,COMPANY,RETURN_COST) values ('487224542344',null,'999','12,79',null,null);
Insert into ECI_DELIVERY_COST (DELIVERY_COST_ID,GOOD_TYPE,COST_TO,COST,COMPANY,RETURN_COST) values ('487224542346','1','5','8,59',null,null);
Insert into ECI_DELIVERY_COST (DELIVERY_COST_ID,GOOD_TYPE,COST_TO,COST,COMPANY,RETURN_COST) values ('487224542348','2','999','12,59',null,null);
Insert into ECI_DELIVERY_COST (DELIVERY_COST_ID,GOOD_TYPE,COST_TO,COST,COMPANY,RETURN_COST) values ('487228042342','3','6','4,1','3','0');
Insert into ECI_DELIVERY_COST (DELIVERY_COST_ID,GOOD_TYPE,COST_TO,COST,COMPANY,RETURN_COST) values ('487220742352','2','1','0',null,'0');
Insert into ECI_DELIVERY_COST (DELIVERY_COST_ID,GOOD_TYPE,COST_TO,COST,COMPANY,RETURN_COST) values ('487220742350','2','999','0',null,'0');
Insert into ECI_DELIVERY_COST (DELIVERY_COST_ID,GOOD_TYPE,COST_TO,COST,COMPANY,RETURN_COST) values ('487220442358','1','999','28,8',null,'28,8');
Insert into ECI_DELIVERY_COST (DELIVERY_COST_ID,GOOD_TYPE,COST_TO,COST,COMPANY,RETURN_COST) values ('487220442354','1','15','18,9',null,'18,9');
Insert into ECI_DELIVERY_COST (DELIVERY_COST_ID,GOOD_TYPE,COST_TO,COST,COMPANY,RETURN_COST) values ('487220442356','1','24','28,8',null,'28,8');
Insert into ECI_DELIVERY_COST (DELIVERY_COST_ID,GOOD_TYPE,COST_TO,COST,COMPANY,RETURN_COST) values ('487220442350','0','5','28,9',null,'28,9');
Insert into ECI_DELIVERY_COST (DELIVERY_COST_ID,GOOD_TYPE,COST_TO,COST,COMPANY,RETURN_COST) values ('487220442352','1','7','9,8',null,'9,8');
Insert into ECI_DELIVERY_COST (DELIVERY_COST_ID,GOOD_TYPE,COST_TO,COST,COMPANY,RETURN_COST) values ('487220442348','0','2','14',null,'14');
Insert into ECI_DELIVERY_COST (DELIVERY_COST_ID,GOOD_TYPE,COST_TO,COST,COMPANY,RETURN_COST) values ('487220442346','2','999','17,7',null,'17,7');
Insert into ECI_DELIVERY_COST (DELIVERY_COST_ID,GOOD_TYPE,COST_TO,COST,COMPANY,RETURN_COST) values ('487220442344','2','15','11,8',null,'11,8');
Insert into ECI_DELIVERY_COST (DELIVERY_COST_ID,GOOD_TYPE,COST_TO,COST,COMPANY,RETURN_COST) values ('487220442342','2','8','5,9',null,'5,9');
Insert into ECI_DELIVERY_COST (DELIVERY_COST_ID,GOOD_TYPE,COST_TO,COST,COMPANY,RETURN_COST) values ('487220442370','2','999','1',null,'1');
Insert into ECI_DELIVERY_COST (DELIVERY_COST_ID,GOOD_TYPE,COST_TO,COST,COMPANY,RETURN_COST) values ('487220442368','1','999','1',null,'1');
Insert into ECI_DELIVERY_COST (DELIVERY_COST_ID,GOOD_TYPE,COST_TO,COST,COMPANY,RETURN_COST) values ('487220442362','0','999','1',null,'1');
Insert into ECI_DELIVERY_COST (DELIVERY_COST_ID,GOOD_TYPE,COST_TO,COST,COMPANY,RETURN_COST) values ('487220442360','2','999','1',null,'1');
Insert into ECI_DELIVERY_COST (DELIVERY_COST_ID,GOOD_TYPE,COST_TO,COST,COMPANY,RETURN_COST) values ('487220442366','0','999','1',null,'1');
Insert into ECI_DELIVERY_COST (DELIVERY_COST_ID,GOOD_TYPE,COST_TO,COST,COMPANY,RETURN_COST) values ('487220442364','1','999','1',null,'1');
Insert into ECI_DELIVERY_COST (DELIVERY_COST_ID,GOOD_TYPE,COST_TO,COST,COMPANY,RETURN_COST) values ('487228742344','2','2','4,9',null,null);
Insert into ECI_DELIVERY_COST (DELIVERY_COST_ID,GOOD_TYPE,COST_TO,COST,COMPANY,RETURN_COST) values ('487228742346','2','9','4,2',null,null);
Insert into ECI_DELIVERY_COST (DELIVERY_COST_ID,GOOD_TYPE,COST_TO,COST,COMPANY,RETURN_COST) values ('487221342438','1','15','18,9',null,'18,9');
Insert into ECI_DELIVERY_COST (DELIVERY_COST_ID,GOOD_TYPE,COST_TO,COST,COMPANY,RETURN_COST) values ('487221342442','1','35','38,5',null,'38,5');
Insert into ECI_DELIVERY_COST (DELIVERY_COST_ID,GOOD_TYPE,COST_TO,COST,COMPANY,RETURN_COST) values ('487221342440','1','24','28,7',null,'28,7');
Insert into ECI_DELIVERY_COST (DELIVERY_COST_ID,GOOD_TYPE,COST_TO,COST,COMPANY,RETURN_COST) values ('487221342444','1','999','47,7',null,'47,7');
Insert into ECI_DELIVERY_COST (DELIVERY_COST_ID,GOOD_TYPE,COST_TO,COST,COMPANY,RETURN_COST) values ('487221342414','3','35','5,9',null,'5,9');
Insert into ECI_DELIVERY_COST (DELIVERY_COST_ID,GOOD_TYPE,COST_TO,COST,COMPANY,RETURN_COST) values ('487221342416','3','999','5,9',null,'5,9');
Insert into ECI_DELIVERY_COST (DELIVERY_COST_ID,GOOD_TYPE,COST_TO,COST,COMPANY,RETURN_COST) values ('487221342410','1','35','38,5',null,'38,5');
Insert into ECI_DELIVERY_COST (DELIVERY_COST_ID,GOOD_TYPE,COST_TO,COST,COMPANY,RETURN_COST) values ('487221342412','1','999','47,7',null,'47,7');
Insert into ECI_DELIVERY_COST (DELIVERY_COST_ID,GOOD_TYPE,COST_TO,COST,COMPANY,RETURN_COST) values ('487221342408','1','24','28,7',null,'28,7');
Insert into ECI_DELIVERY_COST (DELIVERY_COST_ID,GOOD_TYPE,COST_TO,COST,COMPANY,RETURN_COST) values ('487221342420','2','15','11,8',null,'11,8');
Insert into ECI_DELIVERY_COST (DELIVERY_COST_ID,GOOD_TYPE,COST_TO,COST,COMPANY,RETURN_COST) values ('487221342428','0','2','14',null,'14');
Insert into ECI_DELIVERY_COST (DELIVERY_COST_ID,GOOD_TYPE,COST_TO,COST,COMPANY,RETURN_COST) values ('487221342426','2','999','29,5',null,'29,5');
Insert into ECI_DELIVERY_COST (DELIVERY_COST_ID,GOOD_TYPE,COST_TO,COST,COMPANY,RETURN_COST) values ('487221342424','2','35','23,6',null,'23,6');
Insert into ECI_DELIVERY_COST (DELIVERY_COST_ID,GOOD_TYPE,COST_TO,COST,COMPANY,RETURN_COST) values ('487221342422','2','24','17,7',null,'17,7');
Insert into ECI_DELIVERY_COST (DELIVERY_COST_ID,GOOD_TYPE,COST_TO,COST,COMPANY,RETURN_COST) values ('487221342418','2','7','5,9',null,'5,9');
Insert into ECI_DELIVERY_COST (DELIVERY_COST_ID,GOOD_TYPE,COST_TO,COST,COMPANY,RETURN_COST) values ('487223242344','2','500','8','2','8');
Insert into ECI_DELIVERY_COST (DELIVERY_COST_ID,GOOD_TYPE,COST_TO,COST,COMPANY,RETURN_COST) values ('487223242342','2','500','6','6','6');
Insert into ECI_DELIVERY_COST (DELIVERY_COST_ID,GOOD_TYPE,COST_TO,COST,COMPANY,RETURN_COST) values ('487223242346','2','999','2,5','2','2,5');
Insert into ECI_DELIVERY_COST (DELIVERY_COST_ID,GOOD_TYPE,COST_TO,COST,COMPANY,RETURN_COST) values ('487222142342','0','999','0',null,'0');
Insert into ECI_DELIVERY_COST (DELIVERY_COST_ID,GOOD_TYPE,COST_TO,COST,COMPANY,RETURN_COST) values ('487222542348','1','999','0','2','0');
Insert into ECI_DELIVERY_COST (DELIVERY_COST_ID,GOOD_TYPE,COST_TO,COST,COMPANY,RETURN_COST) values ('487222542346','0','999','0','2','0');
Insert into ECI_DELIVERY_COST (DELIVERY_COST_ID,GOOD_TYPE,COST_TO,COST,COMPANY,RETURN_COST) values ('487222542352','3','999','0','2','0');
Insert into ECI_DELIVERY_COST (DELIVERY_COST_ID,GOOD_TYPE,COST_TO,COST,COMPANY,RETURN_COST) values ('487222542350','2','999','0','2','0');
Insert into ECI_DELIVERY_COST (DELIVERY_COST_ID,GOOD_TYPE,COST_TO,COST,COMPANY,RETURN_COST) values ('487225342342','2','999','17,71',null,'17,71');
Insert into ECI_DELIVERY_COST (DELIVERY_COST_ID,GOOD_TYPE,COST_TO,COST,COMPANY,RETURN_COST) values ('487226942372','0','25','76',null,'76');
Insert into ECI_DELIVERY_COST (DELIVERY_COST_ID,GOOD_TYPE,COST_TO,COST,COMPANY,RETURN_COST) values ('487226942370','0','5','55',null,'55');
Insert into ECI_DELIVERY_COST (DELIVERY_COST_ID,GOOD_TYPE,COST_TO,COST,COMPANY,RETURN_COST) values ('487226942376','0','999','56',null,'56');
Insert into ECI_DELIVERY_COST (DELIVERY_COST_ID,GOOD_TYPE,COST_TO,COST,COMPANY,RETURN_COST) values ('487226942374','0','50','105',null,'105');
Insert into ECI_DELIVERY_COST (DELIVERY_COST_ID,GOOD_TYPE,COST_TO,COST,COMPANY,RETURN_COST) values ('487226942348','3','999','22',null,'22');
Insert into ECI_DELIVERY_COST (DELIVERY_COST_ID,GOOD_TYPE,COST_TO,COST,COMPANY,RETURN_COST) values ('487226942346','2','999','13,02',null,'21');
Insert into ECI_DELIVERY_COST (DELIVERY_COST_ID,GOOD_TYPE,COST_TO,COST,COMPANY,RETURN_COST) values ('487226942356','2','999','55',null,'55');
Insert into ECI_DELIVERY_COST (DELIVERY_COST_ID,GOOD_TYPE,COST_TO,COST,COMPANY,RETURN_COST) values ('487226942358','1','7','35',null,'35');
Insert into ECI_DELIVERY_COST (DELIVERY_COST_ID,GOOD_TYPE,COST_TO,COST,COMPANY,RETURN_COST) values ('487226942352','2','24','41',null,'41');
Insert into ECI_DELIVERY_COST (DELIVERY_COST_ID,GOOD_TYPE,COST_TO,COST,COMPANY,RETURN_COST) values ('487226942354','2','50','51',null,'51');
Insert into ECI_DELIVERY_COST (DELIVERY_COST_ID,GOOD_TYPE,COST_TO,COST,COMPANY,RETURN_COST) values ('487226942350','2','15','31',null,'31');
Insert into ECI_DELIVERY_COST (DELIVERY_COST_ID,GOOD_TYPE,COST_TO,COST,COMPANY,RETURN_COST) values ('487226942368','0','2','45',null,'45');
Insert into ECI_DELIVERY_COST (DELIVERY_COST_ID,GOOD_TYPE,COST_TO,COST,COMPANY,RETURN_COST) values ('487226942366','1','999','80',null,'80');
Insert into ECI_DELIVERY_COST (DELIVERY_COST_ID,GOOD_TYPE,COST_TO,COST,COMPANY,RETURN_COST) values ('487226942364','1','50','77',null,'77');
Insert into ECI_DELIVERY_COST (DELIVERY_COST_ID,GOOD_TYPE,COST_TO,COST,COMPANY,RETURN_COST) values ('487226942362','1','24','55',null,'55');
Insert into ECI_DELIVERY_COST (DELIVERY_COST_ID,GOOD_TYPE,COST_TO,COST,COMPANY,RETURN_COST) values ('487226942360','1','15','40',null,'40');
Insert into ECI_DELIVERY_COST (DELIVERY_COST_ID,GOOD_TYPE,COST_TO,COST,COMPANY,RETURN_COST) values ('487220842356','1','24','28,7',null,'28,7');
Insert into ECI_DELIVERY_COST (DELIVERY_COST_ID,GOOD_TYPE,COST_TO,COST,COMPANY,RETURN_COST) values ('487220842354','1','15','18,9',null,'18,9');
Insert into ECI_DELIVERY_COST (DELIVERY_COST_ID,GOOD_TYPE,COST_TO,COST,COMPANY,RETURN_COST) values ('487220842358','1','35','38,5',null,'38,5');
Insert into ECI_DELIVERY_COST (DELIVERY_COST_ID,GOOD_TYPE,COST_TO,COST,COMPANY,RETURN_COST) values ('487220842352','1','7','9,8',null,'9,8');
Insert into ECI_DELIVERY_COST (DELIVERY_COST_ID,GOOD_TYPE,COST_TO,COST,COMPANY,RETURN_COST) values ('487220842350','2','999','29,5',null,'29,5');
Insert into ECI_DELIVERY_COST (DELIVERY_COST_ID,GOOD_TYPE,COST_TO,COST,COMPANY,RETURN_COST) values ('487220842342','2','7','5,9',null,'5,9');
Insert into ECI_DELIVERY_COST (DELIVERY_COST_ID,GOOD_TYPE,COST_TO,COST,COMPANY,RETURN_COST) values ('487220842344','2','15','11,8',null,'11,8');
Insert into ECI_DELIVERY_COST (DELIVERY_COST_ID,GOOD_TYPE,COST_TO,COST,COMPANY,RETURN_COST) values ('487220842346','2','24','17,7',null,'17,7');
Insert into ECI_DELIVERY_COST (DELIVERY_COST_ID,GOOD_TYPE,COST_TO,COST,COMPANY,RETURN_COST) values ('487220842348','2','35','23,6',null,'23,6');
Insert into ECI_DELIVERY_COST (DELIVERY_COST_ID,GOOD_TYPE,COST_TO,COST,COMPANY,RETURN_COST) values ('487220842368','0','999','50',null,'50');
Insert into ECI_DELIVERY_COST (DELIVERY_COST_ID,GOOD_TYPE,COST_TO,COST,COMPANY,RETURN_COST) values ('487220842364','0','5','28',null,'28');
Insert into ECI_DELIVERY_COST (DELIVERY_COST_ID,GOOD_TYPE,COST_TO,COST,COMPANY,RETURN_COST) values ('487220842366','0','10','42',null,'42');
Insert into ECI_DELIVERY_COST (DELIVERY_COST_ID,GOOD_TYPE,COST_TO,COST,COMPANY,RETURN_COST) values ('487220842360','1','999','47,7',null,'47,7');
Insert into ECI_DELIVERY_COST (DELIVERY_COST_ID,GOOD_TYPE,COST_TO,COST,COMPANY,RETURN_COST) values ('487220842362','0','2','14',null,'14');
Insert into ECI_DELIVERY_COST (DELIVERY_COST_ID,GOOD_TYPE,COST_TO,COST,COMPANY,RETURN_COST) values ('138012222398','1','15','18,9',null,'18,9');
Insert into ECI_DELIVERY_COST (DELIVERY_COST_ID,GOOD_TYPE,COST_TO,COST,COMPANY,RETURN_COST) values ('138012222396','1','7','9,8',null,'9,8');
Insert into ECI_DELIVERY_COST (DELIVERY_COST_ID,GOOD_TYPE,COST_TO,COST,COMPANY,RETURN_COST) values ('138012222394','0','999','28,9',null,'28,9');
Insert into ECI_DELIVERY_COST (DELIVERY_COST_ID,GOOD_TYPE,COST_TO,COST,COMPANY,RETURN_COST) values ('138012222392','0','5','28,9',null,'28,9');
Insert into ECI_DELIVERY_COST (DELIVERY_COST_ID,GOOD_TYPE,COST_TO,COST,COMPANY,RETURN_COST) values ('138012222390','0','2','14',null,'14');
Insert into ECI_DELIVERY_COST (DELIVERY_COST_ID,GOOD_TYPE,COST_TO,COST,COMPANY,RETURN_COST) values ('138012222384','2','7','5,9',null,'5,9');
Insert into ECI_DELIVERY_COST (DELIVERY_COST_ID,GOOD_TYPE,COST_TO,COST,COMPANY,RETURN_COST) values ('138012222386','2','15','11,8',null,'11,8');
Insert into ECI_DELIVERY_COST (DELIVERY_COST_ID,GOOD_TYPE,COST_TO,COST,COMPANY,RETURN_COST) values ('138012222388','2','999','17,7',null,'17,7');
Insert into ECI_DELIVERY_COST (DELIVERY_COST_ID,GOOD_TYPE,COST_TO,COST,COMPANY,RETURN_COST) values ('138012222380','1','15','1',null,'1');
Insert into ECI_DELIVERY_COST (DELIVERY_COST_ID,GOOD_TYPE,COST_TO,COST,COMPANY,RETURN_COST) values ('138012222382','1','999','1',null,'1');
Insert into ECI_DELIVERY_COST (DELIVERY_COST_ID,GOOD_TYPE,COST_TO,COST,COMPANY,RETURN_COST) values ('138012222376','0','999','1',null,'1');
Insert into ECI_DELIVERY_COST (DELIVERY_COST_ID,GOOD_TYPE,COST_TO,COST,COMPANY,RETURN_COST) values ('138012222374','2','999','1',null,'1');
Insert into ECI_DELIVERY_COST (DELIVERY_COST_ID,GOOD_TYPE,COST_TO,COST,COMPANY,RETURN_COST) values ('138012222378','1','7','1',null,'1');
Insert into ECI_DELIVERY_COST (DELIVERY_COST_ID,GOOD_TYPE,COST_TO,COST,COMPANY,RETURN_COST) values ('138012222372','2','15','1',null,'1');
Insert into ECI_DELIVERY_COST (DELIVERY_COST_ID,GOOD_TYPE,COST_TO,COST,COMPANY,RETURN_COST) values ('138012222370','2','7','1',null,'1');
Insert into ECI_DELIVERY_COST (DELIVERY_COST_ID,GOOD_TYPE,COST_TO,COST,COMPANY,RETURN_COST) values ('138012222360','0','999','28,9',null,'28,9');
Insert into ECI_DELIVERY_COST (DELIVERY_COST_ID,GOOD_TYPE,COST_TO,COST,COMPANY,RETURN_COST) values ('138012222368','1','999','28,8',null,'28,8');
Insert into ECI_DELIVERY_COST (DELIVERY_COST_ID,GOOD_TYPE,COST_TO,COST,COMPANY,RETURN_COST) values ('138012222366','1','24','28,8',null,'28,8');
Insert into ECI_DELIVERY_COST (DELIVERY_COST_ID,GOOD_TYPE,COST_TO,COST,COMPANY,RETURN_COST) values ('138012222364','1','15','18,9',null,'18,9');
Insert into ECI_DELIVERY_COST (DELIVERY_COST_ID,GOOD_TYPE,COST_TO,COST,COMPANY,RETURN_COST) values ('138012222362','1','7','9,8',null,'9,8');
Insert into ECI_DELIVERY_COST (DELIVERY_COST_ID,GOOD_TYPE,COST_TO,COST,COMPANY,RETURN_COST) values ('138012222350','2','999','17,7',null,'17,7');
Insert into ECI_DELIVERY_COST (DELIVERY_COST_ID,GOOD_TYPE,COST_TO,COST,COMPANY,RETURN_COST) values ('138012222356','0','10','40',null,'40');
Insert into ECI_DELIVERY_COST (DELIVERY_COST_ID,GOOD_TYPE,COST_TO,COST,COMPANY,RETURN_COST) values ('138012222358','0','15','50',null,'50');
Insert into ECI_DELIVERY_COST (DELIVERY_COST_ID,GOOD_TYPE,COST_TO,COST,COMPANY,RETURN_COST) values ('138012222352','0','2','14',null,'14');
Insert into ECI_DELIVERY_COST (DELIVERY_COST_ID,GOOD_TYPE,COST_TO,COST,COMPANY,RETURN_COST) values ('138012222354','0','5','28,9',null,'28,9');
Insert into ECI_DELIVERY_COST (DELIVERY_COST_ID,GOOD_TYPE,COST_TO,COST,COMPANY,RETURN_COST) values ('138012222348','2','24','17,7',null,'17,7');
Insert into ECI_DELIVERY_COST (DELIVERY_COST_ID,GOOD_TYPE,COST_TO,COST,COMPANY,RETURN_COST) values ('138012222342','2','7','5,9',null,'5,9');
Insert into ECI_DELIVERY_COST (DELIVERY_COST_ID,GOOD_TYPE,COST_TO,COST,COMPANY,RETURN_COST) values ('138012222346','2','15','11,8',null,'11,8');
Insert into ECI_DELIVERY_COST (DELIVERY_COST_ID,GOOD_TYPE,COST_TO,COST,COMPANY,RETURN_COST) values ('138012222344','2','15','11,8',null,'11,8');
Insert into ECI_DELIVERY_COST (DELIVERY_COST_ID,GOOD_TYPE,COST_TO,COST,COMPANY,RETURN_COST) values ('138012222404','2','7','20',null,'20');
Insert into ECI_DELIVERY_COST (DELIVERY_COST_ID,GOOD_TYPE,COST_TO,COST,COMPANY,RETURN_COST) values ('487225742342','2','999','5',null,'5');
Insert into ECI_DELIVERY_COST (DELIVERY_COST_ID,GOOD_TYPE,COST_TO,COST,COMPANY,RETURN_COST) values ('138012222406','2','15','30',null,'30');
Insert into ECI_DELIVERY_COST (DELIVERY_COST_ID,GOOD_TYPE,COST_TO,COST,COMPANY,RETURN_COST) values ('138012222408','2','24','40',null,'40');
Insert into ECI_DELIVERY_COST (DELIVERY_COST_ID,GOOD_TYPE,COST_TO,COST,COMPANY,RETURN_COST) values ('487225742348','3','999','15',null,'15');
Insert into ECI_DELIVERY_COST (DELIVERY_COST_ID,GOOD_TYPE,COST_TO,COST,COMPANY,RETURN_COST) values ('138012222400','1','24','28,8',null,'28,8');
Insert into ECI_DELIVERY_COST (DELIVERY_COST_ID,GOOD_TYPE,COST_TO,COST,COMPANY,RETURN_COST) values ('487225742346','2','999','15',null,'15');
Insert into ECI_DELIVERY_COST (DELIVERY_COST_ID,GOOD_TYPE,COST_TO,COST,COMPANY,RETURN_COST) values ('138012222402','1','999','28,8',null,'28,8');
Insert into ECI_DELIVERY_COST (DELIVERY_COST_ID,GOOD_TYPE,COST_TO,COST,COMPANY,RETURN_COST) values ('487225742344','3','999','5',null,'5');
Insert into ECI_DELIVERY_COST (DELIVERY_COST_ID,GOOD_TYPE,COST_TO,COST,COMPANY,RETURN_COST) values ('141013222416','1','999','120',null,'120');
Insert into ECI_DELIVERY_COST (DELIVERY_COST_ID,GOOD_TYPE,COST_TO,COST,COMPANY,RETURN_COST) values ('141013222414','1','15','7',null,'7');
Insert into ECI_DELIVERY_COST (DELIVERY_COST_ID,GOOD_TYPE,COST_TO,COST,COMPANY,RETURN_COST) values ('141013222400','1','999','50',null,'50');
Insert into ECI_DELIVERY_COST (DELIVERY_COST_ID,GOOD_TYPE,COST_TO,COST,COMPANY,RETURN_COST) values ('141013222410','1','7','54',null,'54');
Insert into ECI_DELIVERY_COST (DELIVERY_COST_ID,GOOD_TYPE,COST_TO,COST,COMPANY,RETURN_COST) values ('141013222402','2','7','43',null,'43');
Insert into ECI_DELIVERY_COST (DELIVERY_COST_ID,GOOD_TYPE,COST_TO,COST,COMPANY,RETURN_COST) values ('141013222404','2','15','54',null,'54');
Insert into ECI_DELIVERY_COST (DELIVERY_COST_ID,GOOD_TYPE,COST_TO,COST,COMPANY,RETURN_COST) values ('141013222406','2','999','75',null,'75');
Insert into ECI_DELIVERY_COST (DELIVERY_COST_ID,GOOD_TYPE,COST_TO,COST,COMPANY,RETURN_COST) values ('141013222408','0','999','150',null,'150');
Insert into ECI_DELIVERY_COST (DELIVERY_COST_ID,GOOD_TYPE,COST_TO,COST,COMPANY,RETURN_COST) values ('138012222428','1','24','50',null,'50');
Insert into ECI_DELIVERY_COST (DELIVERY_COST_ID,GOOD_TYPE,COST_TO,COST,COMPANY,RETURN_COST) values ('138012222426','1','15','35',null,'35');
Insert into ECI_DELIVERY_COST (DELIVERY_COST_ID,GOOD_TYPE,COST_TO,COST,COMPANY,RETURN_COST) values ('138012222420','0','50','100',null,'100');
Insert into ECI_DELIVERY_COST (DELIVERY_COST_ID,GOOD_TYPE,COST_TO,COST,COMPANY,RETURN_COST) values ('138012222424','1','7','30',null,'30');
Insert into ECI_DELIVERY_COST (DELIVERY_COST_ID,GOOD_TYPE,COST_TO,COST,COMPANY,RETURN_COST) values ('138012222422','0','999','50',null,'50');
Insert into ECI_DELIVERY_COST (DELIVERY_COST_ID,GOOD_TYPE,COST_TO,COST,COMPANY,RETURN_COST) values ('138012222414','0','2','40',null,'40');
Insert into ECI_DELIVERY_COST (DELIVERY_COST_ID,GOOD_TYPE,COST_TO,COST,COMPANY,RETURN_COST) values ('138012222416','0','5','50',null,'50');
Insert into ECI_DELIVERY_COST (DELIVERY_COST_ID,GOOD_TYPE,COST_TO,COST,COMPANY,RETURN_COST) values ('138012222418','0','25','75',null,'75');
Insert into ECI_DELIVERY_COST (DELIVERY_COST_ID,GOOD_TYPE,COST_TO,COST,COMPANY,RETURN_COST) values ('138012222410','2','50','50',null,'50');
Insert into ECI_DELIVERY_COST (DELIVERY_COST_ID,GOOD_TYPE,COST_TO,COST,COMPANY,RETURN_COST) values ('138012222412','2','999','50',null,'50');
Insert into ECI_DELIVERY_COST (DELIVERY_COST_ID,GOOD_TYPE,COST_TO,COST,COMPANY,RETURN_COST) values ('138012222432','1','999','75',null,'75');
Insert into ECI_DELIVERY_COST (DELIVERY_COST_ID,GOOD_TYPE,COST_TO,COST,COMPANY,RETURN_COST) values ('138012222430','1','50','75',null,'75');
Insert into ECI_DELIVERY_COST (DELIVERY_COST_ID,GOOD_TYPE,COST_TO,COST,COMPANY,RETURN_COST) values ('487224342398','1','7','30',null,'30');
Insert into ECI_DELIVERY_COST (DELIVERY_COST_ID,GOOD_TYPE,COST_TO,COST,COMPANY,RETURN_COST) values ('487224342396','0','999','50',null,'50');
Insert into ECI_DELIVERY_COST (DELIVERY_COST_ID,GOOD_TYPE,COST_TO,COST,COMPANY,RETURN_COST) values ('487224342390','1','24','50',null,'50');
Insert into ECI_DELIVERY_COST (DELIVERY_COST_ID,GOOD_TYPE,COST_TO,COST,COMPANY,RETURN_COST) values ('487224342394',null,'7','30',null,'30');
Insert into ECI_DELIVERY_COST (DELIVERY_COST_ID,GOOD_TYPE,COST_TO,COST,COMPANY,RETURN_COST) values ('487224342392','1','15','35',null,'35');
Insert into ECI_DELIVERY_COST (DELIVERY_COST_ID,GOOD_TYPE,COST_TO,COST,COMPANY,RETURN_COST) values ('487224342348','1','15','23',null,'23');
Insert into ECI_DELIVERY_COST (DELIVERY_COST_ID,GOOD_TYPE,COST_TO,COST,COMPANY,RETURN_COST) values ('487224342346','1','7','18',null,'18');
Insert into ECI_DELIVERY_COST (DELIVERY_COST_ID,GOOD_TYPE,COST_TO,COST,COMPANY,RETURN_COST) values ('487224342344','3','999','18',null,'18');
Insert into ECI_DELIVERY_COST (DELIVERY_COST_ID,GOOD_TYPE,COST_TO,COST,COMPANY,RETURN_COST) values ('487224342342','3','15','18',null,'18');
Insert into ECI_DELIVERY_COST (DELIVERY_COST_ID,GOOD_TYPE,COST_TO,COST,COMPANY,RETURN_COST) values ('487224342370','3','999','40',null,'40');
Insert into ECI_DELIVERY_COST (DELIVERY_COST_ID,GOOD_TYPE,COST_TO,COST,COMPANY,RETURN_COST) values ('487224342372','1','999','275',null,'275');
Insert into ECI_DELIVERY_COST (DELIVERY_COST_ID,GOOD_TYPE,COST_TO,COST,COMPANY,RETURN_COST) values ('487224342378','2','15','50',null,'50');
Insert into ECI_DELIVERY_COST (DELIVERY_COST_ID,GOOD_TYPE,COST_TO,COST,COMPANY,RETURN_COST) values ('487224342374','0','999','275',null,'275');
Insert into ECI_DELIVERY_COST (DELIVERY_COST_ID,GOOD_TYPE,COST_TO,COST,COMPANY,RETURN_COST) values ('487224342376','2','7','40',null,'40');
Insert into ECI_DELIVERY_COST (DELIVERY_COST_ID,GOOD_TYPE,COST_TO,COST,COMPANY,RETURN_COST) values ('487224342384','3','999','20',null,'20');
Insert into ECI_DELIVERY_COST (DELIVERY_COST_ID,GOOD_TYPE,COST_TO,COST,COMPANY,RETURN_COST) values ('487224342382','3','35','20',null,'20');
Insert into ECI_DELIVERY_COST (DELIVERY_COST_ID,GOOD_TYPE,COST_TO,COST,COMPANY,RETURN_COST) values ('487224342380','2','999','275',null,'275');
Insert into ECI_DELIVERY_COST (DELIVERY_COST_ID,GOOD_TYPE,COST_TO,COST,COMPANY,RETURN_COST) values ('487224342388','1','50','75',null,'75');
Insert into ECI_DELIVERY_COST (DELIVERY_COST_ID,GOOD_TYPE,COST_TO,COST,COMPANY,RETURN_COST) values ('487224342386','1','999','75',null,'75');
Insert into ECI_DELIVERY_COST (DELIVERY_COST_ID,GOOD_TYPE,COST_TO,COST,COMPANY,RETURN_COST) values ('487224342352','1','7','23',null,'23');
Insert into ECI_DELIVERY_COST (DELIVERY_COST_ID,GOOD_TYPE,COST_TO,COST,COMPANY,RETURN_COST) values ('487224342354','1','15','31',null,'31');
Insert into ECI_DELIVERY_COST (DELIVERY_COST_ID,GOOD_TYPE,COST_TO,COST,COMPANY,RETURN_COST) values ('487224342356','1','999','50',null,'50');
Insert into ECI_DELIVERY_COST (DELIVERY_COST_ID,GOOD_TYPE,COST_TO,COST,COMPANY,RETURN_COST) values ('487224342358','0','999','500',null,'500');
Insert into ECI_DELIVERY_COST (DELIVERY_COST_ID,GOOD_TYPE,COST_TO,COST,COMPANY,RETURN_COST) values ('487224342362','2','15','23',null,'23');
Insert into ECI_DELIVERY_COST (DELIVERY_COST_ID,GOOD_TYPE,COST_TO,COST,COMPANY,RETURN_COST) values ('487224342360','2','7','18',null,'18');
Insert into ECI_DELIVERY_COST (DELIVERY_COST_ID,GOOD_TYPE,COST_TO,COST,COMPANY,RETURN_COST) values ('487224342364','2','999','50',null,'50');
Insert into ECI_DELIVERY_COST (DELIVERY_COST_ID,GOOD_TYPE,COST_TO,COST,COMPANY,RETURN_COST) values ('487224342368','3','15','40',null,'40');
Insert into ECI_DELIVERY_COST (DELIVERY_COST_ID,GOOD_TYPE,COST_TO,COST,COMPANY,RETURN_COST) values ('141013222346','2','999','275',null,'275');
Insert into ECI_DELIVERY_COST (DELIVERY_COST_ID,GOOD_TYPE,COST_TO,COST,COMPANY,RETURN_COST) values ('141013222344','2','15','50',null,'50');
Insert into ECI_DELIVERY_COST (DELIVERY_COST_ID,GOOD_TYPE,COST_TO,COST,COMPANY,RETURN_COST) values ('141013222342','2','7','40',null,'40');
Insert into ECI_DELIVERY_COST (DELIVERY_COST_ID,GOOD_TYPE,COST_TO,COST,COMPANY,RETURN_COST) values ('141013222354','2','15','30',null,'30');
Insert into ECI_DELIVERY_COST (DELIVERY_COST_ID,GOOD_TYPE,COST_TO,COST,COMPANY,RETURN_COST) values ('141013222356','2','999','50',null,'50');
Insert into ECI_DELIVERY_COST (DELIVERY_COST_ID,GOOD_TYPE,COST_TO,COST,COMPANY,RETURN_COST) values ('141013222350','1','999','275',null,'275');
Insert into ECI_DELIVERY_COST (DELIVERY_COST_ID,GOOD_TYPE,COST_TO,COST,COMPANY,RETURN_COST) values ('141013222352','2','7','20',null,'20');
Insert into ECI_DELIVERY_COST (DELIVERY_COST_ID,GOOD_TYPE,COST_TO,COST,COMPANY,RETURN_COST) values ('141013222348','0','999','275',null,'275');
Insert into ECI_DELIVERY_COST (DELIVERY_COST_ID,GOOD_TYPE,COST_TO,COST,COMPANY,RETURN_COST) values ('487224342400','0','50','100',null,'100');
Insert into ECI_DELIVERY_COST (DELIVERY_COST_ID,GOOD_TYPE,COST_TO,COST,COMPANY,RETURN_COST) values ('487224342402','0','25','75',null,'75');
Insert into ECI_DELIVERY_COST (DELIVERY_COST_ID,GOOD_TYPE,COST_TO,COST,COMPANY,RETURN_COST) values ('487224342416','2','999','50',null,'50');
Insert into ECI_DELIVERY_COST (DELIVERY_COST_ID,GOOD_TYPE,COST_TO,COST,COMPANY,RETURN_COST) values ('487224342406','0','2','40',null,'40');
Insert into ECI_DELIVERY_COST (DELIVERY_COST_ID,GOOD_TYPE,COST_TO,COST,COMPANY,RETURN_COST) values ('487228742348','2','2','4,1',null,null);
Insert into ECI_DELIVERY_COST (DELIVERY_COST_ID,GOOD_TYPE,COST_TO,COST,COMPANY,RETURN_COST) values ('487221142348','0','99','14',null,'14');

--Configuración de Vía-Proveedor-Destino
Insert into ECI_FROMTO_CONFIG (FROMTO_ID,DISTRIBUTION_WAY,PROVIDER,REGION_ID,AVAILABLE_STS,COST_OF_CASH,AVAILABLE_CNC,AVAILABLE_CATERING) values ('487226442344','01','H0000037','117005622348','0',null,'0','0');
Insert into ECI_FROMTO_CONFIG (FROMTO_ID,DISTRIBUTION_WAY,PROVIDER,REGION_ID,AVAILABLE_STS,COST_OF_CASH,AVAILABLE_CNC,AVAILABLE_CATERING) values ('487222842342','04','N0000007','117005622346','0',null,'0','0');
Insert into ECI_FROMTO_CONFIG (FROMTO_ID,DISTRIBUTION_WAY,PROVIDER,REGION_ID,AVAILABLE_STS,COST_OF_CASH,AVAILABLE_CNC,AVAILABLE_CATERING) values ('487223242342','01','99999999','117005622348','0',null,'1','0');
Insert into ECI_FROMTO_CONFIG (FROMTO_ID,DISTRIBUTION_WAY,PROVIDER,REGION_ID,AVAILABLE_STS,COST_OF_CASH,AVAILABLE_CNC,AVAILABLE_CATERING) values ('487225542342','03','N0000002','117005622348','0',null,'0','0');
Insert into ECI_FROMTO_CONFIG (FROMTO_ID,DISTRIBUTION_WAY,PROVIDER,REGION_ID,AVAILABLE_STS,COST_OF_CASH,AVAILABLE_CNC,AVAILABLE_CATERING) values ('487224342342','04','N0000007','117005622348','0',null,'0','0');
Insert into ECI_FROMTO_CONFIG (FROMTO_ID,DISTRIBUTION_WAY,PROVIDER,REGION_ID,AVAILABLE_STS,COST_OF_CASH,AVAILABLE_CNC,AVAILABLE_CATERING) values ('487222942342','01','H0000042','117005622348','0',null,'1','0');
Insert into ECI_FROMTO_CONFIG (FROMTO_ID,DISTRIBUTION_WAY,PROVIDER,REGION_ID,AVAILABLE_STS,COST_OF_CASH,AVAILABLE_CNC,AVAILABLE_CATERING) values ('141013222358','00','00000000','117005622356','0',null,'0','0');
Insert into ECI_FROMTO_CONFIG (FROMTO_ID,DISTRIBUTION_WAY,PROVIDER,REGION_ID,AVAILABLE_STS,COST_OF_CASH,AVAILABLE_CNC,AVAILABLE_CATERING) values ('141013222350','00','00000000','117005622352','0',null,'0','0');
Insert into ECI_FROMTO_CONFIG (FROMTO_ID,DISTRIBUTION_WAY,PROVIDER,REGION_ID,AVAILABLE_STS,COST_OF_CASH,AVAILABLE_CNC,AVAILABLE_CATERING) values ('141013222352','00','00000000','117005622354','0',null,'0','0');
Insert into ECI_FROMTO_CONFIG (FROMTO_ID,DISTRIBUTION_WAY,PROVIDER,REGION_ID,AVAILABLE_STS,COST_OF_CASH,AVAILABLE_CNC,AVAILABLE_CATERING) values ('141013222360','00','00000000','117005622358','0',null,'0','0');
Insert into ECI_FROMTO_CONFIG (FROMTO_ID,DISTRIBUTION_WAY,PROVIDER,REGION_ID,AVAILABLE_STS,COST_OF_CASH,AVAILABLE_CNC,AVAILABLE_CATERING) values ('141013222348','00','00000000','117005622346','0',null,'0','0');
Insert into ECI_FROMTO_CONFIG (FROMTO_ID,DISTRIBUTION_WAY,PROVIDER,REGION_ID,AVAILABLE_STS,COST_OF_CASH,AVAILABLE_CNC,AVAILABLE_CATERING) values ('141013222344','00','00000000','117005622342','0',null,'0','0');
Insert into ECI_FROMTO_CONFIG (FROMTO_ID,DISTRIBUTION_WAY,PROVIDER,REGION_ID,AVAILABLE_STS,COST_OF_CASH,AVAILABLE_CNC,AVAILABLE_CATERING) values ('487225942344','01','H0000059','117005622348','0',null,'0','0');
Insert into ECI_FROMTO_CONFIG (FROMTO_ID,DISTRIBUTION_WAY,PROVIDER,REGION_ID,AVAILABLE_STS,COST_OF_CASH,AVAILABLE_CNC,AVAILABLE_CATERING) values ('487225942342','01','H0000052','117005622348','0',null,'1','0');
Insert into ECI_FROMTO_CONFIG (FROMTO_ID,DISTRIBUTION_WAY,PROVIDER,REGION_ID,AVAILABLE_STS,COST_OF_CASH,AVAILABLE_CNC,AVAILABLE_CATERING) values ('138012222344','00','00000000','117005622344','1',null,'0','0');
Insert into ECI_FROMTO_CONFIG (FROMTO_ID,DISTRIBUTION_WAY,PROVIDER,REGION_ID,AVAILABLE_STS,COST_OF_CASH,AVAILABLE_CNC,AVAILABLE_CATERING) values ('487223442344','08','N0000005','117005622344','0',null,'0','0');
Insert into ECI_FROMTO_CONFIG (FROMTO_ID,DISTRIBUTION_WAY,PROVIDER,REGION_ID,AVAILABLE_STS,COST_OF_CASH,AVAILABLE_CNC,AVAILABLE_CATERING) values ('487221942342','00','00000000','117005622350','0',null,'0','0');
Insert into ECI_FROMTO_CONFIG (FROMTO_ID,DISTRIBUTION_WAY,PROVIDER,REGION_ID,AVAILABLE_STS,COST_OF_CASH,AVAILABLE_CNC,AVAILABLE_CATERING) values ('487222742341','02','N0000001','117005622348','0',null,'0','0');
Insert into ECI_FROMTO_CONFIG (FROMTO_ID,DISTRIBUTION_WAY,PROVIDER,REGION_ID,AVAILABLE_STS,COST_OF_CASH,AVAILABLE_CNC,AVAILABLE_CATERING) values ('487221142342','08','N0000005','117005622348','0',null,'0','0');
Insert into ECI_FROMTO_CONFIG (FROMTO_ID,DISTRIBUTION_WAY,PROVIDER,REGION_ID,AVAILABLE_STS,COST_OF_CASH,AVAILABLE_CNC,AVAILABLE_CATERING) values ('487221042342','01','N0000008','117005622348','0',null,'0','0');
Insert into ECI_FROMTO_CONFIG (FROMTO_ID,DISTRIBUTION_WAY,PROVIDER,REGION_ID,AVAILABLE_STS,COST_OF_CASH,AVAILABLE_CNC,AVAILABLE_CATERING) values ('487222442344','01','H0000033','117005622348','0',null,'1','0');
Insert into ECI_FROMTO_CONFIG (FROMTO_ID,DISTRIBUTION_WAY,PROVIDER,REGION_ID,AVAILABLE_STS,COST_OF_CASH,AVAILABLE_CNC,AVAILABLE_CATERING) values ('487222442342','01',null,'117005622348','0',null,'0','0');
Insert into ECI_FROMTO_CONFIG (FROMTO_ID,DISTRIBUTION_WAY,PROVIDER,REGION_ID,AVAILABLE_STS,COST_OF_CASH,AVAILABLE_CNC,AVAILABLE_CATERING) values ('100006','00','00000000','117005622348','1','1,5','0','0');
Insert into ECI_FROMTO_CONFIG (FROMTO_ID,DISTRIBUTION_WAY,PROVIDER,REGION_ID,AVAILABLE_STS,COST_OF_CASH,AVAILABLE_CNC,AVAILABLE_CATERING) values ('487225242352','01','H0000021','487231542342','0',null,'0','0');
Insert into ECI_FROMTO_CONFIG (FROMTO_ID,DISTRIBUTION_WAY,PROVIDER,REGION_ID,AVAILABLE_STS,COST_OF_CASH,AVAILABLE_CNC,AVAILABLE_CATERING) values ('487225242350','01','H0000021','117005622348','0',null,'0','0');
Insert into ECI_FROMTO_CONFIG (FROMTO_ID,DISTRIBUTION_WAY,PROVIDER,REGION_ID,AVAILABLE_STS,COST_OF_CASH,AVAILABLE_CNC,AVAILABLE_CATERING) values ('487225242342','01','H0000034','117005622348','0',null,'0','0');
Insert into ECI_FROMTO_CONFIG (FROMTO_ID,DISTRIBUTION_WAY,PROVIDER,REGION_ID,AVAILABLE_STS,COST_OF_CASH,AVAILABLE_CNC,AVAILABLE_CATERING) values ('487225242344','01','H0000006','117005622348','0',null,'0','0');
Insert into ECI_FROMTO_CONFIG (FROMTO_ID,DISTRIBUTION_WAY,PROVIDER,REGION_ID,AVAILABLE_STS,COST_OF_CASH,AVAILABLE_CNC,AVAILABLE_CATERING) values ('487225242346','01','H0000034','487231542342','0',null,'0','0');
Insert into ECI_FROMTO_CONFIG (FROMTO_ID,DISTRIBUTION_WAY,PROVIDER,REGION_ID,AVAILABLE_STS,COST_OF_CASH,AVAILABLE_CNC,AVAILABLE_CATERING) values ('487225242348','01','H0000006',null,'0',null,'0','0');
Insert into ECI_FROMTO_CONFIG (FROMTO_ID,DISTRIBUTION_WAY,PROVIDER,REGION_ID,AVAILABLE_STS,COST_OF_CASH,AVAILABLE_CNC,AVAILABLE_CATERING) values ('487221742350','08','N0000010','117005622348','0',null,'0','0');
Insert into ECI_FROMTO_CONFIG (FROMTO_ID,DISTRIBUTION_WAY,PROVIDER,REGION_ID,AVAILABLE_STS,COST_OF_CASH,AVAILABLE_CNC,AVAILABLE_CATERING) values ('487225842345','01','H0000049','117005622348','0',null,'0','0');
Insert into ECI_FROMTO_CONFIG (FROMTO_ID,DISTRIBUTION_WAY,PROVIDER,REGION_ID,AVAILABLE_STS,COST_OF_CASH,AVAILABLE_CNC,AVAILABLE_CATERING) values ('487226542342','08','N0000005','117005622350','0',null,'0','0');
Insert into ECI_FROMTO_CONFIG (FROMTO_ID,DISTRIBUTION_WAY,PROVIDER,REGION_ID,AVAILABLE_STS,COST_OF_CASH,AVAILABLE_CNC,AVAILABLE_CATERING) values ('487226542341','08','N0000010','117005622350','0',null,'0','0');

Insert into ECI_FROMTO_DELIVERY_COST (FROMTO_ID,DELIVERY_COST_ID,IDX) values ('100006','138012222342','3');
Insert into ECI_FROMTO_DELIVERY_COST (FROMTO_ID,DELIVERY_COST_ID,IDX) values ('100006','138012222346','7');
Insert into ECI_FROMTO_DELIVERY_COST (FROMTO_ID,DELIVERY_COST_ID,IDX) values ('100006','138012222348','9');
Insert into ECI_FROMTO_DELIVERY_COST (FROMTO_ID,DELIVERY_COST_ID,IDX) values ('100006','138012222350','14');
Insert into ECI_FROMTO_DELIVERY_COST (FROMTO_ID,DELIVERY_COST_ID,IDX) values ('100006','138012222352','0');
Insert into ECI_FROMTO_DELIVERY_COST (FROMTO_ID,DELIVERY_COST_ID,IDX) values ('100006','138012222354','1');
Insert into ECI_FROMTO_DELIVERY_COST (FROMTO_ID,DELIVERY_COST_ID,IDX) values ('100006','138012222356','4');
Insert into ECI_FROMTO_DELIVERY_COST (FROMTO_ID,DELIVERY_COST_ID,IDX) values ('100006','138012222358','6');
Insert into ECI_FROMTO_DELIVERY_COST (FROMTO_ID,DELIVERY_COST_ID,IDX) values ('100006','138012222360','13');
Insert into ECI_FROMTO_DELIVERY_COST (FROMTO_ID,DELIVERY_COST_ID,IDX) values ('100006','138012222362','2');
Insert into ECI_FROMTO_DELIVERY_COST (FROMTO_ID,DELIVERY_COST_ID,IDX) values ('100006','138012222364','5');
Insert into ECI_FROMTO_DELIVERY_COST (FROMTO_ID,DELIVERY_COST_ID,IDX) values ('100006','138012222366','8');
Insert into ECI_FROMTO_DELIVERY_COST (FROMTO_ID,DELIVERY_COST_ID,IDX) values ('100006','138012222368','12');
Insert into ECI_FROMTO_DELIVERY_COST (FROMTO_ID,DELIVERY_COST_ID,IDX) values ('100006','487221342344','10');
Insert into ECI_FROMTO_DELIVERY_COST (FROMTO_ID,DELIVERY_COST_ID,IDX) values ('100006','487221342346','11');
Insert into ECI_FROMTO_DELIVERY_COST (FROMTO_ID,DELIVERY_COST_ID,IDX) values ('138012222344','138012222404','3');
Insert into ECI_FROMTO_DELIVERY_COST (FROMTO_ID,DELIVERY_COST_ID,IDX) values ('138012222344','138012222406','5');
Insert into ECI_FROMTO_DELIVERY_COST (FROMTO_ID,DELIVERY_COST_ID,IDX) values ('138012222344','138012222408','7');
Insert into ECI_FROMTO_DELIVERY_COST (FROMTO_ID,DELIVERY_COST_ID,IDX) values ('138012222344','138012222410','12');
Insert into ECI_FROMTO_DELIVERY_COST (FROMTO_ID,DELIVERY_COST_ID,IDX) values ('138012222344','138012222412','16');
Insert into ECI_FROMTO_DELIVERY_COST (FROMTO_ID,DELIVERY_COST_ID,IDX) values ('138012222344','138012222414','0');
Insert into ECI_FROMTO_DELIVERY_COST (FROMTO_ID,DELIVERY_COST_ID,IDX) values ('138012222344','138012222416','1');
Insert into ECI_FROMTO_DELIVERY_COST (FROMTO_ID,DELIVERY_COST_ID,IDX) values ('138012222344','138012222418','8');
Insert into ECI_FROMTO_DELIVERY_COST (FROMTO_ID,DELIVERY_COST_ID,IDX) values ('138012222344','138012222420','11');
Insert into ECI_FROMTO_DELIVERY_COST (FROMTO_ID,DELIVERY_COST_ID,IDX) values ('138012222344','138012222422','15');
Insert into ECI_FROMTO_DELIVERY_COST (FROMTO_ID,DELIVERY_COST_ID,IDX) values ('138012222344','138012222424','2');
Insert into ECI_FROMTO_DELIVERY_COST (FROMTO_ID,DELIVERY_COST_ID,IDX) values ('138012222344','138012222426','4');
Insert into ECI_FROMTO_DELIVERY_COST (FROMTO_ID,DELIVERY_COST_ID,IDX) values ('138012222344','138012222428','6');
Insert into ECI_FROMTO_DELIVERY_COST (FROMTO_ID,DELIVERY_COST_ID,IDX) values ('138012222344','138012222430','10');
Insert into ECI_FROMTO_DELIVERY_COST (FROMTO_ID,DELIVERY_COST_ID,IDX) values ('138012222344','138012222432','14');
Insert into ECI_FROMTO_DELIVERY_COST (FROMTO_ID,DELIVERY_COST_ID,IDX) values ('138012222344','487221342352','9');
Insert into ECI_FROMTO_DELIVERY_COST (FROMTO_ID,DELIVERY_COST_ID,IDX) values ('138012222344','487221342354','13');
Insert into ECI_FROMTO_DELIVERY_COST (FROMTO_ID,DELIVERY_COST_ID,IDX) values ('141013222344','141013222342','0');
Insert into ECI_FROMTO_DELIVERY_COST (FROMTO_ID,DELIVERY_COST_ID,IDX) values ('141013222344','141013222344','2');
Insert into ECI_FROMTO_DELIVERY_COST (FROMTO_ID,DELIVERY_COST_ID,IDX) values ('141013222344','141013222346','6');
Insert into ECI_FROMTO_DELIVERY_COST (FROMTO_ID,DELIVERY_COST_ID,IDX) values ('141013222344','141013222348','5');
Insert into ECI_FROMTO_DELIVERY_COST (FROMTO_ID,DELIVERY_COST_ID,IDX) values ('141013222344','141013222350','4');
Insert into ECI_FROMTO_DELIVERY_COST (FROMTO_ID,DELIVERY_COST_ID,IDX) values ('141013222344','487221342356','1');
Insert into ECI_FROMTO_DELIVERY_COST (FROMTO_ID,DELIVERY_COST_ID,IDX) values ('141013222344','487221342358','3');
Insert into ECI_FROMTO_DELIVERY_COST (FROMTO_ID,DELIVERY_COST_ID,IDX) values ('141013222348','141013222352','0');
Insert into ECI_FROMTO_DELIVERY_COST (FROMTO_ID,DELIVERY_COST_ID,IDX) values ('141013222348','141013222354','1');
Insert into ECI_FROMTO_DELIVERY_COST (FROMTO_ID,DELIVERY_COST_ID,IDX) values ('141013222348','141013222356','6');
Insert into ECI_FROMTO_DELIVERY_COST (FROMTO_ID,DELIVERY_COST_ID,IDX) values ('141013222348','141013222358','5');
Insert into ECI_FROMTO_DELIVERY_COST (FROMTO_ID,DELIVERY_COST_ID,IDX) values ('141013222348','141013222360','4');
Insert into ECI_FROMTO_DELIVERY_COST (FROMTO_ID,DELIVERY_COST_ID,IDX) values ('141013222348','487221342360','2');
Insert into ECI_FROMTO_DELIVERY_COST (FROMTO_ID,DELIVERY_COST_ID,IDX) values ('141013222348','487221342362','3');
Insert into ECI_FROMTO_DELIVERY_COST (FROMTO_ID,DELIVERY_COST_ID,IDX) values ('141013222350','141013222362','0');
Insert into ECI_FROMTO_DELIVERY_COST (FROMTO_ID,DELIVERY_COST_ID,IDX) values ('141013222350','141013222364','2');
Insert into ECI_FROMTO_DELIVERY_COST (FROMTO_ID,DELIVERY_COST_ID,IDX) values ('141013222350','141013222366','6');
Insert into ECI_FROMTO_DELIVERY_COST (FROMTO_ID,DELIVERY_COST_ID,IDX) values ('141013222350','141013222368','5');
Insert into ECI_FROMTO_DELIVERY_COST (FROMTO_ID,DELIVERY_COST_ID,IDX) values ('141013222350','141013222370','4');
Insert into ECI_FROMTO_DELIVERY_COST (FROMTO_ID,DELIVERY_COST_ID,IDX) values ('141013222350','487221342364','1');
Insert into ECI_FROMTO_DELIVERY_COST (FROMTO_ID,DELIVERY_COST_ID,IDX) values ('141013222350','487221342366','3');
Insert into ECI_FROMTO_DELIVERY_COST (FROMTO_ID,DELIVERY_COST_ID,IDX) values ('141013222352','141013222372','1');
Insert into ECI_FROMTO_DELIVERY_COST (FROMTO_ID,DELIVERY_COST_ID,IDX) values ('141013222352','141013222374','4');
Insert into ECI_FROMTO_DELIVERY_COST (FROMTO_ID,DELIVERY_COST_ID,IDX) values ('141013222352','141013222376','8');
Insert into ECI_FROMTO_DELIVERY_COST (FROMTO_ID,DELIVERY_COST_ID,IDX) values ('141013222352','141013222378','7');
Insert into ECI_FROMTO_DELIVERY_COST (FROMTO_ID,DELIVERY_COST_ID,IDX) values ('141013222352','141013222380','0');
Insert into ECI_FROMTO_DELIVERY_COST (FROMTO_ID,DELIVERY_COST_ID,IDX) values ('141013222352','141013222382','3');
Insert into ECI_FROMTO_DELIVERY_COST (FROMTO_ID,DELIVERY_COST_ID,IDX) values ('141013222352','141013222384','6');
Insert into ECI_FROMTO_DELIVERY_COST (FROMTO_ID,DELIVERY_COST_ID,IDX) values ('141013222352','487221342368','2');
Insert into ECI_FROMTO_DELIVERY_COST (FROMTO_ID,DELIVERY_COST_ID,IDX) values ('141013222352','487221342370','5');
Insert into ECI_FROMTO_DELIVERY_COST (FROMTO_ID,DELIVERY_COST_ID,IDX) values ('141013222358','141013222386','2');
Insert into ECI_FROMTO_DELIVERY_COST (FROMTO_ID,DELIVERY_COST_ID,IDX) values ('141013222358','141013222388','6');
Insert into ECI_FROMTO_DELIVERY_COST (FROMTO_ID,DELIVERY_COST_ID,IDX) values ('141013222358','141013222390','9');
Insert into ECI_FROMTO_DELIVERY_COST (FROMTO_ID,DELIVERY_COST_ID,IDX) values ('141013222358','141013222392','0');
Insert into ECI_FROMTO_DELIVERY_COST (FROMTO_ID,DELIVERY_COST_ID,IDX) values ('141013222358','141013222394','3');
Insert into ECI_FROMTO_DELIVERY_COST (FROMTO_ID,DELIVERY_COST_ID,IDX) values ('141013222358','141013222396','1');
Insert into ECI_FROMTO_DELIVERY_COST (FROMTO_ID,DELIVERY_COST_ID,IDX) values ('141013222358','141013222398','5');
Insert into ECI_FROMTO_DELIVERY_COST (FROMTO_ID,DELIVERY_COST_ID,IDX) values ('141013222358','141013222400','8');
Insert into ECI_FROMTO_DELIVERY_COST (FROMTO_ID,DELIVERY_COST_ID,IDX) values ('141013222358','487221342348','4');
Insert into ECI_FROMTO_DELIVERY_COST (FROMTO_ID,DELIVERY_COST_ID,IDX) values ('141013222358','487221342350','7');
Insert into ECI_FROMTO_DELIVERY_COST (FROMTO_ID,DELIVERY_COST_ID,IDX) values ('141013222360','141013222402','1');
Insert into ECI_FROMTO_DELIVERY_COST (FROMTO_ID,DELIVERY_COST_ID,IDX) values ('141013222360','141013222404','4');
Insert into ECI_FROMTO_DELIVERY_COST (FROMTO_ID,DELIVERY_COST_ID,IDX) values ('141013222360','141013222406','8');
Insert into ECI_FROMTO_DELIVERY_COST (FROMTO_ID,DELIVERY_COST_ID,IDX) values ('141013222360','141013222408','7');
Insert into ECI_FROMTO_DELIVERY_COST (FROMTO_ID,DELIVERY_COST_ID,IDX) values ('141013222360','141013222410','0');
Insert into ECI_FROMTO_DELIVERY_COST (FROMTO_ID,DELIVERY_COST_ID,IDX) values ('141013222360','141013222414','3');
Insert into ECI_FROMTO_DELIVERY_COST (FROMTO_ID,DELIVERY_COST_ID,IDX) values ('141013222360','141013222416','6');
Insert into ECI_FROMTO_DELIVERY_COST (FROMTO_ID,DELIVERY_COST_ID,IDX) values ('141013222360','487221342372','2');
Insert into ECI_FROMTO_DELIVERY_COST (FROMTO_ID,DELIVERY_COST_ID,IDX) values ('141013222360','487221342374','5');
Insert into ECI_FROMTO_DELIVERY_COST (FROMTO_ID,DELIVERY_COST_ID,IDX) values ('487221042342','487220742342','7');
Insert into ECI_FROMTO_DELIVERY_COST (FROMTO_ID,DELIVERY_COST_ID,IDX) values ('487221042342','487220742344','8');
Insert into ECI_FROMTO_DELIVERY_COST (FROMTO_ID,DELIVERY_COST_ID,IDX) values ('487221042342','487220742346','9');
Insert into ECI_FROMTO_DELIVERY_COST (FROMTO_ID,DELIVERY_COST_ID,IDX) values ('487221042342','487220742348','10');
Insert into ECI_FROMTO_DELIVERY_COST (FROMTO_ID,DELIVERY_COST_ID,IDX) values ('487221042342','487221342376','6');
Insert into ECI_FROMTO_DELIVERY_COST (FROMTO_ID,DELIVERY_COST_ID,IDX) values ('487221042342','487221342378','5');
Insert into ECI_FROMTO_DELIVERY_COST (FROMTO_ID,DELIVERY_COST_ID,IDX) values ('487221042342','487221342380','4');
Insert into ECI_FROMTO_DELIVERY_COST (FROMTO_ID,DELIVERY_COST_ID,IDX) values ('487221042342','487221342382','3');
Insert into ECI_FROMTO_DELIVERY_COST (FROMTO_ID,DELIVERY_COST_ID,IDX) values ('487221042342','487221342384','2');
Insert into ECI_FROMTO_DELIVERY_COST (FROMTO_ID,DELIVERY_COST_ID,IDX) values ('487221042342','487229342374','1');
Insert into ECI_FROMTO_DELIVERY_COST (FROMTO_ID,DELIVERY_COST_ID,IDX) values ('487221042342','487229342376','0');
Insert into ECI_FROMTO_DELIVERY_COST (FROMTO_ID,DELIVERY_COST_ID,IDX) values ('487221142342','487222942350','15');
Insert into ECI_FROMTO_DELIVERY_COST (FROMTO_ID,DELIVERY_COST_ID,IDX) values ('487221142342','487222942352','14');
Insert into ECI_FROMTO_DELIVERY_COST (FROMTO_ID,DELIVERY_COST_ID,IDX) values ('487221142342','487222942354','13');
Insert into ECI_FROMTO_DELIVERY_COST (FROMTO_ID,DELIVERY_COST_ID,IDX) values ('487221142342','487222942356','12');
Insert into ECI_FROMTO_DELIVERY_COST (FROMTO_ID,DELIVERY_COST_ID,IDX) values ('487221142342','487222942358','11');
Insert into ECI_FROMTO_DELIVERY_COST (FROMTO_ID,DELIVERY_COST_ID,IDX) values ('487221142342','487222942360','10');
Insert into ECI_FROMTO_DELIVERY_COST (FROMTO_ID,DELIVERY_COST_ID,IDX) values ('487221142342','487222942362','9');
Insert into ECI_FROMTO_DELIVERY_COST (FROMTO_ID,DELIVERY_COST_ID,IDX) values ('487221142342','487222942364','8');
Insert into ECI_FROMTO_DELIVERY_COST (FROMTO_ID,DELIVERY_COST_ID,IDX) values ('487221142342','487222942366','7');
Insert into ECI_FROMTO_DELIVERY_COST (FROMTO_ID,DELIVERY_COST_ID,IDX) values ('487221142342','487222942368','6');
Insert into ECI_FROMTO_DELIVERY_COST (FROMTO_ID,DELIVERY_COST_ID,IDX) values ('487221142342','487222942370','5');
Insert into ECI_FROMTO_DELIVERY_COST (FROMTO_ID,DELIVERY_COST_ID,IDX) values ('487221142342','487222942372','4');
Insert into ECI_FROMTO_DELIVERY_COST (FROMTO_ID,DELIVERY_COST_ID,IDX) values ('487221142342','487222942374','3');
Insert into ECI_FROMTO_DELIVERY_COST (FROMTO_ID,DELIVERY_COST_ID,IDX) values ('487221142342','487222942376','2');
Insert into ECI_FROMTO_DELIVERY_COST (FROMTO_ID,DELIVERY_COST_ID,IDX) values ('487221142342','487228842348','1');
Insert into ECI_FROMTO_DELIVERY_COST (FROMTO_ID,DELIVERY_COST_ID,IDX) values ('487221142342','487228842350','0');
Insert into ECI_FROMTO_DELIVERY_COST (FROMTO_ID,DELIVERY_COST_ID,IDX) values ('487221742350','487221342386','13');
Insert into ECI_FROMTO_DELIVERY_COST (FROMTO_ID,DELIVERY_COST_ID,IDX) values ('487221742350','487221342388','12');
Insert into ECI_FROMTO_DELIVERY_COST (FROMTO_ID,DELIVERY_COST_ID,IDX) values ('487221742350','487221342390','11');
Insert into ECI_FROMTO_DELIVERY_COST (FROMTO_ID,DELIVERY_COST_ID,IDX) values ('487221742350','487221342392','10');
Insert into ECI_FROMTO_DELIVERY_COST (FROMTO_ID,DELIVERY_COST_ID,IDX) values ('487221742350','487221342394','9');
Insert into ECI_FROMTO_DELIVERY_COST (FROMTO_ID,DELIVERY_COST_ID,IDX) values ('487221742350','487221342398','8');
Insert into ECI_FROMTO_DELIVERY_COST (FROMTO_ID,DELIVERY_COST_ID,IDX) values ('487221742350','487221342400','7');
Insert into ECI_FROMTO_DELIVERY_COST (FROMTO_ID,DELIVERY_COST_ID,IDX) values ('487221742350','487221342402','6');
Insert into ECI_FROMTO_DELIVERY_COST (FROMTO_ID,DELIVERY_COST_ID,IDX) values ('487221742350','487221342404','4');
Insert into ECI_FROMTO_DELIVERY_COST (FROMTO_ID,DELIVERY_COST_ID,IDX) values ('487221742350','487221342406','3');
Insert into ECI_FROMTO_DELIVERY_COST (FROMTO_ID,DELIVERY_COST_ID,IDX) values ('487221742350','487221342408','2');
Insert into ECI_FROMTO_DELIVERY_COST (FROMTO_ID,DELIVERY_COST_ID,IDX) values ('487221742350','487221342410','1');
Insert into ECI_FROMTO_DELIVERY_COST (FROMTO_ID,DELIVERY_COST_ID,IDX) values ('487221742350','487221342412','0');
Insert into ECI_FROMTO_DELIVERY_COST (FROMTO_ID,DELIVERY_COST_ID,IDX) values ('487221742350','487227142342','5');
Insert into ECI_FROMTO_DELIVERY_COST (FROMTO_ID,DELIVERY_COST_ID,IDX) values ('487221942342','487221342414','11');
Insert into ECI_FROMTO_DELIVERY_COST (FROMTO_ID,DELIVERY_COST_ID,IDX) values ('487221942342','487221342416','15');
Insert into ECI_FROMTO_DELIVERY_COST (FROMTO_ID,DELIVERY_COST_ID,IDX) values ('487221942342','487221342418','3');
Insert into ECI_FROMTO_DELIVERY_COST (FROMTO_ID,DELIVERY_COST_ID,IDX) values ('487221942342','487221342420','6');
Insert into ECI_FROMTO_DELIVERY_COST (FROMTO_ID,DELIVERY_COST_ID,IDX) values ('487221942342','487221342422','8');
Insert into ECI_FROMTO_DELIVERY_COST (FROMTO_ID,DELIVERY_COST_ID,IDX) values ('487221942342','487221342424','10');
Insert into ECI_FROMTO_DELIVERY_COST (FROMTO_ID,DELIVERY_COST_ID,IDX) values ('487221942342','487221342426','14');
Insert into ECI_FROMTO_DELIVERY_COST (FROMTO_ID,DELIVERY_COST_ID,IDX) values ('487221942342','487221342428','0');
Insert into ECI_FROMTO_DELIVERY_COST (FROMTO_ID,DELIVERY_COST_ID,IDX) values ('487221942342','487221342430','1');
Insert into ECI_FROMTO_DELIVERY_COST (FROMTO_ID,DELIVERY_COST_ID,IDX) values ('487221942342','487221342432','4');
Insert into ECI_FROMTO_DELIVERY_COST (FROMTO_ID,DELIVERY_COST_ID,IDX) values ('487221942342','487221342434','13');
Insert into ECI_FROMTO_DELIVERY_COST (FROMTO_ID,DELIVERY_COST_ID,IDX) values ('487221942342','487221342436','2');
Insert into ECI_FROMTO_DELIVERY_COST (FROMTO_ID,DELIVERY_COST_ID,IDX) values ('487221942342','487221342438','5');
Insert into ECI_FROMTO_DELIVERY_COST (FROMTO_ID,DELIVERY_COST_ID,IDX) values ('487221942342','487221342440','7');
Insert into ECI_FROMTO_DELIVERY_COST (FROMTO_ID,DELIVERY_COST_ID,IDX) values ('487221942342','487221342442','9');
Insert into ECI_FROMTO_DELIVERY_COST (FROMTO_ID,DELIVERY_COST_ID,IDX) values ('487221942342','487221342444','12');
Insert into ECI_FROMTO_DELIVERY_COST (FROMTO_ID,DELIVERY_COST_ID,IDX) values ('487222442342','487222442342','3');
Insert into ECI_FROMTO_DELIVERY_COST (FROMTO_ID,DELIVERY_COST_ID,IDX) values ('487222442342','487222442344','2');
Insert into ECI_FROMTO_DELIVERY_COST (FROMTO_ID,DELIVERY_COST_ID,IDX) values ('487222442342','487222442348','1');
Insert into ECI_FROMTO_DELIVERY_COST (FROMTO_ID,DELIVERY_COST_ID,IDX) values ('487222442342','487225842354','0');
Insert into ECI_FROMTO_DELIVERY_COST (FROMTO_ID,DELIVERY_COST_ID,IDX) values ('487222442344','487222442350','3');
Insert into ECI_FROMTO_DELIVERY_COST (FROMTO_ID,DELIVERY_COST_ID,IDX) values ('487222442344','487222442354','2');
Insert into ECI_FROMTO_DELIVERY_COST (FROMTO_ID,DELIVERY_COST_ID,IDX) values ('487222442344','487222442356','1');
Insert into ECI_FROMTO_DELIVERY_COST (FROMTO_ID,DELIVERY_COST_ID,IDX) values ('487222442344','487229342368','0');
Insert into ECI_FROMTO_DELIVERY_COST (FROMTO_ID,DELIVERY_COST_ID,IDX) values ('487222742341','487220842342','13');
Insert into ECI_FROMTO_DELIVERY_COST (FROMTO_ID,DELIVERY_COST_ID,IDX) values ('487222742341','487220842344','12');
Insert into ECI_FROMTO_DELIVERY_COST (FROMTO_ID,DELIVERY_COST_ID,IDX) values ('487222742341','487220842346','11');
Insert into ECI_FROMTO_DELIVERY_COST (FROMTO_ID,DELIVERY_COST_ID,IDX) values ('487222742341','487220842348','10');
Insert into ECI_FROMTO_DELIVERY_COST (FROMTO_ID,DELIVERY_COST_ID,IDX) values ('487222742341','487220842350','9');
Insert into ECI_FROMTO_DELIVERY_COST (FROMTO_ID,DELIVERY_COST_ID,IDX) values ('487222742341','487220842352','8');
Insert into ECI_FROMTO_DELIVERY_COST (FROMTO_ID,DELIVERY_COST_ID,IDX) values ('487222742341','487220842354','7');
Insert into ECI_FROMTO_DELIVERY_COST (FROMTO_ID,DELIVERY_COST_ID,IDX) values ('487222742341','487220842356','6');
Insert into ECI_FROMTO_DELIVERY_COST (FROMTO_ID,DELIVERY_COST_ID,IDX) values ('487222742341','487220842358','5');
Insert into ECI_FROMTO_DELIVERY_COST (FROMTO_ID,DELIVERY_COST_ID,IDX) values ('487222742341','487220842360','4');
Insert into ECI_FROMTO_DELIVERY_COST (FROMTO_ID,DELIVERY_COST_ID,IDX) values ('487222742341','487220842362','3');
Insert into ECI_FROMTO_DELIVERY_COST (FROMTO_ID,DELIVERY_COST_ID,IDX) values ('487222742341','487220842364','2');
Insert into ECI_FROMTO_DELIVERY_COST (FROMTO_ID,DELIVERY_COST_ID,IDX) values ('487222742341','487220842366','1');
Insert into ECI_FROMTO_DELIVERY_COST (FROMTO_ID,DELIVERY_COST_ID,IDX) values ('487222742341','487220842368','0');
Insert into ECI_FROMTO_DELIVERY_COST (FROMTO_ID,DELIVERY_COST_ID,IDX) values ('487222842342','487222142342','0');
Insert into ECI_FROMTO_DELIVERY_COST (FROMTO_ID,DELIVERY_COST_ID,IDX) values ('487222942342','487222342342','2');
Insert into ECI_FROMTO_DELIVERY_COST (FROMTO_ID,DELIVERY_COST_ID,IDX) values ('487222942342','487222342348','1');
Insert into ECI_FROMTO_DELIVERY_COST (FROMTO_ID,DELIVERY_COST_ID,IDX) values ('487222942342','487222342352','0');
Insert into ECI_FROMTO_DELIVERY_COST (FROMTO_ID,DELIVERY_COST_ID,IDX) values ('487223242342','487222642342','3');
Insert into ECI_FROMTO_DELIVERY_COST (FROMTO_ID,DELIVERY_COST_ID,IDX) values ('487223242342','487222642344','2');
Insert into ECI_FROMTO_DELIVERY_COST (FROMTO_ID,DELIVERY_COST_ID,IDX) values ('487223242342','487222642346','1');
Insert into ECI_FROMTO_DELIVERY_COST (FROMTO_ID,DELIVERY_COST_ID,IDX) values ('487223242342','487222642348','0');
Insert into ECI_FROMTO_DELIVERY_COST (FROMTO_ID,DELIVERY_COST_ID,IDX) values ('487223442344','487223042344','15');
Insert into ECI_FROMTO_DELIVERY_COST (FROMTO_ID,DELIVERY_COST_ID,IDX) values ('487223442344','487223042346','14');
Insert into ECI_FROMTO_DELIVERY_COST (FROMTO_ID,DELIVERY_COST_ID,IDX) values ('487223442344','487223042348','13');
Insert into ECI_FROMTO_DELIVERY_COST (FROMTO_ID,DELIVERY_COST_ID,IDX) values ('487223442344','487223042352','12');
Insert into ECI_FROMTO_DELIVERY_COST (FROMTO_ID,DELIVERY_COST_ID,IDX) values ('487223442344','487223042354','11');
Insert into ECI_FROMTO_DELIVERY_COST (FROMTO_ID,DELIVERY_COST_ID,IDX) values ('487223442344','487223042356','10');
Insert into ECI_FROMTO_DELIVERY_COST (FROMTO_ID,DELIVERY_COST_ID,IDX) values ('487223442344','487223042358','9');
Insert into ECI_FROMTO_DELIVERY_COST (FROMTO_ID,DELIVERY_COST_ID,IDX) values ('487223442344','487223042360','8');
Insert into ECI_FROMTO_DELIVERY_COST (FROMTO_ID,DELIVERY_COST_ID,IDX) values ('487223442344','487223042362','7');
Insert into ECI_FROMTO_DELIVERY_COST (FROMTO_ID,DELIVERY_COST_ID,IDX) values ('487223442344','487223042364','6');
Insert into ECI_FROMTO_DELIVERY_COST (FROMTO_ID,DELIVERY_COST_ID,IDX) values ('487223442344','487223042366','5');
Insert into ECI_FROMTO_DELIVERY_COST (FROMTO_ID,DELIVERY_COST_ID,IDX) values ('487223442344','487223042368','4');
Insert into ECI_FROMTO_DELIVERY_COST (FROMTO_ID,DELIVERY_COST_ID,IDX) values ('487223442344','487223042370','3');
Insert into ECI_FROMTO_DELIVERY_COST (FROMTO_ID,DELIVERY_COST_ID,IDX) values ('487223442344','487223042372','2');
Insert into ECI_FROMTO_DELIVERY_COST (FROMTO_ID,DELIVERY_COST_ID,IDX) values ('487223442344','487223042374','1');
Insert into ECI_FROMTO_DELIVERY_COST (FROMTO_ID,DELIVERY_COST_ID,IDX) values ('487223442344','487223042376','0');
Insert into ECI_FROMTO_DELIVERY_COST (FROMTO_ID,DELIVERY_COST_ID,IDX) values ('487225242342','487227942342','3');
Insert into ECI_FROMTO_DELIVERY_COST (FROMTO_ID,DELIVERY_COST_ID,IDX) values ('487225242342','487227942344','2');
Insert into ECI_FROMTO_DELIVERY_COST (FROMTO_ID,DELIVERY_COST_ID,IDX) values ('487225242342','487227942346','1');
Insert into ECI_FROMTO_DELIVERY_COST (FROMTO_ID,DELIVERY_COST_ID,IDX) values ('487225242342','487227942348','0');
Insert into ECI_FROMTO_DELIVERY_COST (FROMTO_ID,DELIVERY_COST_ID,IDX) values ('487225242344','487227942350','3');
Insert into ECI_FROMTO_DELIVERY_COST (FROMTO_ID,DELIVERY_COST_ID,IDX) values ('487225242344','487227942352','2');
Insert into ECI_FROMTO_DELIVERY_COST (FROMTO_ID,DELIVERY_COST_ID,IDX) values ('487225242344','487227942354','1');
Insert into ECI_FROMTO_DELIVERY_COST (FROMTO_ID,DELIVERY_COST_ID,IDX) values ('487225242344','487227942356','0');
Insert into ECI_FROMTO_DELIVERY_COST (FROMTO_ID,DELIVERY_COST_ID,IDX) values ('487225242346','487227942358','3');
Insert into ECI_FROMTO_DELIVERY_COST (FROMTO_ID,DELIVERY_COST_ID,IDX) values ('487225242346','487227942360','2');
Insert into ECI_FROMTO_DELIVERY_COST (FROMTO_ID,DELIVERY_COST_ID,IDX) values ('487225242346','487227942362','1');
Insert into ECI_FROMTO_DELIVERY_COST (FROMTO_ID,DELIVERY_COST_ID,IDX) values ('487225242346','487227942364','0');
Insert into ECI_FROMTO_DELIVERY_COST (FROMTO_ID,DELIVERY_COST_ID,IDX) values ('487225242348','487227942366','3');
Insert into ECI_FROMTO_DELIVERY_COST (FROMTO_ID,DELIVERY_COST_ID,IDX) values ('487225242348','487227942368','2');
Insert into ECI_FROMTO_DELIVERY_COST (FROMTO_ID,DELIVERY_COST_ID,IDX) values ('487225242348','487227942370','1');
Insert into ECI_FROMTO_DELIVERY_COST (FROMTO_ID,DELIVERY_COST_ID,IDX) values ('487225242348','487227942372','0');
Insert into ECI_FROMTO_DELIVERY_COST (FROMTO_ID,DELIVERY_COST_ID,IDX) values ('487225242350','487227942374','3');
Insert into ECI_FROMTO_DELIVERY_COST (FROMTO_ID,DELIVERY_COST_ID,IDX) values ('487225242350','487227942376','2');
Insert into ECI_FROMTO_DELIVERY_COST (FROMTO_ID,DELIVERY_COST_ID,IDX) values ('487225242350','487227942378','1');
Insert into ECI_FROMTO_DELIVERY_COST (FROMTO_ID,DELIVERY_COST_ID,IDX) values ('487225242350','487227942380','0');
Insert into ECI_FROMTO_DELIVERY_COST (FROMTO_ID,DELIVERY_COST_ID,IDX) values ('487225242352','487227942382','3');
Insert into ECI_FROMTO_DELIVERY_COST (FROMTO_ID,DELIVERY_COST_ID,IDX) values ('487225242352','487227942384','2');
Insert into ECI_FROMTO_DELIVERY_COST (FROMTO_ID,DELIVERY_COST_ID,IDX) values ('487225242352','487227942386','1');
Insert into ECI_FROMTO_DELIVERY_COST (FROMTO_ID,DELIVERY_COST_ID,IDX) values ('487225242352','487227942388','0');
Insert into ECI_FROMTO_DELIVERY_COST (FROMTO_ID,DELIVERY_COST_ID,IDX) values ('487225542342','487228742346','1');
Insert into ECI_FROMTO_DELIVERY_COST (FROMTO_ID,DELIVERY_COST_ID,IDX) values ('487225542342','487228742348','0');
Insert into ECI_FROMTO_DELIVERY_COST (FROMTO_ID,DELIVERY_COST_ID,IDX) values ('487225842345','487228342346','3');
Insert into ECI_FROMTO_DELIVERY_COST (FROMTO_ID,DELIVERY_COST_ID,IDX) values ('487225842345','487228342348','2');
Insert into ECI_FROMTO_DELIVERY_COST (FROMTO_ID,DELIVERY_COST_ID,IDX) values ('487225842345','487228342350','1');
Insert into ECI_FROMTO_DELIVERY_COST (FROMTO_ID,DELIVERY_COST_ID,IDX) values ('487225842345','487228342352','0');
Insert into ECI_FROMTO_DELIVERY_COST (FROMTO_ID,DELIVERY_COST_ID,IDX) values ('487225942342','487228442342','3');
Insert into ECI_FROMTO_DELIVERY_COST (FROMTO_ID,DELIVERY_COST_ID,IDX) values ('487225942342','487228442344','2');
Insert into ECI_FROMTO_DELIVERY_COST (FROMTO_ID,DELIVERY_COST_ID,IDX) values ('487225942342','487228442346','1');
Insert into ECI_FROMTO_DELIVERY_COST (FROMTO_ID,DELIVERY_COST_ID,IDX) values ('487225942342','487228442348','0');
Insert into ECI_FROMTO_DELIVERY_COST (FROMTO_ID,DELIVERY_COST_ID,IDX) values ('487225942344','487228442350','3');
Insert into ECI_FROMTO_DELIVERY_COST (FROMTO_ID,DELIVERY_COST_ID,IDX) values ('487225942344','487228442352','2');
Insert into ECI_FROMTO_DELIVERY_COST (FROMTO_ID,DELIVERY_COST_ID,IDX) values ('487225942344','487228442354','1');
Insert into ECI_FROMTO_DELIVERY_COST (FROMTO_ID,DELIVERY_COST_ID,IDX) values ('487225942344','487228442356','0');
Insert into ECI_FROMTO_DELIVERY_COST (FROMTO_ID,DELIVERY_COST_ID,IDX) values ('487226442344','487229742342','3');
Insert into ECI_FROMTO_DELIVERY_COST (FROMTO_ID,DELIVERY_COST_ID,IDX) values ('487226442344','487229742344','2');
Insert into ECI_FROMTO_DELIVERY_COST (FROMTO_ID,DELIVERY_COST_ID,IDX) values ('487226442344','487229742346','1');
Insert into ECI_FROMTO_DELIVERY_COST (FROMTO_ID,DELIVERY_COST_ID,IDX) values ('487226442344','487229742348','0');
Insert into ECI_FROMTO_DELIVERY_COST (FROMTO_ID,DELIVERY_COST_ID,IDX) values ('487226542341','487221342386','13');
Insert into ECI_FROMTO_DELIVERY_COST (FROMTO_ID,DELIVERY_COST_ID,IDX) values ('487226542341','487221342388','12');
Insert into ECI_FROMTO_DELIVERY_COST (FROMTO_ID,DELIVERY_COST_ID,IDX) values ('487226542341','487221342390','11');
Insert into ECI_FROMTO_DELIVERY_COST (FROMTO_ID,DELIVERY_COST_ID,IDX) values ('487226542341','487221342392','10');
Insert into ECI_FROMTO_DELIVERY_COST (FROMTO_ID,DELIVERY_COST_ID,IDX) values ('487226542341','487221342394','9');
Insert into ECI_FROMTO_DELIVERY_COST (FROMTO_ID,DELIVERY_COST_ID,IDX) values ('487226542341','487221342398','8');
Insert into ECI_FROMTO_DELIVERY_COST (FROMTO_ID,DELIVERY_COST_ID,IDX) values ('487226542341','487221342400','7');
Insert into ECI_FROMTO_DELIVERY_COST (FROMTO_ID,DELIVERY_COST_ID,IDX) values ('487226542341','487221342402','6');
Insert into ECI_FROMTO_DELIVERY_COST (FROMTO_ID,DELIVERY_COST_ID,IDX) values ('487226542341','487221342404','4');
Insert into ECI_FROMTO_DELIVERY_COST (FROMTO_ID,DELIVERY_COST_ID,IDX) values ('487226542341','487221342406','3');
Insert into ECI_FROMTO_DELIVERY_COST (FROMTO_ID,DELIVERY_COST_ID,IDX) values ('487226542341','487221342408','2');
Insert into ECI_FROMTO_DELIVERY_COST (FROMTO_ID,DELIVERY_COST_ID,IDX) values ('487226542341','487221342410','1');
Insert into ECI_FROMTO_DELIVERY_COST (FROMTO_ID,DELIVERY_COST_ID,IDX) values ('487226542341','487221342412','0');
Insert into ECI_FROMTO_DELIVERY_COST (FROMTO_ID,DELIVERY_COST_ID,IDX) values ('487226542341','487227142342','5');
Insert into ECI_FROMTO_DELIVERY_COST (FROMTO_ID,DELIVERY_COST_ID,IDX) values ('487226542342','487222942350','15');
Insert into ECI_FROMTO_DELIVERY_COST (FROMTO_ID,DELIVERY_COST_ID,IDX) values ('487226542342','487222942352','14');
Insert into ECI_FROMTO_DELIVERY_COST (FROMTO_ID,DELIVERY_COST_ID,IDX) values ('487226542342','487222942354','13');
Insert into ECI_FROMTO_DELIVERY_COST (FROMTO_ID,DELIVERY_COST_ID,IDX) values ('487226542342','487222942356','12');
Insert into ECI_FROMTO_DELIVERY_COST (FROMTO_ID,DELIVERY_COST_ID,IDX) values ('487226542342','487222942358','11');
Insert into ECI_FROMTO_DELIVERY_COST (FROMTO_ID,DELIVERY_COST_ID,IDX) values ('487226542342','487222942360','10');
Insert into ECI_FROMTO_DELIVERY_COST (FROMTO_ID,DELIVERY_COST_ID,IDX) values ('487226542342','487222942362','9');
Insert into ECI_FROMTO_DELIVERY_COST (FROMTO_ID,DELIVERY_COST_ID,IDX) values ('487226542342','487222942364','8');
Insert into ECI_FROMTO_DELIVERY_COST (FROMTO_ID,DELIVERY_COST_ID,IDX) values ('487226542342','487222942366','7');
Insert into ECI_FROMTO_DELIVERY_COST (FROMTO_ID,DELIVERY_COST_ID,IDX) values ('487226542342','487222942368','6');
Insert into ECI_FROMTO_DELIVERY_COST (FROMTO_ID,DELIVERY_COST_ID,IDX) values ('487226542342','487222942370','5');
Insert into ECI_FROMTO_DELIVERY_COST (FROMTO_ID,DELIVERY_COST_ID,IDX) values ('487226542342','487222942372','4');
Insert into ECI_FROMTO_DELIVERY_COST (FROMTO_ID,DELIVERY_COST_ID,IDX) values ('487226542342','487222942374','3');
Insert into ECI_FROMTO_DELIVERY_COST (FROMTO_ID,DELIVERY_COST_ID,IDX) values ('487226542342','487222942376','2');
Insert into ECI_FROMTO_DELIVERY_COST (FROMTO_ID,DELIVERY_COST_ID,IDX) values ('487226542342','487228842348','1');
Insert into ECI_FROMTO_DELIVERY_COST (FROMTO_ID,DELIVERY_COST_ID,IDX) values ('487226542342','487228842350','0');

Insert into ECI_FROMTO_EXP_PREMIUM_COST (FROMTO_ID,EXPRESS_PREMIUM_COST_ID,IDX) values ('100006','487224142366','3');
Insert into ECI_FROMTO_EXP_PREMIUM_COST (FROMTO_ID,EXPRESS_PREMIUM_COST_ID,IDX) values ('100006','487224142368','2');
Insert into ECI_FROMTO_EXP_PREMIUM_COST (FROMTO_ID,EXPRESS_PREMIUM_COST_ID,IDX) values ('100006','487224142372','1');
Insert into ECI_FROMTO_EXP_PREMIUM_COST (FROMTO_ID,EXPRESS_PREMIUM_COST_ID,IDX) values ('100006','487224142374','0');

Insert into ECI_FROMTO_EXPRESS_COST (FROMTO_ID,EXPRESS_COST_ID,IDX) values ('100006','487224142346','3');
Insert into ECI_FROMTO_EXPRESS_COST (FROMTO_ID,EXPRESS_COST_ID,IDX) values ('100006','487224142348','2');
Insert into ECI_FROMTO_EXPRESS_COST (FROMTO_ID,EXPRESS_COST_ID,IDX) values ('100006','487224142350','1');
Insert into ECI_FROMTO_EXPRESS_COST (FROMTO_ID,EXPRESS_COST_ID,IDX) values ('100006','487224142354','0');

Insert into ECI_FROMTO_CNC_COST (FROMTO_ID,IDX,CNC_COST_ID) values ('487223242342','0','487230042344');
Insert into ECI_FROMTO_CNC_COST (FROMTO_ID,IDX,CNC_COST_ID) values ('487223242342','1','487229642352');
Insert into ECI_FROMTO_CNC_COST (FROMTO_ID,IDX,CNC_COST_ID) values ('487223242342','2','487229642346');
Insert into ECI_FROMTO_CNC_COST (FROMTO_ID,IDX,CNC_COST_ID) values ('487223242342','3','487229642344');
Insert into ECI_FROMTO_CNC_COST (FROMTO_ID,IDX,CNC_COST_ID) values ('487222442344','0','487228942346');
Insert into ECI_FROMTO_CNC_COST (FROMTO_ID,IDX,CNC_COST_ID) values ('487222942342','3','487229442344');
Insert into ECI_FROMTO_CNC_COST (FROMTO_ID,IDX,CNC_COST_ID) values ('487222942342','0','487229442352');
Insert into ECI_FROMTO_CNC_COST (FROMTO_ID,IDX,CNC_COST_ID) values ('487222942342','1','487229442348');
Insert into ECI_FROMTO_CNC_COST (FROMTO_ID,IDX,CNC_COST_ID) values ('487222942342','2','487229442346');
Insert into ECI_FROMTO_CNC_COST (FROMTO_ID,IDX,CNC_COST_ID) values ('487225942342','0','487228942344');

Insert into ECI_FROMTO_STSCOST (FROMTO_ID,STS_COST_ID,IDX) values ('100006','487221942342','15');
Insert into ECI_FROMTO_STSCOST (FROMTO_ID,STS_COST_ID,IDX) values ('100006','487221942346','14');
Insert into ECI_FROMTO_STSCOST (FROMTO_ID,STS_COST_ID,IDX) values ('100006','487221942348','13');
Insert into ECI_FROMTO_STSCOST (FROMTO_ID,STS_COST_ID,IDX) values ('100006','487221942350','12');
Insert into ECI_FROMTO_STSCOST (FROMTO_ID,STS_COST_ID,IDX) values ('100006','487221942352','11');
Insert into ECI_FROMTO_STSCOST (FROMTO_ID,STS_COST_ID,IDX) values ('100006','487221942354','10');
Insert into ECI_FROMTO_STSCOST (FROMTO_ID,STS_COST_ID,IDX) values ('100006','487221942356','9');
Insert into ECI_FROMTO_STSCOST (FROMTO_ID,STS_COST_ID,IDX) values ('100006','487221942358','8');
Insert into ECI_FROMTO_STSCOST (FROMTO_ID,STS_COST_ID,IDX) values ('100006','487221942360','7');
Insert into ECI_FROMTO_STSCOST (FROMTO_ID,STS_COST_ID,IDX) values ('100006','487221942362','6');
Insert into ECI_FROMTO_STSCOST (FROMTO_ID,STS_COST_ID,IDX) values ('100006','487221942364','5');
Insert into ECI_FROMTO_STSCOST (FROMTO_ID,STS_COST_ID,IDX) values ('100006','487221942366','4');
Insert into ECI_FROMTO_STSCOST (FROMTO_ID,STS_COST_ID,IDX) values ('100006','487222542346','3');
Insert into ECI_FROMTO_STSCOST (FROMTO_ID,STS_COST_ID,IDX) values ('100006','487222542348','2');
Insert into ECI_FROMTO_STSCOST (FROMTO_ID,STS_COST_ID,IDX) values ('100006','487222542350','1');
Insert into ECI_FROMTO_STSCOST (FROMTO_ID,STS_COST_ID,IDX) values ('100006','487222542352','0');
Insert into ECI_FROMTO_STSCOST (FROMTO_ID,STS_COST_ID,IDX) values ('138012222344','487222042344','11');
Insert into ECI_FROMTO_STSCOST (FROMTO_ID,STS_COST_ID,IDX) values ('138012222344','487222042348','10');
Insert into ECI_FROMTO_STSCOST (FROMTO_ID,STS_COST_ID,IDX) values ('138012222344','487222042350','9');
Insert into ECI_FROMTO_STSCOST (FROMTO_ID,STS_COST_ID,IDX) values ('138012222344','487222042352','8');
Insert into ECI_FROMTO_STSCOST (FROMTO_ID,STS_COST_ID,IDX) values ('138012222344','487222042354','7');
Insert into ECI_FROMTO_STSCOST (FROMTO_ID,STS_COST_ID,IDX) values ('138012222344','487222042356','6');
Insert into ECI_FROMTO_STSCOST (FROMTO_ID,STS_COST_ID,IDX) values ('138012222344','487222042358','5');
Insert into ECI_FROMTO_STSCOST (FROMTO_ID,STS_COST_ID,IDX) values ('138012222344','487222042360','4');
Insert into ECI_FROMTO_STSCOST (FROMTO_ID,STS_COST_ID,IDX) values ('138012222344','487222042362','3');
Insert into ECI_FROMTO_STSCOST (FROMTO_ID,STS_COST_ID,IDX) values ('138012222344','487222042364','2');
Insert into ECI_FROMTO_STSCOST (FROMTO_ID,STS_COST_ID,IDX) values ('138012222344','487222042366','1');
Insert into ECI_FROMTO_STSCOST (FROMTO_ID,STS_COST_ID,IDX) values ('138012222344','487222042368','0');

Insert into ECI_FROMTO_PAYMENT_TYPE (FROMTO_ID,PAYMENT_TYPE_ID) values ('100006','100002');
Insert into ECI_FROMTO_PAYMENT_TYPE (FROMTO_ID,PAYMENT_TYPE_ID) values ('487221142342','100002');
Insert into ECI_FROMTO_PAYMENT_TYPE (FROMTO_ID,PAYMENT_TYPE_ID) values ('487222942342','100002');
Insert into ECI_FROMTO_PAYMENT_TYPE (FROMTO_ID,PAYMENT_TYPE_ID) values ('487223242342','100002');
Insert into ECI_FROMTO_PAYMENT_TYPE (FROMTO_ID,PAYMENT_TYPE_ID) values ('487224342342','100002');
Insert into ECI_FROMTO_PAYMENT_TYPE (FROMTO_ID,PAYMENT_TYPE_ID) values ('487225842345','100002');
Insert into ECI_FROMTO_PAYMENT_TYPE (FROMTO_ID,PAYMENT_TYPE_ID) values ('487225942342','100002');
Insert into ECI_FROMTO_PAYMENT_TYPE (FROMTO_ID,PAYMENT_TYPE_ID) values ('487225942344','100002');
Insert into ECI_FROMTO_PAYMENT_TYPE (FROMTO_ID,PAYMENT_TYPE_ID) values ('487226442344','100002');
Insert into ECI_FROMTO_PAYMENT_TYPE (FROMTO_ID,PAYMENT_TYPE_ID) values ('487226542342','100002');
Insert into ECI_FROMTO_PAYMENT_TYPE (FROMTO_ID,PAYMENT_TYPE_ID) values ('100006','487220542344');
Insert into ECI_FROMTO_PAYMENT_TYPE (FROMTO_ID,PAYMENT_TYPE_ID) values ('138012222344','487220542344');
Insert into ECI_FROMTO_PAYMENT_TYPE (FROMTO_ID,PAYMENT_TYPE_ID) values ('141013222344','487220542344');
Insert into ECI_FROMTO_PAYMENT_TYPE (FROMTO_ID,PAYMENT_TYPE_ID) values ('141013222348','487220542344');
Insert into ECI_FROMTO_PAYMENT_TYPE (FROMTO_ID,PAYMENT_TYPE_ID) values ('141013222350','487220542344');
Insert into ECI_FROMTO_PAYMENT_TYPE (FROMTO_ID,PAYMENT_TYPE_ID) values ('141013222352','487220542344');
Insert into ECI_FROMTO_PAYMENT_TYPE (FROMTO_ID,PAYMENT_TYPE_ID) values ('141013222358','487220542344');
Insert into ECI_FROMTO_PAYMENT_TYPE (FROMTO_ID,PAYMENT_TYPE_ID) values ('141013222360','487220542344');
Insert into ECI_FROMTO_PAYMENT_TYPE (FROMTO_ID,PAYMENT_TYPE_ID) values ('487221042342','487220542344');
Insert into ECI_FROMTO_PAYMENT_TYPE (FROMTO_ID,PAYMENT_TYPE_ID) values ('487221142342','487220542344');
Insert into ECI_FROMTO_PAYMENT_TYPE (FROMTO_ID,PAYMENT_TYPE_ID) values ('487221742350','487220542344');
Insert into ECI_FROMTO_PAYMENT_TYPE (FROMTO_ID,PAYMENT_TYPE_ID) values ('487221942342','487220542344');
Insert into ECI_FROMTO_PAYMENT_TYPE (FROMTO_ID,PAYMENT_TYPE_ID) values ('487222442342','487220542344');
Insert into ECI_FROMTO_PAYMENT_TYPE (FROMTO_ID,PAYMENT_TYPE_ID) values ('487222442344','487220542344');
Insert into ECI_FROMTO_PAYMENT_TYPE (FROMTO_ID,PAYMENT_TYPE_ID) values ('487222742341','487220542344');
Insert into ECI_FROMTO_PAYMENT_TYPE (FROMTO_ID,PAYMENT_TYPE_ID) values ('487222842342','487220542344');
Insert into ECI_FROMTO_PAYMENT_TYPE (FROMTO_ID,PAYMENT_TYPE_ID) values ('487222942342','487220542344');
Insert into ECI_FROMTO_PAYMENT_TYPE (FROMTO_ID,PAYMENT_TYPE_ID) values ('487223242342','487220542344');
Insert into ECI_FROMTO_PAYMENT_TYPE (FROMTO_ID,PAYMENT_TYPE_ID) values ('487223442344','487220542344');
Insert into ECI_FROMTO_PAYMENT_TYPE (FROMTO_ID,PAYMENT_TYPE_ID) values ('487224342342','487220542344');
Insert into ECI_FROMTO_PAYMENT_TYPE (FROMTO_ID,PAYMENT_TYPE_ID) values ('487225842345','487220542344');
Insert into ECI_FROMTO_PAYMENT_TYPE (FROMTO_ID,PAYMENT_TYPE_ID) values ('487225942342','487220542344');
Insert into ECI_FROMTO_PAYMENT_TYPE (FROMTO_ID,PAYMENT_TYPE_ID) values ('487225942344','487220542344');
Insert into ECI_FROMTO_PAYMENT_TYPE (FROMTO_ID,PAYMENT_TYPE_ID) values ('487226442344','487220542344');
Insert into ECI_FROMTO_PAYMENT_TYPE (FROMTO_ID,PAYMENT_TYPE_ID) values ('487226542341','487220542344');
Insert into ECI_FROMTO_PAYMENT_TYPE (FROMTO_ID,PAYMENT_TYPE_ID) values ('487226542342','487220542344');
Insert into ECI_FROMTO_PAYMENT_TYPE (FROMTO_ID,PAYMENT_TYPE_ID) values ('100006','487220542346');
Insert into ECI_FROMTO_PAYMENT_TYPE (FROMTO_ID,PAYMENT_TYPE_ID) values ('138012222344','487220542346');
Insert into ECI_FROMTO_PAYMENT_TYPE (FROMTO_ID,PAYMENT_TYPE_ID) values ('141013222344','487220542346');
Insert into ECI_FROMTO_PAYMENT_TYPE (FROMTO_ID,PAYMENT_TYPE_ID) values ('141013222348','487220542346');
Insert into ECI_FROMTO_PAYMENT_TYPE (FROMTO_ID,PAYMENT_TYPE_ID) values ('141013222350','487220542346');
Insert into ECI_FROMTO_PAYMENT_TYPE (FROMTO_ID,PAYMENT_TYPE_ID) values ('141013222352','487220542346');
Insert into ECI_FROMTO_PAYMENT_TYPE (FROMTO_ID,PAYMENT_TYPE_ID) values ('141013222358','487220542346');
Insert into ECI_FROMTO_PAYMENT_TYPE (FROMTO_ID,PAYMENT_TYPE_ID) values ('141013222360','487220542346');
Insert into ECI_FROMTO_PAYMENT_TYPE (FROMTO_ID,PAYMENT_TYPE_ID) values ('487221042342','487220542346');
Insert into ECI_FROMTO_PAYMENT_TYPE (FROMTO_ID,PAYMENT_TYPE_ID) values ('487221142342','487220542346');
Insert into ECI_FROMTO_PAYMENT_TYPE (FROMTO_ID,PAYMENT_TYPE_ID) values ('487221742350','487220542346');
Insert into ECI_FROMTO_PAYMENT_TYPE (FROMTO_ID,PAYMENT_TYPE_ID) values ('487221942342','487220542346');
Insert into ECI_FROMTO_PAYMENT_TYPE (FROMTO_ID,PAYMENT_TYPE_ID) values ('487222442342','487220542346');
Insert into ECI_FROMTO_PAYMENT_TYPE (FROMTO_ID,PAYMENT_TYPE_ID) values ('487222442344','487220542346');
Insert into ECI_FROMTO_PAYMENT_TYPE (FROMTO_ID,PAYMENT_TYPE_ID) values ('487222742341','487220542346');
Insert into ECI_FROMTO_PAYMENT_TYPE (FROMTO_ID,PAYMENT_TYPE_ID) values ('487222942342','487220542346');
Insert into ECI_FROMTO_PAYMENT_TYPE (FROMTO_ID,PAYMENT_TYPE_ID) values ('487223242342','487220542346');
Insert into ECI_FROMTO_PAYMENT_TYPE (FROMTO_ID,PAYMENT_TYPE_ID) values ('487223442344','487220542346');
Insert into ECI_FROMTO_PAYMENT_TYPE (FROMTO_ID,PAYMENT_TYPE_ID) values ('487224342342','487220542346');
Insert into ECI_FROMTO_PAYMENT_TYPE (FROMTO_ID,PAYMENT_TYPE_ID) values ('487225842345','487220542346');
Insert into ECI_FROMTO_PAYMENT_TYPE (FROMTO_ID,PAYMENT_TYPE_ID) values ('487225942342','487220542346');
Insert into ECI_FROMTO_PAYMENT_TYPE (FROMTO_ID,PAYMENT_TYPE_ID) values ('487225942344','487220542346');
Insert into ECI_FROMTO_PAYMENT_TYPE (FROMTO_ID,PAYMENT_TYPE_ID) values ('487226442344','487220542346');
Insert into ECI_FROMTO_PAYMENT_TYPE (FROMTO_ID,PAYMENT_TYPE_ID) values ('487226542341','487220542346');
Insert into ECI_FROMTO_PAYMENT_TYPE (FROMTO_ID,PAYMENT_TYPE_ID) values ('487226542342','487220542346');
Insert into ECI_FROMTO_PAYMENT_TYPE (FROMTO_ID,PAYMENT_TYPE_ID) values ('100006','487220542348');
Insert into ECI_FROMTO_PAYMENT_TYPE (FROMTO_ID,PAYMENT_TYPE_ID) values ('138012222344','487220542348');
Insert into ECI_FROMTO_PAYMENT_TYPE (FROMTO_ID,PAYMENT_TYPE_ID) values ('141013222348','487220542348');
Insert into ECI_FROMTO_PAYMENT_TYPE (FROMTO_ID,PAYMENT_TYPE_ID) values ('487221042342','487220542348');
Insert into ECI_FROMTO_PAYMENT_TYPE (FROMTO_ID,PAYMENT_TYPE_ID) values ('487221142342','487220542348');
Insert into ECI_FROMTO_PAYMENT_TYPE (FROMTO_ID,PAYMENT_TYPE_ID) values ('487221742350','487220542348');
Insert into ECI_FROMTO_PAYMENT_TYPE (FROMTO_ID,PAYMENT_TYPE_ID) values ('487222742341','487220542348');
Insert into ECI_FROMTO_PAYMENT_TYPE (FROMTO_ID,PAYMENT_TYPE_ID) values ('487223242342','487220542348');
Insert into ECI_FROMTO_PAYMENT_TYPE (FROMTO_ID,PAYMENT_TYPE_ID) values ('487223442344','487220542348');
Insert into ECI_FROMTO_PAYMENT_TYPE (FROMTO_ID,PAYMENT_TYPE_ID) values ('487224342342','487220542348');
Insert into ECI_FROMTO_PAYMENT_TYPE (FROMTO_ID,PAYMENT_TYPE_ID) values ('487226542341','487220542348');
Insert into ECI_FROMTO_PAYMENT_TYPE (FROMTO_ID,PAYMENT_TYPE_ID) values ('487226542342','487220542348');
Insert into ECI_FROMTO_PAYMENT_TYPE (FROMTO_ID,PAYMENT_TYPE_ID) values ('100006','487220542350');
Insert into ECI_FROMTO_PAYMENT_TYPE (FROMTO_ID,PAYMENT_TYPE_ID) values ('138012222344','487220542350');
Insert into ECI_FROMTO_PAYMENT_TYPE (FROMTO_ID,PAYMENT_TYPE_ID) values ('141013222344','487220542350');
Insert into ECI_FROMTO_PAYMENT_TYPE (FROMTO_ID,PAYMENT_TYPE_ID) values ('141013222348','487220542350');
Insert into ECI_FROMTO_PAYMENT_TYPE (FROMTO_ID,PAYMENT_TYPE_ID) values ('141013222350','487220542350');
Insert into ECI_FROMTO_PAYMENT_TYPE (FROMTO_ID,PAYMENT_TYPE_ID) values ('141013222352','487220542350');
Insert into ECI_FROMTO_PAYMENT_TYPE (FROMTO_ID,PAYMENT_TYPE_ID) values ('141013222358','487220542350');
Insert into ECI_FROMTO_PAYMENT_TYPE (FROMTO_ID,PAYMENT_TYPE_ID) values ('141013222360','487220542350');
Insert into ECI_FROMTO_PAYMENT_TYPE (FROMTO_ID,PAYMENT_TYPE_ID) values ('487221042342','487220542350');
Insert into ECI_FROMTO_PAYMENT_TYPE (FROMTO_ID,PAYMENT_TYPE_ID) values ('487221142342','487220542350');
Insert into ECI_FROMTO_PAYMENT_TYPE (FROMTO_ID,PAYMENT_TYPE_ID) values ('487221742350','487220542350');
Insert into ECI_FROMTO_PAYMENT_TYPE (FROMTO_ID,PAYMENT_TYPE_ID) values ('487221942342','487220542350');
Insert into ECI_FROMTO_PAYMENT_TYPE (FROMTO_ID,PAYMENT_TYPE_ID) values ('487222442342','487220542350');
Insert into ECI_FROMTO_PAYMENT_TYPE (FROMTO_ID,PAYMENT_TYPE_ID) values ('487222442344','487220542350');
Insert into ECI_FROMTO_PAYMENT_TYPE (FROMTO_ID,PAYMENT_TYPE_ID) values ('487222942342','487220542350');
Insert into ECI_FROMTO_PAYMENT_TYPE (FROMTO_ID,PAYMENT_TYPE_ID) values ('487223242342','487220542350');
Insert into ECI_FROMTO_PAYMENT_TYPE (FROMTO_ID,PAYMENT_TYPE_ID) values ('487223442344','487220542350');
Insert into ECI_FROMTO_PAYMENT_TYPE (FROMTO_ID,PAYMENT_TYPE_ID) values ('487225842345','487220542350');
Insert into ECI_FROMTO_PAYMENT_TYPE (FROMTO_ID,PAYMENT_TYPE_ID) values ('487225942342','487220542350');
Insert into ECI_FROMTO_PAYMENT_TYPE (FROMTO_ID,PAYMENT_TYPE_ID) values ('487225942344','487220542350');
Insert into ECI_FROMTO_PAYMENT_TYPE (FROMTO_ID,PAYMENT_TYPE_ID) values ('487226442344','487220542350');
Insert into ECI_FROMTO_PAYMENT_TYPE (FROMTO_ID,PAYMENT_TYPE_ID) values ('487226542341','487220542350');
Insert into ECI_FROMTO_PAYMENT_TYPE (FROMTO_ID,PAYMENT_TYPE_ID) values ('487226542342','487220542350');
Insert into ECI_FROMTO_PAYMENT_TYPE (FROMTO_ID,PAYMENT_TYPE_ID) values ('100006','487220542352');
Insert into ECI_FROMTO_PAYMENT_TYPE (FROMTO_ID,PAYMENT_TYPE_ID) values ('138012222344','487220542352');
Insert into ECI_FROMTO_PAYMENT_TYPE (FROMTO_ID,PAYMENT_TYPE_ID) values ('141013222344','487220542352');
Insert into ECI_FROMTO_PAYMENT_TYPE (FROMTO_ID,PAYMENT_TYPE_ID) values ('141013222348','487220542352');
Insert into ECI_FROMTO_PAYMENT_TYPE (FROMTO_ID,PAYMENT_TYPE_ID) values ('141013222350','487220542352');
Insert into ECI_FROMTO_PAYMENT_TYPE (FROMTO_ID,PAYMENT_TYPE_ID) values ('141013222352','487220542352');
Insert into ECI_FROMTO_PAYMENT_TYPE (FROMTO_ID,PAYMENT_TYPE_ID) values ('141013222358','487220542352');
Insert into ECI_FROMTO_PAYMENT_TYPE (FROMTO_ID,PAYMENT_TYPE_ID) values ('141013222360','487220542352');
Insert into ECI_FROMTO_PAYMENT_TYPE (FROMTO_ID,PAYMENT_TYPE_ID) values ('487221042342','487220542352');
Insert into ECI_FROMTO_PAYMENT_TYPE (FROMTO_ID,PAYMENT_TYPE_ID) values ('487221142342','487220542352');
Insert into ECI_FROMTO_PAYMENT_TYPE (FROMTO_ID,PAYMENT_TYPE_ID) values ('487221742350','487220542352');
Insert into ECI_FROMTO_PAYMENT_TYPE (FROMTO_ID,PAYMENT_TYPE_ID) values ('487221942342','487220542352');
Insert into ECI_FROMTO_PAYMENT_TYPE (FROMTO_ID,PAYMENT_TYPE_ID) values ('487222442342','487220542352');
Insert into ECI_FROMTO_PAYMENT_TYPE (FROMTO_ID,PAYMENT_TYPE_ID) values ('487222442344','487220542352');
Insert into ECI_FROMTO_PAYMENT_TYPE (FROMTO_ID,PAYMENT_TYPE_ID) values ('487222942342','487220542352');
Insert into ECI_FROMTO_PAYMENT_TYPE (FROMTO_ID,PAYMENT_TYPE_ID) values ('487223242342','487220542352');
Insert into ECI_FROMTO_PAYMENT_TYPE (FROMTO_ID,PAYMENT_TYPE_ID) values ('487223442344','487220542352');
Insert into ECI_FROMTO_PAYMENT_TYPE (FROMTO_ID,PAYMENT_TYPE_ID) values ('487225842345','487220542352');
Insert into ECI_FROMTO_PAYMENT_TYPE (FROMTO_ID,PAYMENT_TYPE_ID) values ('487225942342','487220542352');
Insert into ECI_FROMTO_PAYMENT_TYPE (FROMTO_ID,PAYMENT_TYPE_ID) values ('487225942344','487220542352');
Insert into ECI_FROMTO_PAYMENT_TYPE (FROMTO_ID,PAYMENT_TYPE_ID) values ('487226442344','487220542352');
Insert into ECI_FROMTO_PAYMENT_TYPE (FROMTO_ID,PAYMENT_TYPE_ID) values ('487226542341','487220542352');
Insert into ECI_FROMTO_PAYMENT_TYPE (FROMTO_ID,PAYMENT_TYPE_ID) values ('487226542342','487220542352');
Insert into ECI_FROMTO_PAYMENT_TYPE (FROMTO_ID,PAYMENT_TYPE_ID) values ('100006','487220742342');
Insert into ECI_FROMTO_PAYMENT_TYPE (FROMTO_ID,PAYMENT_TYPE_ID) values ('487221142342','487220742342');
Insert into ECI_FROMTO_PAYMENT_TYPE (FROMTO_ID,PAYMENT_TYPE_ID) values ('487221742350','487220742342');
Insert into ECI_FROMTO_PAYMENT_TYPE (FROMTO_ID,PAYMENT_TYPE_ID) values ('487222442342','487220742342');
Insert into ECI_FROMTO_PAYMENT_TYPE (FROMTO_ID,PAYMENT_TYPE_ID) values ('487222742341','487220742342');
Insert into ECI_FROMTO_PAYMENT_TYPE (FROMTO_ID,PAYMENT_TYPE_ID) values ('487223242342','487220742342');
Insert into ECI_FROMTO_PAYMENT_TYPE (FROMTO_ID,PAYMENT_TYPE_ID) values ('487224342342','487220742342');
Insert into ECI_FROMTO_PAYMENT_TYPE (FROMTO_ID,PAYMENT_TYPE_ID) values ('487226542341','487220742342');
Insert into ECI_FROMTO_PAYMENT_TYPE (FROMTO_ID,PAYMENT_TYPE_ID) values ('487226542342','487220742342');

Insert into ECI_FROMTO_RESTR_PAYMENT_TYPE (FROMTO_ID,PAYMENT_TYPE_ID) values ('487224342342','487220542344');
Insert into ECI_FROMTO_RESTR_PAYMENT_TYPE (FROMTO_ID,PAYMENT_TYPE_ID) values ('487224342342','487220542346');

--Configuración de Gestión Logística-Proveedor-Destino

Insert into ECI_FROMTO_LOGISTIC_CONFIG (FROMTO_LOGISTIC_ID,LOGISTICS_MGMNT,PROVIDER,REGION_ID,COST_OF_CASH,AVAILABLE_STS,AVAILABLE_CNC,AVAILABLE_EXPRESS_DELIVERY,AVAILABLE_ECI_EXPRESS,AVAILABLE_EXPR_SHIP_VPR,AVAILABLE_CATERING) values ('lpd487223442343','0','N0000010','487231142341',null,'0','0','0','0','0','0');
Insert into ECI_FROMTO_LOGISTIC_CONFIG (FROMTO_LOGISTIC_ID,LOGISTICS_MGMNT,PROVIDER,REGION_ID,COST_OF_CASH,AVAILABLE_STS,AVAILABLE_CNC,AVAILABLE_EXPRESS_DELIVERY,AVAILABLE_ECI_EXPRESS,AVAILABLE_EXPR_SHIP_VPR,AVAILABLE_CATERING) values ('lpd487223442344','0','N0000005','487231142341',null,'0','0','0','0','0','0');
Insert into ECI_FROMTO_LOGISTIC_CONFIG (FROMTO_LOGISTIC_ID,LOGISTICS_MGMNT,PROVIDER,REGION_ID,COST_OF_CASH,AVAILABLE_STS,AVAILABLE_CNC,AVAILABLE_EXPRESS_DELIVERY,AVAILABLE_ECI_EXPRESS,AVAILABLE_EXPR_SHIP_VPR,AVAILABLE_CATERING) values ('lpd487221542344','3','00000000','487228742341',null,'0','1','0','0','0','0');
Insert into ECI_FROMTO_LOGISTIC_CONFIG (FROMTO_LOGISTIC_ID,LOGISTICS_MGMNT,PROVIDER,REGION_ID,COST_OF_CASH,AVAILABLE_STS,AVAILABLE_CNC,AVAILABLE_EXPRESS_DELIVERY,AVAILABLE_ECI_EXPRESS,AVAILABLE_EXPR_SHIP_VPR,AVAILABLE_CATERING) values ('lpd487222942343','3','00000000','117005622350',null,'0','1','0','0','0','0');
Insert into ECI_FROMTO_LOGISTIC_CONFIG (FROMTO_LOGISTIC_ID,LOGISTICS_MGMNT,PROVIDER,REGION_ID,COST_OF_CASH,AVAILABLE_STS,AVAILABLE_CNC,AVAILABLE_EXPRESS_DELIVERY,AVAILABLE_ECI_EXPRESS,AVAILABLE_EXPR_SHIP_VPR,AVAILABLE_CATERING) values ('lpd487223542343','0','N0000010','117005622350',null,'0','0','0','0','0','0');
Insert into ECI_FROMTO_LOGISTIC_CONFIG (FROMTO_LOGISTIC_ID,LOGISTICS_MGMNT,PROVIDER,REGION_ID,COST_OF_CASH,AVAILABLE_STS,AVAILABLE_CNC,AVAILABLE_EXPRESS_DELIVERY,AVAILABLE_ECI_EXPRESS,AVAILABLE_EXPR_SHIP_VPR,AVAILABLE_CATERING) values ('lpd487223242343','3','00000000','487231142341',null,'1','0','0','0','0','0');
Insert into ECI_FROMTO_LOGISTIC_CONFIG (FROMTO_LOGISTIC_ID,LOGISTICS_MGMNT,PROVIDER,REGION_ID,COST_OF_CASH,AVAILABLE_STS,AVAILABLE_CNC,AVAILABLE_EXPRESS_DELIVERY,AVAILABLE_ECI_EXPRESS,AVAILABLE_EXPR_SHIP_VPR,AVAILABLE_CATERING) values ('lpd487221742344','0','N0000005','117005622350',null,'0','0','0','0','0','0');
Insert into ECI_FROMTO_LOGISTIC_CONFIG (FROMTO_LOGISTIC_ID,LOGISTICS_MGMNT,PROVIDER,REGION_ID,COST_OF_CASH,AVAILABLE_STS,AVAILABLE_CNC,AVAILABLE_EXPRESS_DELIVERY,AVAILABLE_ECI_EXPRESS,AVAILABLE_EXPR_SHIP_VPR,AVAILABLE_CATERING) values ('lpd487221742346','0','N0000005','117005622344',null,'0','0','0','0','0','0');
Insert into ECI_FROMTO_LOGISTIC_CONFIG (FROMTO_LOGISTIC_ID,LOGISTICS_MGMNT,PROVIDER,REGION_ID,COST_OF_CASH,AVAILABLE_STS,AVAILABLE_CNC,AVAILABLE_EXPRESS_DELIVERY,AVAILABLE_ECI_EXPRESS,AVAILABLE_EXPR_SHIP_VPR,AVAILABLE_CATERING) values ('lpd487221442348','3','00000000','117005622348',null,'1','1','1','1','0','1');
Insert into ECI_FROMTO_LOGISTIC_CONFIG (FROMTO_LOGISTIC_ID,LOGISTICS_MGMNT,PROVIDER,REGION_ID,COST_OF_CASH,AVAILABLE_STS,AVAILABLE_CNC,AVAILABLE_EXPRESS_DELIVERY,AVAILABLE_ECI_EXPRESS,AVAILABLE_EXPR_SHIP_VPR,AVAILABLE_CATERING) values ('lpd487223342344','0','N0000010','117005622344',null,'0','0','0','0','0','0');
Insert into ECI_FROMTO_LOGISTIC_CONFIG (FROMTO_LOGISTIC_ID,LOGISTICS_MGMNT,PROVIDER,REGION_ID,COST_OF_CASH,AVAILABLE_STS,AVAILABLE_CNC,AVAILABLE_EXPRESS_DELIVERY,AVAILABLE_ECI_EXPRESS,AVAILABLE_EXPR_SHIP_VPR,AVAILABLE_CATERING) values ('lpd487222542344','4','BRI00019','117005622346',null,'0','0','0','0','0','0');
Insert into ECI_FROMTO_LOGISTIC_CONFIG (FROMTO_LOGISTIC_ID,LOGISTICS_MGMNT,PROVIDER,REGION_ID,COST_OF_CASH,AVAILABLE_STS,AVAILABLE_CNC,AVAILABLE_EXPRESS_DELIVERY,AVAILABLE_ECI_EXPRESS,AVAILABLE_EXPR_SHIP_VPR,AVAILABLE_CATERING) values ('lpd487222542345','4','BRI00019','117005622348',null,'0','0','0','0','0','0');
Insert into ECI_FROMTO_LOGISTIC_CONFIG (FROMTO_LOGISTIC_ID,LOGISTICS_MGMNT,PROVIDER,REGION_ID,COST_OF_CASH,AVAILABLE_STS,AVAILABLE_CNC,AVAILABLE_EXPRESS_DELIVERY,AVAILABLE_ECI_EXPRESS,AVAILABLE_EXPR_SHIP_VPR,AVAILABLE_CATERING) values ('lpd487222542348','4','BRI00019','117005622344',null,'0','0','0','0','0','0');
Insert into ECI_FROMTO_LOGISTIC_CONFIG (FROMTO_LOGISTIC_ID,LOGISTICS_MGMNT,PROVIDER,REGION_ID,COST_OF_CASH,AVAILABLE_STS,AVAILABLE_CNC,AVAILABLE_EXPRESS_DELIVERY,AVAILABLE_ECI_EXPRESS,AVAILABLE_EXPR_SHIP_VPR,AVAILABLE_CATERING) values ('lpd487223142344','3','00000069','117005622346',null,'0','0','0','0','0','0');
Insert into ECI_FROMTO_LOGISTIC_CONFIG (FROMTO_LOGISTIC_ID,LOGISTICS_MGMNT,PROVIDER,REGION_ID,COST_OF_CASH,AVAILABLE_STS,AVAILABLE_CNC,AVAILABLE_EXPRESS_DELIVERY,AVAILABLE_ECI_EXPRESS,AVAILABLE_EXPR_SHIP_VPR,AVAILABLE_CATERING) values ('lpd487221642344','3','00000000','117005622344',null,'0','0','1','0','0','0');
Insert into ECI_FROMTO_LOGISTIC_CONFIG (FROMTO_LOGISTIC_ID,LOGISTICS_MGMNT,PROVIDER,REGION_ID,COST_OF_CASH,AVAILABLE_STS,AVAILABLE_CNC,AVAILABLE_EXPRESS_DELIVERY,AVAILABLE_ECI_EXPRESS,AVAILABLE_EXPR_SHIP_VPR,AVAILABLE_CATERING) values ('lpd487221942348','3','00000000','117005622342',null,'0','0','0','0','0','0');
Insert into ECI_FROMTO_LOGISTIC_CONFIG (FROMTO_LOGISTIC_ID,LOGISTICS_MGMNT,PROVIDER,REGION_ID,COST_OF_CASH,AVAILABLE_STS,AVAILABLE_CNC,AVAILABLE_EXPRESS_DELIVERY,AVAILABLE_ECI_EXPRESS,AVAILABLE_EXPR_SHIP_VPR,AVAILABLE_CATERING) values ('lpd487221942346','3','00000000','117005622354',null,'0','0','0','0','0','0');
Insert into ECI_FROMTO_LOGISTIC_CONFIG (FROMTO_LOGISTIC_ID,LOGISTICS_MGMNT,PROVIDER,REGION_ID,COST_OF_CASH,AVAILABLE_STS,AVAILABLE_CNC,AVAILABLE_EXPRESS_DELIVERY,AVAILABLE_ECI_EXPRESS,AVAILABLE_EXPR_SHIP_VPR,AVAILABLE_CATERING) values ('lpd487221842346','1','00000000','117005622348',null,'0','0','0','0','0','0');
Insert into ECI_FROMTO_LOGISTIC_CONFIG (FROMTO_LOGISTIC_ID,LOGISTICS_MGMNT,PROVIDER,REGION_ID,COST_OF_CASH,AVAILABLE_STS,AVAILABLE_CNC,AVAILABLE_EXPRESS_DELIVERY,AVAILABLE_ECI_EXPRESS,AVAILABLE_EXPR_SHIP_VPR,AVAILABLE_CATERING) values ('lpd487224842348','3','H0000086','117005622348',null,'1','0','0','0','0','0');
Insert into ECI_FROMTO_LOGISTIC_CONFIG (FROMTO_LOGISTIC_ID,LOGISTICS_MGMNT,PROVIDER,REGION_ID,COST_OF_CASH,AVAILABLE_STS,AVAILABLE_CNC,AVAILABLE_EXPRESS_DELIVERY,AVAILABLE_ECI_EXPRESS,AVAILABLE_EXPR_SHIP_VPR,AVAILABLE_CATERING) values ('lpd487224442346','3','H0000037','487231142341',null,'0','0','0','0','0','0');
Insert into ECI_FROMTO_LOGISTIC_CONFIG (FROMTO_LOGISTIC_ID,LOGISTICS_MGMNT,PROVIDER,REGION_ID,COST_OF_CASH,AVAILABLE_STS,AVAILABLE_CNC,AVAILABLE_EXPRESS_DELIVERY,AVAILABLE_ECI_EXPRESS,AVAILABLE_EXPR_SHIP_VPR,AVAILABLE_CATERING) values ('lpd487224742344','3','H0000042','117005622348',null,'1','0','0','0','0','0');
Insert into ECI_FROMTO_LOGISTIC_CONFIG (FROMTO_LOGISTIC_ID,LOGISTICS_MGMNT,PROVIDER,REGION_ID,COST_OF_CASH,AVAILABLE_STS,AVAILABLE_CNC,AVAILABLE_EXPRESS_DELIVERY,AVAILABLE_ECI_EXPRESS,AVAILABLE_EXPR_SHIP_VPR,AVAILABLE_CATERING) values ('lpd487224842345','3','H0000120','117005622348',null,'1','1','0','0','0','0');
Insert into ECI_FROMTO_LOGISTIC_CONFIG (FROMTO_LOGISTIC_ID,LOGISTICS_MGMNT,PROVIDER,REGION_ID,COST_OF_CASH,AVAILABLE_STS,AVAILABLE_CNC,AVAILABLE_EXPRESS_DELIVERY,AVAILABLE_ECI_EXPRESS,AVAILABLE_EXPR_SHIP_VPR,AVAILABLE_CATERING) values ('lpd487225042343','0','N0000005','117005622348',null,'0','0','0','0','0','0');
Insert into ECI_FROMTO_LOGISTIC_CONFIG (FROMTO_LOGISTIC_ID,LOGISTICS_MGMNT,PROVIDER,REGION_ID,COST_OF_CASH,AVAILABLE_STS,AVAILABLE_CNC,AVAILABLE_EXPRESS_DELIVERY,AVAILABLE_ECI_EXPRESS,AVAILABLE_EXPR_SHIP_VPR,AVAILABLE_CATERING) values ('lpd487224842352','3','H0000096','117005622348',null,'1','0','0','0','0','0');
Insert into ECI_FROMTO_LOGISTIC_CONFIG (FROMTO_LOGISTIC_ID,LOGISTICS_MGMNT,PROVIDER,REGION_ID,COST_OF_CASH,AVAILABLE_STS,AVAILABLE_CNC,AVAILABLE_EXPRESS_DELIVERY,AVAILABLE_ECI_EXPRESS,AVAILABLE_EXPR_SHIP_VPR,AVAILABLE_CATERING) values ('lpd487225042344','0','N0000010','117005622348',null,'0','0','0','0','0','0');

Insert into ECI_FT_LGSTIC_CATERING_COST (FROMTO_LOGISTIC_ID,CATERING_COST_ID,IDX) values ('lpd487221442348','391172224350','1');
Insert into ECI_FT_LGSTIC_CATERING_COST (FROMTO_LOGISTIC_ID,CATERING_COST_ID,IDX) values ('lpd487221442348','391172224354','2');
Insert into ECI_FT_LGSTIC_CATERING_COST (FROMTO_LOGISTIC_ID,CATERING_COST_ID,IDX) values ('lpd487221442348','487221544354','3');
Insert into ECI_FT_LGSTIC_CATERING_COST (FROMTO_LOGISTIC_ID,CATERING_COST_ID,IDX) values ('lpd487221442348','487221544360','4');
Insert into ECI_FT_LGSTIC_CATERING_COST (FROMTO_LOGISTIC_ID,CATERING_COST_ID,IDX) values ('lpd487221442348','487222344354','0');
Insert into ECI_FT_LGSTIC_CATERING_COST (FROMTO_LOGISTIC_ID,CATERING_COST_ID,IDX) values ('lpd487221442348','487224244354','5');
Insert into ECI_FT_LGSTIC_CATERING_COST (FROMTO_LOGISTIC_ID,CATERING_COST_ID,IDX) values ('lpd487221442348','487224244356','6');

Insert into ECI_FT_LGSTIC_ECI_EXP_COST (FROMTO_LOGISTIC_ID,ECI_EXP_COST_ID,IDX) values ('lpd487221442348','487226942346','5');
Insert into ECI_FT_LGSTIC_ECI_EXP_COST (FROMTO_LOGISTIC_ID,ECI_EXP_COST_ID,IDX) values ('lpd487221442348','487227042342','2');
Insert into ECI_FT_LGSTIC_ECI_EXP_COST (FROMTO_LOGISTIC_ID,ECI_EXP_COST_ID,IDX) values ('lpd487221442348','487227042344','4');
Insert into ECI_FT_LGSTIC_ECI_EXP_COST (FROMTO_LOGISTIC_ID,ECI_EXP_COST_ID,IDX) values ('lpd487221442348','487227042358','3');
Insert into ECI_FT_LGSTIC_ECI_EXP_COST (FROMTO_LOGISTIC_ID,ECI_EXP_COST_ID,IDX) values ('lpd487221442348','487229042350','1');
Insert into ECI_FT_LGSTIC_ECI_EXP_COST (FROMTO_LOGISTIC_ID,ECI_EXP_COST_ID,IDX) values ('lpd487221442348','487229042352','0');

Insert into ECI_FT_LGSTIC_EXP_PRIME_COST (FROMTO_LOGISTIC_ID,EXPRESS_PREMIUM_COST_ID,IDX) values ('lpd487221442348','487224142376','0');
Insert into ECI_FT_LGSTIC_EXP_PRIME_COST (FROMTO_LOGISTIC_ID,EXPRESS_PREMIUM_COST_ID,IDX) values ('lpd487221442348','487224142378','1');
Insert into ECI_FT_LGSTIC_EXP_PRIME_COST (FROMTO_LOGISTIC_ID,EXPRESS_PREMIUM_COST_ID,IDX) values ('lpd487221442348','487224742354','3');
Insert into ECI_FT_LGSTIC_EXP_PRIME_COST (FROMTO_LOGISTIC_ID,EXPRESS_PREMIUM_COST_ID,IDX) values ('lpd487221442348','487224742358','2');
Insert into ECI_FT_LGSTIC_EXP_PRIME_COST (FROMTO_LOGISTIC_ID,EXPRESS_PREMIUM_COST_ID,IDX) values ('lpd487223242343','487224142376','0');
Insert into ECI_FT_LGSTIC_EXP_PRIME_COST (FROMTO_LOGISTIC_ID,EXPRESS_PREMIUM_COST_ID,IDX) values ('lpd487223242343','487224142378','1');
Insert into ECI_FT_LGSTIC_EXP_PRIME_COST (FROMTO_LOGISTIC_ID,EXPRESS_PREMIUM_COST_ID,IDX) values ('lpd487223242343','487224742354','3');
Insert into ECI_FT_LGSTIC_EXP_PRIME_COST (FROMTO_LOGISTIC_ID,EXPRESS_PREMIUM_COST_ID,IDX) values ('lpd487223242343','487224742358','2');

Insert into ECI_FT_LGSTIC_EXPRESS_COST (FROMTO_LOGISTIC_ID,EXPRESS_COST_ID,IDX) values ('lpd487221442348','487224142356','0');
Insert into ECI_FT_LGSTIC_EXPRESS_COST (FROMTO_LOGISTIC_ID,EXPRESS_COST_ID,IDX) values ('lpd487221442348','487224142358','1');
Insert into ECI_FT_LGSTIC_EXPRESS_COST (FROMTO_LOGISTIC_ID,EXPRESS_COST_ID,IDX) values ('lpd487221442348','487224542342','2');
Insert into ECI_FT_LGSTIC_EXPRESS_COST (FROMTO_LOGISTIC_ID,EXPRESS_COST_ID,IDX) values ('lpd487221442348','487224642342','3');
Insert into ECI_FT_LGSTIC_EXPRESS_COST (FROMTO_LOGISTIC_ID,EXPRESS_COST_ID,IDX) values ('lpd487221442348','487224742342','4');
Insert into ECI_FT_LGSTIC_EXPRESS_COST (FROMTO_LOGISTIC_ID,EXPRESS_COST_ID,IDX) values ('lpd487221442348','487224742344','5');
Insert into ECI_FT_LGSTIC_EXPRESS_COST (FROMTO_LOGISTIC_ID,EXPRESS_COST_ID,IDX) values ('lpd487221642344','487224442342','0');
Insert into ECI_FT_LGSTIC_EXPRESS_COST (FROMTO_LOGISTIC_ID,EXPRESS_COST_ID,IDX) values ('lpd487223242343','487224142356','0');
Insert into ECI_FT_LGSTIC_EXPRESS_COST (FROMTO_LOGISTIC_ID,EXPRESS_COST_ID,IDX) values ('lpd487223242343','487224142358','1');
Insert into ECI_FT_LGSTIC_EXPRESS_COST (FROMTO_LOGISTIC_ID,EXPRESS_COST_ID,IDX) values ('lpd487223242343','487224542342','2');
Insert into ECI_FT_LGSTIC_EXPRESS_COST (FROMTO_LOGISTIC_ID,EXPRESS_COST_ID,IDX) values ('lpd487223242343','487224642342','3');
Insert into ECI_FT_LGSTIC_EXPRESS_COST (FROMTO_LOGISTIC_ID,EXPRESS_COST_ID,IDX) values ('lpd487223242343','487224742342','4');
Insert into ECI_FT_LGSTIC_EXPRESS_COST (FROMTO_LOGISTIC_ID,EXPRESS_COST_ID,IDX) values ('lpd487223242343','487224742344','5');

Insert into ECI_FT_LOGISTIC_CNCCOST (FROMTO_LOGISTIC_ID,CNC_COST_ID,IDX) values ('lpd487224842345','138012222354','2');
Insert into ECI_FT_LOGISTIC_CNCCOST (FROMTO_LOGISTIC_ID,CNC_COST_ID,IDX) values ('lpd487224842345','138012222384','1');
Insert into ECI_FT_LOGISTIC_CNCCOST (FROMTO_LOGISTIC_ID,CNC_COST_ID,IDX) values ('lpd487224842345','138012222396','3');
Insert into ECI_FT_LOGISTIC_CNCCOST (FROMTO_LOGISTIC_ID,CNC_COST_ID,IDX) values ('lpd487224842345','487222342342','0');

Insert into ECI_FT_LOGISTIC_DELIVERY_COST (FROMTO_LOGISTIC_ID,DELIVERY_COST_ID,IDX) values ('lpd487221442348','487222942380','12');
Insert into ECI_FT_LOGISTIC_DELIVERY_COST (FROMTO_LOGISTIC_ID,DELIVERY_COST_ID,IDX) values ('lpd487221442348','487222942382','11');
Insert into ECI_FT_LOGISTIC_DELIVERY_COST (FROMTO_LOGISTIC_ID,DELIVERY_COST_ID,IDX) values ('lpd487221442348','487222942384','10');
Insert into ECI_FT_LOGISTIC_DELIVERY_COST (FROMTO_LOGISTIC_ID,DELIVERY_COST_ID,IDX) values ('lpd487221442348','487222942386','9');
Insert into ECI_FT_LOGISTIC_DELIVERY_COST (FROMTO_LOGISTIC_ID,DELIVERY_COST_ID,IDX) values ('lpd487221442348','487222942388','8');
Insert into ECI_FT_LOGISTIC_DELIVERY_COST (FROMTO_LOGISTIC_ID,DELIVERY_COST_ID,IDX) values ('lpd487221442348','487222942390','7');
Insert into ECI_FT_LOGISTIC_DELIVERY_COST (FROMTO_LOGISTIC_ID,DELIVERY_COST_ID,IDX) values ('lpd487221442348','487222942392','6');
Insert into ECI_FT_LOGISTIC_DELIVERY_COST (FROMTO_LOGISTIC_ID,DELIVERY_COST_ID,IDX) values ('lpd487221442348','487222942394','5');
Insert into ECI_FT_LOGISTIC_DELIVERY_COST (FROMTO_LOGISTIC_ID,DELIVERY_COST_ID,IDX) values ('lpd487221442348','487222942396','4');
Insert into ECI_FT_LOGISTIC_DELIVERY_COST (FROMTO_LOGISTIC_ID,DELIVERY_COST_ID,IDX) values ('lpd487221442348','487222942398','3');
Insert into ECI_FT_LOGISTIC_DELIVERY_COST (FROMTO_LOGISTIC_ID,DELIVERY_COST_ID,IDX) values ('lpd487221442348','487222942400','2');
Insert into ECI_FT_LOGISTIC_DELIVERY_COST (FROMTO_LOGISTIC_ID,DELIVERY_COST_ID,IDX) values ('lpd487221442348','487222942404','1');
Insert into ECI_FT_LOGISTIC_DELIVERY_COST (FROMTO_LOGISTIC_ID,DELIVERY_COST_ID,IDX) values ('lpd487221442348','487225942342','0');
Insert into ECI_FT_LOGISTIC_DELIVERY_COST (FROMTO_LOGISTIC_ID,DELIVERY_COST_ID,IDX) values ('lpd487221542344','487226642346','3');
Insert into ECI_FT_LOGISTIC_DELIVERY_COST (FROMTO_LOGISTIC_ID,DELIVERY_COST_ID,IDX) values ('lpd487221542344','487226642350','2');
Insert into ECI_FT_LOGISTIC_DELIVERY_COST (FROMTO_LOGISTIC_ID,DELIVERY_COST_ID,IDX) values ('lpd487221542344','487226642352','1');
Insert into ECI_FT_LOGISTIC_DELIVERY_COST (FROMTO_LOGISTIC_ID,DELIVERY_COST_ID,IDX) values ('lpd487221542344','487226642354','0');
Insert into ECI_FT_LOGISTIC_DELIVERY_COST (FROMTO_LOGISTIC_ID,DELIVERY_COST_ID,IDX) values ('lpd487221642344','487224342382','16');
Insert into ECI_FT_LOGISTIC_DELIVERY_COST (FROMTO_LOGISTIC_ID,DELIVERY_COST_ID,IDX) values ('lpd487221642344','487224342384','15');
Insert into ECI_FT_LOGISTIC_DELIVERY_COST (FROMTO_LOGISTIC_ID,DELIVERY_COST_ID,IDX) values ('lpd487221642344','487224342386','14');
Insert into ECI_FT_LOGISTIC_DELIVERY_COST (FROMTO_LOGISTIC_ID,DELIVERY_COST_ID,IDX) values ('lpd487221642344','487224342388','13');
Insert into ECI_FT_LOGISTIC_DELIVERY_COST (FROMTO_LOGISTIC_ID,DELIVERY_COST_ID,IDX) values ('lpd487221642344','487224342390','12');
Insert into ECI_FT_LOGISTIC_DELIVERY_COST (FROMTO_LOGISTIC_ID,DELIVERY_COST_ID,IDX) values ('lpd487221642344','487224342392','11');
Insert into ECI_FT_LOGISTIC_DELIVERY_COST (FROMTO_LOGISTIC_ID,DELIVERY_COST_ID,IDX) values ('lpd487221642344','487224342396','10');
Insert into ECI_FT_LOGISTIC_DELIVERY_COST (FROMTO_LOGISTIC_ID,DELIVERY_COST_ID,IDX) values ('lpd487221642344','487224342398','9');
Insert into ECI_FT_LOGISTIC_DELIVERY_COST (FROMTO_LOGISTIC_ID,DELIVERY_COST_ID,IDX) values ('lpd487221642344','487224342400','8');
Insert into ECI_FT_LOGISTIC_DELIVERY_COST (FROMTO_LOGISTIC_ID,DELIVERY_COST_ID,IDX) values ('lpd487221642344','487224342402','7');
Insert into ECI_FT_LOGISTIC_DELIVERY_COST (FROMTO_LOGISTIC_ID,DELIVERY_COST_ID,IDX) values ('lpd487221642344','487224342404','6');
Insert into ECI_FT_LOGISTIC_DELIVERY_COST (FROMTO_LOGISTIC_ID,DELIVERY_COST_ID,IDX) values ('lpd487221642344','487224342406','5');
Insert into ECI_FT_LOGISTIC_DELIVERY_COST (FROMTO_LOGISTIC_ID,DELIVERY_COST_ID,IDX) values ('lpd487221642344','487224342408','4');
Insert into ECI_FT_LOGISTIC_DELIVERY_COST (FROMTO_LOGISTIC_ID,DELIVERY_COST_ID,IDX) values ('lpd487221642344','487224342410','3');
Insert into ECI_FT_LOGISTIC_DELIVERY_COST (FROMTO_LOGISTIC_ID,DELIVERY_COST_ID,IDX) values ('lpd487221642344','487224342412','2');
Insert into ECI_FT_LOGISTIC_DELIVERY_COST (FROMTO_LOGISTIC_ID,DELIVERY_COST_ID,IDX) values ('lpd487221642344','487224342414','1');
Insert into ECI_FT_LOGISTIC_DELIVERY_COST (FROMTO_LOGISTIC_ID,DELIVERY_COST_ID,IDX) values ('lpd487221642344','487224342416','0');
Insert into ECI_FT_LOGISTIC_DELIVERY_COST (FROMTO_LOGISTIC_ID,DELIVERY_COST_ID,IDX) values ('lpd487221742344','487223742348','15');
Insert into ECI_FT_LOGISTIC_DELIVERY_COST (FROMTO_LOGISTIC_ID,DELIVERY_COST_ID,IDX) values ('lpd487221742344','487223742350','14');
Insert into ECI_FT_LOGISTIC_DELIVERY_COST (FROMTO_LOGISTIC_ID,DELIVERY_COST_ID,IDX) values ('lpd487221742344','487223742352','13');
Insert into ECI_FT_LOGISTIC_DELIVERY_COST (FROMTO_LOGISTIC_ID,DELIVERY_COST_ID,IDX) values ('lpd487221742344','487223742356','11');
Insert into ECI_FT_LOGISTIC_DELIVERY_COST (FROMTO_LOGISTIC_ID,DELIVERY_COST_ID,IDX) values ('lpd487221742344','487223742358','10');
Insert into ECI_FT_LOGISTIC_DELIVERY_COST (FROMTO_LOGISTIC_ID,DELIVERY_COST_ID,IDX) values ('lpd487221742344','487223742362','12');
Insert into ECI_FT_LOGISTIC_DELIVERY_COST (FROMTO_LOGISTIC_ID,DELIVERY_COST_ID,IDX) values ('lpd487221742344','487223742366','9');
Insert into ECI_FT_LOGISTIC_DELIVERY_COST (FROMTO_LOGISTIC_ID,DELIVERY_COST_ID,IDX) values ('lpd487221742344','487223742368','8');
Insert into ECI_FT_LOGISTIC_DELIVERY_COST (FROMTO_LOGISTIC_ID,DELIVERY_COST_ID,IDX) values ('lpd487221742344','487223742370','7');
Insert into ECI_FT_LOGISTIC_DELIVERY_COST (FROMTO_LOGISTIC_ID,DELIVERY_COST_ID,IDX) values ('lpd487221742344','487223742372','6');
Insert into ECI_FT_LOGISTIC_DELIVERY_COST (FROMTO_LOGISTIC_ID,DELIVERY_COST_ID,IDX) values ('lpd487221742344','487223742374','5');
Insert into ECI_FT_LOGISTIC_DELIVERY_COST (FROMTO_LOGISTIC_ID,DELIVERY_COST_ID,IDX) values ('lpd487221742344','487223742376','4');
Insert into ECI_FT_LOGISTIC_DELIVERY_COST (FROMTO_LOGISTIC_ID,DELIVERY_COST_ID,IDX) values ('lpd487221742344','487223742380','3');
Insert into ECI_FT_LOGISTIC_DELIVERY_COST (FROMTO_LOGISTIC_ID,DELIVERY_COST_ID,IDX) values ('lpd487221742344','487223742382','2');
Insert into ECI_FT_LOGISTIC_DELIVERY_COST (FROMTO_LOGISTIC_ID,DELIVERY_COST_ID,IDX) values ('lpd487221742344','487223742384','1');
Insert into ECI_FT_LOGISTIC_DELIVERY_COST (FROMTO_LOGISTIC_ID,DELIVERY_COST_ID,IDX) values ('lpd487221742344','487225042342','0');
Insert into ECI_FT_LOGISTIC_DELIVERY_COST (FROMTO_LOGISTIC_ID,DELIVERY_COST_ID,IDX) values ('lpd487221742346','487223742386','14');
Insert into ECI_FT_LOGISTIC_DELIVERY_COST (FROMTO_LOGISTIC_ID,DELIVERY_COST_ID,IDX) values ('lpd487221742346','487223742388','13');
Insert into ECI_FT_LOGISTIC_DELIVERY_COST (FROMTO_LOGISTIC_ID,DELIVERY_COST_ID,IDX) values ('lpd487221742346','487223742390','12');
Insert into ECI_FT_LOGISTIC_DELIVERY_COST (FROMTO_LOGISTIC_ID,DELIVERY_COST_ID,IDX) values ('lpd487221742346','487223742392','11');
Insert into ECI_FT_LOGISTIC_DELIVERY_COST (FROMTO_LOGISTIC_ID,DELIVERY_COST_ID,IDX) values ('lpd487221742346','487223742394','10');
Insert into ECI_FT_LOGISTIC_DELIVERY_COST (FROMTO_LOGISTIC_ID,DELIVERY_COST_ID,IDX) values ('lpd487221742346','487223742396','9');
Insert into ECI_FT_LOGISTIC_DELIVERY_COST (FROMTO_LOGISTIC_ID,DELIVERY_COST_ID,IDX) values ('lpd487221742346','487223742398','8');
Insert into ECI_FT_LOGISTIC_DELIVERY_COST (FROMTO_LOGISTIC_ID,DELIVERY_COST_ID,IDX) values ('lpd487221742346','487223742400','7');
Insert into ECI_FT_LOGISTIC_DELIVERY_COST (FROMTO_LOGISTIC_ID,DELIVERY_COST_ID,IDX) values ('lpd487221742346','487223742402','6');
Insert into ECI_FT_LOGISTIC_DELIVERY_COST (FROMTO_LOGISTIC_ID,DELIVERY_COST_ID,IDX) values ('lpd487221742346','487223742404','5');
Insert into ECI_FT_LOGISTIC_DELIVERY_COST (FROMTO_LOGISTIC_ID,DELIVERY_COST_ID,IDX) values ('lpd487221742346','487223742406','4');
Insert into ECI_FT_LOGISTIC_DELIVERY_COST (FROMTO_LOGISTIC_ID,DELIVERY_COST_ID,IDX) values ('lpd487221742346','487223742408','3');
Insert into ECI_FT_LOGISTIC_DELIVERY_COST (FROMTO_LOGISTIC_ID,DELIVERY_COST_ID,IDX) values ('lpd487221742346','487223742410','2');
Insert into ECI_FT_LOGISTIC_DELIVERY_COST (FROMTO_LOGISTIC_ID,DELIVERY_COST_ID,IDX) values ('lpd487221742346','487223742412','1');
Insert into ECI_FT_LOGISTIC_DELIVERY_COST (FROMTO_LOGISTIC_ID,DELIVERY_COST_ID,IDX) values ('lpd487221742346','487223742414','0');
Insert into ECI_FT_LOGISTIC_DELIVERY_COST (FROMTO_LOGISTIC_ID,DELIVERY_COST_ID,IDX) values ('lpd487221842346','487225142346','0');
Insert into ECI_FT_LOGISTIC_DELIVERY_COST (FROMTO_LOGISTIC_ID,DELIVERY_COST_ID,IDX) values ('lpd487221942346','487224342342','8');
Insert into ECI_FT_LOGISTIC_DELIVERY_COST (FROMTO_LOGISTIC_ID,DELIVERY_COST_ID,IDX) values ('lpd487221942346','487224342344','7');
Insert into ECI_FT_LOGISTIC_DELIVERY_COST (FROMTO_LOGISTIC_ID,DELIVERY_COST_ID,IDX) values ('lpd487221942346','487224342352','6');
Insert into ECI_FT_LOGISTIC_DELIVERY_COST (FROMTO_LOGISTIC_ID,DELIVERY_COST_ID,IDX) values ('lpd487221942346','487224342354','5');
Insert into ECI_FT_LOGISTIC_DELIVERY_COST (FROMTO_LOGISTIC_ID,DELIVERY_COST_ID,IDX) values ('lpd487221942346','487224342356','4');
Insert into ECI_FT_LOGISTIC_DELIVERY_COST (FROMTO_LOGISTIC_ID,DELIVERY_COST_ID,IDX) values ('lpd487221942346','487224342358','3');
Insert into ECI_FT_LOGISTIC_DELIVERY_COST (FROMTO_LOGISTIC_ID,DELIVERY_COST_ID,IDX) values ('lpd487221942346','487224342360','2');
Insert into ECI_FT_LOGISTIC_DELIVERY_COST (FROMTO_LOGISTIC_ID,DELIVERY_COST_ID,IDX) values ('lpd487221942346','487224342362','1');
Insert into ECI_FT_LOGISTIC_DELIVERY_COST (FROMTO_LOGISTIC_ID,DELIVERY_COST_ID,IDX) values ('lpd487221942346','487224342364','0');
Insert into ECI_FT_LOGISTIC_DELIVERY_COST (FROMTO_LOGISTIC_ID,DELIVERY_COST_ID,IDX) values ('lpd487221942348','487224342368','6');
Insert into ECI_FT_LOGISTIC_DELIVERY_COST (FROMTO_LOGISTIC_ID,DELIVERY_COST_ID,IDX) values ('lpd487221942348','487224342370','5');
Insert into ECI_FT_LOGISTIC_DELIVERY_COST (FROMTO_LOGISTIC_ID,DELIVERY_COST_ID,IDX) values ('lpd487221942348','487224342372','4');
Insert into ECI_FT_LOGISTIC_DELIVERY_COST (FROMTO_LOGISTIC_ID,DELIVERY_COST_ID,IDX) values ('lpd487221942348','487224342374','3');
Insert into ECI_FT_LOGISTIC_DELIVERY_COST (FROMTO_LOGISTIC_ID,DELIVERY_COST_ID,IDX) values ('lpd487221942348','487224342376','2');
Insert into ECI_FT_LOGISTIC_DELIVERY_COST (FROMTO_LOGISTIC_ID,DELIVERY_COST_ID,IDX) values ('lpd487221942348','487224342378','1');
Insert into ECI_FT_LOGISTIC_DELIVERY_COST (FROMTO_LOGISTIC_ID,DELIVERY_COST_ID,IDX) values ('lpd487221942348','487224342380','0');
Insert into ECI_FT_LOGISTIC_DELIVERY_COST (FROMTO_LOGISTIC_ID,DELIVERY_COST_ID,IDX) values ('lpd487222542344','487226242348','2');
Insert into ECI_FT_LOGISTIC_DELIVERY_COST (FROMTO_LOGISTIC_ID,DELIVERY_COST_ID,IDX) values ('lpd487222542344','487226242350','0');
Insert into ECI_FT_LOGISTIC_DELIVERY_COST (FROMTO_LOGISTIC_ID,DELIVERY_COST_ID,IDX) values ('lpd487222542344','487226242352','1');
Insert into ECI_FT_LOGISTIC_DELIVERY_COST (FROMTO_LOGISTIC_ID,DELIVERY_COST_ID,IDX) values ('lpd487222542344','487226242354','3');
Insert into ECI_FT_LOGISTIC_DELIVERY_COST (FROMTO_LOGISTIC_ID,DELIVERY_COST_ID,IDX) values ('lpd487222542345','487226242348','2');
Insert into ECI_FT_LOGISTIC_DELIVERY_COST (FROMTO_LOGISTIC_ID,DELIVERY_COST_ID,IDX) values ('lpd487222542345','487226242350','0');
Insert into ECI_FT_LOGISTIC_DELIVERY_COST (FROMTO_LOGISTIC_ID,DELIVERY_COST_ID,IDX) values ('lpd487222542345','487226242352','1');
Insert into ECI_FT_LOGISTIC_DELIVERY_COST (FROMTO_LOGISTIC_ID,DELIVERY_COST_ID,IDX) values ('lpd487222542345','487226242354','3');
Insert into ECI_FT_LOGISTIC_DELIVERY_COST (FROMTO_LOGISTIC_ID,DELIVERY_COST_ID,IDX) values ('lpd487222542348','487226242358','0');
Insert into ECI_FT_LOGISTIC_DELIVERY_COST (FROMTO_LOGISTIC_ID,DELIVERY_COST_ID,IDX) values ('lpd487222542348','487226242360','1');
Insert into ECI_FT_LOGISTIC_DELIVERY_COST (FROMTO_LOGISTIC_ID,DELIVERY_COST_ID,IDX) values ('lpd487222542348','487226242362','2');
Insert into ECI_FT_LOGISTIC_DELIVERY_COST (FROMTO_LOGISTIC_ID,DELIVERY_COST_ID,IDX) values ('lpd487222542348','487226242364','3');
Insert into ECI_FT_LOGISTIC_DELIVERY_COST (FROMTO_LOGISTIC_ID,DELIVERY_COST_ID,IDX) values ('lpd487222942343','138012222346','3');
Insert into ECI_FT_LOGISTIC_DELIVERY_COST (FROMTO_LOGISTIC_ID,DELIVERY_COST_ID,IDX) values ('lpd487222942343','138012222348','4');
Insert into ECI_FT_LOGISTIC_DELIVERY_COST (FROMTO_LOGISTIC_ID,DELIVERY_COST_ID,IDX) values ('lpd487222942343','138012222362','11');
Insert into ECI_FT_LOGISTIC_DELIVERY_COST (FROMTO_LOGISTIC_ID,DELIVERY_COST_ID,IDX) values ('lpd487222942343','138012222364','12');
Insert into ECI_FT_LOGISTIC_DELIVERY_COST (FROMTO_LOGISTIC_ID,DELIVERY_COST_ID,IDX) values ('lpd487222942343','138012222384','2');
Insert into ECI_FT_LOGISTIC_DELIVERY_COST (FROMTO_LOGISTIC_ID,DELIVERY_COST_ID,IDX) values ('lpd487222942343','138012222390','7');
Insert into ECI_FT_LOGISTIC_DELIVERY_COST (FROMTO_LOGISTIC_ID,DELIVERY_COST_ID,IDX) values ('lpd487222942343','487220842348','5');
Insert into ECI_FT_LOGISTIC_DELIVERY_COST (FROMTO_LOGISTIC_ID,DELIVERY_COST_ID,IDX) values ('lpd487222942343','487220842350','6');
Insert into ECI_FT_LOGISTIC_DELIVERY_COST (FROMTO_LOGISTIC_ID,DELIVERY_COST_ID,IDX) values ('lpd487222942343','487220842364','8');
Insert into ECI_FT_LOGISTIC_DELIVERY_COST (FROMTO_LOGISTIC_ID,DELIVERY_COST_ID,IDX) values ('lpd487222942343','487220842366','9');
Insert into ECI_FT_LOGISTIC_DELIVERY_COST (FROMTO_LOGISTIC_ID,DELIVERY_COST_ID,IDX) values ('lpd487222942343','487221342414','0');
Insert into ECI_FT_LOGISTIC_DELIVERY_COST (FROMTO_LOGISTIC_ID,DELIVERY_COST_ID,IDX) values ('lpd487222942343','487221342416','1');
Insert into ECI_FT_LOGISTIC_DELIVERY_COST (FROMTO_LOGISTIC_ID,DELIVERY_COST_ID,IDX) values ('lpd487222942343','487221342434','10');
Insert into ECI_FT_LOGISTIC_DELIVERY_COST (FROMTO_LOGISTIC_ID,DELIVERY_COST_ID,IDX) values ('lpd487222942343','487221342440','13');
Insert into ECI_FT_LOGISTIC_DELIVERY_COST (FROMTO_LOGISTIC_ID,DELIVERY_COST_ID,IDX) values ('lpd487222942343','487221342442','14');
Insert into ECI_FT_LOGISTIC_DELIVERY_COST (FROMTO_LOGISTIC_ID,DELIVERY_COST_ID,IDX) values ('lpd487222942343','487221342444','15');
Insert into ECI_FT_LOGISTIC_DELIVERY_COST (FROMTO_LOGISTIC_ID,DELIVERY_COST_ID,IDX) values ('lpd487223142344','487226742346','1');
Insert into ECI_FT_LOGISTIC_DELIVERY_COST (FROMTO_LOGISTIC_ID,DELIVERY_COST_ID,IDX) values ('lpd487223142344','487226742350','0');
Insert into ECI_FT_LOGISTIC_DELIVERY_COST (FROMTO_LOGISTIC_ID,DELIVERY_COST_ID,IDX) values ('lpd487223142344','487226742354','3');
Insert into ECI_FT_LOGISTIC_DELIVERY_COST (FROMTO_LOGISTIC_ID,DELIVERY_COST_ID,IDX) values ('lpd487223142344','487226742356','2');
Insert into ECI_FT_LOGISTIC_DELIVERY_COST (FROMTO_LOGISTIC_ID,DELIVERY_COST_ID,IDX) values ('lpd487223242343','487222942380','12');
Insert into ECI_FT_LOGISTIC_DELIVERY_COST (FROMTO_LOGISTIC_ID,DELIVERY_COST_ID,IDX) values ('lpd487223242343','487222942382','11');
Insert into ECI_FT_LOGISTIC_DELIVERY_COST (FROMTO_LOGISTIC_ID,DELIVERY_COST_ID,IDX) values ('lpd487223242343','487222942384','10');
Insert into ECI_FT_LOGISTIC_DELIVERY_COST (FROMTO_LOGISTIC_ID,DELIVERY_COST_ID,IDX) values ('lpd487223242343','487222942386','9');
Insert into ECI_FT_LOGISTIC_DELIVERY_COST (FROMTO_LOGISTIC_ID,DELIVERY_COST_ID,IDX) values ('lpd487223242343','487222942388','8');
Insert into ECI_FT_LOGISTIC_DELIVERY_COST (FROMTO_LOGISTIC_ID,DELIVERY_COST_ID,IDX) values ('lpd487223242343','487222942390','7');
Insert into ECI_FT_LOGISTIC_DELIVERY_COST (FROMTO_LOGISTIC_ID,DELIVERY_COST_ID,IDX) values ('lpd487223242343','487222942392','6');
Insert into ECI_FT_LOGISTIC_DELIVERY_COST (FROMTO_LOGISTIC_ID,DELIVERY_COST_ID,IDX) values ('lpd487223242343','487222942394','5');
Insert into ECI_FT_LOGISTIC_DELIVERY_COST (FROMTO_LOGISTIC_ID,DELIVERY_COST_ID,IDX) values ('lpd487223242343','487222942396','4');
Insert into ECI_FT_LOGISTIC_DELIVERY_COST (FROMTO_LOGISTIC_ID,DELIVERY_COST_ID,IDX) values ('lpd487223242343','487222942398','3');
Insert into ECI_FT_LOGISTIC_DELIVERY_COST (FROMTO_LOGISTIC_ID,DELIVERY_COST_ID,IDX) values ('lpd487223242343','487222942400','2');
Insert into ECI_FT_LOGISTIC_DELIVERY_COST (FROMTO_LOGISTIC_ID,DELIVERY_COST_ID,IDX) values ('lpd487223242343','487222942404','1');
Insert into ECI_FT_LOGISTIC_DELIVERY_COST (FROMTO_LOGISTIC_ID,DELIVERY_COST_ID,IDX) values ('lpd487223242343','487225942342','0');
Insert into ECI_FT_LOGISTIC_DELIVERY_COST (FROMTO_LOGISTIC_ID,DELIVERY_COST_ID,IDX) values ('lpd487223342344','487226942346','15');
Insert into ECI_FT_LOGISTIC_DELIVERY_COST (FROMTO_LOGISTIC_ID,DELIVERY_COST_ID,IDX) values ('lpd487223342344','487226942348','14');
Insert into ECI_FT_LOGISTIC_DELIVERY_COST (FROMTO_LOGISTIC_ID,DELIVERY_COST_ID,IDX) values ('lpd487223342344','487226942350','13');
Insert into ECI_FT_LOGISTIC_DELIVERY_COST (FROMTO_LOGISTIC_ID,DELIVERY_COST_ID,IDX) values ('lpd487223342344','487226942352','12');
Insert into ECI_FT_LOGISTIC_DELIVERY_COST (FROMTO_LOGISTIC_ID,DELIVERY_COST_ID,IDX) values ('lpd487223342344','487226942354','11');
Insert into ECI_FT_LOGISTIC_DELIVERY_COST (FROMTO_LOGISTIC_ID,DELIVERY_COST_ID,IDX) values ('lpd487223342344','487226942356','10');
Insert into ECI_FT_LOGISTIC_DELIVERY_COST (FROMTO_LOGISTIC_ID,DELIVERY_COST_ID,IDX) values ('lpd487223342344','487226942358','9');
Insert into ECI_FT_LOGISTIC_DELIVERY_COST (FROMTO_LOGISTIC_ID,DELIVERY_COST_ID,IDX) values ('lpd487223342344','487226942360','8');
Insert into ECI_FT_LOGISTIC_DELIVERY_COST (FROMTO_LOGISTIC_ID,DELIVERY_COST_ID,IDX) values ('lpd487223342344','487226942362','7');
Insert into ECI_FT_LOGISTIC_DELIVERY_COST (FROMTO_LOGISTIC_ID,DELIVERY_COST_ID,IDX) values ('lpd487223342344','487226942364','6');
Insert into ECI_FT_LOGISTIC_DELIVERY_COST (FROMTO_LOGISTIC_ID,DELIVERY_COST_ID,IDX) values ('lpd487223342344','487226942366','5');
Insert into ECI_FT_LOGISTIC_DELIVERY_COST (FROMTO_LOGISTIC_ID,DELIVERY_COST_ID,IDX) values ('lpd487223342344','487226942368','4');
Insert into ECI_FT_LOGISTIC_DELIVERY_COST (FROMTO_LOGISTIC_ID,DELIVERY_COST_ID,IDX) values ('lpd487223342344','487226942370','3');
Insert into ECI_FT_LOGISTIC_DELIVERY_COST (FROMTO_LOGISTIC_ID,DELIVERY_COST_ID,IDX) values ('lpd487223342344','487226942372','2');
Insert into ECI_FT_LOGISTIC_DELIVERY_COST (FROMTO_LOGISTIC_ID,DELIVERY_COST_ID,IDX) values ('lpd487223342344','487226942374','1');
Insert into ECI_FT_LOGISTIC_DELIVERY_COST (FROMTO_LOGISTIC_ID,DELIVERY_COST_ID,IDX) values ('lpd487223342344','487226942376','0');
Insert into ECI_FT_LOGISTIC_DELIVERY_COST (FROMTO_LOGISTIC_ID,DELIVERY_COST_ID,IDX) values ('lpd487223442343','487223742348','15');
Insert into ECI_FT_LOGISTIC_DELIVERY_COST (FROMTO_LOGISTIC_ID,DELIVERY_COST_ID,IDX) values ('lpd487223442343','487223742350','14');
Insert into ECI_FT_LOGISTIC_DELIVERY_COST (FROMTO_LOGISTIC_ID,DELIVERY_COST_ID,IDX) values ('lpd487223442343','487223742352','13');
Insert into ECI_FT_LOGISTIC_DELIVERY_COST (FROMTO_LOGISTIC_ID,DELIVERY_COST_ID,IDX) values ('lpd487223442343','487223742356','11');
Insert into ECI_FT_LOGISTIC_DELIVERY_COST (FROMTO_LOGISTIC_ID,DELIVERY_COST_ID,IDX) values ('lpd487223442343','487223742358','10');
Insert into ECI_FT_LOGISTIC_DELIVERY_COST (FROMTO_LOGISTIC_ID,DELIVERY_COST_ID,IDX) values ('lpd487223442343','487223742362','12');
Insert into ECI_FT_LOGISTIC_DELIVERY_COST (FROMTO_LOGISTIC_ID,DELIVERY_COST_ID,IDX) values ('lpd487223442343','487223742366','9');
Insert into ECI_FT_LOGISTIC_DELIVERY_COST (FROMTO_LOGISTIC_ID,DELIVERY_COST_ID,IDX) values ('lpd487223442343','487223742368','8');
Insert into ECI_FT_LOGISTIC_DELIVERY_COST (FROMTO_LOGISTIC_ID,DELIVERY_COST_ID,IDX) values ('lpd487223442343','487223742370','7');
Insert into ECI_FT_LOGISTIC_DELIVERY_COST (FROMTO_LOGISTIC_ID,DELIVERY_COST_ID,IDX) values ('lpd487223442343','487223742372','6');
Insert into ECI_FT_LOGISTIC_DELIVERY_COST (FROMTO_LOGISTIC_ID,DELIVERY_COST_ID,IDX) values ('lpd487223442343','487223742374','5');
Insert into ECI_FT_LOGISTIC_DELIVERY_COST (FROMTO_LOGISTIC_ID,DELIVERY_COST_ID,IDX) values ('lpd487223442343','487223742376','4');
Insert into ECI_FT_LOGISTIC_DELIVERY_COST (FROMTO_LOGISTIC_ID,DELIVERY_COST_ID,IDX) values ('lpd487223442343','487223742380','3');
Insert into ECI_FT_LOGISTIC_DELIVERY_COST (FROMTO_LOGISTIC_ID,DELIVERY_COST_ID,IDX) values ('lpd487223442343','487223742382','2');
Insert into ECI_FT_LOGISTIC_DELIVERY_COST (FROMTO_LOGISTIC_ID,DELIVERY_COST_ID,IDX) values ('lpd487223442343','487223742384','1');
Insert into ECI_FT_LOGISTIC_DELIVERY_COST (FROMTO_LOGISTIC_ID,DELIVERY_COST_ID,IDX) values ('lpd487223442343','487225042342','0');
Insert into ECI_FT_LOGISTIC_DELIVERY_COST (FROMTO_LOGISTIC_ID,DELIVERY_COST_ID,IDX) values ('lpd487223442344','487223742348','15');
Insert into ECI_FT_LOGISTIC_DELIVERY_COST (FROMTO_LOGISTIC_ID,DELIVERY_COST_ID,IDX) values ('lpd487223442344','487223742350','14');
Insert into ECI_FT_LOGISTIC_DELIVERY_COST (FROMTO_LOGISTIC_ID,DELIVERY_COST_ID,IDX) values ('lpd487223442344','487223742352','13');
Insert into ECI_FT_LOGISTIC_DELIVERY_COST (FROMTO_LOGISTIC_ID,DELIVERY_COST_ID,IDX) values ('lpd487223442344','487223742356','11');
Insert into ECI_FT_LOGISTIC_DELIVERY_COST (FROMTO_LOGISTIC_ID,DELIVERY_COST_ID,IDX) values ('lpd487223442344','487223742358','10');
Insert into ECI_FT_LOGISTIC_DELIVERY_COST (FROMTO_LOGISTIC_ID,DELIVERY_COST_ID,IDX) values ('lpd487223442344','487223742362','12');
Insert into ECI_FT_LOGISTIC_DELIVERY_COST (FROMTO_LOGISTIC_ID,DELIVERY_COST_ID,IDX) values ('lpd487223442344','487223742366','9');
Insert into ECI_FT_LOGISTIC_DELIVERY_COST (FROMTO_LOGISTIC_ID,DELIVERY_COST_ID,IDX) values ('lpd487223442344','487223742368','8');
Insert into ECI_FT_LOGISTIC_DELIVERY_COST (FROMTO_LOGISTIC_ID,DELIVERY_COST_ID,IDX) values ('lpd487223442344','487223742370','7');
Insert into ECI_FT_LOGISTIC_DELIVERY_COST (FROMTO_LOGISTIC_ID,DELIVERY_COST_ID,IDX) values ('lpd487223442344','487223742372','6');
Insert into ECI_FT_LOGISTIC_DELIVERY_COST (FROMTO_LOGISTIC_ID,DELIVERY_COST_ID,IDX) values ('lpd487223442344','487223742374','5');
Insert into ECI_FT_LOGISTIC_DELIVERY_COST (FROMTO_LOGISTIC_ID,DELIVERY_COST_ID,IDX) values ('lpd487223442344','487223742376','4');
Insert into ECI_FT_LOGISTIC_DELIVERY_COST (FROMTO_LOGISTIC_ID,DELIVERY_COST_ID,IDX) values ('lpd487223442344','487223742380','3');
Insert into ECI_FT_LOGISTIC_DELIVERY_COST (FROMTO_LOGISTIC_ID,DELIVERY_COST_ID,IDX) values ('lpd487223442344','487223742382','2');
Insert into ECI_FT_LOGISTIC_DELIVERY_COST (FROMTO_LOGISTIC_ID,DELIVERY_COST_ID,IDX) values ('lpd487223442344','487223742384','1');
Insert into ECI_FT_LOGISTIC_DELIVERY_COST (FROMTO_LOGISTIC_ID,DELIVERY_COST_ID,IDX) values ('lpd487223442344','487225042342','0');
Insert into ECI_FT_LOGISTIC_DELIVERY_COST (FROMTO_LOGISTIC_ID,DELIVERY_COST_ID,IDX) values ('lpd487223542343','487223742352','15');
Insert into ECI_FT_LOGISTIC_DELIVERY_COST (FROMTO_LOGISTIC_ID,DELIVERY_COST_ID,IDX) values ('lpd487223542343','487223742356','13');
Insert into ECI_FT_LOGISTIC_DELIVERY_COST (FROMTO_LOGISTIC_ID,DELIVERY_COST_ID,IDX) values ('lpd487223542343','487223742358','12');
Insert into ECI_FT_LOGISTIC_DELIVERY_COST (FROMTO_LOGISTIC_ID,DELIVERY_COST_ID,IDX) values ('lpd487223542343','487223742362','14');
Insert into ECI_FT_LOGISTIC_DELIVERY_COST (FROMTO_LOGISTIC_ID,DELIVERY_COST_ID,IDX) values ('lpd487223542343','487223742366','11');
Insert into ECI_FT_LOGISTIC_DELIVERY_COST (FROMTO_LOGISTIC_ID,DELIVERY_COST_ID,IDX) values ('lpd487223542343','487223742368','10');
Insert into ECI_FT_LOGISTIC_DELIVERY_COST (FROMTO_LOGISTIC_ID,DELIVERY_COST_ID,IDX) values ('lpd487223542343','487223742370','9');
Insert into ECI_FT_LOGISTIC_DELIVERY_COST (FROMTO_LOGISTIC_ID,DELIVERY_COST_ID,IDX) values ('lpd487223542343','487223742372','8');
Insert into ECI_FT_LOGISTIC_DELIVERY_COST (FROMTO_LOGISTIC_ID,DELIVERY_COST_ID,IDX) values ('lpd487223542343','487223742374','7');
Insert into ECI_FT_LOGISTIC_DELIVERY_COST (FROMTO_LOGISTIC_ID,DELIVERY_COST_ID,IDX) values ('lpd487223542343','487223742376','6');
Insert into ECI_FT_LOGISTIC_DELIVERY_COST (FROMTO_LOGISTIC_ID,DELIVERY_COST_ID,IDX) values ('lpd487223542343','487223742380','5');
Insert into ECI_FT_LOGISTIC_DELIVERY_COST (FROMTO_LOGISTIC_ID,DELIVERY_COST_ID,IDX) values ('lpd487223542343','487223742382','4');
Insert into ECI_FT_LOGISTIC_DELIVERY_COST (FROMTO_LOGISTIC_ID,DELIVERY_COST_ID,IDX) values ('lpd487223542343','487223742384','3');
Insert into ECI_FT_LOGISTIC_DELIVERY_COST (FROMTO_LOGISTIC_ID,DELIVERY_COST_ID,IDX) values ('lpd487223542343','487225042342','2');
Insert into ECI_FT_LOGISTIC_DELIVERY_COST (FROMTO_LOGISTIC_ID,DELIVERY_COST_ID,IDX) values ('lpd487223542343','487227642342','16');
Insert into ECI_FT_LOGISTIC_DELIVERY_COST (FROMTO_LOGISTIC_ID,DELIVERY_COST_ID,IDX) values ('lpd487223542343','487228842352','1');
Insert into ECI_FT_LOGISTIC_DELIVERY_COST (FROMTO_LOGISTIC_ID,DELIVERY_COST_ID,IDX) values ('lpd487223542343','487228842354','0');
Insert into ECI_FT_LOGISTIC_DELIVERY_COST (FROMTO_LOGISTIC_ID,DELIVERY_COST_ID,IDX) values ('lpd487224442346','487229342370','0');
Insert into ECI_FT_LOGISTIC_DELIVERY_COST (FROMTO_LOGISTIC_ID,DELIVERY_COST_ID,IDX) values ('lpd487224742344','487229842352','3');
Insert into ECI_FT_LOGISTIC_DELIVERY_COST (FROMTO_LOGISTIC_ID,DELIVERY_COST_ID,IDX) values ('lpd487224742344','487229842354','2');
Insert into ECI_FT_LOGISTIC_DELIVERY_COST (FROMTO_LOGISTIC_ID,DELIVERY_COST_ID,IDX) values ('lpd487224742344','487229842356','1');
Insert into ECI_FT_LOGISTIC_DELIVERY_COST (FROMTO_LOGISTIC_ID,DELIVERY_COST_ID,IDX) values ('lpd487224742344','487229842358','0');
Insert into ECI_FT_LOGISTIC_DELIVERY_COST (FROMTO_LOGISTIC_ID,DELIVERY_COST_ID,IDX) values ('lpd487224842345','138012222362','0');
Insert into ECI_FT_LOGISTIC_DELIVERY_COST (FROMTO_LOGISTIC_ID,DELIVERY_COST_ID,IDX) values ('lpd487224842345','141013222362','1');
Insert into ECI_FT_LOGISTIC_DELIVERY_COST (FROMTO_LOGISTIC_ID,DELIVERY_COST_ID,IDX) values ('lpd487224842348','138012222364','0');
Insert into ECI_FT_LOGISTIC_DELIVERY_COST (FROMTO_LOGISTIC_ID,DELIVERY_COST_ID,IDX) values ('lpd487224842348','138012222372','1');
Insert into ECI_FT_LOGISTIC_DELIVERY_COST (FROMTO_LOGISTIC_ID,DELIVERY_COST_ID,IDX) values ('lpd487224842352','487229842344','3');
Insert into ECI_FT_LOGISTIC_DELIVERY_COST (FROMTO_LOGISTIC_ID,DELIVERY_COST_ID,IDX) values ('lpd487224842352','487229842346','2');
Insert into ECI_FT_LOGISTIC_DELIVERY_COST (FROMTO_LOGISTIC_ID,DELIVERY_COST_ID,IDX) values ('lpd487224842352','487229842348','1');
Insert into ECI_FT_LOGISTIC_DELIVERY_COST (FROMTO_LOGISTIC_ID,DELIVERY_COST_ID,IDX) values ('lpd487224842352','487229842350','0');
Insert into ECI_FT_LOGISTIC_DELIVERY_COST (FROMTO_LOGISTIC_ID,DELIVERY_COST_ID,IDX) values ('lpd487225042343','487223742348','15');
Insert into ECI_FT_LOGISTIC_DELIVERY_COST (FROMTO_LOGISTIC_ID,DELIVERY_COST_ID,IDX) values ('lpd487225042343','487223742350','14');
Insert into ECI_FT_LOGISTIC_DELIVERY_COST (FROMTO_LOGISTIC_ID,DELIVERY_COST_ID,IDX) values ('lpd487225042343','487223742352','13');
Insert into ECI_FT_LOGISTIC_DELIVERY_COST (FROMTO_LOGISTIC_ID,DELIVERY_COST_ID,IDX) values ('lpd487225042343','487223742356','11');
Insert into ECI_FT_LOGISTIC_DELIVERY_COST (FROMTO_LOGISTIC_ID,DELIVERY_COST_ID,IDX) values ('lpd487225042343','487223742358','10');
Insert into ECI_FT_LOGISTIC_DELIVERY_COST (FROMTO_LOGISTIC_ID,DELIVERY_COST_ID,IDX) values ('lpd487225042343','487223742362','12');
Insert into ECI_FT_LOGISTIC_DELIVERY_COST (FROMTO_LOGISTIC_ID,DELIVERY_COST_ID,IDX) values ('lpd487225042343','487223742366','9');
Insert into ECI_FT_LOGISTIC_DELIVERY_COST (FROMTO_LOGISTIC_ID,DELIVERY_COST_ID,IDX) values ('lpd487225042343','487223742368','8');
Insert into ECI_FT_LOGISTIC_DELIVERY_COST (FROMTO_LOGISTIC_ID,DELIVERY_COST_ID,IDX) values ('lpd487225042343','487223742370','7');
Insert into ECI_FT_LOGISTIC_DELIVERY_COST (FROMTO_LOGISTIC_ID,DELIVERY_COST_ID,IDX) values ('lpd487225042343','487223742372','6');
Insert into ECI_FT_LOGISTIC_DELIVERY_COST (FROMTO_LOGISTIC_ID,DELIVERY_COST_ID,IDX) values ('lpd487225042343','487223742374','5');
Insert into ECI_FT_LOGISTIC_DELIVERY_COST (FROMTO_LOGISTIC_ID,DELIVERY_COST_ID,IDX) values ('lpd487225042343','487223742376','4');
Insert into ECI_FT_LOGISTIC_DELIVERY_COST (FROMTO_LOGISTIC_ID,DELIVERY_COST_ID,IDX) values ('lpd487225042343','487223742380','3');
Insert into ECI_FT_LOGISTIC_DELIVERY_COST (FROMTO_LOGISTIC_ID,DELIVERY_COST_ID,IDX) values ('lpd487225042343','487223742382','2');
Insert into ECI_FT_LOGISTIC_DELIVERY_COST (FROMTO_LOGISTIC_ID,DELIVERY_COST_ID,IDX) values ('lpd487225042343','487223742384','1');
Insert into ECI_FT_LOGISTIC_DELIVERY_COST (FROMTO_LOGISTIC_ID,DELIVERY_COST_ID,IDX) values ('lpd487225042343','487225042342','0');
Insert into ECI_FT_LOGISTIC_DELIVERY_COST (FROMTO_LOGISTIC_ID,DELIVERY_COST_ID,IDX) values ('lpd487225042344','487223742352','15');
Insert into ECI_FT_LOGISTIC_DELIVERY_COST (FROMTO_LOGISTIC_ID,DELIVERY_COST_ID,IDX) values ('lpd487225042344','487223742356','13');
Insert into ECI_FT_LOGISTIC_DELIVERY_COST (FROMTO_LOGISTIC_ID,DELIVERY_COST_ID,IDX) values ('lpd487225042344','487223742358','12');
Insert into ECI_FT_LOGISTIC_DELIVERY_COST (FROMTO_LOGISTIC_ID,DELIVERY_COST_ID,IDX) values ('lpd487225042344','487223742362','14');
Insert into ECI_FT_LOGISTIC_DELIVERY_COST (FROMTO_LOGISTIC_ID,DELIVERY_COST_ID,IDX) values ('lpd487225042344','487223742366','11');
Insert into ECI_FT_LOGISTIC_DELIVERY_COST (FROMTO_LOGISTIC_ID,DELIVERY_COST_ID,IDX) values ('lpd487225042344','487223742368','10');
Insert into ECI_FT_LOGISTIC_DELIVERY_COST (FROMTO_LOGISTIC_ID,DELIVERY_COST_ID,IDX) values ('lpd487225042344','487223742370','9');
Insert into ECI_FT_LOGISTIC_DELIVERY_COST (FROMTO_LOGISTIC_ID,DELIVERY_COST_ID,IDX) values ('lpd487225042344','487223742372','8');
Insert into ECI_FT_LOGISTIC_DELIVERY_COST (FROMTO_LOGISTIC_ID,DELIVERY_COST_ID,IDX) values ('lpd487225042344','487223742374','7');
Insert into ECI_FT_LOGISTIC_DELIVERY_COST (FROMTO_LOGISTIC_ID,DELIVERY_COST_ID,IDX) values ('lpd487225042344','487223742376','6');
Insert into ECI_FT_LOGISTIC_DELIVERY_COST (FROMTO_LOGISTIC_ID,DELIVERY_COST_ID,IDX) values ('lpd487225042344','487223742380','5');
Insert into ECI_FT_LOGISTIC_DELIVERY_COST (FROMTO_LOGISTIC_ID,DELIVERY_COST_ID,IDX) values ('lpd487225042344','487223742382','4');
Insert into ECI_FT_LOGISTIC_DELIVERY_COST (FROMTO_LOGISTIC_ID,DELIVERY_COST_ID,IDX) values ('lpd487225042344','487223742384','3');
Insert into ECI_FT_LOGISTIC_DELIVERY_COST (FROMTO_LOGISTIC_ID,DELIVERY_COST_ID,IDX) values ('lpd487225042344','487225042342','2');
Insert into ECI_FT_LOGISTIC_DELIVERY_COST (FROMTO_LOGISTIC_ID,DELIVERY_COST_ID,IDX) values ('lpd487225042344','487227642342','16');
Insert into ECI_FT_LOGISTIC_DELIVERY_COST (FROMTO_LOGISTIC_ID,DELIVERY_COST_ID,IDX) values ('lpd487225042344','487228842352','1');
Insert into ECI_FT_LOGISTIC_DELIVERY_COST (FROMTO_LOGISTIC_ID,DELIVERY_COST_ID,IDX) values ('lpd487225042344','487228842354','0');

Insert into ECI_FT_LOGISTIC_STSCOST (FROMTO_LOGISTIC_ID,STS_COST_ID,IDX) values ('lpd487221442348','487223442342','0');
Insert into ECI_FT_LOGISTIC_STSCOST (FROMTO_LOGISTIC_ID,STS_COST_ID,IDX) values ('lpd487221442348','487223442344','5');
Insert into ECI_FT_LOGISTIC_STSCOST (FROMTO_LOGISTIC_ID,STS_COST_ID,IDX) values ('lpd487221442348','487223442346','11');
Insert into ECI_FT_LOGISTIC_STSCOST (FROMTO_LOGISTIC_ID,STS_COST_ID,IDX) values ('lpd487221442348','487223442348','10');
Insert into ECI_FT_LOGISTIC_STSCOST (FROMTO_LOGISTIC_ID,STS_COST_ID,IDX) values ('lpd487221442348','487223442350','1');
Insert into ECI_FT_LOGISTIC_STSCOST (FROMTO_LOGISTIC_ID,STS_COST_ID,IDX) values ('lpd487221442348','487223442352','4');
Insert into ECI_FT_LOGISTIC_STSCOST (FROMTO_LOGISTIC_ID,STS_COST_ID,IDX) values ('lpd487221442348','487223442354','9');
Insert into ECI_FT_LOGISTIC_STSCOST (FROMTO_LOGISTIC_ID,STS_COST_ID,IDX) values ('lpd487221442348','487223442356','8');
Insert into ECI_FT_LOGISTIC_STSCOST (FROMTO_LOGISTIC_ID,STS_COST_ID,IDX) values ('lpd487221442348','487223442358','2');
Insert into ECI_FT_LOGISTIC_STSCOST (FROMTO_LOGISTIC_ID,STS_COST_ID,IDX) values ('lpd487221442348','487223442360','3');
Insert into ECI_FT_LOGISTIC_STSCOST (FROMTO_LOGISTIC_ID,STS_COST_ID,IDX) values ('lpd487221442348','487223442362','7');
Insert into ECI_FT_LOGISTIC_STSCOST (FROMTO_LOGISTIC_ID,STS_COST_ID,IDX) values ('lpd487221442348','487223442364','6');
Insert into ECI_FT_LOGISTIC_STSCOST (FROMTO_LOGISTIC_ID,STS_COST_ID,IDX) values ('lpd487223242343','487223442344','4');
Insert into ECI_FT_LOGISTIC_STSCOST (FROMTO_LOGISTIC_ID,STS_COST_ID,IDX) values ('lpd487223242343','487223442346','10');
Insert into ECI_FT_LOGISTIC_STSCOST (FROMTO_LOGISTIC_ID,STS_COST_ID,IDX) values ('lpd487223242343','487223442348','9');
Insert into ECI_FT_LOGISTIC_STSCOST (FROMTO_LOGISTIC_ID,STS_COST_ID,IDX) values ('lpd487223242343','487223442350','0');
Insert into ECI_FT_LOGISTIC_STSCOST (FROMTO_LOGISTIC_ID,STS_COST_ID,IDX) values ('lpd487223242343','487223442352','3');
Insert into ECI_FT_LOGISTIC_STSCOST (FROMTO_LOGISTIC_ID,STS_COST_ID,IDX) values ('lpd487223242343','487223442354','8');
Insert into ECI_FT_LOGISTIC_STSCOST (FROMTO_LOGISTIC_ID,STS_COST_ID,IDX) values ('lpd487223242343','487223442356','7');
Insert into ECI_FT_LOGISTIC_STSCOST (FROMTO_LOGISTIC_ID,STS_COST_ID,IDX) values ('lpd487223242343','487223442358','1');
Insert into ECI_FT_LOGISTIC_STSCOST (FROMTO_LOGISTIC_ID,STS_COST_ID,IDX) values ('lpd487223242343','487223442360','2');
Insert into ECI_FT_LOGISTIC_STSCOST (FROMTO_LOGISTIC_ID,STS_COST_ID,IDX) values ('lpd487223242343','487223442362','6');
Insert into ECI_FT_LOGISTIC_STSCOST (FROMTO_LOGISTIC_ID,STS_COST_ID,IDX) values ('lpd487223242343','487223442364','5');
Insert into ECI_FT_LOGISTIC_STSCOST (FROMTO_LOGISTIC_ID,STS_COST_ID,IDX) values ('lpd487224742344','138012222372','0');
Insert into ECI_FT_LOGISTIC_STSCOST (FROMTO_LOGISTIC_ID,STS_COST_ID,IDX) values ('lpd487224742344','138012222398','1');
Insert into ECI_FT_LOGISTIC_STSCOST (FROMTO_LOGISTIC_ID,STS_COST_ID,IDX) values ('lpd487224742344','487223042346','2');
Insert into ECI_FT_LOGISTIC_STSCOST (FROMTO_LOGISTIC_ID,STS_COST_ID,IDX) values ('lpd487224742344','487229942344','10');
Insert into ECI_FT_LOGISTIC_STSCOST (FROMTO_LOGISTIC_ID,STS_COST_ID,IDX) values ('lpd487224742344','487229942346','9');
Insert into ECI_FT_LOGISTIC_STSCOST (FROMTO_LOGISTIC_ID,STS_COST_ID,IDX) values ('lpd487224742344','487229942348','8');
Insert into ECI_FT_LOGISTIC_STSCOST (FROMTO_LOGISTIC_ID,STS_COST_ID,IDX) values ('lpd487224742344','487229942350','7');
Insert into ECI_FT_LOGISTIC_STSCOST (FROMTO_LOGISTIC_ID,STS_COST_ID,IDX) values ('lpd487224742344','487229942352','6');
Insert into ECI_FT_LOGISTIC_STSCOST (FROMTO_LOGISTIC_ID,STS_COST_ID,IDX) values ('lpd487224742344','487229942354','5');
Insert into ECI_FT_LOGISTIC_STSCOST (FROMTO_LOGISTIC_ID,STS_COST_ID,IDX) values ('lpd487224742344','487229942356','4');
Insert into ECI_FT_LOGISTIC_STSCOST (FROMTO_LOGISTIC_ID,STS_COST_ID,IDX) values ('lpd487224742344','487229942358','3');
Insert into ECI_FT_LOGISTIC_STSCOST (FROMTO_LOGISTIC_ID,STS_COST_ID,IDX) values ('lpd487224842345','138012222362','0');
Insert into ECI_FT_LOGISTIC_STSCOST (FROMTO_LOGISTIC_ID,STS_COST_ID,IDX) values ('lpd487224842345','138012222384','1');
Insert into ECI_FT_LOGISTIC_STSCOST (FROMTO_LOGISTIC_ID,STS_COST_ID,IDX) values ('lpd487224842345','138012222390','2');
Insert into ECI_FT_LOGISTIC_STSCOST (FROMTO_LOGISTIC_ID,STS_COST_ID,IDX) values ('lpd487224842345','487223042344','3');
Insert into ECI_FT_LOGISTIC_STSCOST (FROMTO_LOGISTIC_ID,STS_COST_ID,IDX) values ('lpd487224842348','138012222346','0');
Insert into ECI_FT_LOGISTIC_STSCOST (FROMTO_LOGISTIC_ID,STS_COST_ID,IDX) values ('lpd487224842348','138012222354','1');
Insert into ECI_FT_LOGISTIC_STSCOST (FROMTO_LOGISTIC_ID,STS_COST_ID,IDX) values ('lpd487224842348','138012222364','2');
Insert into ECI_FT_LOGISTIC_STSCOST (FROMTO_LOGISTIC_ID,STS_COST_ID,IDX) values ('lpd487224842348','487221342414','3');
Insert into ECI_FT_LOGISTIC_STSCOST (FROMTO_LOGISTIC_ID,STS_COST_ID,IDX) values ('lpd487224842352','138012222348','0');
Insert into ECI_FT_LOGISTIC_STSCOST (FROMTO_LOGISTIC_ID,STS_COST_ID,IDX) values ('lpd487224842352','138012222356','1');
Insert into ECI_FT_LOGISTIC_STSCOST (FROMTO_LOGISTIC_ID,STS_COST_ID,IDX) values ('lpd487224842352','138012222366','2');
Insert into ECI_FT_LOGISTIC_STSCOST (FROMTO_LOGISTIC_ID,STS_COST_ID,IDX) values ('lpd487224842352','487222342342','3');

Insert into ECI_FT_LOGISTIC_PAYMENT_TYPE (FROMTO_LOGISTIC_ID,PAYMENT_TYPE_ID) values ('lpd487221642344','100002');
Insert into ECI_FT_LOGISTIC_PAYMENT_TYPE (FROMTO_LOGISTIC_ID,PAYMENT_TYPE_ID) values ('lpd487221742344','100002');
Insert into ECI_FT_LOGISTIC_PAYMENT_TYPE (FROMTO_LOGISTIC_ID,PAYMENT_TYPE_ID) values ('lpd487221742346','100002');
Insert into ECI_FT_LOGISTIC_PAYMENT_TYPE (FROMTO_LOGISTIC_ID,PAYMENT_TYPE_ID) values ('lpd487221842346','100002');
Insert into ECI_FT_LOGISTIC_PAYMENT_TYPE (FROMTO_LOGISTIC_ID,PAYMENT_TYPE_ID) values ('lpd487222542344','100002');
Insert into ECI_FT_LOGISTIC_PAYMENT_TYPE (FROMTO_LOGISTIC_ID,PAYMENT_TYPE_ID) values ('lpd487222542345','100002');
Insert into ECI_FT_LOGISTIC_PAYMENT_TYPE (FROMTO_LOGISTIC_ID,PAYMENT_TYPE_ID) values ('lpd487222542348','100002');
Insert into ECI_FT_LOGISTIC_PAYMENT_TYPE (FROMTO_LOGISTIC_ID,PAYMENT_TYPE_ID) values ('lpd487223442343','100002');
Insert into ECI_FT_LOGISTIC_PAYMENT_TYPE (FROMTO_LOGISTIC_ID,PAYMENT_TYPE_ID) values ('lpd487223442344','100002');
Insert into ECI_FT_LOGISTIC_PAYMENT_TYPE (FROMTO_LOGISTIC_ID,PAYMENT_TYPE_ID) values ('lpd487223542343','100002');
Insert into ECI_FT_LOGISTIC_PAYMENT_TYPE (FROMTO_LOGISTIC_ID,PAYMENT_TYPE_ID) values ('lpd487225042343','100002');
Insert into ECI_FT_LOGISTIC_PAYMENT_TYPE (FROMTO_LOGISTIC_ID,PAYMENT_TYPE_ID) values ('lpd487225042344','100002');
Insert into ECI_FT_LOGISTIC_PAYMENT_TYPE (FROMTO_LOGISTIC_ID,PAYMENT_TYPE_ID) values ('lpd487221442348','487220542344');
Insert into ECI_FT_LOGISTIC_PAYMENT_TYPE (FROMTO_LOGISTIC_ID,PAYMENT_TYPE_ID) values ('lpd487221542344','487220542344');
Insert into ECI_FT_LOGISTIC_PAYMENT_TYPE (FROMTO_LOGISTIC_ID,PAYMENT_TYPE_ID) values ('lpd487221642344','487220542344');
Insert into ECI_FT_LOGISTIC_PAYMENT_TYPE (FROMTO_LOGISTIC_ID,PAYMENT_TYPE_ID) values ('lpd487221742344','487220542344');
Insert into ECI_FT_LOGISTIC_PAYMENT_TYPE (FROMTO_LOGISTIC_ID,PAYMENT_TYPE_ID) values ('lpd487221742346','487220542344');
Insert into ECI_FT_LOGISTIC_PAYMENT_TYPE (FROMTO_LOGISTIC_ID,PAYMENT_TYPE_ID) values ('lpd487221842346','487220542344');
Insert into ECI_FT_LOGISTIC_PAYMENT_TYPE (FROMTO_LOGISTIC_ID,PAYMENT_TYPE_ID) values ('lpd487221942346','487220542344');
Insert into ECI_FT_LOGISTIC_PAYMENT_TYPE (FROMTO_LOGISTIC_ID,PAYMENT_TYPE_ID) values ('lpd487221942348','487220542344');
Insert into ECI_FT_LOGISTIC_PAYMENT_TYPE (FROMTO_LOGISTIC_ID,PAYMENT_TYPE_ID) values ('lpd487222542344','487220542344');
Insert into ECI_FT_LOGISTIC_PAYMENT_TYPE (FROMTO_LOGISTIC_ID,PAYMENT_TYPE_ID) values ('lpd487222542345','487220542344');
Insert into ECI_FT_LOGISTIC_PAYMENT_TYPE (FROMTO_LOGISTIC_ID,PAYMENT_TYPE_ID) values ('lpd487222542348','487220542344');
Insert into ECI_FT_LOGISTIC_PAYMENT_TYPE (FROMTO_LOGISTIC_ID,PAYMENT_TYPE_ID) values ('lpd487222942343','487220542344');
Insert into ECI_FT_LOGISTIC_PAYMENT_TYPE (FROMTO_LOGISTIC_ID,PAYMENT_TYPE_ID) values ('lpd487223142344','487220542344');
Insert into ECI_FT_LOGISTIC_PAYMENT_TYPE (FROMTO_LOGISTIC_ID,PAYMENT_TYPE_ID) values ('lpd487223242343','487220542344');
Insert into ECI_FT_LOGISTIC_PAYMENT_TYPE (FROMTO_LOGISTIC_ID,PAYMENT_TYPE_ID) values ('lpd487223442343','487220542344');
Insert into ECI_FT_LOGISTIC_PAYMENT_TYPE (FROMTO_LOGISTIC_ID,PAYMENT_TYPE_ID) values ('lpd487223442344','487220542344');
Insert into ECI_FT_LOGISTIC_PAYMENT_TYPE (FROMTO_LOGISTIC_ID,PAYMENT_TYPE_ID) values ('lpd487223542343','487220542344');
Insert into ECI_FT_LOGISTIC_PAYMENT_TYPE (FROMTO_LOGISTIC_ID,PAYMENT_TYPE_ID) values ('lpd487224442346','487220542344');
Insert into ECI_FT_LOGISTIC_PAYMENT_TYPE (FROMTO_LOGISTIC_ID,PAYMENT_TYPE_ID) values ('lpd487225042343','487220542344');
Insert into ECI_FT_LOGISTIC_PAYMENT_TYPE (FROMTO_LOGISTIC_ID,PAYMENT_TYPE_ID) values ('lpd487225042344','487220542344');
Insert into ECI_FT_LOGISTIC_PAYMENT_TYPE (FROMTO_LOGISTIC_ID,PAYMENT_TYPE_ID) values ('lpd487221442348','487220542346');
Insert into ECI_FT_LOGISTIC_PAYMENT_TYPE (FROMTO_LOGISTIC_ID,PAYMENT_TYPE_ID) values ('lpd487221542344','487220542346');
Insert into ECI_FT_LOGISTIC_PAYMENT_TYPE (FROMTO_LOGISTIC_ID,PAYMENT_TYPE_ID) values ('lpd487221642344','487220542346');
Insert into ECI_FT_LOGISTIC_PAYMENT_TYPE (FROMTO_LOGISTIC_ID,PAYMENT_TYPE_ID) values ('lpd487221742344','487220542346');
Insert into ECI_FT_LOGISTIC_PAYMENT_TYPE (FROMTO_LOGISTIC_ID,PAYMENT_TYPE_ID) values ('lpd487221742346','487220542346');
Insert into ECI_FT_LOGISTIC_PAYMENT_TYPE (FROMTO_LOGISTIC_ID,PAYMENT_TYPE_ID) values ('lpd487221842346','487220542346');
Insert into ECI_FT_LOGISTIC_PAYMENT_TYPE (FROMTO_LOGISTIC_ID,PAYMENT_TYPE_ID) values ('lpd487221942346','487220542346');
Insert into ECI_FT_LOGISTIC_PAYMENT_TYPE (FROMTO_LOGISTIC_ID,PAYMENT_TYPE_ID) values ('lpd487221942348','487220542346');
Insert into ECI_FT_LOGISTIC_PAYMENT_TYPE (FROMTO_LOGISTIC_ID,PAYMENT_TYPE_ID) values ('lpd487222542344','487220542346');
Insert into ECI_FT_LOGISTIC_PAYMENT_TYPE (FROMTO_LOGISTIC_ID,PAYMENT_TYPE_ID) values ('lpd487222542345','487220542346');
Insert into ECI_FT_LOGISTIC_PAYMENT_TYPE (FROMTO_LOGISTIC_ID,PAYMENT_TYPE_ID) values ('lpd487222542348','487220542346');
Insert into ECI_FT_LOGISTIC_PAYMENT_TYPE (FROMTO_LOGISTIC_ID,PAYMENT_TYPE_ID) values ('lpd487222942343','487220542346');
Insert into ECI_FT_LOGISTIC_PAYMENT_TYPE (FROMTO_LOGISTIC_ID,PAYMENT_TYPE_ID) values ('lpd487223142344','487220542346');
Insert into ECI_FT_LOGISTIC_PAYMENT_TYPE (FROMTO_LOGISTIC_ID,PAYMENT_TYPE_ID) values ('lpd487223242343','487220542346');
Insert into ECI_FT_LOGISTIC_PAYMENT_TYPE (FROMTO_LOGISTIC_ID,PAYMENT_TYPE_ID) values ('lpd487223442343','487220542346');
Insert into ECI_FT_LOGISTIC_PAYMENT_TYPE (FROMTO_LOGISTIC_ID,PAYMENT_TYPE_ID) values ('lpd487223442344','487220542346');
Insert into ECI_FT_LOGISTIC_PAYMENT_TYPE (FROMTO_LOGISTIC_ID,PAYMENT_TYPE_ID) values ('lpd487223542343','487220542346');
Insert into ECI_FT_LOGISTIC_PAYMENT_TYPE (FROMTO_LOGISTIC_ID,PAYMENT_TYPE_ID) values ('lpd487224442346','487220542346');
Insert into ECI_FT_LOGISTIC_PAYMENT_TYPE (FROMTO_LOGISTIC_ID,PAYMENT_TYPE_ID) values ('lpd487225042343','487220542346');
Insert into ECI_FT_LOGISTIC_PAYMENT_TYPE (FROMTO_LOGISTIC_ID,PAYMENT_TYPE_ID) values ('lpd487225042344','487220542346');
Insert into ECI_FT_LOGISTIC_PAYMENT_TYPE (FROMTO_LOGISTIC_ID,PAYMENT_TYPE_ID) values ('lpd487221642344','487220542348');
Insert into ECI_FT_LOGISTIC_PAYMENT_TYPE (FROMTO_LOGISTIC_ID,PAYMENT_TYPE_ID) values ('lpd487221742344','487220542348');
Insert into ECI_FT_LOGISTIC_PAYMENT_TYPE (FROMTO_LOGISTIC_ID,PAYMENT_TYPE_ID) values ('lpd487221742346','487220542348');
Insert into ECI_FT_LOGISTIC_PAYMENT_TYPE (FROMTO_LOGISTIC_ID,PAYMENT_TYPE_ID) values ('lpd487221842346','487220542348');
Insert into ECI_FT_LOGISTIC_PAYMENT_TYPE (FROMTO_LOGISTIC_ID,PAYMENT_TYPE_ID) values ('lpd487222542344','487220542348');
Insert into ECI_FT_LOGISTIC_PAYMENT_TYPE (FROMTO_LOGISTIC_ID,PAYMENT_TYPE_ID) values ('lpd487222542345','487220542348');
Insert into ECI_FT_LOGISTIC_PAYMENT_TYPE (FROMTO_LOGISTIC_ID,PAYMENT_TYPE_ID) values ('lpd487222542348','487220542348');
Insert into ECI_FT_LOGISTIC_PAYMENT_TYPE (FROMTO_LOGISTIC_ID,PAYMENT_TYPE_ID) values ('lpd487223142344','487220542348');
Insert into ECI_FT_LOGISTIC_PAYMENT_TYPE (FROMTO_LOGISTIC_ID,PAYMENT_TYPE_ID) values ('lpd487223442343','487220542348');
Insert into ECI_FT_LOGISTIC_PAYMENT_TYPE (FROMTO_LOGISTIC_ID,PAYMENT_TYPE_ID) values ('lpd487223442344','487220542348');
Insert into ECI_FT_LOGISTIC_PAYMENT_TYPE (FROMTO_LOGISTIC_ID,PAYMENT_TYPE_ID) values ('lpd487223542343','487220542348');
Insert into ECI_FT_LOGISTIC_PAYMENT_TYPE (FROMTO_LOGISTIC_ID,PAYMENT_TYPE_ID) values ('lpd487225042343','487220542348');
Insert into ECI_FT_LOGISTIC_PAYMENT_TYPE (FROMTO_LOGISTIC_ID,PAYMENT_TYPE_ID) values ('lpd487225042344','487220542348');
Insert into ECI_FT_LOGISTIC_PAYMENT_TYPE (FROMTO_LOGISTIC_ID,PAYMENT_TYPE_ID) values ('lpd487221442348','487220542350');
Insert into ECI_FT_LOGISTIC_PAYMENT_TYPE (FROMTO_LOGISTIC_ID,PAYMENT_TYPE_ID) values ('lpd487221542344','487220542350');
Insert into ECI_FT_LOGISTIC_PAYMENT_TYPE (FROMTO_LOGISTIC_ID,PAYMENT_TYPE_ID) values ('lpd487221642344','487220542350');
Insert into ECI_FT_LOGISTIC_PAYMENT_TYPE (FROMTO_LOGISTIC_ID,PAYMENT_TYPE_ID) values ('lpd487221742344','487220542350');
Insert into ECI_FT_LOGISTIC_PAYMENT_TYPE (FROMTO_LOGISTIC_ID,PAYMENT_TYPE_ID) values ('lpd487221742346','487220542350');
Insert into ECI_FT_LOGISTIC_PAYMENT_TYPE (FROMTO_LOGISTIC_ID,PAYMENT_TYPE_ID) values ('lpd487221842346','487220542350');
Insert into ECI_FT_LOGISTIC_PAYMENT_TYPE (FROMTO_LOGISTIC_ID,PAYMENT_TYPE_ID) values ('lpd487221942346','487220542350');
Insert into ECI_FT_LOGISTIC_PAYMENT_TYPE (FROMTO_LOGISTIC_ID,PAYMENT_TYPE_ID) values ('lpd487221942348','487220542350');
Insert into ECI_FT_LOGISTIC_PAYMENT_TYPE (FROMTO_LOGISTIC_ID,PAYMENT_TYPE_ID) values ('lpd487222542344','487220542350');
Insert into ECI_FT_LOGISTIC_PAYMENT_TYPE (FROMTO_LOGISTIC_ID,PAYMENT_TYPE_ID) values ('lpd487222542345','487220542350');
Insert into ECI_FT_LOGISTIC_PAYMENT_TYPE (FROMTO_LOGISTIC_ID,PAYMENT_TYPE_ID) values ('lpd487222542348','487220542350');
Insert into ECI_FT_LOGISTIC_PAYMENT_TYPE (FROMTO_LOGISTIC_ID,PAYMENT_TYPE_ID) values ('lpd487222942343','487220542350');
Insert into ECI_FT_LOGISTIC_PAYMENT_TYPE (FROMTO_LOGISTIC_ID,PAYMENT_TYPE_ID) values ('lpd487223142344','487220542350');
Insert into ECI_FT_LOGISTIC_PAYMENT_TYPE (FROMTO_LOGISTIC_ID,PAYMENT_TYPE_ID) values ('lpd487223242343','487220542350');
Insert into ECI_FT_LOGISTIC_PAYMENT_TYPE (FROMTO_LOGISTIC_ID,PAYMENT_TYPE_ID) values ('lpd487223442343','487220542350');
Insert into ECI_FT_LOGISTIC_PAYMENT_TYPE (FROMTO_LOGISTIC_ID,PAYMENT_TYPE_ID) values ('lpd487223442344','487220542350');
Insert into ECI_FT_LOGISTIC_PAYMENT_TYPE (FROMTO_LOGISTIC_ID,PAYMENT_TYPE_ID) values ('lpd487223542343','487220542350');
Insert into ECI_FT_LOGISTIC_PAYMENT_TYPE (FROMTO_LOGISTIC_ID,PAYMENT_TYPE_ID) values ('lpd487224442346','487220542350');
Insert into ECI_FT_LOGISTIC_PAYMENT_TYPE (FROMTO_LOGISTIC_ID,PAYMENT_TYPE_ID) values ('lpd487225042343','487220542350');
Insert into ECI_FT_LOGISTIC_PAYMENT_TYPE (FROMTO_LOGISTIC_ID,PAYMENT_TYPE_ID) values ('lpd487225042344','487220542350');
Insert into ECI_FT_LOGISTIC_PAYMENT_TYPE (FROMTO_LOGISTIC_ID,PAYMENT_TYPE_ID) values ('lpd487221442348','487220542352');
Insert into ECI_FT_LOGISTIC_PAYMENT_TYPE (FROMTO_LOGISTIC_ID,PAYMENT_TYPE_ID) values ('lpd487221542344','487220542352');
Insert into ECI_FT_LOGISTIC_PAYMENT_TYPE (FROMTO_LOGISTIC_ID,PAYMENT_TYPE_ID) values ('lpd487221642344','487220542352');
Insert into ECI_FT_LOGISTIC_PAYMENT_TYPE (FROMTO_LOGISTIC_ID,PAYMENT_TYPE_ID) values ('lpd487221742344','487220542352');
Insert into ECI_FT_LOGISTIC_PAYMENT_TYPE (FROMTO_LOGISTIC_ID,PAYMENT_TYPE_ID) values ('lpd487221742346','487220542352');
Insert into ECI_FT_LOGISTIC_PAYMENT_TYPE (FROMTO_LOGISTIC_ID,PAYMENT_TYPE_ID) values ('lpd487221842346','487220542352');
Insert into ECI_FT_LOGISTIC_PAYMENT_TYPE (FROMTO_LOGISTIC_ID,PAYMENT_TYPE_ID) values ('lpd487221942346','487220542352');
Insert into ECI_FT_LOGISTIC_PAYMENT_TYPE (FROMTO_LOGISTIC_ID,PAYMENT_TYPE_ID) values ('lpd487221942348','487220542352');
Insert into ECI_FT_LOGISTIC_PAYMENT_TYPE (FROMTO_LOGISTIC_ID,PAYMENT_TYPE_ID) values ('lpd487222542344','487220542352');
Insert into ECI_FT_LOGISTIC_PAYMENT_TYPE (FROMTO_LOGISTIC_ID,PAYMENT_TYPE_ID) values ('lpd487222542345','487220542352');
Insert into ECI_FT_LOGISTIC_PAYMENT_TYPE (FROMTO_LOGISTIC_ID,PAYMENT_TYPE_ID) values ('lpd487222542348','487220542352');
Insert into ECI_FT_LOGISTIC_PAYMENT_TYPE (FROMTO_LOGISTIC_ID,PAYMENT_TYPE_ID) values ('lpd487222942343','487220542352');
Insert into ECI_FT_LOGISTIC_PAYMENT_TYPE (FROMTO_LOGISTIC_ID,PAYMENT_TYPE_ID) values ('lpd487223142344','487220542352');
Insert into ECI_FT_LOGISTIC_PAYMENT_TYPE (FROMTO_LOGISTIC_ID,PAYMENT_TYPE_ID) values ('lpd487223242343','487220542352');
Insert into ECI_FT_LOGISTIC_PAYMENT_TYPE (FROMTO_LOGISTIC_ID,PAYMENT_TYPE_ID) values ('lpd487223442343','487220542352');
Insert into ECI_FT_LOGISTIC_PAYMENT_TYPE (FROMTO_LOGISTIC_ID,PAYMENT_TYPE_ID) values ('lpd487223442344','487220542352');
Insert into ECI_FT_LOGISTIC_PAYMENT_TYPE (FROMTO_LOGISTIC_ID,PAYMENT_TYPE_ID) values ('lpd487223542343','487220542352');
Insert into ECI_FT_LOGISTIC_PAYMENT_TYPE (FROMTO_LOGISTIC_ID,PAYMENT_TYPE_ID) values ('lpd487224442346','487220542352');
Insert into ECI_FT_LOGISTIC_PAYMENT_TYPE (FROMTO_LOGISTIC_ID,PAYMENT_TYPE_ID) values ('lpd487225042343','487220542352');
Insert into ECI_FT_LOGISTIC_PAYMENT_TYPE (FROMTO_LOGISTIC_ID,PAYMENT_TYPE_ID) values ('lpd487225042344','487220542352');
Insert into ECI_FT_LOGISTIC_PAYMENT_TYPE (FROMTO_LOGISTIC_ID,PAYMENT_TYPE_ID) values ('lpd487221642344','487220742342');
Insert into ECI_FT_LOGISTIC_PAYMENT_TYPE (FROMTO_LOGISTIC_ID,PAYMENT_TYPE_ID) values ('lpd487221742344','487220742342');
Insert into ECI_FT_LOGISTIC_PAYMENT_TYPE (FROMTO_LOGISTIC_ID,PAYMENT_TYPE_ID) values ('lpd487221742346','487220742342');
Insert into ECI_FT_LOGISTIC_PAYMENT_TYPE (FROMTO_LOGISTIC_ID,PAYMENT_TYPE_ID) values ('lpd487221842346','487220742342');
Insert into ECI_FT_LOGISTIC_PAYMENT_TYPE (FROMTO_LOGISTIC_ID,PAYMENT_TYPE_ID) values ('lpd487222542344','487220742342');
Insert into ECI_FT_LOGISTIC_PAYMENT_TYPE (FROMTO_LOGISTIC_ID,PAYMENT_TYPE_ID) values ('lpd487222542345','487220742342');
Insert into ECI_FT_LOGISTIC_PAYMENT_TYPE (FROMTO_LOGISTIC_ID,PAYMENT_TYPE_ID) values ('lpd487222542348','487220742342');
Insert into ECI_FT_LOGISTIC_PAYMENT_TYPE (FROMTO_LOGISTIC_ID,PAYMENT_TYPE_ID) values ('lpd487223442343','487220742342');
Insert into ECI_FT_LOGISTIC_PAYMENT_TYPE (FROMTO_LOGISTIC_ID,PAYMENT_TYPE_ID) values ('lpd487223442344','487220742342');
Insert into ECI_FT_LOGISTIC_PAYMENT_TYPE (FROMTO_LOGISTIC_ID,PAYMENT_TYPE_ID) values ('lpd487223542343','487220742342');
Insert into ECI_FT_LOGISTIC_PAYMENT_TYPE (FROMTO_LOGISTIC_ID,PAYMENT_TYPE_ID) values ('lpd487225042343','487220742342');
Insert into ECI_FT_LOGISTIC_PAYMENT_TYPE (FROMTO_LOGISTIC_ID,PAYMENT_TYPE_ID) values ('lpd487225042344','487220742342');
Insert into ECI_FT_LOGISTIC_PAYMENT_TYPE (FROMTO_LOGISTIC_ID,PAYMENT_TYPE_ID) values ('lpd487221842346','487221342344');
Insert into ECI_FT_LOGISTIC_PAYMENT_TYPE (FROMTO_LOGISTIC_ID,PAYMENT_TYPE_ID) values ('lpd487222542344','487221342344');
Insert into ECI_FT_LOGISTIC_PAYMENT_TYPE (FROMTO_LOGISTIC_ID,PAYMENT_TYPE_ID) values ('lpd487222542345','487221342344');
Insert into ECI_FT_LOGISTIC_PAYMENT_TYPE (FROMTO_LOGISTIC_ID,PAYMENT_TYPE_ID) values ('lpd487222542348','487221342344');
Insert into ECI_FT_LOGISTIC_PAYMENT_TYPE (FROMTO_LOGISTIC_ID,PAYMENT_TYPE_ID) values ('lpd487222542344','487221542344');
Insert into ECI_FT_LOGISTIC_PAYMENT_TYPE (FROMTO_LOGISTIC_ID,PAYMENT_TYPE_ID) values ('lpd487222542345','487221542344');
Insert into ECI_FT_LOGISTIC_PAYMENT_TYPE (FROMTO_LOGISTIC_ID,PAYMENT_TYPE_ID) values ('lpd487222542348','487221542344');
commit;