SET DEFINE OFF;


-------------------------------------------------
--       PD00000460-10014122
-------------------------------------------------
-- Productos con 4 financiaciones

DELETE FROM "COHERENCE_COMMON"."ECI_FIN_PROMOTION_AMOUNT_SIM"
WHERE PROMOTION_ID IN (
'21049215',
'21049216',
'21049217',
'21099186'
);

DELETE FROM "COHERENCE_COMMON"."ECI_FINANCING_PROMOTION_AMOUNT"
WHERE PROMOTION_ID IN (
'21049215',
'21049216',
'21049217',
'21099186'
);

DELETE FROM "COHERENCE_COMMON"."ECI_FINANCING_PROMOTION_REF"
WHERE CATALOG_REF_ID IN (
'001015215112036   '
);

DELETE FROM "COHERENCE_COMMON"."ECI_FIN_PROMOTION_REF_KEY"
WHERE CATALOG_REF_ID IN (
'001015215112036   '
);

DELETE FROM "COHERENCE_COMMON"."ECI_FINANCING_PROMOTION_CENTRE"
WHERE PROMOTION_ID IN (
'21049215',
'21049216',
'21049217',
'21099186'
);

DELETE FROM "COHERENCE_COMMON"."ECI_FINANCING_PROMOTION"
WHERE PROMOTION_ID IN (
'21049215',
'21049216',
'21049217',
'21099186'
);

INSERT INTO "COHERENCE_COMMON"."ECI_FINANCING_PROMOTION" (PROMOTION_ID, COD_FINANCING_PROMOTION, DESC_PROMOTION, PAYMENT_TYPE, FINANCING_TYPE, MONTHS_FIRST_STRETCH_INIT, MONTHS_FIRST_STRETCH_END, MIN_QUOTE_CONTRACTS, MIN_IMPORT, PROCESSING_COSTS, END_DATE_FINANCING_PROM, PERCENTAGE_INTEREST_INIT, PERCENTAGE_INTEREST_END, EXPIRATION_TYPE, INITIAL_DATE, END_DATE) VALUES ('21049215', '20210259', 'FIN-SMARTPHONE 24M', 'FPP', '1', '0', '24', '13', '299', '18', TO_TIMESTAMP('2021-03-31 00:00:00', 'YYYY-MM-DD HH24:MI:SS'), '0', '0', 'M', TO_TIMESTAMP('2021-02-25 00:00:00', 'YYYY-MM-DD HH24:MI:SS'), TO_TIMESTAMP('2021-08-31 23:59:00', 'YYYY-MM-DD HH24:MI:SS'));
INSERT INTO "COHERENCE_COMMON"."ECI_FINANCING_PROMOTION" (PROMOTION_ID, COD_FINANCING_PROMOTION, DESC_PROMOTION, PAYMENT_TYPE, FINANCING_TYPE, MONTHS_FIRST_STRETCH_INIT, MONTHS_FIRST_STRETCH_END, MIN_QUOTE_CONTRACTS, MIN_IMPORT, PROCESSING_COSTS, END_DATE_FINANCING_PROM, PERCENTAGE_INTEREST_INIT, PERCENTAGE_INTEREST_END, EXPIRATION_TYPE, INITIAL_DATE, END_DATE) VALUES ('21049216', '20210260', 'FIN-SMARTPHONE 30M', 'FPP', '1', '1', '30', '18', '299', '18', TO_TIMESTAMP('2021-03-31 00:00:00', 'YYYY-MM-DD HH24:MI:SS'), '0', '0', 'M', TO_TIMESTAMP('2021-02-25 00:00:00', 'YYYY-MM-DD HH24:MI:SS'), TO_TIMESTAMP('2021-08-31 23:59:00', 'YYYY-MM-DD HH24:MI:SS'));
INSERT INTO "COHERENCE_COMMON"."ECI_FINANCING_PROMOTION" (PROMOTION_ID, COD_FINANCING_PROMOTION, DESC_PROMOTION, PAYMENT_TYPE, FINANCING_TYPE, MONTHS_FIRST_STRETCH_INIT, MONTHS_FIRST_STRETCH_END, MIN_QUOTE_CONTRACTS, MIN_IMPORT, PROCESSING_COSTS, END_DATE_FINANCING_PROM, PERCENTAGE_INTEREST_INIT, PERCENTAGE_INTEREST_END, EXPIRATION_TYPE, INITIAL_DATE, END_DATE) VALUES ('21049217', '20210261', 'FIN-SMARTPHONE 36M', 'FPP', '1', '1', '36', '10', '299', '18', TO_TIMESTAMP('2021-03-31 00:00:00', 'YYYY-MM-DD HH24:MI:SS'), '0', '0', 'M', TO_TIMESTAMP('2021-02-25 00:00:00', 'YYYY-MM-DD HH24:MI:SS'), TO_TIMESTAMP('2021-08-31 23:59:00', 'YYYY-MM-DD HH24:MI:SS'));
INSERT INTO "COHERENCE_COMMON"."ECI_FINANCING_PROMOTION" (PROMOTION_ID, COD_FINANCING_PROMOTION, DESC_PROMOTION, PAYMENT_TYPE, FINANCING_TYPE, MONTHS_FIRST_STRETCH_INIT, MONTHS_FIRST_STRETCH_END, MIN_QUOTE_CONTRACTS, MIN_IMPORT, PROCESSING_COSTS, END_DATE_FINANCING_PROM, PERCENTAGE_INTEREST_INIT, PERCENTAGE_INTEREST_END, EXPIRATION_TYPE, INITIAL_DATE, END_DATE) VALUES ('21099186', '20210405', 'FINANCIACION - ELEC', 'FPP', '1', '1', '12', '20', '249', '9', TO_TIMESTAMP('2021-05-31 00:00:00', 'YYYY-MM-DD HH24:MI:SS'), '0', '0', 'M', TO_TIMESTAMP('2021-04-29 00:00:00', 'YYYY-MM-DD HH24:MI:SS'), TO_TIMESTAMP('2021-08-01 23:59:00', 'YYYY-MM-DD HH24:MI:SS'));


INSERT INTO "COHERENCE_COMMON"."ECI_FINANCING_PROMOTION_CENTRE" (COMPANY_ID, CENTRE_ID, PROMOTION_ID) VALUES ('001', '0090', '21049215');
INSERT INTO "COHERENCE_COMMON"."ECI_FINANCING_PROMOTION_CENTRE" (COMPANY_ID, CENTRE_ID, PROMOTION_ID) VALUES ('001', '0090', '21049216');
INSERT INTO "COHERENCE_COMMON"."ECI_FINANCING_PROMOTION_CENTRE" (COMPANY_ID, CENTRE_ID, PROMOTION_ID) VALUES ('001', '0090', '21049217');
INSERT INTO "COHERENCE_COMMON"."ECI_FINANCING_PROMOTION_CENTRE" (COMPANY_ID, CENTRE_ID, PROMOTION_ID) VALUES ('001', '0090', '21099186');

INSERT INTO "COHERENCE_COMMON"."ECI_FIN_PROMOTION_REF_KEY" (COMPANY_ID, CENTRE_ID, CATALOG_REF_ID, IDX) VALUES ('001', '0090', '001015215112036   ', '1000');

INSERT INTO "COHERENCE_COMMON"."ECI_FINANCING_PROMOTION_REF" (COMPANY_ID, CENTRE_ID, CATALOG_REF_ID, PROMOTION_ID, INIT_DATE_PROMOTION, END_DATE_PROMOTION) VALUES ('001', '0090', '001015215112036   ', '21049215', TO_TIMESTAMP('2018-07-04 00:00:00', 'YYYY-MM-DD HH24:MI:SS'), TO_TIMESTAMP('2099-07-25 23:59:00', 'YYYY-MM-DD HH24:MI:SS'));
INSERT INTO "COHERENCE_COMMON"."ECI_FINANCING_PROMOTION_REF" (COMPANY_ID, CENTRE_ID, CATALOG_REF_ID, PROMOTION_ID, INIT_DATE_PROMOTION, END_DATE_PROMOTION) VALUES ('001', '0090', '001015215112036   ', '21049216', TO_TIMESTAMP('2018-07-04 00:00:00', 'YYYY-MM-DD HH24:MI:SS'), TO_TIMESTAMP('2099-07-25 23:59:00', 'YYYY-MM-DD HH24:MI:SS'));
INSERT INTO "COHERENCE_COMMON"."ECI_FINANCING_PROMOTION_REF" (COMPANY_ID, CENTRE_ID, CATALOG_REF_ID, PROMOTION_ID, INIT_DATE_PROMOTION, END_DATE_PROMOTION) VALUES ('001', '0090', '001015215112036   ', '21049217', TO_TIMESTAMP('2018-07-04 00:00:00', 'YYYY-MM-DD HH24:MI:SS'), TO_TIMESTAMP('2099-07-25 23:59:00', 'YYYY-MM-DD HH24:MI:SS'));
INSERT INTO "COHERENCE_COMMON"."ECI_FINANCING_PROMOTION_REF" (COMPANY_ID, CENTRE_ID, CATALOG_REF_ID, PROMOTION_ID, INIT_DATE_PROMOTION, END_DATE_PROMOTION) VALUES ('001', '0090', '001015215112036   ', '21099186', TO_TIMESTAMP('2018-07-04 00:00:00', 'YYYY-MM-DD HH24:MI:SS'), TO_TIMESTAMP('2099-07-25 23:59:00', 'YYYY-MM-DD HH24:MI:SS'));

Insert into COHERENCE_COMMON.ECI_FINANCING_PROMOTION_AMOUNT (PROMOTION_ID,FINANCING_AMOUNT,PROMOTION_DESC,IND_DOUBLE_TIN,START_DATE,END_DATE) values ('21049215','799','FIN-SMARTPHONE 24M', '0',to_timestamp('04/07/2018 00:00:00','DD/MM/YYYY HH24:MI:SS'),to_timestamp('25/07/2099 23:59:00','DD/MM/YYYY HH24:MI:SS'));
Insert into COHERENCE_COMMON.ECI_FINANCING_PROMOTION_AMOUNT (PROMOTION_ID,FINANCING_AMOUNT,PROMOTION_DESC,IND_DOUBLE_TIN,START_DATE,END_DATE) values ('21049216','799','FIN-SMARTPHONE 30M', '0',to_timestamp('04/07/2018 00:00:00','DD/MM/YYYY HH24:MI:SS'),to_timestamp('25/07/2099 23:59:00','DD/MM/YYYY HH24:MI:SS'));
Insert into COHERENCE_COMMON.ECI_FINANCING_PROMOTION_AMOUNT (PROMOTION_ID,FINANCING_AMOUNT,PROMOTION_DESC,IND_DOUBLE_TIN,START_DATE,END_DATE) values ('21049217','799','FIN-SMARTPHONE 36M', '0',to_timestamp('04/07/2018 00:00:00','DD/MM/YYYY HH24:MI:SS'),to_timestamp('25/07/2099 23:59:00','DD/MM/YYYY HH24:MI:SS'));
Insert into COHERENCE_COMMON.ECI_FINANCING_PROMOTION_AMOUNT (PROMOTION_ID,FINANCING_AMOUNT,PROMOTION_DESC,IND_DOUBLE_TIN,START_DATE,END_DATE) values ('21099186','799','FINANCIACION - ELEC','0',to_timestamp('04/07/2018 00:00:00','DD/MM/YYYY HH24:MI:SS'),to_timestamp('25/07/2099 23:59:00','DD/MM/YYYY HH24:MI:SS'));


Insert into COHERENCE_COMMON.ECI_FIN_PROMOTION_AMOUNT_SIM (PROMOTION_ID,FINANCING_AMOUNT,TERMS_NUMBER,AMOUNT_FEE,CURRENCY_CODE_FEE,TAE,AMOUNT_TOTAL,CURRENCY_CODE_TOTAL,CHILD_IDX) values ('21049215','799','1','799',null,'0','799',null,'1');
Insert into COHERENCE_COMMON.ECI_FIN_PROMOTION_AMOUNT_SIM (PROMOTION_ID,FINANCING_AMOUNT,TERMS_NUMBER,AMOUNT_FEE,CURRENCY_CODE_FEE,TAE,AMOUNT_TOTAL,CURRENCY_CODE_TOTAL,CHILD_IDX) values ('21049215','799','3','207.89',null,'0','799',null,'2');
Insert into COHERENCE_COMMON.ECI_FIN_PROMOTION_AMOUNT_SIM (PROMOTION_ID,FINANCING_AMOUNT,TERMS_NUMBER,AMOUNT_FEE,CURRENCY_CODE_FEE,TAE,AMOUNT_TOTAL,CURRENCY_CODE_TOTAL,CHILD_IDX) values ('21049215','799','6','109.72',null,'0','799',null,'3');
Insert into COHERENCE_COMMON.ECI_FIN_PROMOTION_AMOUNT_SIM (PROMOTION_ID,FINANCING_AMOUNT,TERMS_NUMBER,AMOUNT_FEE,CURRENCY_CODE_FEE,TAE,AMOUNT_TOTAL,CURRENCY_CODE_TOTAL,CHILD_IDX) values ('21049216','799','1','799',null,'0','799',null,'1');
Insert into COHERENCE_COMMON.ECI_FIN_PROMOTION_AMOUNT_SIM (PROMOTION_ID,FINANCING_AMOUNT,TERMS_NUMBER,AMOUNT_FEE,CURRENCY_CODE_FEE,TAE,AMOUNT_TOTAL,CURRENCY_CODE_TOTAL,CHILD_IDX) values ('21049216','799','3','316.66',null,'0','799',null,'2');
Insert into COHERENCE_COMMON.ECI_FIN_PROMOTION_AMOUNT_SIM (PROMOTION_ID,FINANCING_AMOUNT,TERMS_NUMBER,AMOUNT_FEE,CURRENCY_CODE_FEE,TAE,AMOUNT_TOTAL,CURRENCY_CODE_TOTAL,CHILD_IDX) values ('21049216','799','6','258.33',null,'0','799',null,'3');
Insert into COHERENCE_COMMON.ECI_FIN_PROMOTION_AMOUNT_SIM (PROMOTION_ID,FINANCING_AMOUNT,TERMS_NUMBER,AMOUNT_FEE,CURRENCY_CODE_FEE,TAE,AMOUNT_TOTAL,CURRENCY_CODE_TOTAL,CHILD_IDX) values ('21049217','799','1','799',null,'0','799',null,'1');
Insert into COHERENCE_COMMON.ECI_FIN_PROMOTION_AMOUNT_SIM (PROMOTION_ID,FINANCING_AMOUNT,TERMS_NUMBER,AMOUNT_FEE,CURRENCY_CODE_FEE,TAE,AMOUNT_TOTAL,CURRENCY_CODE_TOTAL,CHILD_IDX) values ('21049217','799','3','216.66',null,'0','799',null,'2');
Insert into COHERENCE_COMMON.ECI_FIN_PROMOTION_AMOUNT_SIM (PROMOTION_ID,FINANCING_AMOUNT,TERMS_NUMBER,AMOUNT_FEE,CURRENCY_CODE_FEE,TAE,AMOUNT_TOTAL,CURRENCY_CODE_TOTAL,CHILD_IDX) values ('21049217','799','6','158.33',null,'0','799',null,'3');
Insert into COHERENCE_COMMON.ECI_FIN_PROMOTION_AMOUNT_SIM (PROMOTION_ID,FINANCING_AMOUNT,TERMS_NUMBER,AMOUNT_FEE,CURRENCY_CODE_FEE,TAE,AMOUNT_TOTAL,CURRENCY_CODE_TOTAL,CHILD_IDX) values ('21099186','799','1','799',null,'0','799',null,'1');
Insert into COHERENCE_COMMON.ECI_FIN_PROMOTION_AMOUNT_SIM (PROMOTION_ID,FINANCING_AMOUNT,TERMS_NUMBER,AMOUNT_FEE,CURRENCY_CODE_FEE,TAE,AMOUNT_TOTAL,CURRENCY_CODE_TOTAL,CHILD_IDX) values ('21099186','799','3','116.66',null,'0','799',null,'2');
Insert into COHERENCE_COMMON.ECI_FIN_PROMOTION_AMOUNT_SIM (PROMOTION_ID,FINANCING_AMOUNT,TERMS_NUMBER,AMOUNT_FEE,CURRENCY_CODE_FEE,TAE,AMOUNT_TOTAL,CURRENCY_CODE_TOTAL,CHILD_IDX) values ('21099186','799','6','58.33',null,'0','799',null,'3');

commit;

-------------------------------------------------
