SET DEFINE OFF;
-------------------------------------------------
--       PD00000461-10001066
-------------------------------------------------
-- Productos MKP
delete from eci_sts_skus where catalog_ref_id in (
'001003302100213 45'
);

Insert into ECI_STS_SKUS (COMPANY_ID,CATALOG_REF_ID,IDX) values ('006','001003302100213 45','8245');
Insert into ECI_STS_SKUS (COMPANY_ID,CATALOG_REF_ID,IDX) values ('004','001003302100213 45','6693');
Insert into ECI_STS_SKUS (COMPANY_ID,CATALOG_REF_ID,IDX) values ('002','001003302100213 45','4005');
Insert into ECI_STS_SKUS (COMPANY_ID,CATALOG_REF_ID,IDX) values ('001','001003302100213 45','1001');
commit;
-------------------------------------------------
--       PD00000516-6085
-------------------------------------------------
-- Productos con limitador de unidades
DELETE FROM ECI_SITE_TO_STORE.eci_sts_skus
WHERE CATALOG_REF_ID in (
'001057063409361009'
);
insert into eci_sts_skus (company_id,catalog_ref_id,idx)
values ('001','001057063409361009','9163');
insert into eci_sts_skus (company_id,catalog_ref_id,idx)
values ('002','001057063409361009','9164');
insert into eci_sts_skus (company_id,catalog_ref_id,idx)
values ('004','001057063409361009','9165');
insert into eci_sts_skus (company_id,catalog_ref_id,idx)
values ('006','001057063409361009','9166');

DELETE FROM ECI_SITE_TO_STORE.click_and_collect_availability
WHERE CATALOG_REF_ID in (
'001057063409361009'
);
insert into click_and_collect_availability (catalog_ref_id,unique_code, company_id)
values ('001057063409361009','000000000141938975','001');
commit;
-----------------------------------------
-- PD00000516-1311
-----------------------------------------
--Carga completa de inventario
--de productos de automáticas


delete from eci_sts_skus where catalog_ref_id in (
'001001100700051   ',
'001001100700093   ',
'001001100700150   ',
'001001100700168   ',
'001001103800031   ',
'001001103800049   ',
'001001104100019   ',
'001001104100084   ',
'001001104100118   ',
'001001104100217   ',
'001001104100266   ',
'001001104100274   ',
'001001104100282   ',
'001001104100290   ',
'001001104100308   ',
'001001105100273   ',
'001001105100323   ',
'001001105100364   ',
'001001107100099   ',
'001001108300169   ',
'001001118300282   ',
'001001661300580   ',
'001002311001198   ',
'001002311001222   ',
'001002311001230   ',
'001002311001248   ',
'001002311001412   ',
'001002311001420   ',
'001002410195370 75',
'001002410195404 70',
'001002419902693   ',
'001002419902701   ',
'001002419902800   ',
'001002420109379 80',
'001002420109379 85',
'001002525607491   ',
'001002525612392   ',
'001002620201521   ',
'001002711103925   ',
'001002711302634   ',
'001002711502548   ',
'001002711502829   ',
'001002711503058   ',
'001002711503140   ',
'001002711503256   ',
'001002712230958   ',
'001002712248646   ',
'001002712341201   ',
'001002712351390   ',
'001002712495072   ',
'001002722091515   ',
'001002723130676   ',
'001002723308843   ',
'001002723701245   ',
'001002723702441   ',
'001002723702466   ',
'001002723702474   ',
'001002724104407   ',
'001002724104829   ',
'001002724105099   ',
'001002724400615   ',
'001002724402587   ',
'001002724503350   ',
'001002724905472   ',
'001002810424891   ',
'001002810427514   ',
'001002813900061   ',
'001003110439076   ',
'001003110439084   ',
'001003110442484   ',
'001003110448341   ',
'001003110453630   ',
'001003110456393   ',
'001003110457912   ',
'001003110457920   ',
'001003110459991   ',
'001003110460759   ',
'001003110460957   ',
'001003110461658   ',
'001003110461823   ',
'001003110462789   ',
'001003110465022   ',
'001003110465337   ',
'001003110467200   ',
'001003302100072 65',
'001003302100072 70',
'001003302100072 95',
'001003302100072100',
'001003302100072110',
'001003302100080 65',
'001003302100080 70',
'001003510100815  3',
'001003510101482  2',
'001004210100014423',
'001004210100550523',
'001004710110018   ',
'001004710358054   ',
'001004710371974   ',
'001004710373111   ',
'001004710374267   ',
'001004710453947   ',
'001004720354622   ',
'001004721010116   ',
'001004721010124   ',
'001004721323550   ',
'001004741026936   ',
'001004741027751   ',
'001004741135521   ',
'001004741136941   ',
'001004742013602   ',
'001005113409543   ',
'001005164602558   ',
'001005310200356   ',
'001005310305627   ',
'001005400905740   ',
'001005400907498   ',
'001006210124696   ',
'001006210129760   ',
'001006210134596   ',
'001006230001486   ',
'001006500000069   ',
'001006500101230   ',
'001006500104739   ',
'001006521149069   ',
'001006523072723   ',
'001006534224966   ',
'001006535007626   ',
'001006535011990   ',
'001006539101680   ',
'001006810128360   ',
'001006810135340   ',
'001006810148160   ',
'001093440600448   ',
'001006810148368   ',
'001006810243854   ',
'001006810243862   ',
'001006810244407   ',
'001006810244613   ',
'001006810244688   ',
'001006810244696   ',
'001007010100191   ',
'001007012103276   ',
'001007012500117   ',
'001007012500133   ',
'001007016012614   ',
'001007016012630   ',
'001007016012705   ',
'001007016012721   ',
'001007016012739   ',
'001007016012747   ',
'001007016012754   ',
'001007016012770   ',
'001007016174851   ',
'001007016207859   ',
'001007016208071   ',
'001007016305851   ',
'001007218500010   ',
'001007220205038   ',
'001007220215607   ',
'001007220325828   ',
'001007220325844   ',
'001007220329986   ',
'001007220329994   ',
'001007227241333   ',
'001007227241655   ',
'001007231900296   ',
'001007231900312   ',
'001007237300160   ',
'001007237300459   ',
'001007237300467   ',
'001007237500165   ',
'001007334813818   ',
'001007365702799   ',
'001007740551457   ',
'001007740618090   ',
'001007740618231   ',
'001007741211739   ',
'001007741211770   ',
'001007741403583   ',
'001007741404664   ',
'001007741404995   ',
'001007746003677   ',
'001007746800502   ',
'001007755200131   ',
'001008336120657   ',
'001008336128668006',
'001008336128668008',
'001008336185759   ',
'001008336253987   ',
'001008341132267   ',
'001008346303483   ',
'001008346498762   ',
'001008350591965   ',
'001008350591981   ',
'001008350600055   ',
'001008410940350   ',
'001008411500039   ',
'001008411500096   ',
'001008411500195   ',
'001008418193978  7',
'001008446271556   ',
'001008459995885   ',
'001009651100282  2',
'001009651100282  3',
'001009651100282  4',
'001010021800916   ',
'001010024201898070',
'001010110106860   ',
'001010110107454   ',
'001010110108361   ',
'001010110108445   ',
'001010114003212   ',
'001010114120271   ',
'001010114286312   ',
'001010252604201   ',
'001010252604219   ',
'001010410100126 48',
'001010410102122 52',
'001010410102312 42',
'001010410102411 48',
'001010410102411 50',
'001010530293280   ',
'001010530792661   ',
'001010647902617   ',
'001010647902823   ',
'001010762600947   ',
'001010762991254   ',
'001012750001559   ',
'001012750400033   ',
'001012751002473   ',
'0010127510F5934   ',
'0010127520F2294   ',
'001012752200035   ',
'0010127522F2308   ',
'001012752500103   ',
'001012800100047   ',
'001012800100054   ',
'001012800100062   ',
'001012800100070   ',
'001012800100088   ',
'001012801700019   ',
'001012801700324   ',
'001012909000171   ',
'001012940001758   ',
'001012940100162   ',
'001012940100261   ',
'001012940100311   ',
'001012940200418   ',
'001012940200822   ',
'001012940200905   ',
'001012940200921   ',
'001013300200089   ',
'001013300200253   ',
'001013523100017   ',
'001014830746377   ',
'001014830746401   ',
'001014830746773   ',
'001015217005840   ',
'001015409000054   ',
'001018016700041   ',
'001018101100206   ',
'001018106000039   ',
'001018157200108   ',
'001018246800033   ',
'001018246800041   ',
'001018247300140   ',
'001018247500046   ',
'001018251000024   ',
'001018253000014   ',
'001018253000162   ',
'001018253100095   ',
'001018255000046   ',
'001018255400048   ',
'001018255800080   ',
'001018255900021   ',
'001018256000102   ',
'001018258900044   ',
'001018286400033   ',
'001018411200019   ',
'001018734700059   ',
'001018734700083   ',
'001018734700554   ',
'001018734700570   ',
'001018734700588   ',
'001018742700059   ',
'001018742700083   ',
'001018742700117   ',
'001018742700174   ',
'001018742700646   ',
'001018742700794   ',
'001018742700927   ',
'001018917200091   ',
'001018917200174   ',
'001019510112691   ',
'001019510112741   ',
'001019510113277   ',
'001019510113541   ',
'001019510113566   ',
'001019510114168   ',
'001019510114200   ',
'001019510114226   ',
'001019510114259   ',
'001019510114267   ',
'001019510114283   ',
'001019510114341   ',
'001019510114358   ',
'001019510114366   ',
'001019510114630   ',
'001019510116858   ',
'001019510117146   ',
'001019510117336   ',
'001019535100242   ',
'001023023800016   ',
'001023025100019   ',
'001025063201666002',
'001025515251541   ',
'001025562105020   ',
'001025940000497   ',
'001026310242057   ',
'001026710515243   ',
'001027000400013   ',
'001027000700016   ',
'001027000800014   ',
'001027001000010   ',
'001027001100018   ',
'001027001600017   ',
'001027002100017   ',
'001027003700013   ',
'001027009000012   ',
'001028535628169   ',
'001028535628177   ',
'001028535715578   ',
'001028535731559   ',
'001028535731609   ',
'001028535739024   ',
'001028535748884   ',
'001028535749635   ',
'001028610759731   ',
'001028635704746   ',
'001028748000024   ',
'001031354500154   ',
'001038225100114   ',
'001038510108426   ',
'001038510109085   ',
'001038510109457   ',
'001038510110380   ',
'001038510110463   ',
'001038510110521   ',
'001038531003911   ',
'001038630401206   ',
'001038630403020   ',
'001044838101200   ',
'001044838400362   ',
'001044839102488   ',
'001044839105358   ',
'001044839105762   ',
'001044839200456   ',
'001046100100018   ',
'001046810122641   ',
'001056610102313   ',
'001056613112624   ',
'001056613301748   ',
'001056613402025   ',
'001056614100628   ',
'001056660401789   ',
'001059710400751   ',
'001064220118562   ',
'001068310138109   ',
'001068310138281   ',
'001068310138992   ',
'001069410511781   ',
'001069410512409   ',
'001069700100022   ',
'001069700200012   ',
'001079862600016   ',
'001079910200017   ',
'001079910500010   ',
'001079911700015   ',
'001081323203406 85',
'001081523206696 85',
'001082110200019   ',
'001087055900689   ',  --PD00000516-3688
'001090600000120   ',
'001093441100141   ',
'001094610200647   ',
'001094610400205   ',
'001097574113078   ',
'001097576500710   ',
'001097626108076   ',
'001097626108431   ',
'001097626108886   ',
'001097626108977   ',
'001097630126668   ',
'001097630133524   ',
'001097630135131   ',
'001097630136170   ',
'001097630136931   ',
'001097630136980   ',
'001097630139166   ',
'001097630139901   ',
'001097630140016   ',
'001097630140719   ',
'001097630141030   ',
'001097630141212   ',
'001097631306319   ',
'001097631400013   ',
'001097631507007   ',
'001097631507049   ',
'001097631602949   ',
'001097632700023   ',
'001097632802068   ',
'001097901745865   ',
'001097911300560   ',
'0010979713F3214   ',
'019000313003725   ',
'019000313004061   ',
'019000313004152   '
);

Insert into ECI_STS_SKUS (COMPANY_ID,CATALOG_REF_ID,IDX) values ('001','001001100700051   ','5');
Insert into ECI_STS_SKUS (COMPANY_ID,CATALOG_REF_ID,IDX) values ('001','001001100700093   ','9');
Insert into ECI_STS_SKUS (COMPANY_ID,CATALOG_REF_ID,IDX) values ('001','001001100700150   ','15');
Insert into ECI_STS_SKUS (COMPANY_ID,CATALOG_REF_ID,IDX) values ('001','001001100700168   ','16');
Insert into ECI_STS_SKUS (COMPANY_ID,CATALOG_REF_ID,IDX) values ('001','001001103800031   ','29');
Insert into ECI_STS_SKUS (COMPANY_ID,CATALOG_REF_ID,IDX) values ('001','001001103800049   ','30');
Insert into ECI_STS_SKUS (COMPANY_ID,CATALOG_REF_ID,IDX) values ('001','001001104100019   ','31');
Insert into ECI_STS_SKUS (COMPANY_ID,CATALOG_REF_ID,IDX) values ('001','001001104100084   ','38');
Insert into ECI_STS_SKUS (COMPANY_ID,CATALOG_REF_ID,IDX) values ('001','001001104100118   ','41');
Insert into ECI_STS_SKUS (COMPANY_ID,CATALOG_REF_ID,IDX) values ('001','001001104100217   ','51');
Insert into ECI_STS_SKUS (COMPANY_ID,CATALOG_REF_ID,IDX) values ('001','001001104100266   ','56');
Insert into ECI_STS_SKUS (COMPANY_ID,CATALOG_REF_ID,IDX) values ('001','001001104100274   ','57');
Insert into ECI_STS_SKUS (COMPANY_ID,CATALOG_REF_ID,IDX) values ('001','001001104100282   ','58');
Insert into ECI_STS_SKUS (COMPANY_ID,CATALOG_REF_ID,IDX) values ('001','001001104100290   ','59');
Insert into ECI_STS_SKUS (COMPANY_ID,CATALOG_REF_ID,IDX) values ('001','001001104100308   ','60');
Insert into ECI_STS_SKUS (COMPANY_ID,CATALOG_REF_ID,IDX) values ('001','001001105100273   ','93');
Insert into ECI_STS_SKUS (COMPANY_ID,CATALOG_REF_ID,IDX) values ('001','001001105100323   ','98');
Insert into ECI_STS_SKUS (COMPANY_ID,CATALOG_REF_ID,IDX) values ('001','001001105100364   ','102');
Insert into ECI_STS_SKUS (COMPANY_ID,CATALOG_REF_ID,IDX) values ('001','001001107100099   ','123');
Insert into ECI_STS_SKUS (COMPANY_ID,CATALOG_REF_ID,IDX) values ('001','001001108300169   ','140');
Insert into ECI_STS_SKUS (COMPANY_ID,CATALOG_REF_ID,IDX) values ('002','001001100700051   ','3009');
Insert into ECI_STS_SKUS (COMPANY_ID,CATALOG_REF_ID,IDX) values ('002','001001100700093   ','3013');
Insert into ECI_STS_SKUS (COMPANY_ID,CATALOG_REF_ID,IDX) values ('002','001001100700150   ','3019');
Insert into ECI_STS_SKUS (COMPANY_ID,CATALOG_REF_ID,IDX) values ('002','001001100700168   ','3020');
Insert into ECI_STS_SKUS (COMPANY_ID,CATALOG_REF_ID,IDX) values ('002','001001103800031   ','3033');
Insert into ECI_STS_SKUS (COMPANY_ID,CATALOG_REF_ID,IDX) values ('002','001001103800049   ','3034');
Insert into ECI_STS_SKUS (COMPANY_ID,CATALOG_REF_ID,IDX) values ('002','001001104100019   ','3035');
Insert into ECI_STS_SKUS (COMPANY_ID,CATALOG_REF_ID,IDX) values ('002','001001104100084   ','3042');
Insert into ECI_STS_SKUS (COMPANY_ID,CATALOG_REF_ID,IDX) values ('002','001001104100118   ','3045');
Insert into ECI_STS_SKUS (COMPANY_ID,CATALOG_REF_ID,IDX) values ('002','001001104100217   ','3055');
Insert into ECI_STS_SKUS (COMPANY_ID,CATALOG_REF_ID,IDX) values ('002','001001104100266   ','3060');
Insert into ECI_STS_SKUS (COMPANY_ID,CATALOG_REF_ID,IDX) values ('002','001001104100274   ','3061');
Insert into ECI_STS_SKUS (COMPANY_ID,CATALOG_REF_ID,IDX) values ('002','001001104100282   ','3062');
Insert into ECI_STS_SKUS (COMPANY_ID,CATALOG_REF_ID,IDX) values ('002','001001104100290   ','3063');
Insert into ECI_STS_SKUS (COMPANY_ID,CATALOG_REF_ID,IDX) values ('002','001001104100308   ','3064');
Insert into ECI_STS_SKUS (COMPANY_ID,CATALOG_REF_ID,IDX) values ('002','001001105100273   ','3097');
Insert into ECI_STS_SKUS (COMPANY_ID,CATALOG_REF_ID,IDX) values ('001','001002410195370 75','291');
Insert into ECI_STS_SKUS (COMPANY_ID,CATALOG_REF_ID,IDX) values ('001','001002410195404 70','300');
Insert into ECI_STS_SKUS (COMPANY_ID,CATALOG_REF_ID,IDX) values ('001','001002419902693   ','302');
Insert into ECI_STS_SKUS (COMPANY_ID,CATALOG_REF_ID,IDX) values ('001','001002419902701   ','303');
Insert into ECI_STS_SKUS (COMPANY_ID,CATALOG_REF_ID,IDX) values ('001','001002419902800   ','313');
Insert into ECI_STS_SKUS (COMPANY_ID,CATALOG_REF_ID,IDX) values ('001','001002420109379 80','350');
Insert into ECI_STS_SKUS (COMPANY_ID,CATALOG_REF_ID,IDX) values ('001','001002420109379 85','351');
Insert into ECI_STS_SKUS (COMPANY_ID,CATALOG_REF_ID,IDX) values ('002','001002410195370 75','3295');
Insert into ECI_STS_SKUS (COMPANY_ID,CATALOG_REF_ID,IDX) values ('002','001002410195404 70','3304');
Insert into ECI_STS_SKUS (COMPANY_ID,CATALOG_REF_ID,IDX) values ('002','001002419902693   ','3306');
Insert into ECI_STS_SKUS (COMPANY_ID,CATALOG_REF_ID,IDX) values ('002','001002419902701   ','3307');
Insert into ECI_STS_SKUS (COMPANY_ID,CATALOG_REF_ID,IDX) values ('002','001002419902800   ','3317');
Insert into ECI_STS_SKUS (COMPANY_ID,CATALOG_REF_ID,IDX) values ('002','001002420109379 80','3354');
Insert into ECI_STS_SKUS (COMPANY_ID,CATALOG_REF_ID,IDX) values ('002','001002420109379 85','3355');
Insert into ECI_STS_SKUS (COMPANY_ID,CATALOG_REF_ID,IDX) values ('004','001002410195370 75','6229');
Insert into ECI_STS_SKUS (COMPANY_ID,CATALOG_REF_ID,IDX) values ('004','001002410195404 70','6238');
Insert into ECI_STS_SKUS (COMPANY_ID,CATALOG_REF_ID,IDX) values ('004','001002419902693   ','6240');
Insert into ECI_STS_SKUS (COMPANY_ID,CATALOG_REF_ID,IDX) values ('004','001002419902701   ','6241');
Insert into ECI_STS_SKUS (COMPANY_ID,CATALOG_REF_ID,IDX) values ('004','001002419902800   ','6251');
Insert into ECI_STS_SKUS (COMPANY_ID,CATALOG_REF_ID,IDX) values ('004','001002420109379 80','6288');
Insert into ECI_STS_SKUS (COMPANY_ID,CATALOG_REF_ID,IDX) values ('004','001002420109379 85','6289');
Insert into ECI_STS_SKUS (COMPANY_ID,CATALOG_REF_ID,IDX) values ('002','001001105100323   ','3102');
Insert into ECI_STS_SKUS (COMPANY_ID,CATALOG_REF_ID,IDX) values ('002','001001105100364   ','3106');
Insert into ECI_STS_SKUS (COMPANY_ID,CATALOG_REF_ID,IDX) values ('002','001001107100099   ','3127');
Insert into ECI_STS_SKUS (COMPANY_ID,CATALOG_REF_ID,IDX) values ('002','001001108300169   ','3144');
Insert into ECI_STS_SKUS (COMPANY_ID,CATALOG_REF_ID,IDX) values ('004','001001100700051   ','6013');
Insert into ECI_STS_SKUS (COMPANY_ID,CATALOG_REF_ID,IDX) values ('004','001001100700093   ','6017');
Insert into ECI_STS_SKUS (COMPANY_ID,CATALOG_REF_ID,IDX) values ('004','001001100700150   ','6023');
Insert into ECI_STS_SKUS (COMPANY_ID,CATALOG_REF_ID,IDX) values ('004','001001100700168   ','6024');
Insert into ECI_STS_SKUS (COMPANY_ID,CATALOG_REF_ID,IDX) values ('004','001001103800031   ','6037');
Insert into ECI_STS_SKUS (COMPANY_ID,CATALOG_REF_ID,IDX) values ('004','001001103800049   ','6038');
Insert into ECI_STS_SKUS (COMPANY_ID,CATALOG_REF_ID,IDX) values ('004','001001104100019   ','6039');
Insert into ECI_STS_SKUS (COMPANY_ID,CATALOG_REF_ID,IDX) values ('004','001001104100084   ','6046');
Insert into ECI_STS_SKUS (COMPANY_ID,CATALOG_REF_ID,IDX) values ('004','001001104100118   ','6049');
Insert into ECI_STS_SKUS (COMPANY_ID,CATALOG_REF_ID,IDX) values ('004','001001104100217   ','6059');
Insert into ECI_STS_SKUS (COMPANY_ID,CATALOG_REF_ID,IDX) values ('004','001001104100266   ','6064');
Insert into ECI_STS_SKUS (COMPANY_ID,CATALOG_REF_ID,IDX) values ('004','001001104100274   ','6065');
Insert into ECI_STS_SKUS (COMPANY_ID,CATALOG_REF_ID,IDX) values ('004','001001104100282   ','6066');
Insert into ECI_STS_SKUS (COMPANY_ID,CATALOG_REF_ID,IDX) values ('004','001001104100290   ','6067');
Insert into ECI_STS_SKUS (COMPANY_ID,CATALOG_REF_ID,IDX) values ('004','001001104100308   ','6068');
Insert into ECI_STS_SKUS (COMPANY_ID,CATALOG_REF_ID,IDX) values ('004','001001105100273   ','6101');
Insert into ECI_STS_SKUS (COMPANY_ID,CATALOG_REF_ID,IDX) values ('004','001001105100323   ','6106');
Insert into ECI_STS_SKUS (COMPANY_ID,CATALOG_REF_ID,IDX) values ('004','001001105100364   ','6110');
Insert into ECI_STS_SKUS (COMPANY_ID,CATALOG_REF_ID,IDX) values ('004','001001107100099   ','6131');
Insert into ECI_STS_SKUS (COMPANY_ID,CATALOG_REF_ID,IDX) values ('004','001001108300169   ','6148');
Insert into ECI_STS_SKUS (COMPANY_ID,CATALOG_REF_ID,IDX) values ('006','001001100700051   ','7565');
Insert into ECI_STS_SKUS (COMPANY_ID,CATALOG_REF_ID,IDX) values ('006','001001100700093   ','7569');
Insert into ECI_STS_SKUS (COMPANY_ID,CATALOG_REF_ID,IDX) values ('006','001001100700150   ','7575');
Insert into ECI_STS_SKUS (COMPANY_ID,CATALOG_REF_ID,IDX) values ('006','001001100700168   ','7576');
Insert into ECI_STS_SKUS (COMPANY_ID,CATALOG_REF_ID,IDX) values ('006','001001103800031   ','7589');
Insert into ECI_STS_SKUS (COMPANY_ID,CATALOG_REF_ID,IDX) values ('006','001001103800049   ','7590');
Insert into ECI_STS_SKUS (COMPANY_ID,CATALOG_REF_ID,IDX) values ('006','001001104100019   ','7591');
Insert into ECI_STS_SKUS (COMPANY_ID,CATALOG_REF_ID,IDX) values ('006','001001104100084   ','7598');
Insert into ECI_STS_SKUS (COMPANY_ID,CATALOG_REF_ID,IDX) values ('006','001001104100118   ','7601');
Insert into ECI_STS_SKUS (COMPANY_ID,CATALOG_REF_ID,IDX) values ('006','001001104100217   ','7611');
Insert into ECI_STS_SKUS (COMPANY_ID,CATALOG_REF_ID,IDX) values ('006','001001104100266   ','7616');
Insert into ECI_STS_SKUS (COMPANY_ID,CATALOG_REF_ID,IDX) values ('006','001001104100274   ','7617');
Insert into ECI_STS_SKUS (COMPANY_ID,CATALOG_REF_ID,IDX) values ('006','001001104100282   ','7618');
Insert into ECI_STS_SKUS (COMPANY_ID,CATALOG_REF_ID,IDX) values ('006','001001104100290   ','7619');
Insert into ECI_STS_SKUS (COMPANY_ID,CATALOG_REF_ID,IDX) values ('006','001001104100308   ','7620');
Insert into ECI_STS_SKUS (COMPANY_ID,CATALOG_REF_ID,IDX) values ('006','001001105100273   ','7653');
Insert into ECI_STS_SKUS (COMPANY_ID,CATALOG_REF_ID,IDX) values ('006','001001105100323   ','7658');
Insert into ECI_STS_SKUS (COMPANY_ID,CATALOG_REF_ID,IDX) values ('006','001001105100364   ','7662');
Insert into ECI_STS_SKUS (COMPANY_ID,CATALOG_REF_ID,IDX) values ('006','001001107100099   ','7683');
Insert into ECI_STS_SKUS (COMPANY_ID,CATALOG_REF_ID,IDX) values ('006','001001108300169   ','7700');
Insert into ECI_STS_SKUS (COMPANY_ID,CATALOG_REF_ID,IDX) values ('001','001002311001198   ','198');
Insert into ECI_STS_SKUS (COMPANY_ID,CATALOG_REF_ID,IDX) values ('001','001002311001222   ','201');
Insert into ECI_STS_SKUS (COMPANY_ID,CATALOG_REF_ID,IDX) values ('001','001002311001230   ','202');
Insert into ECI_STS_SKUS (COMPANY_ID,CATALOG_REF_ID,IDX) values ('001','001002311001248   ','203');
Insert into ECI_STS_SKUS (COMPANY_ID,CATALOG_REF_ID,IDX) values ('001','001002311001412   ','209');
Insert into ECI_STS_SKUS (COMPANY_ID,CATALOG_REF_ID,IDX) values ('001','001002311001420   ','210');
Insert into ECI_STS_SKUS (COMPANY_ID,CATALOG_REF_ID,IDX) values ('002','001002311001198   ','3202');
Insert into ECI_STS_SKUS (COMPANY_ID,CATALOG_REF_ID,IDX) values ('002','001002311001222   ','3205');
Insert into ECI_STS_SKUS (COMPANY_ID,CATALOG_REF_ID,IDX) values ('002','001002311001230   ','3206');
Insert into ECI_STS_SKUS (COMPANY_ID,CATALOG_REF_ID,IDX) values ('002','001002311001248   ','3207');
Insert into ECI_STS_SKUS (COMPANY_ID,CATALOG_REF_ID,IDX) values ('002','001002311001412   ','3213');
Insert into ECI_STS_SKUS (COMPANY_ID,CATALOG_REF_ID,IDX) values ('002','001002311001420   ','3214');
Insert into ECI_STS_SKUS (COMPANY_ID,CATALOG_REF_ID,IDX) values ('004','001002620201521   ','6417');
Insert into ECI_STS_SKUS (COMPANY_ID,CATALOG_REF_ID,IDX) values ('006','001002620201521   ','7969');
Insert into ECI_STS_SKUS (COMPANY_ID,CATALOG_REF_ID,IDX) values ('001','001002810424891   ','582');
Insert into ECI_STS_SKUS (COMPANY_ID,CATALOG_REF_ID,IDX) values ('001','001002810427514   ','588');
Insert into ECI_STS_SKUS (COMPANY_ID,CATALOG_REF_ID,IDX) values ('001','001002813900061   ','641');
Insert into ECI_STS_SKUS (COMPANY_ID,CATALOG_REF_ID,IDX) values ('002','001002810424891   ','3586');
Insert into ECI_STS_SKUS (COMPANY_ID,CATALOG_REF_ID,IDX) values ('002','001002810427514   ','3592');
Insert into ECI_STS_SKUS (COMPANY_ID,CATALOG_REF_ID,IDX) values ('002','001002813900061   ','3645');
Insert into ECI_STS_SKUS (COMPANY_ID,CATALOG_REF_ID,IDX) values ('004','001002810424891   ','6520');
Insert into ECI_STS_SKUS (COMPANY_ID,CATALOG_REF_ID,IDX) values ('004','001002810427514   ','6526');
Insert into ECI_STS_SKUS (COMPANY_ID,CATALOG_REF_ID,IDX) values ('001','001003110467200   ','876');
Insert into ECI_STS_SKUS (COMPANY_ID,CATALOG_REF_ID,IDX) values ('002','001003110439076   ','3834');
Insert into ECI_STS_SKUS (COMPANY_ID,CATALOG_REF_ID,IDX) values ('002','001003110439084   ','3835');
Insert into ECI_STS_SKUS (COMPANY_ID,CATALOG_REF_ID,IDX) values ('002','001003110442484   ','3837');
Insert into ECI_STS_SKUS (COMPANY_ID,CATALOG_REF_ID,IDX) values ('002','001003110448341   ','3838');
Insert into ECI_STS_SKUS (COMPANY_ID,CATALOG_REF_ID,IDX) values ('002','001003110453630   ','3839');
Insert into ECI_STS_SKUS (COMPANY_ID,CATALOG_REF_ID,IDX) values ('002','001003110456393   ','3845');
Insert into ECI_STS_SKUS (COMPANY_ID,CATALOG_REF_ID,IDX) values ('002','001003110457912   ','3849');
Insert into ECI_STS_SKUS (COMPANY_ID,CATALOG_REF_ID,IDX) values ('002','001003110457920   ','3850');
Insert into ECI_STS_SKUS (COMPANY_ID,CATALOG_REF_ID,IDX) values ('002','001003110459991   ','3854');
Insert into ECI_STS_SKUS (COMPANY_ID,CATALOG_REF_ID,IDX) values ('002','001003110460759   ','3856');
Insert into ECI_STS_SKUS (COMPANY_ID,CATALOG_REF_ID,IDX) values ('002','001003110460957   ','3857');
Insert into ECI_STS_SKUS (COMPANY_ID,CATALOG_REF_ID,IDX) values ('002','001003110461658   ','3859');
Insert into ECI_STS_SKUS (COMPANY_ID,CATALOG_REF_ID,IDX) values ('002','001003110461823   ','3860');
Insert into ECI_STS_SKUS (COMPANY_ID,CATALOG_REF_ID,IDX) values ('002','001003110462789   ','3863');
Insert into ECI_STS_SKUS (COMPANY_ID,CATALOG_REF_ID,IDX) values ('002','001003110465022   ','3864');
Insert into ECI_STS_SKUS (COMPANY_ID,CATALOG_REF_ID,IDX) values ('002','001003110465337   ','3865');
Insert into ECI_STS_SKUS (COMPANY_ID,CATALOG_REF_ID,IDX) values ('002','001003110467200   ','3880');
Insert into ECI_STS_SKUS (COMPANY_ID,CATALOG_REF_ID,IDX) values ('001','001003302100072 65','917');
Insert into ECI_STS_SKUS (COMPANY_ID,CATALOG_REF_ID,IDX) values ('001','001003302100072 70','918');
Insert into ECI_STS_SKUS (COMPANY_ID,CATALOG_REF_ID,IDX) values ('001','001003302100072 95','923');
Insert into ECI_STS_SKUS (COMPANY_ID,CATALOG_REF_ID,IDX) values ('001','001003302100072100','924');
Insert into ECI_STS_SKUS (COMPANY_ID,CATALOG_REF_ID,IDX) values ('001','001003302100080 65','927');
Insert into ECI_STS_SKUS (COMPANY_ID,CATALOG_REF_ID,IDX) values ('001','001003302100080 70','928');
Insert into ECI_STS_SKUS (COMPANY_ID,CATALOG_REF_ID,IDX) values ('002','001003302100072 65','3921');
Insert into ECI_STS_SKUS (COMPANY_ID,CATALOG_REF_ID,IDX) values ('002','001003302100072 70','3922');
Insert into ECI_STS_SKUS (COMPANY_ID,CATALOG_REF_ID,IDX) values ('002','001003302100072 95','3927');
Insert into ECI_STS_SKUS (COMPANY_ID,CATALOG_REF_ID,IDX) values ('002','001003302100072100','3928');
Insert into ECI_STS_SKUS (COMPANY_ID,CATALOG_REF_ID,IDX) values ('002','001003302100080 65','3931');
Insert into ECI_STS_SKUS (COMPANY_ID,CATALOG_REF_ID,IDX) values ('002','001003302100080 70','3932');
Insert into ECI_STS_SKUS (COMPANY_ID,CATALOG_REF_ID,IDX) values ('004','001002813900061   ','6579');
Insert into ECI_STS_SKUS (COMPANY_ID,CATALOG_REF_ID,IDX) values ('006','001002810424891   ','8072');
Insert into ECI_STS_SKUS (COMPANY_ID,CATALOG_REF_ID,IDX) values ('006','001002810427514   ','8078');
Insert into ECI_STS_SKUS (COMPANY_ID,CATALOG_REF_ID,IDX) values ('006','001002813900061   ','8131');
Insert into ECI_STS_SKUS (COMPANY_ID,CATALOG_REF_ID,IDX) values ('001','001003110439076   ','830');
Insert into ECI_STS_SKUS (COMPANY_ID,CATALOG_REF_ID,IDX) values ('001','001003110439084   ','831');
Insert into ECI_STS_SKUS (COMPANY_ID,CATALOG_REF_ID,IDX) values ('001','001003110442484   ','833');
Insert into ECI_STS_SKUS (COMPANY_ID,CATALOG_REF_ID,IDX) values ('001','001003110448341   ','834');
Insert into ECI_STS_SKUS (COMPANY_ID,CATALOG_REF_ID,IDX) values ('001','001003110453630   ','835');
Insert into ECI_STS_SKUS (COMPANY_ID,CATALOG_REF_ID,IDX) values ('001','001003110456393   ','841');
Insert into ECI_STS_SKUS (COMPANY_ID,CATALOG_REF_ID,IDX) values ('001','001003110457912   ','845');
Insert into ECI_STS_SKUS (COMPANY_ID,CATALOG_REF_ID,IDX) values ('001','001003110457920   ','846');
Insert into ECI_STS_SKUS (COMPANY_ID,CATALOG_REF_ID,IDX) values ('001','001003110459991   ','850');
Insert into ECI_STS_SKUS (COMPANY_ID,CATALOG_REF_ID,IDX) values ('001','001003110460759   ','852');
Insert into ECI_STS_SKUS (COMPANY_ID,CATALOG_REF_ID,IDX) values ('001','001003110460957   ','853');
Insert into ECI_STS_SKUS (COMPANY_ID,CATALOG_REF_ID,IDX) values ('001','001003110461658   ','855');
Insert into ECI_STS_SKUS (COMPANY_ID,CATALOG_REF_ID,IDX) values ('001','001003110461823   ','856');
Insert into ECI_STS_SKUS (COMPANY_ID,CATALOG_REF_ID,IDX) values ('001','001003110462789   ','859');
Insert into ECI_STS_SKUS (COMPANY_ID,CATALOG_REF_ID,IDX) values ('001','001003110465022   ','860');
Insert into ECI_STS_SKUS (COMPANY_ID,CATALOG_REF_ID,IDX) values ('001','001003110465337   ','861');
Insert into ECI_STS_SKUS (COMPANY_ID,CATALOG_REF_ID,IDX) values ('006','001002410195370 75','7781');
Insert into ECI_STS_SKUS (COMPANY_ID,CATALOG_REF_ID,IDX) values ('006','001002410195404 70','7790');
Insert into ECI_STS_SKUS (COMPANY_ID,CATALOG_REF_ID,IDX) values ('006','001002419902693   ','7792');
Insert into ECI_STS_SKUS (COMPANY_ID,CATALOG_REF_ID,IDX) values ('006','001002419902701   ','7793');
Insert into ECI_STS_SKUS (COMPANY_ID,CATALOG_REF_ID,IDX) values ('006','001002419902800   ','7803');
Insert into ECI_STS_SKUS (COMPANY_ID,CATALOG_REF_ID,IDX) values ('006','001002420109379 80','7840');
Insert into ECI_STS_SKUS (COMPANY_ID,CATALOG_REF_ID,IDX) values ('006','001002420109379 85','7841');
Insert into ECI_STS_SKUS (COMPANY_ID,CATALOG_REF_ID,IDX) values ('001','001002620201521   ','479');
Insert into ECI_STS_SKUS (COMPANY_ID,CATALOG_REF_ID,IDX) values ('002','001002620201521   ','3483');
Insert into ECI_STS_SKUS (COMPANY_ID,CATALOG_REF_ID,IDX) values ('001','001004210100550523','1309');
Insert into ECI_STS_SKUS (COMPANY_ID,CATALOG_REF_ID,IDX) values ('002','001004210100014423','4131');
Insert into ECI_STS_SKUS (COMPANY_ID,CATALOG_REF_ID,IDX) values ('001','001006210124696   ','1575');
Insert into ECI_STS_SKUS (COMPANY_ID,CATALOG_REF_ID,IDX) values ('001','001006210129760   ','1595');
Insert into ECI_STS_SKUS (COMPANY_ID,CATALOG_REF_ID,IDX) values ('001','001006210134596   ','1603');
Insert into ECI_STS_SKUS (COMPANY_ID,CATALOG_REF_ID,IDX) values ('002','001006210124696   ','4579');
Insert into ECI_STS_SKUS (COMPANY_ID,CATALOG_REF_ID,IDX) values ('002','001004210100550523','4313');
Insert into ECI_STS_SKUS (COMPANY_ID,CATALOG_REF_ID,IDX) values ('004','001003302100072 65','6609');
Insert into ECI_STS_SKUS (COMPANY_ID,CATALOG_REF_ID,IDX) values ('004','001003302100072 70','6610');
Insert into ECI_STS_SKUS (COMPANY_ID,CATALOG_REF_ID,IDX) values ('004','001003302100072 95','6615');
Insert into ECI_STS_SKUS (COMPANY_ID,CATALOG_REF_ID,IDX) values ('004','001003302100072100','6616');
Insert into ECI_STS_SKUS (COMPANY_ID,CATALOG_REF_ID,IDX) values ('004','001003302100080 65','6619');
Insert into ECI_STS_SKUS (COMPANY_ID,CATALOG_REF_ID,IDX) values ('004','001003302100080 70','6620');
Insert into ECI_STS_SKUS (COMPANY_ID,CATALOG_REF_ID,IDX) values ('006','001003302100072 65','8161');
Insert into ECI_STS_SKUS (COMPANY_ID,CATALOG_REF_ID,IDX) values ('006','001003302100072 70','8162');
Insert into ECI_STS_SKUS (COMPANY_ID,CATALOG_REF_ID,IDX) values ('006','001003302100072 95','8167');
Insert into ECI_STS_SKUS (COMPANY_ID,CATALOG_REF_ID,IDX) values ('006','001003302100072100','8168');
Insert into ECI_STS_SKUS (COMPANY_ID,CATALOG_REF_ID,IDX) values ('006','001003302100080 65','8171');
Insert into ECI_STS_SKUS (COMPANY_ID,CATALOG_REF_ID,IDX) values ('006','001003302100080 70','8172');
Insert into ECI_STS_SKUS (COMPANY_ID,CATALOG_REF_ID,IDX) values ('001','001004210100014423','1127');
Insert into ECI_STS_SKUS (COMPANY_ID,CATALOG_REF_ID,IDX) values ('001','001097626108076   ','2962');
Insert into ECI_STS_SKUS (COMPANY_ID,CATALOG_REF_ID,IDX) values ('001','001097626108431   ','2984');
Insert into ECI_STS_SKUS (COMPANY_ID,CATALOG_REF_ID,IDX) values ('001','001097626108886   ','2994');
Insert into ECI_STS_SKUS (COMPANY_ID,CATALOG_REF_ID,IDX) values ('001','001097626108977   ','3002');
Insert into ECI_STS_SKUS (COMPANY_ID,CATALOG_REF_ID,IDX) values ('002','001007010100191   ','4669');
Insert into ECI_STS_SKUS (COMPANY_ID,CATALOG_REF_ID,IDX) values ('002','001007012103276   ','4699');
Insert into ECI_STS_SKUS (COMPANY_ID,CATALOG_REF_ID,IDX) values ('002','001007012500117   ','4710');
Insert into ECI_STS_SKUS (COMPANY_ID,CATALOG_REF_ID,IDX) values ('002','001007012500133   ','4712');
Insert into ECI_STS_SKUS (COMPANY_ID,CATALOG_REF_ID,IDX) values ('002','001007016012614   ','4725');
Insert into ECI_STS_SKUS (COMPANY_ID,CATALOG_REF_ID,IDX) values ('002','001007016012630   ','4727');
Insert into ECI_STS_SKUS (COMPANY_ID,CATALOG_REF_ID,IDX) values ('002','001007016012705   ','4734');
Insert into ECI_STS_SKUS (COMPANY_ID,CATALOG_REF_ID,IDX) values ('002','001007016012721   ','4736');
Insert into ECI_STS_SKUS (COMPANY_ID,CATALOG_REF_ID,IDX) values ('002','001007016012739   ','4737');
Insert into ECI_STS_SKUS (COMPANY_ID,CATALOG_REF_ID,IDX) values ('002','001007016012747   ','4738');
Insert into ECI_STS_SKUS (COMPANY_ID,CATALOG_REF_ID,IDX) values ('002','001007016012754   ','4739');
Insert into ECI_STS_SKUS (COMPANY_ID,CATALOG_REF_ID,IDX) values ('002','001007016012770   ','4741');
Insert into ECI_STS_SKUS (COMPANY_ID,CATALOG_REF_ID,IDX) values ('002','001007016174851   ','4768');
Insert into ECI_STS_SKUS (COMPANY_ID,CATALOG_REF_ID,IDX) values ('002','001007016207859   ','4804');
Insert into ECI_STS_SKUS (COMPANY_ID,CATALOG_REF_ID,IDX) values ('002','001007016208071   ','4825');
Insert into ECI_STS_SKUS (COMPANY_ID,CATALOG_REF_ID,IDX) values ('002','001010110106860   ','5282');
Insert into ECI_STS_SKUS (COMPANY_ID,CATALOG_REF_ID,IDX) values ('002','001010110107454   ','5287');
Insert into ECI_STS_SKUS (COMPANY_ID,CATALOG_REF_ID,IDX) values ('002','001010110108361   ','5327');
Insert into ECI_STS_SKUS (COMPANY_ID,CATALOG_REF_ID,IDX) values ('002','001010110108445   ','5335');
Insert into ECI_STS_SKUS (COMPANY_ID,CATALOG_REF_ID,IDX) values ('002','001010410100126 48','5350');
Insert into ECI_STS_SKUS (COMPANY_ID,CATALOG_REF_ID,IDX) values ('002','001010410102122 52','5364');
Insert into ECI_STS_SKUS (COMPANY_ID,CATALOG_REF_ID,IDX) values ('002','001010410102312 42','5373');
Insert into ECI_STS_SKUS (COMPANY_ID,CATALOG_REF_ID,IDX) values ('002','001010410102411 48','5374');
Insert into ECI_STS_SKUS (COMPANY_ID,CATALOG_REF_ID,IDX) values ('002','001010410102411 50','5375');
Insert into ECI_STS_SKUS (COMPANY_ID,CATALOG_REF_ID,IDX) values ('004','001010410102312 42','7313');
Insert into ECI_STS_SKUS (COMPANY_ID,CATALOG_REF_ID,IDX) values ('004','001010410102411 48','7314');
Insert into ECI_STS_SKUS (COMPANY_ID,CATALOG_REF_ID,IDX) values ('004','001010410102411 50','7315');
Insert into ECI_STS_SKUS (COMPANY_ID,CATALOG_REF_ID,IDX) values ('004','001097626108076   ','7518');
Insert into ECI_STS_SKUS (COMPANY_ID,CATALOG_REF_ID,IDX) values ('004','001097626108431   ','7540');
Insert into ECI_STS_SKUS (COMPANY_ID,CATALOG_REF_ID,IDX) values ('004','001097626108886   ','7550');
Insert into ECI_STS_SKUS (COMPANY_ID,CATALOG_REF_ID,IDX) values ('004','001097626108977   ','7558');
Insert into ECI_STS_SKUS (COMPANY_ID,CATALOG_REF_ID,IDX) values ('006','001007010100191   ','8553');
Insert into ECI_STS_SKUS (COMPANY_ID,CATALOG_REF_ID,IDX) values ('006','001007012103276   ','8583');
Insert into ECI_STS_SKUS (COMPANY_ID,CATALOG_REF_ID,IDX) values ('006','001007012500117   ','8594');
Insert into ECI_STS_SKUS (COMPANY_ID,CATALOG_REF_ID,IDX) values ('006','001007012500133   ','8596');
Insert into ECI_STS_SKUS (COMPANY_ID,CATALOG_REF_ID,IDX) values ('006','001007016012614   ','8609');
Insert into ECI_STS_SKUS (COMPANY_ID,CATALOG_REF_ID,IDX) values ('006','001007016012630   ','8611');
Insert into ECI_STS_SKUS (COMPANY_ID,CATALOG_REF_ID,IDX) values ('006','001007016012705   ','8618');
Insert into ECI_STS_SKUS (COMPANY_ID,CATALOG_REF_ID,IDX) values ('006','001007016012721   ','8620');
Insert into ECI_STS_SKUS (COMPANY_ID,CATALOG_REF_ID,IDX) values ('006','001007016012739   ','8621');
Insert into ECI_STS_SKUS (COMPANY_ID,CATALOG_REF_ID,IDX) values ('006','001007016012747   ','8622');
Insert into ECI_STS_SKUS (COMPANY_ID,CATALOG_REF_ID,IDX) values ('006','001007016012754   ','8623');
Insert into ECI_STS_SKUS (COMPANY_ID,CATALOG_REF_ID,IDX) values ('006','001007016012770   ','8625');
Insert into ECI_STS_SKUS (COMPANY_ID,CATALOG_REF_ID,IDX) values ('006','001007016174851   ','8652');
Insert into ECI_STS_SKUS (COMPANY_ID,CATALOG_REF_ID,IDX) values ('006','001007016207859   ','8688');
Insert into ECI_STS_SKUS (COMPANY_ID,CATALOG_REF_ID,IDX) values ('006','001007016208071   ','8709');
Insert into ECI_STS_SKUS (COMPANY_ID,CATALOG_REF_ID,IDX) values ('006','001010110106860   ','8774');
Insert into ECI_STS_SKUS (COMPANY_ID,CATALOG_REF_ID,IDX) values ('006','001010110107454   ','8779');
Insert into ECI_STS_SKUS (COMPANY_ID,CATALOG_REF_ID,IDX) values ('006','001010110108361   ','8819');
Insert into ECI_STS_SKUS (COMPANY_ID,CATALOG_REF_ID,IDX) values ('002','001097626108076   ','5966');
Insert into ECI_STS_SKUS (COMPANY_ID,CATALOG_REF_ID,IDX) values ('002','001097626108431   ','5988');
Insert into ECI_STS_SKUS (COMPANY_ID,CATALOG_REF_ID,IDX) values ('002','001097626108886   ','5998');
Insert into ECI_STS_SKUS (COMPANY_ID,CATALOG_REF_ID,IDX) values ('002','001097626108977   ','6006');
Insert into ECI_STS_SKUS (COMPANY_ID,CATALOG_REF_ID,IDX) values ('004','001007010100191   ','7001');
Insert into ECI_STS_SKUS (COMPANY_ID,CATALOG_REF_ID,IDX) values ('004','001007012103276   ','7031');
Insert into ECI_STS_SKUS (COMPANY_ID,CATALOG_REF_ID,IDX) values ('004','001007012500117   ','7042');
Insert into ECI_STS_SKUS (COMPANY_ID,CATALOG_REF_ID,IDX) values ('004','001007012500133   ','7044');
Insert into ECI_STS_SKUS (COMPANY_ID,CATALOG_REF_ID,IDX) values ('004','001007016012614   ','7057');
Insert into ECI_STS_SKUS (COMPANY_ID,CATALOG_REF_ID,IDX) values ('004','001007016012630   ','7059');
Insert into ECI_STS_SKUS (COMPANY_ID,CATALOG_REF_ID,IDX) values ('004','001007016012705   ','7066');
Insert into ECI_STS_SKUS (COMPANY_ID,CATALOG_REF_ID,IDX) values ('004','001007016012721   ','7068');
Insert into ECI_STS_SKUS (COMPANY_ID,CATALOG_REF_ID,IDX) values ('004','001007016012739   ','7069');
Insert into ECI_STS_SKUS (COMPANY_ID,CATALOG_REF_ID,IDX) values ('004','001007016012747   ','7070');
Insert into ECI_STS_SKUS (COMPANY_ID,CATALOG_REF_ID,IDX) values ('004','001007016012754   ','7071');
Insert into ECI_STS_SKUS (COMPANY_ID,CATALOG_REF_ID,IDX) values ('004','001007016012770   ','7073');
Insert into ECI_STS_SKUS (COMPANY_ID,CATALOG_REF_ID,IDX) values ('004','001007016174851   ','7100');
Insert into ECI_STS_SKUS (COMPANY_ID,CATALOG_REF_ID,IDX) values ('004','001007016207859   ','7136');
Insert into ECI_STS_SKUS (COMPANY_ID,CATALOG_REF_ID,IDX) values ('004','001007016208071   ','7157');
Insert into ECI_STS_SKUS (COMPANY_ID,CATALOG_REF_ID,IDX) values ('004','001010110106860   ','7222');
Insert into ECI_STS_SKUS (COMPANY_ID,CATALOG_REF_ID,IDX) values ('004','001010110107454   ','7227');
Insert into ECI_STS_SKUS (COMPANY_ID,CATALOG_REF_ID,IDX) values ('004','001010110108361   ','7267');
Insert into ECI_STS_SKUS (COMPANY_ID,CATALOG_REF_ID,IDX) values ('004','001010110108445   ','7275');
Insert into ECI_STS_SKUS (COMPANY_ID,CATALOG_REF_ID,IDX) values ('004','001010410100126 48','7290');
Insert into ECI_STS_SKUS (COMPANY_ID,CATALOG_REF_ID,IDX) values ('004','001010410102122 52','7304');
Insert into ECI_STS_SKUS (COMPANY_ID,CATALOG_REF_ID,IDX) values ('002','001006210129760   ','4599');
Insert into ECI_STS_SKUS (COMPANY_ID,CATALOG_REF_ID,IDX) values ('002','001006210134596   ','4607');
Insert into ECI_STS_SKUS (COMPANY_ID,CATALOG_REF_ID,IDX) values ('001','001006810128360   ','1627');
Insert into ECI_STS_SKUS (COMPANY_ID,CATALOG_REF_ID,IDX) values ('001','001006810135340   ','1629');
Insert into ECI_STS_SKUS (COMPANY_ID,CATALOG_REF_ID,IDX) values ('001','001006810148160   ','1652');
Insert into ECI_STS_SKUS (COMPANY_ID,CATALOG_REF_ID,IDX) values ('001','001093440600448   ','1653');
Insert into ECI_STS_SKUS (COMPANY_ID,CATALOG_REF_ID,IDX) values ('001','001006810148368   ','1656');
Insert into ECI_STS_SKUS (COMPANY_ID,CATALOG_REF_ID,IDX) values ('001','001006810243854   ','1657');
Insert into ECI_STS_SKUS (COMPANY_ID,CATALOG_REF_ID,IDX) values ('001','001006810243862   ','1658');
Insert into ECI_STS_SKUS (COMPANY_ID,CATALOG_REF_ID,IDX) values ('001','001006810244407   ','1660');
Insert into ECI_STS_SKUS (COMPANY_ID,CATALOG_REF_ID,IDX) values ('001','001006810244613   ','1661');
Insert into ECI_STS_SKUS (COMPANY_ID,CATALOG_REF_ID,IDX) values ('001','001006810244688   ','1662');
Insert into ECI_STS_SKUS (COMPANY_ID,CATALOG_REF_ID,IDX) values ('001','001006810244696   ','1663');
Insert into ECI_STS_SKUS (COMPANY_ID,CATALOG_REF_ID,IDX) values ('002','001006810128360   ','4631');
Insert into ECI_STS_SKUS (COMPANY_ID,CATALOG_REF_ID,IDX) values ('002','001006810135340   ','4633');
Insert into ECI_STS_SKUS (COMPANY_ID,CATALOG_REF_ID,IDX) values ('002','001006810148160   ','4656');
Insert into ECI_STS_SKUS (COMPANY_ID,CATALOG_REF_ID,IDX) values ('002','001093440600448   ','4657');
Insert into ECI_STS_SKUS (COMPANY_ID,CATALOG_REF_ID,IDX) values ('002','001006810148368   ','4660');
Insert into ECI_STS_SKUS (COMPANY_ID,CATALOG_REF_ID,IDX) values ('002','001006810243854   ','4661');
Insert into ECI_STS_SKUS (COMPANY_ID,CATALOG_REF_ID,IDX) values ('002','001006810243862   ','4662');
Insert into ECI_STS_SKUS (COMPANY_ID,CATALOG_REF_ID,IDX) values ('002','001006810244407   ','4664');
Insert into ECI_STS_SKUS (COMPANY_ID,CATALOG_REF_ID,IDX) values ('002','001006810244613   ','4665');
Insert into ECI_STS_SKUS (COMPANY_ID,CATALOG_REF_ID,IDX) values ('002','001006810244688   ','4666');
Insert into ECI_STS_SKUS (COMPANY_ID,CATALOG_REF_ID,IDX) values ('002','001006810244696   ','4667');
Insert into ECI_STS_SKUS (COMPANY_ID,CATALOG_REF_ID,IDX) values ('001','001007010100191   ','1665');
Insert into ECI_STS_SKUS (COMPANY_ID,CATALOG_REF_ID,IDX) values ('001','001007012103276   ','1695');
Insert into ECI_STS_SKUS (COMPANY_ID,CATALOG_REF_ID,IDX) values ('001','001007012500117   ','1706');
Insert into ECI_STS_SKUS (COMPANY_ID,CATALOG_REF_ID,IDX) values ('001','001007012500133   ','1708');
Insert into ECI_STS_SKUS (COMPANY_ID,CATALOG_REF_ID,IDX) values ('001','001007016012614   ','1721');
Insert into ECI_STS_SKUS (COMPANY_ID,CATALOG_REF_ID,IDX) values ('001','001007016012630   ','1723');
Insert into ECI_STS_SKUS (COMPANY_ID,CATALOG_REF_ID,IDX) values ('001','001007016012705   ','1730');
Insert into ECI_STS_SKUS (COMPANY_ID,CATALOG_REF_ID,IDX) values ('001','001007016012721   ','1732');
Insert into ECI_STS_SKUS (COMPANY_ID,CATALOG_REF_ID,IDX) values ('001','001007016012739   ','1733');
Insert into ECI_STS_SKUS (COMPANY_ID,CATALOG_REF_ID,IDX) values ('001','001007016012747   ','1734');
Insert into ECI_STS_SKUS (COMPANY_ID,CATALOG_REF_ID,IDX) values ('001','001007016012754   ','1735');
Insert into ECI_STS_SKUS (COMPANY_ID,CATALOG_REF_ID,IDX) values ('001','001007016012770   ','1737');
Insert into ECI_STS_SKUS (COMPANY_ID,CATALOG_REF_ID,IDX) values ('001','001007016174851   ','1764');
Insert into ECI_STS_SKUS (COMPANY_ID,CATALOG_REF_ID,IDX) values ('001','001007016207859   ','1800');
Insert into ECI_STS_SKUS (COMPANY_ID,CATALOG_REF_ID,IDX) values ('001','001007016208071   ','1821');
Insert into ECI_STS_SKUS (COMPANY_ID,CATALOG_REF_ID,IDX) values ('001','001010110106860   ','2278');
Insert into ECI_STS_SKUS (COMPANY_ID,CATALOG_REF_ID,IDX) values ('001','001010110107454   ','2283');
Insert into ECI_STS_SKUS (COMPANY_ID,CATALOG_REF_ID,IDX) values ('001','001010110108361   ','2323');
Insert into ECI_STS_SKUS (COMPANY_ID,CATALOG_REF_ID,IDX) values ('001','001010110108445   ','2331');
Insert into ECI_STS_SKUS (COMPANY_ID,CATALOG_REF_ID,IDX) values ('001','001010410100126 48','2346');
Insert into ECI_STS_SKUS (COMPANY_ID,CATALOG_REF_ID,IDX) values ('001','001010410102122 52','2360');
Insert into ECI_STS_SKUS (COMPANY_ID,CATALOG_REF_ID,IDX) values ('001','001010410102312 42','2369');
Insert into ECI_STS_SKUS (COMPANY_ID,CATALOG_REF_ID,IDX) values ('001','001010410102411 48','2370');
Insert into ECI_STS_SKUS (COMPANY_ID,CATALOG_REF_ID,IDX) values ('001','001010410102411 50','2371');
Insert into ECI_STS_SKUS (COMPANY_ID,CATALOG_REF_ID,IDX) values ('001','001009651100282  2','2205');
Insert into ECI_STS_SKUS (COMPANY_ID,CATALOG_REF_ID,IDX) values ('001','001009651100282  3','2206');
Insert into ECI_STS_SKUS (COMPANY_ID,CATALOG_REF_ID,IDX) values ('001','001009651100282  4','2207');
Insert into ECI_STS_SKUS (COMPANY_ID,CATALOG_REF_ID,IDX) values ('001','001019510112691   ','2463');
Insert into ECI_STS_SKUS (COMPANY_ID,CATALOG_REF_ID,IDX) values ('001','001019510112741   ','2464');
Insert into ECI_STS_SKUS (COMPANY_ID,CATALOG_REF_ID,IDX) values ('001','001019510113277   ','2465');
Insert into ECI_STS_SKUS (COMPANY_ID,CATALOG_REF_ID,IDX) values ('001','001019510113541   ','2468');
Insert into ECI_STS_SKUS (COMPANY_ID,CATALOG_REF_ID,IDX) values ('001','001019510113566   ','2469');
Insert into ECI_STS_SKUS (COMPANY_ID,CATALOG_REF_ID,IDX) values ('001','001019510114168   ','2470');
Insert into ECI_STS_SKUS (COMPANY_ID,CATALOG_REF_ID,IDX) values ('001','001019510114200   ','2472');
Insert into ECI_STS_SKUS (COMPANY_ID,CATALOG_REF_ID,IDX) values ('001','001019510114226   ','2473');
Insert into ECI_STS_SKUS (COMPANY_ID,CATALOG_REF_ID,IDX) values ('001','001019510114259   ','2474');
Insert into ECI_STS_SKUS (COMPANY_ID,CATALOG_REF_ID,IDX) values ('001','001019510114267   ','2475');
Insert into ECI_STS_SKUS (COMPANY_ID,CATALOG_REF_ID,IDX) values ('001','001019510114283   ','2476');
Insert into ECI_STS_SKUS (COMPANY_ID,CATALOG_REF_ID,IDX) values ('001','001019510114341   ','2477');
Insert into ECI_STS_SKUS (COMPANY_ID,CATALOG_REF_ID,IDX) values ('001','001019510114358   ','2478');
Insert into ECI_STS_SKUS (COMPANY_ID,CATALOG_REF_ID,IDX) values ('001','001019510114366   ','2479');
Insert into ECI_STS_SKUS (COMPANY_ID,CATALOG_REF_ID,IDX) values ('001','001019510114630   ','2486');
Insert into ECI_STS_SKUS (COMPANY_ID,CATALOG_REF_ID,IDX) values ('001','001019510116858   ','2498');
Insert into ECI_STS_SKUS (COMPANY_ID,CATALOG_REF_ID,IDX) values ('001','001019510117146   ','2517');
Insert into ECI_STS_SKUS (COMPANY_ID,CATALOG_REF_ID,IDX) values ('001','001019510117336   ','2533');
Insert into ECI_STS_SKUS (COMPANY_ID,CATALOG_REF_ID,IDX) values ('001','001028535628169   ','2672');
Insert into ECI_STS_SKUS (COMPANY_ID,CATALOG_REF_ID,IDX) values ('001','001028535628177   ','2673');
Insert into ECI_STS_SKUS (COMPANY_ID,CATALOG_REF_ID,IDX) values ('001','001028535715578   ','2674');
Insert into ECI_STS_SKUS (COMPANY_ID,CATALOG_REF_ID,IDX) values ('001','001028535731559   ','2684');
Insert into ECI_STS_SKUS (COMPANY_ID,CATALOG_REF_ID,IDX) values ('002','001009651100282  2','5209');
Insert into ECI_STS_SKUS (COMPANY_ID,CATALOG_REF_ID,IDX) values ('002','001009651100282  3','5210');
Insert into ECI_STS_SKUS (COMPANY_ID,CATALOG_REF_ID,IDX) values ('002','001009651100282  4','5211');
Insert into ECI_STS_SKUS (COMPANY_ID,CATALOG_REF_ID,IDX) values ('002','001019510112691   ','5467');
Insert into ECI_STS_SKUS (COMPANY_ID,CATALOG_REF_ID,IDX) values ('002','001019510112741   ','5468');
Insert into ECI_STS_SKUS (COMPANY_ID,CATALOG_REF_ID,IDX) values ('002','001019510113277   ','5469');
Insert into ECI_STS_SKUS (COMPANY_ID,CATALOG_REF_ID,IDX) values ('002','001019510113541   ','5472');
Insert into ECI_STS_SKUS (COMPANY_ID,CATALOG_REF_ID,IDX) values ('002','001019510113566   ','5473');
Insert into ECI_STS_SKUS (COMPANY_ID,CATALOG_REF_ID,IDX) values ('002','001019510114168   ','5474');
Insert into ECI_STS_SKUS (COMPANY_ID,CATALOG_REF_ID,IDX) values ('002','001019510114200   ','5476');
Insert into ECI_STS_SKUS (COMPANY_ID,CATALOG_REF_ID,IDX) values ('002','001019510114226   ','5477');
Insert into ECI_STS_SKUS (COMPANY_ID,CATALOG_REF_ID,IDX) values ('002','001019510114259   ','5478');
Insert into ECI_STS_SKUS (COMPANY_ID,CATALOG_REF_ID,IDX) values ('002','001019510114267   ','5479');
Insert into ECI_STS_SKUS (COMPANY_ID,CATALOG_REF_ID,IDX) values ('002','001019510114283   ','5480');
Insert into ECI_STS_SKUS (COMPANY_ID,CATALOG_REF_ID,IDX) values ('002','001019510114341   ','5481');
Insert into ECI_STS_SKUS (COMPANY_ID,CATALOG_REF_ID,IDX) values ('002','001019510114358   ','5482');
Insert into ECI_STS_SKUS (COMPANY_ID,CATALOG_REF_ID,IDX) values ('002','001019510114366   ','5483');
Insert into ECI_STS_SKUS (COMPANY_ID,CATALOG_REF_ID,IDX) values ('002','001019510114630   ','5490');
Insert into ECI_STS_SKUS (COMPANY_ID,CATALOG_REF_ID,IDX) values ('002','001019510116858   ','5502');
Insert into ECI_STS_SKUS (COMPANY_ID,CATALOG_REF_ID,IDX) values ('002','001019510117146   ','5521');
Insert into ECI_STS_SKUS (COMPANY_ID,CATALOG_REF_ID,IDX) values ('002','001019510117336   ','5537');
Insert into ECI_STS_SKUS (COMPANY_ID,CATALOG_REF_ID,IDX) values ('002','001028535628169   ','5676');
Insert into ECI_STS_SKUS (COMPANY_ID,CATALOG_REF_ID,IDX) values ('002','001028535628177   ','5677');
Insert into ECI_STS_SKUS (COMPANY_ID,CATALOG_REF_ID,IDX) values ('002','001028535715578   ','5678');
Insert into ECI_STS_SKUS (COMPANY_ID,CATALOG_REF_ID,IDX) values ('002','001028535731559   ','5688');
Insert into ECI_STS_SKUS (COMPANY_ID,CATALOG_REF_ID,IDX) values ('002','001028535731609   ','5690');
Insert into ECI_STS_SKUS (COMPANY_ID,CATALOG_REF_ID,IDX) values ('002','001028535739024   ','5698');
Insert into ECI_STS_SKUS (COMPANY_ID,CATALOG_REF_ID,IDX) values ('002','001028535748884   ','5732');
Insert into ECI_STS_SKUS (COMPANY_ID,CATALOG_REF_ID,IDX) values ('002','001028535749635   ','5736');
Insert into ECI_STS_SKUS (COMPANY_ID,CATALOG_REF_ID,IDX) values ('002','001038510108426   ','5761');
Insert into ECI_STS_SKUS (COMPANY_ID,CATALOG_REF_ID,IDX) values ('002','001038510109085   ','5771');
Insert into ECI_STS_SKUS (COMPANY_ID,CATALOG_REF_ID,IDX) values ('002','001038510109457   ','5786');
Insert into ECI_STS_SKUS (COMPANY_ID,CATALOG_REF_ID,IDX) values ('002','001038510110380   ','5813');
Insert into ECI_STS_SKUS (COMPANY_ID,CATALOG_REF_ID,IDX) values ('002','001038510110463   ','5814');
Insert into ECI_STS_SKUS (COMPANY_ID,CATALOG_REF_ID,IDX) values ('002','001038510110521   ','5815');
Insert into ECI_STS_SKUS (COMPANY_ID,CATALOG_REF_ID,IDX) values ('001','001028535731609   ','2686');
Insert into ECI_STS_SKUS (COMPANY_ID,CATALOG_REF_ID,IDX) values ('001','001028535739024   ','2694');
Insert into ECI_STS_SKUS (COMPANY_ID,CATALOG_REF_ID,IDX) values ('001','001028535748884   ','2728');
Insert into ECI_STS_SKUS (COMPANY_ID,CATALOG_REF_ID,IDX) values ('001','001028535749635   ','2732');
Insert into ECI_STS_SKUS (COMPANY_ID,CATALOG_REF_ID,IDX) values ('001','001038510108426   ','2757');
Insert into ECI_STS_SKUS (COMPANY_ID,CATALOG_REF_ID,IDX) values ('001','001038510109085   ','2767');
Insert into ECI_STS_SKUS (COMPANY_ID,CATALOG_REF_ID,IDX) values ('001','001038510109457   ','2782');
Insert into ECI_STS_SKUS (COMPANY_ID,CATALOG_REF_ID,IDX) values ('001','001038510110380   ','2809');
Insert into ECI_STS_SKUS (COMPANY_ID,CATALOG_REF_ID,IDX) values ('001','001038510110463   ','2810');
Insert into ECI_STS_SKUS (COMPANY_ID,CATALOG_REF_ID,IDX) values ('001','001038510110521   ','2811');
Insert into ECI_STS_SKUS (COMPANY_ID,CATALOG_REF_ID,IDX) values ('002','001007218500010   ','4897');
Insert into ECI_STS_SKUS (COMPANY_ID,CATALOG_REF_ID,IDX) values ('002','001007220205038   ','4907');
Insert into ECI_STS_SKUS (COMPANY_ID,CATALOG_REF_ID,IDX) values ('002','001007220215607   ','4909');
Insert into ECI_STS_SKUS (COMPANY_ID,CATALOG_REF_ID,IDX) values ('002','001007220325828   ','4950');
Insert into ECI_STS_SKUS (COMPANY_ID,CATALOG_REF_ID,IDX) values ('002','001007220325844   ','4951');
Insert into ECI_STS_SKUS (COMPANY_ID,CATALOG_REF_ID,IDX) values ('002','001007220329986   ','4979');
Insert into ECI_STS_SKUS (COMPANY_ID,CATALOG_REF_ID,IDX) values ('002','001007220329994   ','4980');
Insert into ECI_STS_SKUS (COMPANY_ID,CATALOG_REF_ID,IDX) values ('006','001010110108445   ','8827');
Insert into ECI_STS_SKUS (COMPANY_ID,CATALOG_REF_ID,IDX) values ('006','001010410100126 48','8842');
-- PD00000460-10012995
Insert into ECI_STS_SKUS (COMPANY_ID,CATALOG_REF_ID,IDX) values ('010','001010410100126 48','8842'); 
-----------------------
Insert into ECI_STS_SKUS (COMPANY_ID,CATALOG_REF_ID,IDX) values ('006','001010410102122 52','8856');
Insert into ECI_STS_SKUS (COMPANY_ID,CATALOG_REF_ID,IDX) values ('006','001010410102312 42','8865');
Insert into ECI_STS_SKUS (COMPANY_ID,CATALOG_REF_ID,IDX) values ('006','001010410102411 48','8866');
Insert into ECI_STS_SKUS (COMPANY_ID,CATALOG_REF_ID,IDX) values ('006','001010410102411 50','8867');
Insert into ECI_STS_SKUS (COMPANY_ID,CATALOG_REF_ID,IDX) values ('006','001097626108076   ','9070');
Insert into ECI_STS_SKUS (COMPANY_ID,CATALOG_REF_ID,IDX) values ('006','001097626108431   ','9092');
Insert into ECI_STS_SKUS (COMPANY_ID,CATALOG_REF_ID,IDX) values ('006','001097626108886   ','9102');
Insert into ECI_STS_SKUS (COMPANY_ID,CATALOG_REF_ID,IDX) values ('006','001097626108977   ','9110');
Insert into ECI_STS_SKUS (COMPANY_ID,CATALOG_REF_ID,IDX) values ('001','001007218500010   ','1893');
Insert into ECI_STS_SKUS (COMPANY_ID,CATALOG_REF_ID,IDX) values ('001','001007220205038   ','1903');
Insert into ECI_STS_SKUS (COMPANY_ID,CATALOG_REF_ID,IDX) values ('001','001007220215607   ','1905');
Insert into ECI_STS_SKUS (COMPANY_ID,CATALOG_REF_ID,IDX) values ('001','001007220325828   ','1946');
Insert into ECI_STS_SKUS (COMPANY_ID,CATALOG_REF_ID,IDX) values ('001','001007220325844   ','1947');
Insert into ECI_STS_SKUS (COMPANY_ID,CATALOG_REF_ID,IDX) values ('001','001007220329986   ','1975');
Insert into ECI_STS_SKUS (COMPANY_ID,CATALOG_REF_ID,IDX) values ('001','001007220329994   ','1976');
Insert into ECI_STS_SKUS (COMPANY_ID,CATALOG_REF_ID,IDX) values ('006','001019510114168   ','9113');
Insert into ECI_STS_SKUS (COMPANY_ID,CATALOG_REF_ID,IDX) values ('004','001003110460957   ','3857');
Insert into ECI_STS_SKUS (COMPANY_ID,CATALOG_REF_ID,IDX) values ('006','001003110460957   ','3857');
Insert into ECI_STS_SKUS (COMPANY_ID,CATALOG_REF_ID,IDX) values ('001','001006500000069   ','9123');
Insert into ECI_STS_SKUS (COMPANY_ID,CATALOG_REF_ID,IDX) values ('002','001006500000069   ','9124');
Insert into ECI_STS_SKUS (COMPANY_ID,CATALOG_REF_ID,IDX) values ('004','001006500000069   ','9125');
Insert into ECI_STS_SKUS (COMPANY_ID,CATALOG_REF_ID,IDX) values ('006','001006500000069   ','9126');
Insert into ECI_STS_SKUS (COMPANY_ID,CATALOG_REF_ID,IDX) values ('004','001006210134596   ','9117');
Insert into ECI_STS_SKUS (COMPANY_ID,CATALOG_REF_ID,IDX) values ('006','001006210134596   ','9118');
Insert into ECI_STS_SKUS (COMPANY_ID,CATALOG_REF_ID,IDX) values ('001','001025562105020   ','9123');
Insert into ECI_STS_SKUS (COMPANY_ID,CATALOG_REF_ID,IDX) values ('002','001025562105020   ','9124');
Insert into ECI_STS_SKUS (COMPANY_ID,CATALOG_REF_ID,IDX) values ('004','001025562105020   ','9125');
Insert into ECI_STS_SKUS (COMPANY_ID,CATALOG_REF_ID,IDX) values ('006','001025562105020   ','9126');
Insert into ECI_STS_SKUS (COMPANY_ID,CATALOG_REF_ID,IDX) values ('001','001006521149069   ','9123');
Insert into ECI_STS_SKUS (COMPANY_ID,CATALOG_REF_ID,IDX) values ('002','001006521149069   ','9124');
Insert into ECI_STS_SKUS (COMPANY_ID,CATALOG_REF_ID,IDX) values ('004','001006521149069   ','9125');
Insert into ECI_STS_SKUS (COMPANY_ID,CATALOG_REF_ID,IDX) values ('006','001006521149069   ','9126');
Insert into ECI_STS_SKUS (COMPANY_ID,CATALOG_REF_ID,IDX) values ('001','001006534224966   ','9123');
Insert into ECI_STS_SKUS (COMPANY_ID,CATALOG_REF_ID,IDX) values ('002','001006534224966   ','9124');
Insert into ECI_STS_SKUS (COMPANY_ID,CATALOG_REF_ID,IDX) values ('004','001006534224966   ','9125');
Insert into ECI_STS_SKUS (COMPANY_ID,CATALOG_REF_ID,IDX) values ('006','001006534224966   ','9126');
Insert into ECI_STS_SKUS (COMPANY_ID,CATALOG_REF_ID,IDX) values ('001','001004710358054   ','9131');
Insert into ECI_STS_SKUS (COMPANY_ID,CATALOG_REF_ID,IDX) values ('002','001004710358054   ','9132');
Insert into ECI_STS_SKUS (COMPANY_ID,CATALOG_REF_ID,IDX) values ('004','001004710358054   ','9133');
Insert into ECI_STS_SKUS (COMPANY_ID,CATALOG_REF_ID,IDX) values ('006','001004710358054   ','9134');
Insert into ECI_STS_SKUS (COMPANY_ID,CATALOG_REF_ID,IDX) values ('001','001003302100072110','9147');
Insert into ECI_STS_SKUS (COMPANY_ID,CATALOG_REF_ID,IDX) values ('002','001003302100072110','9148');
Insert into ECI_STS_SKUS (COMPANY_ID,CATALOG_REF_ID,IDX) values ('004','001003302100072110','9149');
Insert into ECI_STS_SKUS (COMPANY_ID,CATALOG_REF_ID,IDX) values ('006','001003302100072110','9150');
Insert into ECI_STS_SKUS (COMPANY_ID,CATALOG_REF_ID,IDX) values ('001','001093441100141   ','9387');
Insert into ECI_STS_SKUS (COMPANY_ID,CATALOG_REF_ID,IDX) values ('002','001093441100141   ','9388');
--PD00000516-4041 Se da STS al producto
Insert into ECI_STS_SKUS (COMPANY_ID,CATALOG_REF_ID,IDX) values ('001','001007741404664   ','9389');
Insert into ECI_STS_SKUS (COMPANY_ID,CATALOG_REF_ID,IDX) values ('002','001007741404664   ','9390');
Insert into ECI_STS_SKUS (COMPANY_ID,CATALOG_REF_ID,IDX) values ('004','001007741404664   ','9391');
Insert into ECI_STS_SKUS (COMPANY_ID,CATALOG_REF_ID,IDX) values ('006','001007741404664   ','9392');
--PD00000516-14233
Insert into ECI_STS_SKUS (COMPANY_ID,CATALOG_REF_ID,IDX) values ('001','001056614100628   ','9497');
Insert into ECI_STS_SKUS (COMPANY_ID,CATALOG_REF_ID,IDX) values ('002','001056614100628   ','9498');

COMMIT;

-- Dar CnC a los productos

delete from click_and_collect_availability where catalog_ref_id in (
'001001100700051   ',
'001001100700093   ',
'001001100700150   ',
'001001100700168   ',
'001001103800031   ',
'001001103800049   ',
'001001104100019   ',
'001001104100084   ',
'001001104100118   ',
'001001104100217   ',
'001001104100266   ',
'001001104100274   ',
'001001104100282   ',
'001001104100290   ',
'001001104100308   ',
'001001105100273   ',
'001001105100323   ',
'001001105100364   ',
'001001107100099   ',
'001001108300169   ',
'001001118300282   ',
'001001661300580   ',
'001002311001198   ',
'001002311001222   ',
'001002311001230   ',
'001002311001248   ',
'001002311001412   ',
'001002311001420   ',
'001002410195370 75',
'001002410195404 70',
'001002419902693   ',
'001002419902701   ',
'001002419902800   ',
'001002420109379 80',
'001002420109379 85',
'001002525607491   ',
'001002525612392   ',
'001002620201521   ',
'001002711103925   ',
'001002711302634   ',
'001002711502548   ',
'001002711502829   ',
'001002711503058   ',
'001002711503140   ',
'001002711503256   ',
'001002712230958   ',
'001002712248646   ',
'001002712341201   ',
'001002712351390   ',
'001002712495072   ',
'001002722091515   ',
'001002723130676   ',
'001002723308843   ',
'001002723701245   ',
'001002723702441   ',
'001002723702466   ',
'001002723702474   ',
'001002724104407   ',
'001002724104829   ',
'001002724105099   ',
'001002724400615   ',
'001002724402587   ',
'001002724503350   ',
'001002724905472   ',
'001002810424891   ',
'001002810427514   ',
'001002813900061   ',
'001003110439076   ',
'001003110439084   ',
'001003110442484   ',
'001003110448341   ',
'001003110453630   ',
'001003110456393   ',
'001003110457912   ',
'001003110457920   ',
'001003110459991   ',
'001003110460759   ',
'001003110460957   ',
'001003110461658   ',
'001003110461823   ',
'001003110462789   ',
'001003110465022   ',
'001003110465337   ',
'001003110467200   ',
'001003302100072 65',
'001003302100072 70',
'001003302100072 95',
'001003302100072100',
'001003302100072110',
'001003302100080 65',
'001003302100080 70',
'001003510100815  3',
'001003510101482  2',
'001004210100014423',
'001004210100550523',
'001004710110018   ',
'001004710358054   ',
'001004710371974   ',
'001004710373111   ',
'001004710374267   ',
'001004710453947   ',
'001004720354622   ',
'001004721010116   ',
'001004721010124   ',
'001004721323550   ',
'001004741026936   ',
'001004741027751   ',
'001004741135521   ',
'001004741136941   ',
'001004742013602   ',
'001005113409543   ',
'001005164602558   ',
'001005310200356   ',
'001005310305627   ',
'001005400905740   ',
'001005400907498   ',
'001006210124696   ',
'001006210129760   ',
'001006210134596   ',
'001006230001486   ',
'001006500000069   ',
'001006500101230   ',
'001006500104739   ',
'001006521149069   ',
'001006523072723   ',
'001006534224966   ',
'001006535007626   ',
'001006535011990   ',
'001006539101680   ',
'001006810128360   ',
'001006810135340   ',
'001006810148160   ',
'001093440600448   ',
'001006810148368   ',
'001006810243854   ',
'001006810243862   ',
'001006810244407   ',
'001006810244613   ',
'001006810244688   ',
'001006810244696   ',
'001007010100191   ',
'001007012103276   ',
'001007012500117   ',
'001007012500133   ',
'001007016012614   ',
'001007016012630   ',
'001007016012705   ',
'001007016012721   ',
'001007016012739   ',
'001007016012747   ',
'001007016012754   ',
'001007016012770   ',
'001007016174851   ',
'001007016207859   ',
'001007016208071   ',
'001007016305851   ',
'001007218500010   ',
'001007220205038   ',
'001007220215607   ',
'001007220325828   ',
'001007220325844   ',
'001007220329986   ',
'001007220329994   ',
'001007227241333   ',
'001007227241655   ',
'001007231900296   ',
'001007231900312   ',
'001007237300160   ',
'001007237300459   ',
'001007237300467   ',
'001007237500165   ',
'001007334813818   ',
'001007365702799   ',
'001007740551457   ',
'001007740618090   ',
'001007740618231   ',
'001007741211739   ',
'001007741211770   ',
'001007741403583   ',
'001007741404664   ',
'001007741404995   ',
'001007746003677   ',
'001007746800502   ',
'001007755200131   ',
'001008336120657   ',
'001008336128668006',
'001008336128668008',
'001008336185759   ',
'001008336253987   ',
'001008341132267   ',
'001008346303483   ',
'001008346498762   ',
'001008350591965   ',
'001008350591981   ',
'001008350600055   ',
'001008410940350   ',
'001008411500039   ',
'001008411500096   ',
'001008411500195   ',
'001008418193978  7',
'001008446271556   ',
'001008459995885   ',
'001009651100282  2',
'001009651100282  3',
'001009651100282  4',
'001010021800916   ',
'001010024201898070',
'001010110106860   ',
'001010110107454   ',
'001010110108361   ',
'001010110108445   ',
'001010114003212   ',
'001010114120271   ',
'001010114286312   ',
'001010252604201   ',
'001010252604219   ',
'001010410100126 48',
'001010410102122 52',
'001010410102312 42',
'001010410102411 48',
'001010410102411 50',
'001010530293280   ',
'001010530792661   ',
'001010647902617   ',
'001010647902823   ',
'001010762600947   ',
'001010762991254   ',
'001012750001559   ',
'001012750400033   ',
'001012751002473   ',
'0010127510F5934   ',
'0010127520F2294   ',
'001012752200035   ',
'0010127522F2308   ',
'001012752500103   ',
'001012800100047   ',
'001012800100054   ',
'001012800100062   ',
'001012800100070   ',
'001012800100088   ',
'001012801700019   ',
'001012801700324   ',
'001012909000171   ',
'001012940001758   ',
'001012940100162   ',
'001012940100261   ',
'001012940100311   ',
'001012940200418   ',
'001012940200822   ',
'001012940200905   ',
'001012940200921   ',
'001013300200089   ',
'001013300200253   ',
'001013523100017   ',
'001014830746377   ',
'001014830746401   ',
'001014830746773   ',
'001015217005840   ',
'001015409000054   ',
'001018016700041   ',
'001018101100206   ',
'001018106000039   ',
'001018157200108   ',
'001018246800033   ',
'001018246800041   ',
'001018247300140   ',
'001018247500046   ',
'001018251000024   ',
'001018253000014   ',
'001018253000162   ',
'001018253100095   ',
'001018255000046   ',
'001018255400048   ',
'001018255800080   ',
'001018255900021   ',
'001018256000102   ',
'001018258900044   ',
'001018286400033   ',
'001018411200019   ',
'001018734700059   ',
'001018734700083   ',
'001018734700554   ',
'001018734700570   ',
'001018734700588   ',
'001018742700059   ',
'001018742700083   ',
'001018742700117   ',
'001018742700174   ',
'001018742700646   ',
'001018742700794   ',
'001018742700927   ',
'001018917200091   ',
'001018917200174   ',
'001019510112691   ',
'001019510112741   ',
'001019510113277   ',
'001019510113541   ',
'001019510113566   ',
'001019510114168   ',
'001019510114200   ',
'001019510114226   ',
'001019510114259   ',
'001019510114267   ',
'001019510114283   ',
'001019510114341   ',
'001019510114358   ',
'001019510114366   ',
'001019510114630   ',
'001019510116858   ',
'001019510117146   ',
'001019510117336   ',
'001019535100242   ',
'001023023800016   ',
'001023025100019   ',
'001025063201666002',
'001025515251541   ',
'001025562105020   ',
'001025940000497   ',
'001026310242057   ',
'001026710515243   ',
'001027000400013   ',
'001027000700016   ',
'001027000800014   ',
'001027001000010   ',
'001027001100018   ',
'001027001600017   ',
'001027002100017   ',
'001027003700013   ',
'001027009000012   ',
'001028535628169   ',
'001028535628177   ',
'001028535715578   ',
'001028535731559   ',
'001028535731609   ',
'001028535739024   ',
'001028535748884   ',
'001028535749635   ',
'001028610759731   ',
'001028635704746   ',
'001028748000024   ',
'001031354500154   ',
'001038225100114   ',
'001038510108426   ',
'001038510109085   ',
'001038510109457   ',
'001038510110380   ',
'001038510110463   ',
'001038510110521   ',
'001038531003911   ',
'001038630401206   ',
'001038630403020   ',
'001044838101200   ',
'001044838400362   ',
'001044839102488   ',
'001044839105358   ',
'001044839105762   ',
'001044839200456   ',
'001046100100018   ',
'001046810122641   ',
'001056610102313   ',
'001056613112624   ',
'001056613301748   ',
'001056613402025   ',
'001056614100628   ',
'001056660401789   ',
'001059710400751   ',
'001064220118562   ',
'001068310138109   ',
'001068310138281   ',
'001068310138992   ',
'001069410511781   ',
'001069410512409   ',
'001069700100022   ',
'001069700200012   ',
'001079862600016   ',
'001079910200017   ',
'001079910500010   ',
'001079911700015   ',
'001081323203406 85',
'001081523206696 85',
'001082110200019   ',
'001090600000120   ',
'001093441100141   ',
'001094610200647   ',
'001094610400205   ',
'001097574113078   ',
'001097576500710   ',
'001097626108076   ',
'001097626108431   ',
'001097626108886   ',
'001097626108977   ',
'001097630126668   ',
'001097630133524   ',
'001097630135131   ',
'001097630136170   ',
'001097630136931   ',
'001097630136980   ',
'001097630139166   ',
'001097630139901   ',
'001097630140016   ',
'001097630140719   ',
'001097630141030   ',
'001097630141212   ',
'001097631306319   ',
'001097631400013   ',
'001097631507007   ',
'001097631507049   ',
'001097631602949   ',
'001097632700023   ',
'001097632802068   ',
'001097901745865   ',
'001097911300560   ',
'0010979713F3214   ',
'019000313003725   ',
'019000313004061   ',
'019000313004152   '
);

Insert into CLICK_AND_COLLECT_AVAILABILITY (CATALOG_REF_ID,UNIQUE_CODE,COMPANY_ID) values ('001001100700051   ','000000000107681799','001');
Insert into CLICK_AND_COLLECT_AVAILABILITY (CATALOG_REF_ID,UNIQUE_CODE,COMPANY_ID) values ('001001100700093   ','000000000107711608','001');
Insert into CLICK_AND_COLLECT_AVAILABILITY (CATALOG_REF_ID,UNIQUE_CODE,COMPANY_ID) values ('001001100700150   ','000000000108029886','001');
Insert into CLICK_AND_COLLECT_AVAILABILITY (CATALOG_REF_ID,UNIQUE_CODE,COMPANY_ID) values ('001001100700168   ','000000000108029887','001');
Insert into CLICK_AND_COLLECT_AVAILABILITY (CATALOG_REF_ID,UNIQUE_CODE,COMPANY_ID) values ('001001103800031   ','000000000140474696','001');
Insert into CLICK_AND_COLLECT_AVAILABILITY (CATALOG_REF_ID,UNIQUE_CODE,COMPANY_ID) values ('001001103800049   ','000000000140474749','001');
Insert into CLICK_AND_COLLECT_AVAILABILITY (CATALOG_REF_ID,UNIQUE_CODE,COMPANY_ID) values ('001001104100019   ','000000000107017782','001');
Insert into CLICK_AND_COLLECT_AVAILABILITY (CATALOG_REF_ID,UNIQUE_CODE,COMPANY_ID) values ('001001104100084   ','000000000107017836','001');
Insert into CLICK_AND_COLLECT_AVAILABILITY (CATALOG_REF_ID,UNIQUE_CODE,COMPANY_ID) values ('001001104100118   ','000000000107017852','001');
Insert into CLICK_AND_COLLECT_AVAILABILITY (CATALOG_REF_ID,UNIQUE_CODE,COMPANY_ID) values ('001001104100217   ','000000000107766941','001');
Insert into CLICK_AND_COLLECT_AVAILABILITY (CATALOG_REF_ID,UNIQUE_CODE,COMPANY_ID) values ('001001104100266   ','000000000107767726','001');
Insert into CLICK_AND_COLLECT_AVAILABILITY (CATALOG_REF_ID,UNIQUE_CODE,COMPANY_ID) values ('001001104100274   ','000000000107767731','001');
Insert into CLICK_AND_COLLECT_AVAILABILITY (CATALOG_REF_ID,UNIQUE_CODE,COMPANY_ID) values ('001001104100282   ','000000000107767732','001');
Insert into CLICK_AND_COLLECT_AVAILABILITY (CATALOG_REF_ID,UNIQUE_CODE,COMPANY_ID) values ('001001104100290   ','000000000107767735','001');
Insert into CLICK_AND_COLLECT_AVAILABILITY (CATALOG_REF_ID,UNIQUE_CODE,COMPANY_ID) values ('001001104100308   ','000000000107767736','001');
Insert into CLICK_AND_COLLECT_AVAILABILITY (CATALOG_REF_ID,UNIQUE_CODE,COMPANY_ID) values ('001001105100273   ','000000000107751191','001');
Insert into CLICK_AND_COLLECT_AVAILABILITY (CATALOG_REF_ID,UNIQUE_CODE,COMPANY_ID) values ('001001105100323   ','000000000107751241','001');
Insert into CLICK_AND_COLLECT_AVAILABILITY (CATALOG_REF_ID,UNIQUE_CODE,COMPANY_ID) values ('001001105100364   ','000000000107751285','001');
Insert into CLICK_AND_COLLECT_AVAILABILITY (CATALOG_REF_ID,UNIQUE_CODE,COMPANY_ID) values ('001001107100099   ','000000000107018531','001');
Insert into CLICK_AND_COLLECT_AVAILABILITY (CATALOG_REF_ID,UNIQUE_CODE,COMPANY_ID) values ('001001108300169   ','000000000107028778','001');
Insert into CLICK_AND_COLLECT_AVAILABILITY (CATALOG_REF_ID,UNIQUE_CODE,COMPANY_ID) values ('001001661300580   ','000000000141793403','001');
Insert into CLICK_AND_COLLECT_AVAILABILITY (CATALOG_REF_ID,UNIQUE_CODE,COMPANY_ID) values ('001002311001420   ','000000000106689627','001');
Insert into CLICK_AND_COLLECT_AVAILABILITY (CATALOG_REF_ID,UNIQUE_CODE,COMPANY_ID) values ('001002410195370 75','000001078647510075','001');
Insert into CLICK_AND_COLLECT_AVAILABILITY (CATALOG_REF_ID,UNIQUE_CODE,COMPANY_ID) values ('001002410195404 70','000001079154340070','001');
Insert into CLICK_AND_COLLECT_AVAILABILITY (CATALOG_REF_ID,UNIQUE_CODE,COMPANY_ID) values ('001002419902693   ','000000000107674838','001');
Insert into CLICK_AND_COLLECT_AVAILABILITY (CATALOG_REF_ID,UNIQUE_CODE,COMPANY_ID) values ('001002419902701   ','000000000107674839','001');
Insert into CLICK_AND_COLLECT_AVAILABILITY (CATALOG_REF_ID,UNIQUE_CODE,COMPANY_ID) values ('001002419902800   ','000000000107674849','001');
Insert into CLICK_AND_COLLECT_AVAILABILITY (CATALOG_REF_ID,UNIQUE_CODE,COMPANY_ID) values ('001002420109379 80','000001001508190080','001');
Insert into CLICK_AND_COLLECT_AVAILABILITY (CATALOG_REF_ID,UNIQUE_CODE,COMPANY_ID) values ('001002420109379 85','000001001508190085','001');
Insert into CLICK_AND_COLLECT_AVAILABILITY (CATALOG_REF_ID,UNIQUE_CODE,COMPANY_ID) values ('001002711103925   ','000000000100210087','001');
Insert into CLICK_AND_COLLECT_AVAILABILITY (CATALOG_REF_ID,UNIQUE_CODE,COMPANY_ID) values ('001002712341201   ','000000000100212941','001');
Insert into CLICK_AND_COLLECT_AVAILABILITY (CATALOG_REF_ID,UNIQUE_CODE,COMPANY_ID) values ('001002712351390   ','000000000140747899','001');
Insert into CLICK_AND_COLLECT_AVAILABILITY (CATALOG_REF_ID,UNIQUE_CODE,COMPANY_ID) values ('001002712495072   ','000000000106764267','001');
Insert into CLICK_AND_COLLECT_AVAILABILITY (CATALOG_REF_ID,UNIQUE_CODE,COMPANY_ID) values ('001002723130676   ','000000000140854986','001');
Insert into CLICK_AND_COLLECT_AVAILABILITY (CATALOG_REF_ID,UNIQUE_CODE,COMPANY_ID) values ('001002723308843   ','000000000141272495','001');
Insert into CLICK_AND_COLLECT_AVAILABILITY (CATALOG_REF_ID,UNIQUE_CODE,COMPANY_ID) values ('001002723701245   ','000000000107112420','001');
Insert into CLICK_AND_COLLECT_AVAILABILITY (CATALOG_REF_ID,UNIQUE_CODE,COMPANY_ID) values ('001002723702441   ','000000000141359067','001');
Insert into CLICK_AND_COLLECT_AVAILABILITY (CATALOG_REF_ID,UNIQUE_CODE,COMPANY_ID) values ('001002723702466   ','000000000141479152','001');
Insert into CLICK_AND_COLLECT_AVAILABILITY (CATALOG_REF_ID,UNIQUE_CODE,COMPANY_ID) values ('001002723702474   ','000000000141479154','001');
Insert into CLICK_AND_COLLECT_AVAILABILITY (CATALOG_REF_ID,UNIQUE_CODE,COMPANY_ID) values ('001002724104829   ','000000000100217738','001');
Insert into CLICK_AND_COLLECT_AVAILABILITY (CATALOG_REF_ID,UNIQUE_CODE,COMPANY_ID) values ('001002724105099   ','000000000107943651','001');
Insert into CLICK_AND_COLLECT_AVAILABILITY (CATALOG_REF_ID,UNIQUE_CODE,COMPANY_ID) values ('001002724400615   ','000000000100218271','001');
Insert into CLICK_AND_COLLECT_AVAILABILITY (CATALOG_REF_ID,UNIQUE_CODE,COMPANY_ID) values ('001002724503350   ','000000000100218461','001');
Insert into CLICK_AND_COLLECT_AVAILABILITY (CATALOG_REF_ID,UNIQUE_CODE,COMPANY_ID) values ('001002810424891   ','000000000100219406','001');
Insert into CLICK_AND_COLLECT_AVAILABILITY (CATALOG_REF_ID,UNIQUE_CODE,COMPANY_ID) values ('001003110439076   ','000000000100256412','001');
Insert into CLICK_AND_COLLECT_AVAILABILITY (CATALOG_REF_ID,UNIQUE_CODE,COMPANY_ID) values ('001003110439084   ','000000000100256413','001');
Insert into CLICK_AND_COLLECT_AVAILABILITY (CATALOG_REF_ID,UNIQUE_CODE,COMPANY_ID) values ('001003110442484   ','000000000100256561','001');
Insert into CLICK_AND_COLLECT_AVAILABILITY (CATALOG_REF_ID,UNIQUE_CODE,COMPANY_ID) values ('001003110448341   ','000000000100256813','001');
Insert into CLICK_AND_COLLECT_AVAILABILITY (CATALOG_REF_ID,UNIQUE_CODE,COMPANY_ID) values ('001003110453630   ','000000000100257039','001');
Insert into CLICK_AND_COLLECT_AVAILABILITY (CATALOG_REF_ID,UNIQUE_CODE,COMPANY_ID) values ('001003110456393   ','000000000100257113','001');
Insert into CLICK_AND_COLLECT_AVAILABILITY (CATALOG_REF_ID,UNIQUE_CODE,COMPANY_ID) values ('001003110457912   ','000000000100257165','001');
Insert into CLICK_AND_COLLECT_AVAILABILITY (CATALOG_REF_ID,UNIQUE_CODE,COMPANY_ID) values ('001003110457920   ','000000000100257166','001');
Insert into CLICK_AND_COLLECT_AVAILABILITY (CATALOG_REF_ID,UNIQUE_CODE,COMPANY_ID) values ('001003110459991   ','000000000100257248','001');
Insert into CLICK_AND_COLLECT_AVAILABILITY (CATALOG_REF_ID,UNIQUE_CODE,COMPANY_ID) values ('001003110460759   ','000000000100257272','001');
Insert into CLICK_AND_COLLECT_AVAILABILITY (CATALOG_REF_ID,UNIQUE_CODE,COMPANY_ID) values ('001003110460957   ','000000000100257280','001');
Insert into CLICK_AND_COLLECT_AVAILABILITY (CATALOG_REF_ID,UNIQUE_CODE,COMPANY_ID) values ('001003110461658   ','000000000100257311','001');
Insert into CLICK_AND_COLLECT_AVAILABILITY (CATALOG_REF_ID,UNIQUE_CODE,COMPANY_ID) values ('001003110461823   ','000000000100257322','001');
Insert into CLICK_AND_COLLECT_AVAILABILITY (CATALOG_REF_ID,UNIQUE_CODE,COMPANY_ID) values ('001003110462789   ','000000000100257374','001');
Insert into CLICK_AND_COLLECT_AVAILABILITY (CATALOG_REF_ID,UNIQUE_CODE,COMPANY_ID) values ('001003110465022   ','000000000100257443','001');
Insert into CLICK_AND_COLLECT_AVAILABILITY (CATALOG_REF_ID,UNIQUE_CODE,COMPANY_ID) values ('001003110465337   ','000000000100257470','001');
Insert into CLICK_AND_COLLECT_AVAILABILITY (CATALOG_REF_ID,UNIQUE_CODE,COMPANY_ID) values ('001003110467200   ','000000000100257578','001');
Insert into CLICK_AND_COLLECT_AVAILABILITY (CATALOG_REF_ID,UNIQUE_CODE,COMPANY_ID) values ('001003302100072 65','000001002761170065','001');
Insert into CLICK_AND_COLLECT_AVAILABILITY (CATALOG_REF_ID,UNIQUE_CODE,COMPANY_ID) values ('001003302100072 70','000001002761170070','001');
Insert into CLICK_AND_COLLECT_AVAILABILITY (CATALOG_REF_ID,UNIQUE_CODE,COMPANY_ID) values ('001003302100072 95','000001002761170095','001');
Insert into CLICK_AND_COLLECT_AVAILABILITY (CATALOG_REF_ID,UNIQUE_CODE,COMPANY_ID) values ('001003302100072100','000001002761170100','001');
Insert into CLICK_AND_COLLECT_AVAILABILITY (CATALOG_REF_ID,UNIQUE_CODE,COMPANY_ID) values ('001003302100072110','000001002761170110','001');
Insert into CLICK_AND_COLLECT_AVAILABILITY (CATALOG_REF_ID,UNIQUE_CODE,COMPANY_ID) values ('001003302100080 65','000001002761180065','001');
Insert into CLICK_AND_COLLECT_AVAILABILITY (CATALOG_REF_ID,UNIQUE_CODE,COMPANY_ID) values ('001003302100080 70','000001002761180070','001');
Insert into CLICK_AND_COLLECT_AVAILABILITY (CATALOG_REF_ID,UNIQUE_CODE,COMPANY_ID) values ('001003510100815  3','000001002861130003','001');
Insert into CLICK_AND_COLLECT_AVAILABILITY (CATALOG_REF_ID,UNIQUE_CODE,COMPANY_ID) values ('001003510101482  2','000001002861710002','001');
Insert into CLICK_AND_COLLECT_AVAILABILITY (CATALOG_REF_ID,UNIQUE_CODE,COMPANY_ID) values ('001004710453947   ','000000000107956894','001');
Insert into CLICK_AND_COLLECT_AVAILABILITY (CATALOG_REF_ID,UNIQUE_CODE,COMPANY_ID) values ('001006210124696   ','000000000100543449','001');
Insert into CLICK_AND_COLLECT_AVAILABILITY (CATALOG_REF_ID,UNIQUE_CODE,COMPANY_ID) values ('001006210129760   ','000000000100543539','001');
Insert into CLICK_AND_COLLECT_AVAILABILITY (CATALOG_REF_ID,UNIQUE_CODE,COMPANY_ID) values ('001006230001486   ','000000000100559388','001');
Insert into CLICK_AND_COLLECT_AVAILABILITY (CATALOG_REF_ID,UNIQUE_CODE,COMPANY_ID) values ('001006500000069   ','000000000100641429','001');
Insert into CLICK_AND_COLLECT_AVAILABILITY (CATALOG_REF_ID,UNIQUE_CODE,COMPANY_ID) values ('001006500101230   ','000000000100641456','001');
Insert into CLICK_AND_COLLECT_AVAILABILITY (CATALOG_REF_ID,UNIQUE_CODE,COMPANY_ID) values ('001006500104739   ','000000000100641475','001');
Insert into CLICK_AND_COLLECT_AVAILABILITY (CATALOG_REF_ID,UNIQUE_CODE,COMPANY_ID) values ('001006521149069   ','000000000141545665','001');
Insert into CLICK_AND_COLLECT_AVAILABILITY (CATALOG_REF_ID,UNIQUE_CODE,COMPANY_ID) values ('001006534224966   ','000000000100985074','001');
Insert into CLICK_AND_COLLECT_AVAILABILITY (CATALOG_REF_ID,UNIQUE_CODE,COMPANY_ID) values ('001006810128360   ','000000000101133346','001');
Insert into CLICK_AND_COLLECT_AVAILABILITY (CATALOG_REF_ID,UNIQUE_CODE,COMPANY_ID) values ('001006810135340   ','000000000101133495','001');
Insert into CLICK_AND_COLLECT_AVAILABILITY (CATALOG_REF_ID,UNIQUE_CODE,COMPANY_ID) values ('001006810148160   ','000000000101134064','001');
Insert into CLICK_AND_COLLECT_AVAILABILITY (CATALOG_REF_ID,UNIQUE_CODE,COMPANY_ID) values ('001093440600448   ','000000000105346908','001');
Insert into CLICK_AND_COLLECT_AVAILABILITY (CATALOG_REF_ID,UNIQUE_CODE,COMPANY_ID) values ('001006810148368   ','000000000101134084','001');
Insert into CLICK_AND_COLLECT_AVAILABILITY (CATALOG_REF_ID,UNIQUE_CODE,COMPANY_ID) values ('001006810243854   ','000000000101134146','001');
Insert into CLICK_AND_COLLECT_AVAILABILITY (CATALOG_REF_ID,UNIQUE_CODE,COMPANY_ID) values ('001006810243862   ','000000000101134147','001');
Insert into CLICK_AND_COLLECT_AVAILABILITY (CATALOG_REF_ID,UNIQUE_CODE,COMPANY_ID) values ('001006810244407   ','000000000101134161','001');
Insert into CLICK_AND_COLLECT_AVAILABILITY (CATALOG_REF_ID,UNIQUE_CODE,COMPANY_ID) values ('001006810244613   ','000000000101134178','001');
Insert into CLICK_AND_COLLECT_AVAILABILITY (CATALOG_REF_ID,UNIQUE_CODE,COMPANY_ID) values ('001006810244688   ','000000000107332276','001');
Insert into CLICK_AND_COLLECT_AVAILABILITY (CATALOG_REF_ID,UNIQUE_CODE,COMPANY_ID) values ('001006810244696   ','000000000107469486','001');
Insert into CLICK_AND_COLLECT_AVAILABILITY (CATALOG_REF_ID,UNIQUE_CODE,COMPANY_ID) values ('001007012500117   ','000000000101154962','001');
Insert into CLICK_AND_COLLECT_AVAILABILITY (CATALOG_REF_ID,UNIQUE_CODE,COMPANY_ID) values ('001007012500133   ','000000000101154964','001');
Insert into CLICK_AND_COLLECT_AVAILABILITY (CATALOG_REF_ID,UNIQUE_CODE,COMPANY_ID) values ('001007016012705   ','000000000101154991','001');
Insert into CLICK_AND_COLLECT_AVAILABILITY (CATALOG_REF_ID,UNIQUE_CODE,COMPANY_ID) values ('001007016012721   ','000000000101154993','001');
Insert into CLICK_AND_COLLECT_AVAILABILITY (CATALOG_REF_ID,UNIQUE_CODE,COMPANY_ID) values ('001007016012747   ','000000000101154995','001');
Insert into CLICK_AND_COLLECT_AVAILABILITY (CATALOG_REF_ID,UNIQUE_CODE,COMPANY_ID) values ('001007016012754   ','000000000101154996','001');
Insert into CLICK_AND_COLLECT_AVAILABILITY (CATALOG_REF_ID,UNIQUE_CODE,COMPANY_ID) values ('001007016207859   ','000000000107083012','001');
Insert into CLICK_AND_COLLECT_AVAILABILITY (CATALOG_REF_ID,UNIQUE_CODE,COMPANY_ID) values ('001007016208071   ','000000000141222052','001');
Insert into CLICK_AND_COLLECT_AVAILABILITY (CATALOG_REF_ID,UNIQUE_CODE,COMPANY_ID) values ('001007016305851   ','000000000141212181','001');
Insert into CLICK_AND_COLLECT_AVAILABILITY (CATALOG_REF_ID,UNIQUE_CODE,COMPANY_ID) values ('001007218500010   ','000000000101184153','001');
Insert into CLICK_AND_COLLECT_AVAILABILITY (CATALOG_REF_ID,UNIQUE_CODE,COMPANY_ID) values ('001007220205038   ','000000000101184210','001');
Insert into CLICK_AND_COLLECT_AVAILABILITY (CATALOG_REF_ID,UNIQUE_CODE,COMPANY_ID) values ('001007220215607   ','000000000101184248','001');
Insert into CLICK_AND_COLLECT_AVAILABILITY (CATALOG_REF_ID,UNIQUE_CODE,COMPANY_ID) values ('001007220325828   ','000000000101184651','001');
Insert into CLICK_AND_COLLECT_AVAILABILITY (CATALOG_REF_ID,UNIQUE_CODE,COMPANY_ID) values ('001007220325844   ','000000000101184653','001');
Insert into CLICK_AND_COLLECT_AVAILABILITY (CATALOG_REF_ID,UNIQUE_CODE,COMPANY_ID) values ('001007220329986   ','000000000101184780','001');
Insert into CLICK_AND_COLLECT_AVAILABILITY (CATALOG_REF_ID,UNIQUE_CODE,COMPANY_ID) values ('001007220329994   ','000000000101184781','001');
Insert into CLICK_AND_COLLECT_AVAILABILITY (CATALOG_REF_ID,UNIQUE_CODE,COMPANY_ID) values ('001007227241333   ','000000000101189569','001');
Insert into CLICK_AND_COLLECT_AVAILABILITY (CATALOG_REF_ID,UNIQUE_CODE,COMPANY_ID) values ('001007227241655   ','000000000101189591','001');
Insert into CLICK_AND_COLLECT_AVAILABILITY (CATALOG_REF_ID,UNIQUE_CODE,COMPANY_ID) values ('001007231900296   ','000000000101190806','001');
Insert into CLICK_AND_COLLECT_AVAILABILITY (CATALOG_REF_ID,UNIQUE_CODE,COMPANY_ID) values ('001007231900312   ','000000000101190808','001');
Insert into CLICK_AND_COLLECT_AVAILABILITY (CATALOG_REF_ID,UNIQUE_CODE,COMPANY_ID) values ('001007237300160   ','000000000101190903','001');
Insert into CLICK_AND_COLLECT_AVAILABILITY (CATALOG_REF_ID,UNIQUE_CODE,COMPANY_ID) values ('001007237300459   ','000000000101190932','001');
Insert into CLICK_AND_COLLECT_AVAILABILITY (CATALOG_REF_ID,UNIQUE_CODE,COMPANY_ID) values ('001007237300467   ','000000000101190933','001');
Insert into CLICK_AND_COLLECT_AVAILABILITY (CATALOG_REF_ID,UNIQUE_CODE,COMPANY_ID) values ('001007237500165   ','000000000101190946','001');
Insert into CLICK_AND_COLLECT_AVAILABILITY (CATALOG_REF_ID,UNIQUE_CODE,COMPANY_ID) values ('001007334813818   ','000000000106117112','001');
Insert into CLICK_AND_COLLECT_AVAILABILITY (CATALOG_REF_ID,UNIQUE_CODE,COMPANY_ID) values ('001007365702799   ','000000000101202301','001');
Insert into CLICK_AND_COLLECT_AVAILABILITY (CATALOG_REF_ID,UNIQUE_CODE,COMPANY_ID) values ('001007740551457   ','000000000101270456','001');
Insert into CLICK_AND_COLLECT_AVAILABILITY (CATALOG_REF_ID,UNIQUE_CODE,COMPANY_ID) values ('001007740618090   ','000000000101270578','001');
Insert into CLICK_AND_COLLECT_AVAILABILITY (CATALOG_REF_ID,UNIQUE_CODE,COMPANY_ID) values ('001007741211739   ','000000000101270858','001');
Insert into CLICK_AND_COLLECT_AVAILABILITY (CATALOG_REF_ID,UNIQUE_CODE,COMPANY_ID) values ('001007741211770   ','000000000101270862','001');
Insert into CLICK_AND_COLLECT_AVAILABILITY (CATALOG_REF_ID,UNIQUE_CODE,COMPANY_ID) values ('001007741403583   ','000000000101271141','001');
Insert into CLICK_AND_COLLECT_AVAILABILITY (CATALOG_REF_ID,UNIQUE_CODE,COMPANY_ID) values ('001007741404664   ','000000000101271237','001');
Insert into CLICK_AND_COLLECT_AVAILABILITY (CATALOG_REF_ID,UNIQUE_CODE,COMPANY_ID) values ('001007741404995   ','000000000106635666','001');
Insert into CLICK_AND_COLLECT_AVAILABILITY (CATALOG_REF_ID,UNIQUE_CODE,COMPANY_ID) values ('001007746003677   ','000000000101272873','001');
Insert into CLICK_AND_COLLECT_AVAILABILITY (CATALOG_REF_ID,UNIQUE_CODE,COMPANY_ID) values ('001007746800502   ','000000000140630956','001');
Insert into CLICK_AND_COLLECT_AVAILABILITY (CATALOG_REF_ID,UNIQUE_CODE,COMPANY_ID) values ('001007755200131   ','000000000106975811','001');
Insert into CLICK_AND_COLLECT_AVAILABILITY (CATALOG_REF_ID,UNIQUE_CODE,COMPANY_ID) values ('001008336128668006','000001416604260006','001');
Insert into CLICK_AND_COLLECT_AVAILABILITY (CATALOG_REF_ID,UNIQUE_CODE,COMPANY_ID) values ('001008336128668008','000001416604260008','001');
Insert into CLICK_AND_COLLECT_AVAILABILITY (CATALOG_REF_ID,UNIQUE_CODE,COMPANY_ID) values ('001008336253987   ','000000000140770295','001');
Insert into CLICK_AND_COLLECT_AVAILABILITY (CATALOG_REF_ID,UNIQUE_CODE,COMPANY_ID) values ('001008341132267   ','000000000107819182','001');
Insert into CLICK_AND_COLLECT_AVAILABILITY (CATALOG_REF_ID,UNIQUE_CODE,COMPANY_ID) values ('001008346303483   ','000000000140640444','001');
Insert into CLICK_AND_COLLECT_AVAILABILITY (CATALOG_REF_ID,UNIQUE_CODE,COMPANY_ID) values ('001008350600055   ','000000000107768489','001');
Insert into CLICK_AND_COLLECT_AVAILABILITY (CATALOG_REF_ID,UNIQUE_CODE,COMPANY_ID) values ('001008410940350   ','000000000101470571','001');
Insert into CLICK_AND_COLLECT_AVAILABILITY (CATALOG_REF_ID,UNIQUE_CODE,COMPANY_ID) values ('001008411500039   ','000000000101470704','001');
Insert into CLICK_AND_COLLECT_AVAILABILITY (CATALOG_REF_ID,UNIQUE_CODE,COMPANY_ID) values ('001008411500096   ','000000000101470705','001');
Insert into CLICK_AND_COLLECT_AVAILABILITY (CATALOG_REF_ID,UNIQUE_CODE,COMPANY_ID) values ('001008411500195   ','000000000101470710','001');
Insert into CLICK_AND_COLLECT_AVAILABILITY (CATALOG_REF_ID,UNIQUE_CODE,COMPANY_ID) values ('001009651100282  2','000001069100890002','001');
Insert into CLICK_AND_COLLECT_AVAILABILITY (CATALOG_REF_ID,UNIQUE_CODE,COMPANY_ID) values ('001009651100282  3','000001069100890003','001');
Insert into CLICK_AND_COLLECT_AVAILABILITY (CATALOG_REF_ID,UNIQUE_CODE,COMPANY_ID) values ('001009651100282  4','000001069100890004','001');
Insert into CLICK_AND_COLLECT_AVAILABILITY (CATALOG_REF_ID,UNIQUE_CODE,COMPANY_ID) values ('001010110106860   ','000000000101712556','001');
Insert into CLICK_AND_COLLECT_AVAILABILITY (CATALOG_REF_ID,UNIQUE_CODE,COMPANY_ID) values ('001010110107454   ','000000000101712597','001');
Insert into CLICK_AND_COLLECT_AVAILABILITY (CATALOG_REF_ID,UNIQUE_CODE,COMPANY_ID) values ('001010110108361   ','000000000107665448','001');
Insert into CLICK_AND_COLLECT_AVAILABILITY (CATALOG_REF_ID,UNIQUE_CODE,COMPANY_ID) values ('001010110108445   ','000000000107667316','001');
Insert into CLICK_AND_COLLECT_AVAILABILITY (CATALOG_REF_ID,UNIQUE_CODE,COMPANY_ID) values ('001010114003212   ','000000000101716524','001');
Insert into CLICK_AND_COLLECT_AVAILABILITY (CATALOG_REF_ID,UNIQUE_CODE,COMPANY_ID) values ('001010114120271   ','000000000142394649','001');
Insert into CLICK_AND_COLLECT_AVAILABILITY (CATALOG_REF_ID,UNIQUE_CODE,COMPANY_ID) values ('001010114286312   ','000000000106186877','001');
Insert into CLICK_AND_COLLECT_AVAILABILITY (CATALOG_REF_ID,UNIQUE_CODE,COMPANY_ID) values ('001010252604201   ','000000000101730225','001');
Insert into CLICK_AND_COLLECT_AVAILABILITY (CATALOG_REF_ID,UNIQUE_CODE,COMPANY_ID) values ('001010252604219   ','000000000101730226','001');
Insert into CLICK_AND_COLLECT_AVAILABILITY (CATALOG_REF_ID,UNIQUE_CODE,COMPANY_ID) values ('001010530792661   ','000000000101766764','001');
Insert into CLICK_AND_COLLECT_AVAILABILITY (CATALOG_REF_ID,UNIQUE_CODE,COMPANY_ID) values ('001010647902617   ','000000000101781711','001');
Insert into CLICK_AND_COLLECT_AVAILABILITY (CATALOG_REF_ID,UNIQUE_CODE,COMPANY_ID) values ('001010647902823   ','000000000107054121','001');
Insert into CLICK_AND_COLLECT_AVAILABILITY (CATALOG_REF_ID,UNIQUE_CODE,COMPANY_ID) values ('001013300200253   ','000000000105831698','001');
Insert into CLICK_AND_COLLECT_AVAILABILITY (CATALOG_REF_ID,UNIQUE_CODE,COMPANY_ID) values ('001013523100017   ','000000000141077020','001');
Insert into CLICK_AND_COLLECT_AVAILABILITY (CATALOG_REF_ID,UNIQUE_CODE,COMPANY_ID) values ('001014830746377   ','000000000102118442','001');
Insert into CLICK_AND_COLLECT_AVAILABILITY (CATALOG_REF_ID,UNIQUE_CODE,COMPANY_ID) values ('001014830746401   ','000000000102118445','001');
Insert into CLICK_AND_COLLECT_AVAILABILITY (CATALOG_REF_ID,UNIQUE_CODE,COMPANY_ID) values ('001014830746773   ','000000000102118471','001');
Insert into CLICK_AND_COLLECT_AVAILABILITY (CATALOG_REF_ID,UNIQUE_CODE,COMPANY_ID) values ('001019510112691   ','000000000102415413','001');
Insert into CLICK_AND_COLLECT_AVAILABILITY (CATALOG_REF_ID,UNIQUE_CODE,COMPANY_ID) values ('001019510112741   ','000000000102415418','001');
Insert into CLICK_AND_COLLECT_AVAILABILITY (CATALOG_REF_ID,UNIQUE_CODE,COMPANY_ID) values ('001019510113277   ','000000000102415471','001');
Insert into CLICK_AND_COLLECT_AVAILABILITY (CATALOG_REF_ID,UNIQUE_CODE,COMPANY_ID) values ('001019510113541   ','000000000102415494','001');
Insert into CLICK_AND_COLLECT_AVAILABILITY (CATALOG_REF_ID,UNIQUE_CODE,COMPANY_ID) values ('001019510113566   ','000000000102415496','001');
Insert into CLICK_AND_COLLECT_AVAILABILITY (CATALOG_REF_ID,UNIQUE_CODE,COMPANY_ID) values ('001019510114168   ','000000000102415548','001');
Insert into CLICK_AND_COLLECT_AVAILABILITY (CATALOG_REF_ID,UNIQUE_CODE,COMPANY_ID) values ('001019510114200   ','000000000102415552','001');
Insert into CLICK_AND_COLLECT_AVAILABILITY (CATALOG_REF_ID,UNIQUE_CODE,COMPANY_ID) values ('001019510114226   ','000000000102415554','001');
Insert into CLICK_AND_COLLECT_AVAILABILITY (CATALOG_REF_ID,UNIQUE_CODE,COMPANY_ID) values ('001019510114259   ','000000000102415557','001');
Insert into CLICK_AND_COLLECT_AVAILABILITY (CATALOG_REF_ID,UNIQUE_CODE,COMPANY_ID) values ('001019510114267   ','000000000102415558','001');
Insert into CLICK_AND_COLLECT_AVAILABILITY (CATALOG_REF_ID,UNIQUE_CODE,COMPANY_ID) values ('001019510114283   ','000000000102415560','001');
Insert into CLICK_AND_COLLECT_AVAILABILITY (CATALOG_REF_ID,UNIQUE_CODE,COMPANY_ID) values ('001019510114341   ','000000000102415566','001');
Insert into CLICK_AND_COLLECT_AVAILABILITY (CATALOG_REF_ID,UNIQUE_CODE,COMPANY_ID) values ('001019510114358   ','000000000102415567','001');
Insert into CLICK_AND_COLLECT_AVAILABILITY (CATALOG_REF_ID,UNIQUE_CODE,COMPANY_ID) values ('001019510114366   ','000000000102415568','001');
Insert into CLICK_AND_COLLECT_AVAILABILITY (CATALOG_REF_ID,UNIQUE_CODE,COMPANY_ID) values ('001019510114630   ','000000000102415593','001');
Insert into CLICK_AND_COLLECT_AVAILABILITY (CATALOG_REF_ID,UNIQUE_CODE,COMPANY_ID) values ('001019510116858   ','000000000107777512','001');
Insert into CLICK_AND_COLLECT_AVAILABILITY (CATALOG_REF_ID,UNIQUE_CODE,COMPANY_ID) values ('001019510117146   ','000000000107837576','001');
Insert into CLICK_AND_COLLECT_AVAILABILITY (CATALOG_REF_ID,UNIQUE_CODE,COMPANY_ID) values ('001019510117336   ','000000000141246288','001');
Insert into CLICK_AND_COLLECT_AVAILABILITY (CATALOG_REF_ID,UNIQUE_CODE,COMPANY_ID) values ('001028535628169   ','000000000102783959','001');
Insert into CLICK_AND_COLLECT_AVAILABILITY (CATALOG_REF_ID,UNIQUE_CODE,COMPANY_ID) values ('001028535628177   ','000000000102783960','001');
Insert into CLICK_AND_COLLECT_AVAILABILITY (CATALOG_REF_ID,UNIQUE_CODE,COMPANY_ID) values ('001028535715578   ','000000000102784110','001');
Insert into CLICK_AND_COLLECT_AVAILABILITY (CATALOG_REF_ID,UNIQUE_CODE,COMPANY_ID) values ('001028535731559   ','000000000102784199','001');
Insert into CLICK_AND_COLLECT_AVAILABILITY (CATALOG_REF_ID,UNIQUE_CODE,COMPANY_ID) values ('001028535731609   ','000000000102784201','001');
Insert into CLICK_AND_COLLECT_AVAILABILITY (CATALOG_REF_ID,UNIQUE_CODE,COMPANY_ID) values ('001028535739024   ','000000000102784267','001');
Insert into CLICK_AND_COLLECT_AVAILABILITY (CATALOG_REF_ID,UNIQUE_CODE,COMPANY_ID) values ('001028535748884   ','000000000102784569','001');
Insert into CLICK_AND_COLLECT_AVAILABILITY (CATALOG_REF_ID,UNIQUE_CODE,COMPANY_ID) values ('001028535749635   ','000000000102784604','001');
Insert into CLICK_AND_COLLECT_AVAILABILITY (CATALOG_REF_ID,UNIQUE_CODE,COMPANY_ID) values ('001028635704746   ','000000000106279069','001');
Insert into CLICK_AND_COLLECT_AVAILABILITY (CATALOG_REF_ID,UNIQUE_CODE,COMPANY_ID) values ('001038510108426   ','000000000103378205','001');
Insert into CLICK_AND_COLLECT_AVAILABILITY (CATALOG_REF_ID,UNIQUE_CODE,COMPANY_ID) values ('001038510109085   ','000000000103378261','001');
Insert into CLICK_AND_COLLECT_AVAILABILITY (CATALOG_REF_ID,UNIQUE_CODE,COMPANY_ID) values ('001038510109457   ','000000000103378295','001');
Insert into CLICK_AND_COLLECT_AVAILABILITY (CATALOG_REF_ID,UNIQUE_CODE,COMPANY_ID) values ('001038510110380   ','000000000106777757','001');
Insert into CLICK_AND_COLLECT_AVAILABILITY (CATALOG_REF_ID,UNIQUE_CODE,COMPANY_ID) values ('001038510110463   ','000000000106956883','001');
Insert into CLICK_AND_COLLECT_AVAILABILITY (CATALOG_REF_ID,UNIQUE_CODE,COMPANY_ID) values ('001038510110521   ','000000000107179671','001');
Insert into CLICK_AND_COLLECT_AVAILABILITY (CATALOG_REF_ID,UNIQUE_CODE,COMPANY_ID) values ('001038531003911   ','000000000103380979','001');
Insert into CLICK_AND_COLLECT_AVAILABILITY (CATALOG_REF_ID,UNIQUE_CODE,COMPANY_ID) values ('001044838400362   ','000000000107744899','001');
Insert into CLICK_AND_COLLECT_AVAILABILITY (CATALOG_REF_ID,UNIQUE_CODE,COMPANY_ID) values ('001044839102488   ','000000000107745166','001');
Insert into CLICK_AND_COLLECT_AVAILABILITY (CATALOG_REF_ID,UNIQUE_CODE,COMPANY_ID) values ('001044839105762   ','000000000140707909','001');
Insert into CLICK_AND_COLLECT_AVAILABILITY (CATALOG_REF_ID,UNIQUE_CODE,COMPANY_ID) values ('001044839200456   ','000000000140707906','001');
Insert into CLICK_AND_COLLECT_AVAILABILITY (CATALOG_REF_ID,UNIQUE_CODE,COMPANY_ID) values ('001056613112624   ','000000000104241485','001');
Insert into CLICK_AND_COLLECT_AVAILABILITY (CATALOG_REF_ID,UNIQUE_CODE,COMPANY_ID) values ('001056613301748   ','000000000104242221','001');
Insert into CLICK_AND_COLLECT_AVAILABILITY (CATALOG_REF_ID,UNIQUE_CODE,COMPANY_ID) values ('001056613402025   ','000000000106182523','001');
Insert into CLICK_AND_COLLECT_AVAILABILITY (CATALOG_REF_ID,UNIQUE_CODE,COMPANY_ID) values ('001056614100628   ','000000000104242623','001');
Insert into CLICK_AND_COLLECT_AVAILABILITY (CATALOG_REF_ID,UNIQUE_CODE,COMPANY_ID) values ('001068310138992   ','000000000140979547','001');
Insert into CLICK_AND_COLLECT_AVAILABILITY (CATALOG_REF_ID,UNIQUE_CODE,COMPANY_ID) values ('001097574113078   ','000000000140903227','001');
Insert into CLICK_AND_COLLECT_AVAILABILITY (CATALOG_REF_ID,UNIQUE_CODE,COMPANY_ID) values ('001097626108076   ','000000000105417791','001');
Insert into CLICK_AND_COLLECT_AVAILABILITY (CATALOG_REF_ID,UNIQUE_CODE,COMPANY_ID) values ('001097626108431   ','000000000105417823','001');
Insert into CLICK_AND_COLLECT_AVAILABILITY (CATALOG_REF_ID,UNIQUE_CODE,COMPANY_ID) values ('001097626108886   ','000000000105417854','001');
Insert into CLICK_AND_COLLECT_AVAILABILITY (CATALOG_REF_ID,UNIQUE_CODE,COMPANY_ID) values ('001097626108977   ','000000000105417863','001');
Insert into CLICK_AND_COLLECT_AVAILABILITY (CATALOG_REF_ID,UNIQUE_CODE,COMPANY_ID) values ('001097630126668   ','000000000105418595','001');
Insert into CLICK_AND_COLLECT_AVAILABILITY (CATALOG_REF_ID,UNIQUE_CODE,COMPANY_ID) values ('001097630133524   ','000000000105419233','001');
Insert into CLICK_AND_COLLECT_AVAILABILITY (CATALOG_REF_ID,UNIQUE_CODE,COMPANY_ID) values ('001097630135131   ','000000000106207349','001');
Insert into CLICK_AND_COLLECT_AVAILABILITY (CATALOG_REF_ID,UNIQUE_CODE,COMPANY_ID) values ('001097630136170   ','000000000106774186','001');
Insert into CLICK_AND_COLLECT_AVAILABILITY (CATALOG_REF_ID,UNIQUE_CODE,COMPANY_ID) values ('001097630136931   ','000000000107293581','001');
Insert into CLICK_AND_COLLECT_AVAILABILITY (CATALOG_REF_ID,UNIQUE_CODE,COMPANY_ID) values ('001097630136980   ','000000000107293586','001');
Insert into CLICK_AND_COLLECT_AVAILABILITY (CATALOG_REF_ID,UNIQUE_CODE,COMPANY_ID) values ('001097630139166   ','000000000107958337','001');
Insert into CLICK_AND_COLLECT_AVAILABILITY (CATALOG_REF_ID,UNIQUE_CODE,COMPANY_ID) values ('001097630139901   ','000000000140588613','001');
Insert into CLICK_AND_COLLECT_AVAILABILITY (CATALOG_REF_ID,UNIQUE_CODE,COMPANY_ID) values ('001097630140016   ','000000000140588627','001');
Insert into CLICK_AND_COLLECT_AVAILABILITY (CATALOG_REF_ID,UNIQUE_CODE,COMPANY_ID) values ('001097630140719   ','000000000141143071','001');
Insert into CLICK_AND_COLLECT_AVAILABILITY (CATALOG_REF_ID,UNIQUE_CODE,COMPANY_ID) values ('001097630141030   ','000000000141610418','001');
Insert into CLICK_AND_COLLECT_AVAILABILITY (CATALOG_REF_ID,UNIQUE_CODE,COMPANY_ID) values ('001097630141212   ','000000000141610452','001');
Insert into CLICK_AND_COLLECT_AVAILABILITY (CATALOG_REF_ID,UNIQUE_CODE,COMPANY_ID) values ('001097631306319   ','000000000106774216','001');
Insert into CLICK_AND_COLLECT_AVAILABILITY (CATALOG_REF_ID,UNIQUE_CODE,COMPANY_ID) values ('001097631400013   ','000000000105421991','001');
Insert into CLICK_AND_COLLECT_AVAILABILITY (CATALOG_REF_ID,UNIQUE_CODE,COMPANY_ID) values ('001097631507007   ','000000000140648398','001');
Insert into CLICK_AND_COLLECT_AVAILABILITY (CATALOG_REF_ID,UNIQUE_CODE,COMPANY_ID) values ('001097631507049   ','000000000141115469','001');
Insert into CLICK_AND_COLLECT_AVAILABILITY (CATALOG_REF_ID,UNIQUE_CODE,COMPANY_ID) values ('001097632700023   ','000000000105423572','001');
Insert into CLICK_AND_COLLECT_AVAILABILITY (CATALOG_REF_ID,UNIQUE_CODE,COMPANY_ID) values ('001097632802068   ','000000000140648371','001');
Insert into CLICK_AND_COLLECT_AVAILABILITY (CATALOG_REF_ID,UNIQUE_CODE,COMPANY_ID) values ('001097911300560   ','000000000105462138','001');
-- PD00000460-10010418
Insert into CLICK_AND_COLLECT_AVAILABILITY (CATALOG_REF_ID,UNIQUE_CODE,COMPANY_ID) values ('001008418193978  7','000001014713560007','001');

COMMIT;

-- Dar CnC Hipercor a los productos

delete from click_and_collect_hipercor where catalog_ref_id in (
'001001100700051   ',
'001001100700093   ',
'001001100700150   ',
'001001100700168   ',
'001001103800031   ',
'001001103800049   ',
'001001104100019   ',
'001001104100084   ',
'001001104100118   ',
'001001104100217   ',
'001001104100266   ',
'001001104100274   ',
'001001104100282   ',
'001001104100290   ',
'001001104100308   ',
'001001105100273   ',
'001001105100323   ',
'001001105100364   ',
'001001107100099   ',
'001001108300169   ',
'001001118300282   ',
'001001661300580   ',
'001002311001198   ',
'001002311001222   ',
'001002311001230   ',
'001002311001248   ',
'001002311001412   ',
'001002311001420   ',
'001002410195370 75',
'001002410195404 70',
'001002419902693   ',
'001002419902701   ',
'001002419902800   ',
'001002420109379 80',
'001002420109379 85',
'001002525607491   ',
'001002525612392   ',
'001002620201521   ',
'001002711103925   ',
'001002711302634   ',
'001002711502548   ',
'001002711502829   ',
'001002711503058   ',
'001002711503140   ',
'001002711503256   ',
'001002712230958   ',
'001002712248646   ',
'001002712341201   ',
'001002712351390   ',
'001002712495072   ',
'001002722091515   ',
'001002723130676   ',
'001002723308843   ',
'001002723701245   ',
'001002723702441   ',
'001002723702466   ',
'001002723702474   ',
'001002724104407   ',
'001002724104829   ',
'001002724105099   ',
'001002724400615   ',
'001002724402587   ',
'001002724503350   ',
'001002724905472   ',
'001002810424891   ',
'001002810427514   ',
'001002813900061   ',
'001003110439076   ',
'001003110439084   ',
'001003110442484   ',
'001003110448341   ',
'001003110453630   ',
'001003110456393   ',
'001003110457912   ',
'001003110457920   ',
'001003110459991   ',
'001003110460759   ',
'001003110460957   ',
'001003110461658   ',
'001003110461823   ',
'001003110462789   ',
'001003110465022   ',
'001003110465337   ',
'001003110467200   ',
'001003302100072 65',
'001003302100072 70',
'001003302100072 95',
'001003302100072100',
'001003302100072110',
'001003302100080 65',
'001003302100080 70',
'001003510100815  3',
'001003510101482  2',
'001004210100014423',
'001004210100550523',
'001004710110018   ',
'001004710358054   ',
'001004710371974   ',
'001004710373111   ',
'001004710374267   ',
'001004710453947   ',
'001004720354622   ',
'001004721010116   ',
'001004721010124   ',
'001004721323550   ',
'001004741026936   ',
'001004741027751   ',
'001004741135521   ',
'001004741136941   ',
'001004742013602   ',
'001005113409543   ',
'001005164602558   ',
'001005310200356   ',
'001005310305627   ',
'001005400905740   ',
'001005400907498   ',
'001006210124696   ',
'001006210129760   ',
'001006210134596   ',
'001006230001486   ',
'001006500000069   ',
'001006500101230   ',
'001006500104739   ',
'001006521149069   ',
'001006523072723   ',
'001006534224966   ',
'001006535007626   ',
'001006535011990   ',
'001006539101680   ',
'001006810128360   ',
'001006810135340   ',
'001006810148160   ',
'001093440600448   ',
'001006810148368   ',
'001006810243854   ',
'001006810243862   ',
'001006810244407   ',
'001006810244613   ',
'001006810244688   ',
'001006810244696   ',
'001007010100191   ',
'001007012103276   ',
'001007012500117   ',
'001007012500133   ',
'001007016012614   ',
'001007016012630   ',
'001007016012705   ',
'001007016012721   ',
'001007016012739   ',
'001007016012747   ',
'001007016012754   ',
'001007016012770   ',
'001007016174851   ',
'001007016207859   ',
'001007016208071   ',
'001007016305851   ',
'001007218500010   ',
'001007220205038   ',
'001007220215607   ',
'001007220325828   ',
'001007220325844   ',
'001007220329986   ',
'001007220329994   ',
'001007227241333   ',
'001007227241655   ',
'001007231900296   ',
'001007231900312   ',
'001007237300160   ',
'001007237300459   ',
'001007237300467   ',
'001007237500165   ',
'001007334813818   ',
'001007365702799   ',
'001007740551457   ',
'001007740618090   ',
'001007740618231   ',
'001007741211739   ',
'001007741211770   ',
'001007741403583   ',
'001007741404664   ',
'001007741404995   ',
'001007746003677   ',
'001007746800502   ',
'001007755200131   ',
'001008336120657   ',
'001008336128668006',
'001008336128668008',
'001008336185759   ',
'001008336253987   ',
'001008341132267   ',
'001008346303483   ',
'001008346498762   ',
'001008350591965   ',
'001008350591981   ',
'001008350600055   ',
'001008410940350   ',
'001008411500039   ',
'001008411500096   ',
'001008411500195   ',
'001008418193978  7',
'001008446271556   ',
'001008459995885   ',
'001009651100282  2',
'001009651100282  3',
'001009651100282  4',
'001010021800916   ',
'001010024201898070',
'001010110106860   ',
'001010110107454   ',
'001010110108361   ',
'001010110108445   ',
'001010114003212   ',
'001010114120271   ',
'001010114286312   ',
'001010252604201   ',
'001010252604219   ',
'001010410100126 48',
'001010410102122 52',
'001010410102312 42',
'001010410102411 48',
'001010410102411 50',
'001010530293280   ',
'001010530792661   ',
'001010647902617   ',
'001010647902823   ',
'001010762600947   ',
'001010762991254   ',
'001012750001559   ',
'001012750400033   ',
'001012751002473   ',
'0010127510F5934   ',
'0010127520F2294   ',
'001012752200035   ',
'0010127522F2308   ',
'001012752500103   ',
'001012800100047   ',
'001012800100054   ',
'001012800100062   ',
'001012800100070   ',
'001012800100088   ',
'001012801700019   ',
'001012801700324   ',
'001012909000171   ',
'001012940001758   ',
'001012940100162   ',
'001012940100261   ',
'001012940100311   ',
'001012940200418   ',
'001012940200822   ',
'001012940200905   ',
'001012940200921   ',
'001013300200089   ',
'001013300200253   ',
'001013523100017   ',
'001014830746377   ',
'001014830746401   ',
'001014830746773   ',
'001015217005840   ',
'001015409000054   ',
'001018016700041   ',
'001018101100206   ',
'001018106000039   ',
'001018157200108   ',
'001018246800033   ',
'001018246800041   ',
'001018247300140   ',
'001018247500046   ',
'001018251000024   ',
'001018253000014   ',
'001018253000162   ',
'001018253100095   ',
'001018255000046   ',
'001018255400048   ',
'001018255800080   ',
'001018255900021   ',
'001018256000102   ',
'001018258900044   ',
'001018286400033   ',
'001018411200019   ',
'001018734700059   ',
'001018734700083   ',
'001018734700554   ',
'001018734700570   ',
'001018734700588   ',
'001018742700059   ',
'001018742700083   ',
'001018742700117   ',
'001018742700174   ',
'001018742700646   ',
'001018742700794   ',
'001018742700927   ',
'001018917200091   ',
'001018917200174   ',
'001019510112691   ',
'001019510112741   ',
'001019510113277   ',
'001019510113541   ',
'001019510113566   ',
'001019510114168   ',
'001019510114200   ',
'001019510114226   ',
'001019510114259   ',
'001019510114267   ',
'001019510114283   ',
'001019510114341   ',
'001019510114358   ',
'001019510114366   ',
'001019510114630   ',
'001019510116858   ',
'001019510117146   ',
'001019510117336   ',
'001019535100242   ',
'001023023800016   ',
'001023025100019   ',
'001025063201666002',
'001025515251541   ',
'001025562105020   ',
'001025940000497   ',
'001026310242057   ',
'001026710515243   ',
'001027000400013   ',
'001027000700016   ',
'001027000800014   ',
'001027001000010   ',
'001027001100018   ',
'001027001600017   ',
'001027002100017   ',
'001027003700013   ',
'001027009000012   ',
'001028535628169   ',
'001028535628177   ',
'001028535715578   ',
'001028535731559   ',
'001028535731609   ',
'001028535739024   ',
'001028535748884   ',
'001028535749635   ',
'001028610759731   ',
'001028635704746   ',
'001028748000024   ',
'001031354500154   ',
'001038225100114   ',
'001038510108426   ',
'001038510109085   ',
'001038510109457   ',
'001038510110380   ',
'001038510110463   ',
'001038510110521   ',
'001038531003911   ',
'001038630401206   ',
'001038630403020   ',
'001044838101200   ',
'001044838400362   ',
'001044839102488   ',
'001044839105358   ',
'001044839105762   ',
'001044839200456   ',
'001046100100018   ',
'001046810122641   ',
'001056610102313   ',
'001056613112624   ',
'001056613301748   ',
'001056613402025   ',
'001056614100628   ',
'001056660401789   ',
'001059710400751   ',
'001064220118562   ',
'001068310138109   ',
'001068310138281   ',
'001068310138992   ',
'001069410511781   ',
'001069410512409   ',
'001069700100022   ',
'001069700200012   ',
'001079862600016   ',
'001079910200017   ',
'001079910500010   ',
'001079911700015   ',
'001081323203406 85',
'001081523206696 85',
'001082110200019   ',
'001087055900689   ',  --PD00000516-3688
'001090600000120   ',
'001093441100141   ',
'001094610200647   ',
'001094610400205   ',
'001097574113078   ',
'001097576500710   ',
'001097626108076   ',
'001097626108431   ',
'001097626108886   ',
'001097626108977   ',
'001097630126668   ',
'001097630133524   ',
'001097630135131   ',
'001097630136170   ',
'001097630136931   ',
'001097630136980   ',
'001097630139166   ',
'001097630139901   ',
'001097630140016   ',
'001097630140719   ',
'001097630141030   ',
'001097630141212   ',
'001097631306319   ',
'001097631400013   ',
'001097631507007   ',
'001097631507049   ',
'001097631602949   ',
'001097632700023   ',
'001097632802068   ',
'001097901745865   ',
'001097911300560   ',
'0010979713F3214   ',
'019000313003725   ',
'019000313004061   ',
'019000313004152   '
);

Insert into CLICK_AND_COLLECT_HIPERCOR (CATALOG_REF_ID,SELL_COMPANY_ID,UNIQUE_CODE) values ('001007740551457   ','001','000000000101270456');
Insert into CLICK_AND_COLLECT_HIPERCOR (CATALOG_REF_ID,SELL_COMPANY_ID,UNIQUE_CODE) values ('001007741211739   ','001','000000000101270858');
Insert into CLICK_AND_COLLECT_HIPERCOR (CATALOG_REF_ID,SELL_COMPANY_ID,UNIQUE_CODE) values ('001007741211770   ','001','000000000101270862');
Insert into CLICK_AND_COLLECT_HIPERCOR (CATALOG_REF_ID,SELL_COMPANY_ID,UNIQUE_CODE) values ('001007741403583   ','001','000000000101271141');
Insert into CLICK_AND_COLLECT_HIPERCOR (CATALOG_REF_ID,SELL_COMPANY_ID,UNIQUE_CODE) values ('001007741404995   ','001','000000000106635666');
Insert into CLICK_AND_COLLECT_HIPERCOR (CATALOG_REF_ID,SELL_COMPANY_ID,UNIQUE_CODE) values ('001044838400362   ','001','000000000107744899');
Insert into CLICK_AND_COLLECT_HIPERCOR (CATALOG_REF_ID,SELL_COMPANY_ID,UNIQUE_CODE) values ('001015217005840   ','001','000000000144574877');
Insert into CLICK_AND_COLLECT_HIPERCOR (CATALOG_REF_ID,SELL_COMPANY_ID,UNIQUE_CODE) values ('001007740618231   ','001','000000000101270592');
Insert into CLICK_AND_COLLECT_HIPERCOR (CATALOG_REF_ID,SELL_COMPANY_ID,UNIQUE_CODE) values ('001004710453947   ','001','000000000107956894');
Insert into CLICK_AND_COLLECT_HIPERCOR (CATALOG_REF_ID,SELL_COMPANY_ID,UNIQUE_CODE) values ('001079862600016   ','001','000000000104652895');
-- PD00000516-5039
Insert into CLICK_AND_COLLECT_HIPERCOR (CATALOG_REF_ID,SELL_COMPANY_ID,UNIQUE_CODE) values ('001007740618090   ','001','000000000101270578');
-- PD00000460-10010418
Insert into CLICK_AND_COLLECT_HIPERCOR (CATALOG_REF_ID,SELL_COMPANY_ID,UNIQUE_CODE) values ('001008418193978  7','001','000001014713560007');


-- Dar CnC Portugal a los productos

delete from click_and_collect_pt where catalog_ref_id in (
'001001100700051   ',
'001001100700093   ',
'001001100700150   ',
'001001100700168   ',
'001001103800031   ',
'001001103800049   ',
'001001104100019   ',
'001001104100084   ',
'001001104100118   ',
'001001104100217   ',
'001001104100266   ',
'001001104100274   ',
'001001104100282   ',
'001001104100290   ',
'001001104100308   ',
'001001105100273   ',
'001001105100323   ',
'001001105100364   ',
'001001107100099   ',
'001001108300169   ',
'001001118300282   ',
'001001661300580   ',
'001002311001198   ',
'001002311001222   ',
'001002311001230   ',
'001002311001248   ',
'001002311001412   ',
'001002311001420   ',
'001002410195370 75',
'001002410195404 70',
'001002419902693   ',
'001002419902701   ',
'001002419902800   ',
'001002420109379 80',
'001002420109379 85',
'001002525607491   ',
'001002525612392   ',
'001002620201521   ',
'001002711103925   ',
'001002711302634   ',
'001002711502548   ',
'001002711502829   ',
'001002711503058   ',
'001002711503140   ',
'001002711503256   ',
'001002712230958   ',
'001002712248646   ',
'001002712341201   ',
'001002712351390   ',
'001002712495072   ',
'001002722091515   ',
'001002723130676   ',
'001002723308843   ',
'001002723701245   ',
'001002723702441   ',
'001002723702466   ',
'001002723702474   ',
'001002724104407   ',
'001002724104829   ',
'001002724105099   ',
'001002724400615   ',
'001002724402587   ',
'001002724503350   ',
'001002724905472   ',
'001002810424891   ',
'001002810427514   ',
'001002813900061   ',
'001003110439076   ',
'001003110439084   ',
'001003110442484   ',
'001003110448341   ',
'001003110453630   ',
'001003110456393   ',
'001003110457912   ',
'001003110457920   ',
'001003110459991   ',
'001003110460759   ',
'001003110460957   ',
'001003110461658   ',
'001003110461823   ',
'001003110462789   ',
'001003110465022   ',
'001003110465337   ',
'001003110467200   ',
'001003302100072 65',
'001003302100072 70',
'001003302100072 95',
'001003302100072100',
'001003302100072110',
'001003302100080 65',
'001003302100080 70',
'001003510100815  3',
'001003510101482  2',
'001004210100014423',
'001004210100550523',
'001004710110018   ',
'001004710358054   ',
'001004710371974   ',
'001004710373111   ',
'001004710374267   ',
'001004710453947   ',
'001004720354622   ',
'001004721010116   ',
'001004721010124   ',
'001004721323550   ',
'001004741026936   ',
'001004741027751   ',
'001004741135521   ',
'001004741136941   ',
'001004742013602   ',
'001005113409543   ',
'001005164602558   ',
'001005310200356   ',
'001005310305627   ',
'001005400905740   ',
'001005400907498   ',
'001006210124696   ',
'001006210129760   ',
'001006210134596   ',
'001006230001486   ',
'001006500000069   ',
'001006500101230   ',
'001006500104739   ',
'001006521149069   ',
'001006523072723   ',
'001006534224966   ',
'001006535007626   ',
'001006535011990   ',
'001006539101680   ',
'001006810128360   ',
'001006810135340   ',
'001006810148160   ',
'001093440600448   ',
'001006810148368   ',
'001006810243854   ',
'001006810243862   ',
'001006810244407   ',
'001006810244613   ',
'001006810244688   ',
'001006810244696   ',
'001007010100191   ',
'001007012103276   ',
'001007012500117   ',
'001007012500133   ',
'001007016012614   ',
'001007016012630   ',
'001007016012705   ',
'001007016012721   ',
'001007016012739   ',
'001007016012747   ',
'001007016012754   ',
'001007016012770   ',
'001007016174851   ',
'001007016207859   ',
'001007016208071   ',
'001007016305851   ',
'001007218500010   ',
'001007220205038   ',
'001007220215607   ',
'001007220325828   ',
'001007220325844   ',
'001007220329986   ',
'001007220329994   ',
'001007227241333   ',
'001007227241655   ',
'001007231900296   ',
'001007231900312   ',
'001007237300160   ',
'001007237300459   ',
'001007237300467   ',
'001007237500165   ',
'001007334813818   ',
'001007365702799   ',
'001007740551457   ',
'001007740618090   ',
'001007740618231   ',
'001007741211739   ',
'001007741211770   ',
'001007741403583   ',
'001007741404664   ',
'001007741404995   ',
'001007746003677   ',
'001007746800502   ',
'001007755200131   ',
'001008336120657   ',
'001008336128668006',
'001008336128668008',
'001008336185759   ',
'001008336253987   ',
'001008341132267   ',
'001008346303483   ',
'001008346498762   ',
'001008350591965   ',
'001008350591981   ',
'001008350600055   ',
'001008410940350   ',
'001008411500039   ',
'001008411500096   ',
'001008411500195   ',
'001008418193978  7',
'001008446271556   ',
'001008459995885   ',
'001009651100282  2',
'001009651100282  3',
'001009651100282  4',
'001010021800916   ',
'001010024201898070',
'001010110106860   ',
'001010110107454   ',
'001010110108361   ',
'001010110108445   ',
'001010114003212   ',
'001010114120271   ',
'001010114286312   ',
'001010252604201   ',
'001010252604219   ',
'001010410100126 48',
'001010410102122 52',
'001010410102312 42',
'001010410102411 48',
'001010410102411 50',
'001010530293280   ',
'001010530792661   ',
'001010647902617   ',
'001010647902823   ',
'001010762600947   ',
'001010762991254   ',
'001012750001559   ',
'001012750400033   ',
'001012751002473   ',
'0010127510F5934   ',
'0010127520F2294   ',
'001012752200035   ',
'0010127522F2308   ',
'001012752500103   ',
'001012800100047   ',
'001012800100054   ',
'001012800100062   ',
'001012800100070   ',
'001012800100088   ',
'001012801700019   ',
'001012801700324   ',
'001012909000171   ',
'001012940001758   ',
'001012940100162   ',
'001012940100261   ',
'001012940100311   ',
'001012940200418   ',
'001012940200822   ',
'001012940200905   ',
'001012940200921   ',
'001013300200089   ',
'001013300200253   ',
'001013523100017   ',
'001014830746377   ',
'001014830746401   ',
'001014830746773   ',
'001015217005840   ',
'001015409000054   ',
'001018016700041   ',
'001018101100206   ',
'001018106000039   ',
'001018157200108   ',
'001018246800033   ',
'001018246800041   ',
'001018247300140   ',
'001018247500046   ',
'001018251000024   ',
'001018253000014   ',
'001018253000162   ',
'001018253100095   ',
'001018255000046   ',
'001018255400048   ',
'001018255800080   ',
'001018255900021   ',
'001018256000102   ',
'001018258900044   ',
'001018286400033   ',
'001018411200019   ',
'001018734700059   ',
'001018734700083   ',
'001018734700554   ',
'001018734700570   ',
'001018734700588   ',
'001018742700059   ',
'001018742700083   ',
'001018742700117   ',
'001018742700174   ',
'001018742700646   ',
'001018742700794   ',
'001018742700927   ',
'001018917200091   ',
'001018917200174   ',
'001019510112691   ',
'001019510112741   ',
'001019510113277   ',
'001019510113541   ',
'001019510113566   ',
'001019510114168   ',
'001019510114200   ',
'001019510114226   ',
'001019510114259   ',
'001019510114267   ',
'001019510114283   ',
'001019510114341   ',
'001019510114358   ',
'001019510114366   ',
'001019510114630   ',
'001019510116858   ',
'001019510117146   ',
'001019510117336   ',
'001019535100242   ',
'001023023800016   ',
'001023025100019   ',
'001025063201666002',
'001025515251541   ',
'001025562105020   ',
'001025940000497   ',
'001026310242057   ',
'001026710515243   ',
'001027000400013   ',
'001027000700016   ',
'001027000800014   ',
'001027001000010   ',
'001027001100018   ',
'001027001600017   ',
'001027002100017   ',
'001027003700013   ',
'001027009000012   ',
'001028535628169   ',
'001028535628177   ',
'001028535715578   ',
'001028535731559   ',
'001028535731609   ',
'001028535739024   ',
'001028535748884   ',
'001028535749635   ',
'001028610759731   ',
'001028635704746   ',
'001028748000024   ',
'001031354500154   ',
'001038225100114   ',
'001038510108426   ',
'001038510109085   ',
'001038510109457   ',
'001038510110380   ',
'001038510110463   ',
'001038510110521   ',
'001038531003911   ',
'001038630401206   ',
'001038630403020   ',
'001044838101200   ',
'001044838400362   ',
'001044839102488   ',
'001044839105358   ',
'001044839105762   ',
'001044839200456   ',
'001046100100018   ',
'001046810122641   ',
'001056610102313   ',
'001056613112624   ',
'001056613301748   ',
'001056613402025   ',
'001056614100628   ',
'001056660401789   ',
'001059710400751   ',
'001064220118562   ',
'001068310138109   ',
'001068310138281   ',
'001068310138992   ',
'001069410511781   ',
'001069410512409   ',
'001069700100022   ',
'001069700200012   ',
'001079862600016   ',
'001079910200017   ',
'001079910500010   ',
'001079911700015   ',
'001081323203406 85',
'001081523206696 85',
'001082110200019   ',
'001087055900689   ',  --PD00000516-3688
'001090600000120   ',
'001093441100141   ',
'001094610200647   ',
'001094610400205   ',
'001097574113078   ',
'001097576500710   ',
'001097626108076   ',
'001097626108431   ',
'001097626108886   ',
'001097626108977   ',
'001097630126668   ',
'001097630133524   ',
'001097630135131   ',
'001097630136170   ',
'001097630136931   ',
'001097630136980   ',
'001097630139166   ',
'001097630139901   ',
'001097630140016   ',
'001097630140719   ',
'001097630141030   ',
'001097630141212   ',
'001097631306319   ',
'001097631400013   ',
'001097631507007   ',
'001097631507049   ',
'001097631602949   ',
'001097632700023   ',
'001097632802068   ',
'001097901745865   ',
'001097911300560   ',
'0010979713F3214   ',
'019000313003725   ',
'019000313004061   ',
'019000313004152   '
);

Insert into CLICK_AND_COLLECT_PT (CATALOG_REF_ID,COMPANY_ID,UNIQUE_CODE) values ('001002420109379 85','001','000001001508190085');
Insert into CLICK_AND_COLLECT_PT (CATALOG_REF_ID,COMPANY_ID,UNIQUE_CODE) values ('001002420109379 80','001','000001001508190080');



COMMIT;
-------------------------------------------------

-------------------------------------------------
--       PD00000516-2144
-------------------------------------------------
-- Productos con referencia única duplicada

DELETE FROM ECI_SITE_TO_STORE.CLICK_AND_COLLECT_AVAILABILITY
WHERE CATALOG_REF_ID in (
'001018720801093   '
);

Insert into ECI_SITE_TO_STORE.CLICK_AND_COLLECT_AVAILABILITY (CATALOG_REF_ID,UNIQUE_CODE,COMPANY_ID) values ('001018720801093   ','000000000140238928','001');


COMMIT;
-------------------------------------------------

-------------------------------------------------
--       PD00000516-3688
-------------------------------------------------
--Cambio de producto de automáticas

DELETE FROM ECI_SITE_TO_STORE.CLICK_AND_COLLECT_AVAILABILITY
WHERE CATALOG_REF_ID in (
'001087055900689   '
);

Insert into CLICK_AND_COLLECT_AVAILABILITY (CATALOG_REF_ID,UNIQUE_CODE,COMPANY_ID) values ('001087055900689   ','000000000105960818','001');


COMMIT;
-------------------------------------------------

-------------------------------------------------
--       PD00000516-3705
-------------------------------------------------
-- Productos Portugal
delete from click_and_collect_availability where catalog_ref_id in (
'001038545213563   ',
'001004720118738   '
);

Insert into CLICK_AND_COLLECT_AVAILABILITY (CATALOG_REF_ID,UNIQUE_CODE,COMPANY_ID) values ('001038545213563   ','000000000103381975','001');


delete from click_and_collect_pt where catalog_ref_id in (
'001038545213563   ',
'001004720118738   '
);

Insert into CLICK_AND_COLLECT_PT (CATALOG_REF_ID,COMPANY_ID,UNIQUE_CODE) values ('001004720118738   ','001','000000000100360277');
Insert into CLICK_AND_COLLECT_PT (CATALOG_REF_ID,COMPANY_ID,UNIQUE_CODE) values ('001038545213563   ','001','000000000103381975');

COMMIT;
-------------------------------------------------

-------------------------------------------------
--       PD00000516-4862
-------------------------------------------------
-- Productos de regresion sprint75
delete from eci_sts_skus where catalog_ref_id in (
'001009641200564  2'
);

Insert into ECI_STS_SKUS (COMPANY_ID,CATALOG_REF_ID,IDX) values ('001','001009641200564  2','2037');
Insert into ECI_STS_SKUS (COMPANY_ID,CATALOG_REF_ID,IDX) values ('002','001009641200564  2','5041');

delete from click_and_collect_availability where catalog_ref_id in (
'001009641200564  2'
);

Insert into CLICK_AND_COLLECT_AVAILABILITY (CATALOG_REF_ID,UNIQUE_CODE,COMPANY_ID) values ('001009641200564  2','000001016805330002','001');

COMMIT;
-------------------------------------------------

-------------------------------------------------
--       PD00000516-5251
-------------------------------------------------
-- Productos de regresion sprint76

delete from eci_sts_skus where catalog_ref_id in (
'001097626107037   '
);

Insert into ECI_STS_SKUS (COMPANY_ID,CATALOG_REF_ID,IDX) values ('001','001097626107037   ',2933);
Insert into ECI_STS_SKUS (COMPANY_ID,CATALOG_REF_ID,IDX) values ('002','001097626107037   ',5937);
Insert into ECI_STS_SKUS (COMPANY_ID,CATALOG_REF_ID,IDX) values ('004','001097626107037   ',7489);
Insert into ECI_STS_SKUS (COMPANY_ID,CATALOG_REF_ID,IDX) values ('006','001097626107037   ',9041);

delete from click_and_collect_availability where catalog_ref_id in (
'001006810139896   ',
'001097626108001   ',
'001097626106831   ',
'001097626107037   ',
'001097626108159   ',
'001097626108944   ',
'001097626107169   '
);

Insert into CLICK_AND_COLLECT_AVAILABILITY (CATALOG_REF_ID,UNIQUE_CODE,COMPANY_ID) values ('001006810139896   ','000000000101133677','001');
Insert into CLICK_AND_COLLECT_AVAILABILITY (CATALOG_REF_ID,UNIQUE_CODE,COMPANY_ID) values ('001097626106831   ','000000000105417698','001');
Insert into CLICK_AND_COLLECT_AVAILABILITY (CATALOG_REF_ID,UNIQUE_CODE,COMPANY_ID) values ('001097626107037   ','000000000105417716','001');
Insert into CLICK_AND_COLLECT_AVAILABILITY (CATALOG_REF_ID,UNIQUE_CODE,COMPANY_ID) values ('001097626107169   ','000000000105417723','001');
Insert into CLICK_AND_COLLECT_AVAILABILITY (CATALOG_REF_ID,UNIQUE_CODE,COMPANY_ID) values ('001097626108001   ','000000000105417784','001');
Insert into CLICK_AND_COLLECT_AVAILABILITY (CATALOG_REF_ID,UNIQUE_CODE,COMPANY_ID) values ('001097626108159   ','000000000105417798','001');
Insert into CLICK_AND_COLLECT_AVAILABILITY (CATALOG_REF_ID,UNIQUE_CODE,COMPANY_ID) values ('001097626108944   ','000000000105417860','001');

COMMIT;
-------------------------------------------------

-------------------------------------------------
--       PD00000516-5531
-------------------------------------------------
-- Productos de regresion sprint77
delete from click_and_collect_availability where catalog_ref_id in (
'001007741767110   ',
'001097626107433   '
);

Insert into CLICK_AND_COLLECT_AVAILABILITY (CATALOG_REF_ID,UNIQUE_CODE,COMPANY_ID) values ('001007741767110   ','000000000106830844','001');
Insert into CLICK_AND_COLLECT_AVAILABILITY (CATALOG_REF_ID,UNIQUE_CODE,COMPANY_ID) values ('001097626107433   ','000000000105417745','001');

delete from eci_sts_skus where catalog_ref_id in (
'001097626107433   '
);

Insert into ECI_SITE_TO_STORE.ECI_STS_SKUS (COMPANY_ID,CATALOG_REF_ID,IDX) values ('006','001097626107433   ','9049');
Insert into ECI_SITE_TO_STORE.ECI_STS_SKUS (COMPANY_ID,CATALOG_REF_ID,IDX) values ('004','001097626107433   ','7497');
Insert into ECI_SITE_TO_STORE.ECI_STS_SKUS (COMPANY_ID,CATALOG_REF_ID,IDX) values ('002','001097626107433   ','5945');
Insert into ECI_SITE_TO_STORE.ECI_STS_SKUS (COMPANY_ID,CATALOG_REF_ID,IDX) values ('001','001097626107433   ','2941');

COMMIT;
-------------------------------------------------
-------------------------------------------------
--       PD00000516-5821
-------------------------------------------------
-- Productos regresion sprint 78
delete from eci_sts_skus where catalog_ref_id in (
'001008427500015   ',
'001097631029184   '
);

Insert into ECI_STS_SKUS (COMPANY_ID,CATALOG_REF_ID,IDX) values ('001','001008427500015   ','2996');
Insert into ECI_STS_SKUS (COMPANY_ID,CATALOG_REF_ID,IDX) values ('002','001008427500015   ','6000');
Insert into ECI_STS_SKUS (COMPANY_ID,CATALOG_REF_ID,IDX) values ('004','001008427500015   ','7552');
Insert into ECI_STS_SKUS (COMPANY_ID,CATALOG_REF_ID,IDX) values ('006','001008427500015   ','9104');

DELETE FROM ECI_SITE_TO_STORE.click_and_collect_availability WHERE CATALOG_REF_ID in (
'001008427500015   ',
'001097631029184   '
);

Insert into CLICK_AND_COLLECT_AVAILABILITY (CATALOG_REF_ID,UNIQUE_CODE,COMPANY_ID) values ('001008427500015   ','000000000101476890','001');
Insert into CLICK_AND_COLLECT_AVAILABILITY (CATALOG_REF_ID,UNIQUE_CODE,COMPANY_ID) values ('001097631029184   ','000000000140648266','001');

COMMIT;
-------------------------------------------------

-------------------------------------------------
--       PD00000516-5991
-------------------------------------------------
-- Productos regresion sprint 79
DELETE FROM ECI_SITE_TO_STORE.click_and_collect_availability WHERE CATALOG_REF_ID in (
'001003262904315   ',
'001003262904224   '
);

Insert into CLICK_AND_COLLECT_AVAILABILITY (CATALOG_REF_ID,UNIQUE_CODE,COMPANY_ID) values ('001003262904224   ','000000000107819580','001');
Insert into CLICK_AND_COLLECT_AVAILABILITY (CATALOG_REF_ID,UNIQUE_CODE,COMPANY_ID) values ('001003262904315   ','000000000107897757','001');

COMMIT;
-------------------------------------------------

-------------------------------------------------
--       PD00000516-6115
-------------------------------------------------
-- Promociones de casos de CSC
delete from eci_sts_skus where catalog_ref_id in (
'001025224505153   '
);

Insert into ECI_STS_SKUS (COMPANY_ID,CATALOG_REF_ID,IDX) values ('001','001025224505153   ','2591');
Insert into ECI_STS_SKUS (COMPANY_ID,CATALOG_REF_ID,IDX) values ('002','001025224505153   ','5595');
Insert into ECI_STS_SKUS (COMPANY_ID,CATALOG_REF_ID,IDX) values ('004','001025224505153   ','7454');
Insert into ECI_STS_SKUS (COMPANY_ID,CATALOG_REF_ID,IDX) values ('006','001025224505153   ','9006');

DELETE FROM ECI_SITE_TO_STORE.click_and_collect_availability WHERE CATALOG_REF_ID in (
'001025224505153   '
);

Insert into CLICK_AND_COLLECT_AVAILABILITY (CATALOG_REF_ID,UNIQUE_CODE,COMPANY_ID) values ('001025224505153   ','000000000102602457','001');

COMMIT;
-------------------------------------------------

-------------------------------------------------
--       PD00000460-10012209
-------------------------------------------------
-- Pedidos de Postventa con devolución en punto de conveniencia
delete from eci_sts_skus where catalog_ref_id in (
'001008422700107 31',
'001008422700107 32',
'001008410893625   '
);

INSERT INTO "ECI_SITE_TO_STORE"."ECI_STS_SKUS" (COMPANY_ID, CATALOG_REF_ID, IDX) VALUES ('004', '001008422700107 31', '9472');
INSERT INTO "ECI_SITE_TO_STORE"."ECI_STS_SKUS" (COMPANY_ID, CATALOG_REF_ID, IDX) VALUES ('006', '001008422700107 31', '9473');
INSERT INTO "ECI_SITE_TO_STORE"."ECI_STS_SKUS" (COMPANY_ID, CATALOG_REF_ID, IDX) VALUES ('004', '001008410893625   ', '9474');
INSERT INTO "ECI_SITE_TO_STORE"."ECI_STS_SKUS" (COMPANY_ID, CATALOG_REF_ID, IDX) VALUES ('006', '001008410893625   ', '9475');
INSERT INTO "ECI_SITE_TO_STORE"."ECI_STS_SKUS" (COMPANY_ID, CATALOG_REF_ID, IDX) VALUES ('004', '001008422700107 32', '9476');
INSERT INTO "ECI_SITE_TO_STORE"."ECI_STS_SKUS" (COMPANY_ID, CATALOG_REF_ID, IDX) VALUES ('006', '001008422700107 32', '9477');

COMMIT;
-------------------------------------------------

-------------------------------------------------
--       PD00000516-6411
-------------------------------------------------
-- Productos regresion sprint 80
DELETE from eci_sts_skus where catalog_ref_id in (
'001097626103606   ',
'001097626108001   '
);

Insert into ECI_STS_SKUS (COMPANY_ID,CATALOG_REF_ID,IDX) values ('001','001097626103606   ',2919);
Insert into ECI_STS_SKUS (COMPANY_ID,CATALOG_REF_ID,IDX) values ('001','001097626108001   ',2959);
Insert into ECI_STS_SKUS (COMPANY_ID,CATALOG_REF_ID,IDX) values ('004','001097626103606   ',7475);
Insert into ECI_STS_SKUS (COMPANY_ID,CATALOG_REF_ID,IDX) values ('004','001097626108001   ',7515);
Insert into ECI_STS_SKUS (COMPANY_ID,CATALOG_REF_ID,IDX) values ('002','001097626103606   ',5923);
Insert into ECI_STS_SKUS (COMPANY_ID,CATALOG_REF_ID,IDX) values ('002','001097626108001   ',5963);
Insert into ECI_STS_SKUS (COMPANY_ID,CATALOG_REF_ID,IDX) values ('006','001097626103606   ',9027);
Insert into ECI_STS_SKUS (COMPANY_ID,CATALOG_REF_ID,IDX) values ('006','001097626108001   ',9067);


DELETE FROM ECI_SITE_TO_STORE.click_and_collect_availability WHERE CATALOG_REF_ID in (
'001097626103606   '
);

Insert into CLICK_AND_COLLECT_AVAILABILITY (CATALOG_REF_ID,UNIQUE_CODE,COMPANY_ID) values ('001097626103606   ','000000000105417617','001');

COMMIT;
-------------------------------------------------

-------------------------------------------------
--       PD00000516-6712
-------------------------------------------------
-- Productos regresion sprint 81
delete FROM ECI_SITE_TO_STORE.ECI_STS_SKUS
WHERE CATALOG_REF_ID in (
'001006550310079   ',
'001025515706346   ',
'001002553951134   ',
'001050510402766   '
);

Insert into ECI_STS_SKUS (COMPANY_ID,CATALOG_REF_ID,IDX) values ('001','001006550310079   ','9461');
Insert into ECI_STS_SKUS (COMPANY_ID,CATALOG_REF_ID,IDX) values ('001','001025515706346   ','9462');
Insert into ECI_STS_SKUS (COMPANY_ID,CATALOG_REF_ID,IDX) values ('001','001002553951134   ','9463');
Insert into ECI_STS_SKUS (COMPANY_ID,CATALOG_REF_ID,IDX) values ('001','001050510402766   ','9464');
Insert into ECI_STS_SKUS (COMPANY_ID,CATALOG_REF_ID,IDX) values ('002','001006550310079   ','9465');
Insert into ECI_STS_SKUS (COMPANY_ID,CATALOG_REF_ID,IDX) values ('002','001025515706346   ','9466');
Insert into ECI_STS_SKUS (COMPANY_ID,CATALOG_REF_ID,IDX) values ('002','001002553951134   ','9467');
Insert into ECI_STS_SKUS (COMPANY_ID,CATALOG_REF_ID,IDX) values ('002','001050510402766   ','9468');
Insert into ECI_STS_SKUS (COMPANY_ID,CATALOG_REF_ID,IDX) values ('004','001006550310079   ','9469');
Insert into ECI_STS_SKUS (COMPANY_ID,CATALOG_REF_ID,IDX) values ('004','001025515706346   ','9470');
Insert into ECI_STS_SKUS (COMPANY_ID,CATALOG_REF_ID,IDX) values ('004','001002553951134   ','9471');
Insert into ECI_STS_SKUS (COMPANY_ID,CATALOG_REF_ID,IDX) values ('004','001050510402766   ','9472');
Insert into ECI_STS_SKUS (COMPANY_ID,CATALOG_REF_ID,IDX) values ('006','001006550310079   ','9473');
Insert into ECI_STS_SKUS (COMPANY_ID,CATALOG_REF_ID,IDX) values ('006','001025515706346   ','9474');
Insert into ECI_STS_SKUS (COMPANY_ID,CATALOG_REF_ID,IDX) values ('006','001002553951134   ','9475');
Insert into ECI_STS_SKUS (COMPANY_ID,CATALOG_REF_ID,IDX) values ('006','001050510402766   ','9476');


DELETE FROM ECI_SITE_TO_STORE.click_and_collect_availability WHERE CATALOG_REF_ID in (
'001002553951134   ',
'001050510402766   '
);

Insert into CLICK_AND_COLLECT_AVAILABILITY (CATALOG_REF_ID,UNIQUE_CODE,COMPANY_ID) values ('001002553951134   ','000000000146909384','001');
Insert into CLICK_AND_COLLECT_AVAILABILITY (CATALOG_REF_ID,UNIQUE_CODE,COMPANY_ID) values ('001050510402766   ','000000000149990584','001');


COMMIT;
-------------------------------------------------


-------------------------------------------------
--       PD00000516-6331
-------------------------------------------------

-- Productos de Encargos Hipercor Regresion
DELETE FROM ECI_SITE_TO_STORE.click_and_collect_availability
WHERE CATALOG_REF_ID in (
'001011411212506   '
);
insert into click_and_collect_availability (catalog_ref_id,unique_code, company_id)
values ('001011411212506   ','000000000107086299','001');

DELETE FROM ECI_SITE_TO_STORE.click_and_collect_hipercor
WHERE CATALOG_REF_ID IN (
'001011411212506   '
);


insert into click_and_collect_hipercor (catalog_ref_id,sell_company_id,unique_code)
values ('001011411212506   ','001','000000000107086299');

commit;

-------------------------------------------------

-------------------------------------------------
--       PD00000460-10001837
-------------------------------------------------

-- Productos de Encargos
DELETE FROM ECI_SITE_TO_STORE.click_and_collect_availability
WHERE CATALOG_REF_ID IN (
'001006550103144   '
);
DELETE FROM ECI_SITE_TO_STORE.click_and_collect_hipercor
WHERE CATALOG_REF_ID IN (
'001006550103144   '
);
DELETE FROM ECI_SITE_TO_STORE.click_and_collect_pt
WHERE CATALOG_REF_ID IN (
'001006550103144   '
);

insert into click_and_collect_pt (catalog_ref_id,company_id,unique_code)
values ('001006550103144   ','001','000000000101072070');
insert into click_and_collect_hipercor (catalog_ref_id,sell_company_id,unique_code)
values ('001006550103144   ','001','000000000101072070');
insert into ECI_SITE_TO_STORE.click_and_collect_availability (catalog_ref_id,unique_code, company_id)
values ('001006550103144   ','000000000101072070','001');

commit;

-------------------------------------------------
-------------------------------------------------
--       PD00000516-12147
-------------------------------------------------
-- Productos regresion sprint 89
DELETE FROM ECI_SITE_TO_STORE.click_and_collect_availability WHERE CATALOG_REF_ID in (
'001002553936846   '
);

Insert into CLICK_AND_COLLECT_AVAILABILITY (CATALOG_REF_ID,UNIQUE_CODE,COMPANY_ID) values ('001002553936846   ','000000000140475541','001');


COMMIT;
-------------------------------------------------

-------------------------------------------------
--       PD00000516-17048
-------------------------------------------------
-- Productos regresion firefly hipercor
DELETE FROM ECI_SITE_TO_STORE.click_and_collect_availability WHERE CATALOG_REF_ID in (
'001007410323690   ',
'001007410323724   ',
'001007740619122   ',
'001007750668647   '
);

Insert into CLICK_AND_COLLECT_AVAILABILITY (CATALOG_REF_ID,UNIQUE_CODE,COMPANY_ID) values ('001007410323690   ','000000000101207841','001');
Insert into CLICK_AND_COLLECT_AVAILABILITY (CATALOG_REF_ID,UNIQUE_CODE,COMPANY_ID) values ('001007410323724   ','000000000106128576','001');
Insert into CLICK_AND_COLLECT_AVAILABILITY (CATALOG_REF_ID,UNIQUE_CODE,COMPANY_ID) values ('001007740619122   ','000000000145480124','001');
Insert into CLICK_AND_COLLECT_AVAILABILITY (CATALOG_REF_ID,UNIQUE_CODE,COMPANY_ID) values ('001007750668647   ','000000000101274525','001');

delete from click_and_collect_hipercor where catalog_ref_id in (
'001007410323690   ',
'001007410323724   ',
'001007740619122   ',
'001007750668647   '
);

insert into click_and_collect_hipercor (catalog_ref_id,sell_company_id,unique_code) values ('001007410323724   ','001','000000000106128576');
Insert into CLICK_AND_COLLECT_HIPERCOR (CATALOG_REF_ID,SELL_COMPANY_ID,UNIQUE_CODE) values ('001007740619122   ','001','000000000145480124');
Insert into CLICK_AND_COLLECT_HIPERCOR (CATALOG_REF_ID,SELL_COMPANY_ID,UNIQUE_CODE) values ('001007750668647   ','001','000000000101274525');

COMMIT;
-------------------------------------------------