SET DEFINE OFF;

-------------------------------------------------
--       PD00000461-10001066
-------------------------------------------------
-- Stock productos MKP

delete from ECI_INVENTORY.ECI_MKP_INVENTORY_STL where OFFER_ID in (
'16653',
'18080'
);

Insert into ECI_INVENTORY.ECI_MKP_INVENTORY_STL (EAN,PROVIDER_ID,OFFER_ID,PRODUCT_ID,CATALOG_REF_ID,STOCK,UNIQUE_CODE,UPDATE_DATE,CREATION_DATE,IDX) values ('9788434863781','0000572','16653','A9509326','001025505005253   ',30000,'9788434863781_000000000108110858',to_date('11/11/2021','DD/MM/YYYY'),to_date('11/11/2021','DD/MM/YYYY'),41443);
Insert into ECI_INVENTORY.ECI_MKP_INVENTORY_STL (EAN,PROVIDER_ID,OFFER_ID,PRODUCT_ID,CATALOG_REF_ID,STOCK,UPDATE_DATE,CREATION_DATE,IDX,UNIQUE_CODE) values ('8806088139098','0008272','18080','A17847209','001057063409361009','10000',to_date('06/08/2019','DD/MM/YYYY'),to_date('06/08/2019','DD/MM/YYYY'),'48','0498723016544_000000000108290647');

delete from ECI_INVENTORY.ECI_MKP_INVENTORY where OFFER_ID in (
'16653',
'18080'
);

Insert into ECI_INVENTORY.ECI_MKP_INVENTORY (EAN,PROVIDER_ID,OFFER_ID,PRODUCT_ID,CATALOG_REF_ID,STOCK,UPDATE_DATE,CREATION_DATE,IDX,UNIQUE_CODE) values ('9788434863781','0000572','16653','A9509326','001025505005253   ','30000',to_date('06/08/2019','DD/MM/YYYY'),to_date('06/08/2019','DD/MM/YYYY'),'597',null);
Insert into ECI_INVENTORY.ECI_MKP_INVENTORY (EAN,PROVIDER_ID,OFFER_ID,PRODUCT_ID,CATALOG_REF_ID,STOCK,UPDATE_DATE,CREATION_DATE,IDX,UNIQUE_CODE) values ('8806088139098','0008272','18080','A17847209','001057063409361009','10000',to_date('06/08/2019','DD/MM/YYYY'),to_date('06/08/2019','DD/MM/YYYY'),'48','0498723016544_000000000108290647');
commit;

-------------------------------------------------
--       PD00000460-10002310
-------------------------------------------------
-- Inventario para referencias no documentadas - Indexacion, eciexpress e inventario
  DELETE
  FROM ECI_INVENTORY.ECI_INDEXED_REFERENCES E
  Where
  CATALOG_REF_ID in (
'001010660401802   ',
'001010660401810   '
);


Insert into ECI_INVENTORY.ECI_INDEXED_REFERENCES (UNIQUE_CODE, CATALOG_REF_ID, SITE, COMPANY_ID, ECI_EXPRESS, IDX, PRODUCT_ID, CLICK_AND_COLLECT, LOCALES, ECI_EXPRESS_THRESHOLD, CONVERSION_FACTOR)
Values ('000000000107657294', '001010660401802   ', 'eciStore', '001', 1, 6752, 'A14747261', 1, 'es', 2, 1);
Insert into ECI_INVENTORY.ECI_INDEXED_REFERENCES (UNIQUE_CODE, CATALOG_REF_ID, SITE, COMPANY_ID, ECI_EXPRESS, IDX, PRODUCT_ID, CLICK_AND_COLLECT, LOCALES, ECI_EXPRESS_THRESHOLD, CONVERSION_FACTOR)
Values ('000000000107657295', '001010660401810   ', 'eciStore', '001', 1, 6752, 'A14747264', 1, 'es', 2, 1);

commit;
-------------------------------------------------------------

delete FROM ECI_INVENTORY.ECI_IND_EXPRESS_REFS E
Where UNIQUE_CODE in (
'000000000107657294',
'000000000107657295'
);



Insert into ECI_INVENTORY.ECI_IND_EXPRESS_REFS (UNIQUE_CODE, SITE, COMPANY_ID, ECI_EXPRESS_THRESHOLD, IDX)
Values ('000000000107657294', 'eciStore', '001', 2, 8461);
Insert into ECI_INVENTORY.ECI_IND_EXPRESS_REFS (UNIQUE_CODE, SITE, COMPANY_ID, ECI_EXPRESS_THRESHOLD, IDX)
Values ('000000000107657295', 'eciStore', '001', 2, 8461);
 
commit;
------------------------------------------------------------------
delete FROM ECI_INVENTORY.ECI_INVENTORY E
Where catalog_ref_id in (
'000000000107657294',
'000000000107657295'
);

Insert into ECI_INVENTORY.ECI_INVENTORY
   (CENTRE_ID, CATALOG_REF_ID, ON_HAND_AVAILABLE_QUANTITY, UNIT_OF_MEASURE, MAX_PER_ORDER_THRESH, SPECIAL_PRODUCT_THRESH, ORIGIN_MODIFICATION_TSTAMP, COMPANY_ID, UPDATE_DATE, CREATION_DATE, IDX, FUTURE_AVAILABLE_QUANTITY, FIRST_FUTURE_AVAILABLE_DATE, FUTURE_AVAILABLE_DATE, IDX_2)
 Values
   ('0006', '000000000107657294', 2000, NULL, 
    0, 0, TO_DATE('05/04/2016 00:00:00', 'MM/DD/YYYY HH24:MI:SS'), '001', TO_DATE('05/04/2016 16:07:56', 'MM/DD/YYYY HH24:MI:SS'), 
    TO_DATE('05/04/2016 16:07:56', 'MM/DD/YYYY HH24:MI:SS'), NULL, 999997999, TO_DATE('04/24/2018 00:00:00', 'MM/DD/YYYY HH24:MI:SS'), TO_DATE('04/24/2018 00:00:00', 'MM/DD/YYYY HH24:MI:SS'), 
    51829);
Insert into ECI_INVENTORY.ECI_INVENTORY
   (CENTRE_ID, CATALOG_REF_ID, ON_HAND_AVAILABLE_QUANTITY, UNIT_OF_MEASURE, MAX_PER_ORDER_THRESH, SPECIAL_PRODUCT_THRESH, ORIGIN_MODIFICATION_TSTAMP, COMPANY_ID, UPDATE_DATE, CREATION_DATE, IDX, FUTURE_AVAILABLE_QUANTITY, FIRST_FUTURE_AVAILABLE_DATE, FUTURE_AVAILABLE_DATE, IDX_2)
 Values
   ('0003', '000000000107657294', 2000, NULL, 
    0, 0, TO_DATE('05/04/2016 00:00:00', 'MM/DD/YYYY HH24:MI:SS'), '001', TO_DATE('05/04/2016 16:07:56', 'MM/DD/YYYY HH24:MI:SS'), 
    TO_DATE('05/04/2016 16:07:56', 'MM/DD/YYYY HH24:MI:SS'), NULL, 999997999, TO_DATE('04/24/2018 00:00:00', 'MM/DD/YYYY HH24:MI:SS'), TO_DATE('04/24/2018 00:00:00', 'MM/DD/YYYY HH24:MI:SS'), 
    51829);
Insert into ECI_INVENTORY.ECI_INVENTORY
   (CENTRE_ID, CATALOG_REF_ID, ON_HAND_AVAILABLE_QUANTITY, UNIT_OF_MEASURE, MAX_PER_ORDER_THRESH, SPECIAL_PRODUCT_THRESH, ORIGIN_MODIFICATION_TSTAMP, COMPANY_ID, UPDATE_DATE, CREATION_DATE, IDX, FUTURE_AVAILABLE_QUANTITY, FIRST_FUTURE_AVAILABLE_DATE, FUTURE_AVAILABLE_DATE, IDX_2)
 Values
   ('0090', '000000000107657294', 2000, NULL, 
    0, 0, TO_DATE('05/04/2016 00:00:00', 'MM/DD/YYYY HH24:MI:SS'), '001', TO_DATE('05/04/2016 16:07:56', 'MM/DD/YYYY HH24:MI:SS'), 
    TO_DATE('05/04/2016 16:07:56', 'MM/DD/YYYY HH24:MI:SS'), NULL, 999997999, TO_DATE('04/24/2018 00:00:00', 'MM/DD/YYYY HH24:MI:SS'), TO_DATE('04/24/2018 00:00:00', 'MM/DD/YYYY HH24:MI:SS'), 
    51829);
Insert into ECI_INVENTORY.ECI_INVENTORY
   (CENTRE_ID, CATALOG_REF_ID, ON_HAND_AVAILABLE_QUANTITY, UNIT_OF_MEASURE, MAX_PER_ORDER_THRESH, SPECIAL_PRODUCT_THRESH, ORIGIN_MODIFICATION_TSTAMP, COMPANY_ID, UPDATE_DATE, CREATION_DATE, IDX, FUTURE_AVAILABLE_QUANTITY, FIRST_FUTURE_AVAILABLE_DATE, FUTURE_AVAILABLE_DATE, IDX_2)
 Values
   ('0012', '000000000107657294', 2000, NULL, 
    0, 0, TO_DATE('05/04/2016 00:00:00', 'MM/DD/YYYY HH24:MI:SS'), '001', TO_DATE('05/04/2016 16:07:56', 'MM/DD/YYYY HH24:MI:SS'), 
    TO_DATE('05/04/2016 16:07:56', 'MM/DD/YYYY HH24:MI:SS'), NULL, 999997999, TO_DATE('04/24/2018 00:00:00', 'MM/DD/YYYY HH24:MI:SS'), TO_DATE('04/24/2018 00:00:00', 'MM/DD/YYYY HH24:MI:SS'), 
    51829);
Insert into ECI_INVENTORY.ECI_INVENTORY
   (CENTRE_ID, CATALOG_REF_ID, ON_HAND_AVAILABLE_QUANTITY, UNIT_OF_MEASURE, MAX_PER_ORDER_THRESH, SPECIAL_PRODUCT_THRESH, ORIGIN_MODIFICATION_TSTAMP, COMPANY_ID, UPDATE_DATE, CREATION_DATE, IDX, FUTURE_AVAILABLE_QUANTITY, FIRST_FUTURE_AVAILABLE_DATE, FUTURE_AVAILABLE_DATE, IDX_2)
 Values
   ('0072', '000000000107657294', 2000, NULL, 
    0, 0, TO_DATE('05/04/2016 00:00:00', 'MM/DD/YYYY HH24:MI:SS'), '001', TO_DATE('05/04/2016 16:07:56', 'MM/DD/YYYY HH24:MI:SS'), 
    TO_DATE('05/04/2016 16:07:56', 'MM/DD/YYYY HH24:MI:SS'), NULL, 999997999, TO_DATE('04/24/2018 00:00:00', 'MM/DD/YYYY HH24:MI:SS'), TO_DATE('04/24/2018 00:00:00', 'MM/DD/YYYY HH24:MI:SS'), 
    51829);
Insert into ECI_INVENTORY.ECI_INVENTORY
   (CENTRE_ID, CATALOG_REF_ID, ON_HAND_AVAILABLE_QUANTITY, UNIT_OF_MEASURE, MAX_PER_ORDER_THRESH, SPECIAL_PRODUCT_THRESH, ORIGIN_MODIFICATION_TSTAMP, COMPANY_ID, UPDATE_DATE, CREATION_DATE, IDX, FUTURE_AVAILABLE_QUANTITY, FIRST_FUTURE_AVAILABLE_DATE, FUTURE_AVAILABLE_DATE, IDX_2)
 Values
   ('0098', '000000000107657294', 2000, NULL, 
    0, 0, TO_DATE('05/04/2016 00:00:00', 'MM/DD/YYYY HH24:MI:SS'), '001', TO_DATE('05/04/2016 16:07:56', 'MM/DD/YYYY HH24:MI:SS'), 
    TO_DATE('05/04/2016 16:07:56', 'MM/DD/YYYY HH24:MI:SS'), NULL, 999997999, TO_DATE('04/24/2018 00:00:00', 'MM/DD/YYYY HH24:MI:SS'), TO_DATE('04/24/2018 00:00:00', 'MM/DD/YYYY HH24:MI:SS'), 
    51829);


    
Insert into ECI_INVENTORY.ECI_INVENTORY
   (CENTRE_ID, CATALOG_REF_ID, ON_HAND_AVAILABLE_QUANTITY, UNIT_OF_MEASURE, MAX_PER_ORDER_THRESH, SPECIAL_PRODUCT_THRESH, ORIGIN_MODIFICATION_TSTAMP, COMPANY_ID, UPDATE_DATE, CREATION_DATE, IDX, FUTURE_AVAILABLE_QUANTITY, FIRST_FUTURE_AVAILABLE_DATE, FUTURE_AVAILABLE_DATE, IDX_2)
 Values
   ('0006', '000000000107657295', 2000, NULL, 
    0, 0, TO_DATE('05/04/2016 00:00:00', 'MM/DD/YYYY HH24:MI:SS'), '001', TO_DATE('05/04/2016 16:07:56', 'MM/DD/YYYY HH24:MI:SS'), 
    TO_DATE('05/04/2016 16:07:56', 'MM/DD/YYYY HH24:MI:SS'), NULL, 999997999, TO_DATE('04/24/2018 00:00:00', 'MM/DD/YYYY HH24:MI:SS'), TO_DATE('04/24/2018 00:00:00', 'MM/DD/YYYY HH24:MI:SS'), 
    51829);
Insert into ECI_INVENTORY.ECI_INVENTORY
   (CENTRE_ID, CATALOG_REF_ID, ON_HAND_AVAILABLE_QUANTITY, UNIT_OF_MEASURE, MAX_PER_ORDER_THRESH, SPECIAL_PRODUCT_THRESH, ORIGIN_MODIFICATION_TSTAMP, COMPANY_ID, UPDATE_DATE, CREATION_DATE, IDX, FUTURE_AVAILABLE_QUANTITY, FIRST_FUTURE_AVAILABLE_DATE, FUTURE_AVAILABLE_DATE, IDX_2)
 Values
   ('0003', '000000000107657295', 2000, NULL, 
    0, 0, TO_DATE('05/04/2016 00:00:00', 'MM/DD/YYYY HH24:MI:SS'), '001', TO_DATE('05/04/2016 16:07:56', 'MM/DD/YYYY HH24:MI:SS'), 
    TO_DATE('05/04/2016 16:07:56', 'MM/DD/YYYY HH24:MI:SS'), NULL, 999997999, TO_DATE('04/24/2018 00:00:00', 'MM/DD/YYYY HH24:MI:SS'), TO_DATE('04/24/2018 00:00:00', 'MM/DD/YYYY HH24:MI:SS'), 
    51829);
Insert into ECI_INVENTORY.ECI_INVENTORY
   (CENTRE_ID, CATALOG_REF_ID, ON_HAND_AVAILABLE_QUANTITY, UNIT_OF_MEASURE, MAX_PER_ORDER_THRESH, SPECIAL_PRODUCT_THRESH, ORIGIN_MODIFICATION_TSTAMP, COMPANY_ID, UPDATE_DATE, CREATION_DATE, IDX, FUTURE_AVAILABLE_QUANTITY, FIRST_FUTURE_AVAILABLE_DATE, FUTURE_AVAILABLE_DATE, IDX_2)
 Values
   ('0090', '000000000107657295', 2000, NULL, 
    0, 0, TO_DATE('05/04/2016 00:00:00', 'MM/DD/YYYY HH24:MI:SS'), '001', TO_DATE('05/04/2016 16:07:56', 'MM/DD/YYYY HH24:MI:SS'), 
    TO_DATE('05/04/2016 16:07:56', 'MM/DD/YYYY HH24:MI:SS'), NULL, 999997999, TO_DATE('04/24/2018 00:00:00', 'MM/DD/YYYY HH24:MI:SS'), TO_DATE('04/24/2018 00:00:00', 'MM/DD/YYYY HH24:MI:SS'), 
    51829);
Insert into ECI_INVENTORY.ECI_INVENTORY
   (CENTRE_ID, CATALOG_REF_ID, ON_HAND_AVAILABLE_QUANTITY, UNIT_OF_MEASURE, MAX_PER_ORDER_THRESH, SPECIAL_PRODUCT_THRESH, ORIGIN_MODIFICATION_TSTAMP, COMPANY_ID, UPDATE_DATE, CREATION_DATE, IDX, FUTURE_AVAILABLE_QUANTITY, FIRST_FUTURE_AVAILABLE_DATE, FUTURE_AVAILABLE_DATE, IDX_2)
 Values
   ('0012', '000000000107657295', 2000, NULL, 
    0, 0, TO_DATE('05/04/2016 00:00:00', 'MM/DD/YYYY HH24:MI:SS'), '001', TO_DATE('05/04/2016 16:07:56', 'MM/DD/YYYY HH24:MI:SS'), 
    TO_DATE('05/04/2016 16:07:56', 'MM/DD/YYYY HH24:MI:SS'), NULL, 999997999, TO_DATE('04/24/2018 00:00:00', 'MM/DD/YYYY HH24:MI:SS'), TO_DATE('04/24/2018 00:00:00', 'MM/DD/YYYY HH24:MI:SS'), 
    51829);
Insert into ECI_INVENTORY.ECI_INVENTORY
   (CENTRE_ID, CATALOG_REF_ID, ON_HAND_AVAILABLE_QUANTITY, UNIT_OF_MEASURE, MAX_PER_ORDER_THRESH, SPECIAL_PRODUCT_THRESH, ORIGIN_MODIFICATION_TSTAMP, COMPANY_ID, UPDATE_DATE, CREATION_DATE, IDX, FUTURE_AVAILABLE_QUANTITY, FIRST_FUTURE_AVAILABLE_DATE, FUTURE_AVAILABLE_DATE, IDX_2)
 Values
   ('0072', '000000000107657295', 2000, NULL, 
    0, 0, TO_DATE('05/04/2016 00:00:00', 'MM/DD/YYYY HH24:MI:SS'), '001', TO_DATE('05/04/2016 16:07:56', 'MM/DD/YYYY HH24:MI:SS'), 
    TO_DATE('05/04/2016 16:07:56', 'MM/DD/YYYY HH24:MI:SS'), NULL, 999997999, TO_DATE('04/24/2018 00:00:00', 'MM/DD/YYYY HH24:MI:SS'), TO_DATE('04/24/2018 00:00:00', 'MM/DD/YYYY HH24:MI:SS'), 
    51829);
Insert into ECI_INVENTORY.ECI_INVENTORY
   (CENTRE_ID, CATALOG_REF_ID, ON_HAND_AVAILABLE_QUANTITY, UNIT_OF_MEASURE, MAX_PER_ORDER_THRESH, SPECIAL_PRODUCT_THRESH, ORIGIN_MODIFICATION_TSTAMP, COMPANY_ID, UPDATE_DATE, CREATION_DATE, IDX, FUTURE_AVAILABLE_QUANTITY, FIRST_FUTURE_AVAILABLE_DATE, FUTURE_AVAILABLE_DATE, IDX_2)
 Values
   ('0098', '000000000107657295', 2000, NULL, 
    0, 0, TO_DATE('05/04/2016 00:00:00', 'MM/DD/YYYY HH24:MI:SS'), '001', TO_DATE('05/04/2016 16:07:56', 'MM/DD/YYYY HH24:MI:SS'), 
    TO_DATE('05/04/2016 16:07:56', 'MM/DD/YYYY HH24:MI:SS'), NULL, 999997999, TO_DATE('04/24/2018 00:00:00', 'MM/DD/YYYY HH24:MI:SS'), TO_DATE('04/24/2018 00:00:00', 'MM/DD/YYYY HH24:MI:SS'), 
    51829);


commit;
-------------------------------------------------

-------------------------------------------------
--       PD00000460-10002819
-------------------------------------------------
-- Dar CnC y stock a referencias mixtas
DELETE FROM ECI_INVENTORY.ECI_INVENTORY 
WHERE CATALOG_REF_ID in (
'000000000107920059',
'000000000141099964',
'000000000104242303',
'000000000103382669'
);

Insert into ECI_INVENTORY.ECI_INVENTORY (CENTRE_ID,CATALOG_REF_ID,ON_HAND_AVAILABLE_QUANTITY,UNIT_OF_MEASURE,MAX_PER_ORDER_THRESH,SPECIAL_PRODUCT_THRESH,ORIGIN_MODIFICATION_TSTAMP,COMPANY_ID,UPDATE_DATE,CREATION_DATE,IDX,FUTURE_AVAILABLE_QUANTITY,FIRST_FUTURE_AVAILABLE_DATE,FUTURE_AVAILABLE_DATE,IDX_2) values ('0003','000000000107920059','1000',null,'0','0',null,'001',to_date('19/03/2019','DD/MM/YYYY'),to_date('19/03/2019','DD/MM/YYYY'),null,null,null,null,'65441');
Insert into ECI_INVENTORY.ECI_INVENTORY (CENTRE_ID,CATALOG_REF_ID,ON_HAND_AVAILABLE_QUANTITY,UNIT_OF_MEASURE,MAX_PER_ORDER_THRESH,SPECIAL_PRODUCT_THRESH,ORIGIN_MODIFICATION_TSTAMP,COMPANY_ID,UPDATE_DATE,CREATION_DATE,IDX,FUTURE_AVAILABLE_QUANTITY,FIRST_FUTURE_AVAILABLE_DATE,FUTURE_AVAILABLE_DATE,IDX_2) values ('0006','000000000107920059','1000',null,'0','0',null,'001',to_date('19/03/2019','DD/MM/YYYY'),to_date('19/03/2019','DD/MM/YYYY'),null,null,null,null,'65441');
Insert into ECI_INVENTORY.ECI_INVENTORY (CENTRE_ID,CATALOG_REF_ID,ON_HAND_AVAILABLE_QUANTITY,UNIT_OF_MEASURE,MAX_PER_ORDER_THRESH,SPECIAL_PRODUCT_THRESH,ORIGIN_MODIFICATION_TSTAMP,COMPANY_ID,UPDATE_DATE,CREATION_DATE,IDX,FUTURE_AVAILABLE_QUANTITY,FIRST_FUTURE_AVAILABLE_DATE,FUTURE_AVAILABLE_DATE,IDX_2) values ('0012','000000000107920059','1000',null,'0','0',null,'001',to_date('20/05/2019','DD/MM/YYYY'),to_date('20/05/2019','DD/MM/YYYY'),null,null,null,null,'85695');
Insert into ECI_INVENTORY.ECI_INVENTORY (CENTRE_ID,CATALOG_REF_ID,ON_HAND_AVAILABLE_QUANTITY,UNIT_OF_MEASURE,MAX_PER_ORDER_THRESH,SPECIAL_PRODUCT_THRESH,ORIGIN_MODIFICATION_TSTAMP,COMPANY_ID,UPDATE_DATE,CREATION_DATE,IDX,FUTURE_AVAILABLE_QUANTITY,FIRST_FUTURE_AVAILABLE_DATE,FUTURE_AVAILABLE_DATE,IDX_2) values ('0072','000000000107920059','1000',null,'0','0',null,'001',to_date('20/05/2019','DD/MM/YYYY'),to_date('20/05/2019','DD/MM/YYYY'),null,null,null,null,'39929');
Insert into ECI_INVENTORY.ECI_INVENTORY (CENTRE_ID,CATALOG_REF_ID,ON_HAND_AVAILABLE_QUANTITY,UNIT_OF_MEASURE,MAX_PER_ORDER_THRESH,SPECIAL_PRODUCT_THRESH,ORIGIN_MODIFICATION_TSTAMP,COMPANY_ID,UPDATE_DATE,CREATION_DATE,IDX,FUTURE_AVAILABLE_QUANTITY,FIRST_FUTURE_AVAILABLE_DATE,FUTURE_AVAILABLE_DATE,IDX_2) values ('0090','000000000107920059','1000',null,'0','0',null,'001',to_date('20/05/2019','DD/MM/YYYY'),to_date('04/03/2016','DD/MM/YYYY'),null,null,null,null,'82216');
Insert into ECI_INVENTORY.ECI_INVENTORY (CENTRE_ID,CATALOG_REF_ID,ON_HAND_AVAILABLE_QUANTITY,UNIT_OF_MEASURE,MAX_PER_ORDER_THRESH,SPECIAL_PRODUCT_THRESH,ORIGIN_MODIFICATION_TSTAMP,COMPANY_ID,UPDATE_DATE,CREATION_DATE,IDX,FUTURE_AVAILABLE_QUANTITY,FIRST_FUTURE_AVAILABLE_DATE,FUTURE_AVAILABLE_DATE,IDX_2) values ('0098','000000000107920059','1000',null,'0','0',null,'001',to_date('20/05/2019','DD/MM/YYYY'),to_date('20/05/2019','DD/MM/YYYY'),null,null,null,null,'46538');

Insert into ECI_INVENTORY.ECI_INVENTORY (CENTRE_ID,CATALOG_REF_ID,ON_HAND_AVAILABLE_QUANTITY,UNIT_OF_MEASURE,MAX_PER_ORDER_THRESH,SPECIAL_PRODUCT_THRESH,ORIGIN_MODIFICATION_TSTAMP,COMPANY_ID,UPDATE_DATE,CREATION_DATE,IDX,FUTURE_AVAILABLE_QUANTITY,FIRST_FUTURE_AVAILABLE_DATE,FUTURE_AVAILABLE_DATE,IDX_2) values ('0003','000000000104242303','1000',null,'0','0',null,'001',to_date('19/03/2019','DD/MM/YYYY'),to_date('19/03/2019','DD/MM/YYYY'),null,null,null,null,'65441');
Insert into ECI_INVENTORY.ECI_INVENTORY (CENTRE_ID,CATALOG_REF_ID,ON_HAND_AVAILABLE_QUANTITY,UNIT_OF_MEASURE,MAX_PER_ORDER_THRESH,SPECIAL_PRODUCT_THRESH,ORIGIN_MODIFICATION_TSTAMP,COMPANY_ID,UPDATE_DATE,CREATION_DATE,IDX,FUTURE_AVAILABLE_QUANTITY,FIRST_FUTURE_AVAILABLE_DATE,FUTURE_AVAILABLE_DATE,IDX_2) values ('0006','000000000104242303','1000',null,'0','0',null,'001',to_date('19/03/2019','DD/MM/YYYY'),to_date('19/03/2019','DD/MM/YYYY'),null,null,null,null,'65441');
Insert into ECI_INVENTORY.ECI_INVENTORY (CENTRE_ID,CATALOG_REF_ID,ON_HAND_AVAILABLE_QUANTITY,UNIT_OF_MEASURE,MAX_PER_ORDER_THRESH,SPECIAL_PRODUCT_THRESH,ORIGIN_MODIFICATION_TSTAMP,COMPANY_ID,UPDATE_DATE,CREATION_DATE,IDX,FUTURE_AVAILABLE_QUANTITY,FIRST_FUTURE_AVAILABLE_DATE,FUTURE_AVAILABLE_DATE,IDX_2) values ('0090','000000000104242303','1000',null,'0','0',null,'001',to_date('19/03/2019','DD/MM/YYYY'),to_date('19/03/2019','DD/MM/YYYY'),null,null,null,null,'65441');

Insert into ECI_INVENTORY.ECI_INVENTORY (CENTRE_ID,CATALOG_REF_ID,ON_HAND_AVAILABLE_QUANTITY,UNIT_OF_MEASURE,MAX_PER_ORDER_THRESH,SPECIAL_PRODUCT_THRESH,ORIGIN_MODIFICATION_TSTAMP,COMPANY_ID,UPDATE_DATE,CREATION_DATE,IDX,FUTURE_AVAILABLE_QUANTITY,FIRST_FUTURE_AVAILABLE_DATE,FUTURE_AVAILABLE_DATE,IDX_2) values ('0003','000000000141099964','1000',null,'0','0',null,'001',to_date('19/03/2019','DD/MM/YYYY'),to_date('19/03/2019','DD/MM/YYYY'),null,null,null,null,'65441');
Insert into ECI_INVENTORY.ECI_INVENTORY (CENTRE_ID,CATALOG_REF_ID,ON_HAND_AVAILABLE_QUANTITY,UNIT_OF_MEASURE,MAX_PER_ORDER_THRESH,SPECIAL_PRODUCT_THRESH,ORIGIN_MODIFICATION_TSTAMP,COMPANY_ID,UPDATE_DATE,CREATION_DATE,IDX,FUTURE_AVAILABLE_QUANTITY,FIRST_FUTURE_AVAILABLE_DATE,FUTURE_AVAILABLE_DATE,IDX_2) values ('0006','000000000141099964','1000',null,'0','0',null,'001',to_date('19/03/2019','DD/MM/YYYY'),to_date('19/03/2019','DD/MM/YYYY'),null,null,null,null,'65441');
Insert into ECI_INVENTORY.ECI_INVENTORY (CENTRE_ID,CATALOG_REF_ID,ON_HAND_AVAILABLE_QUANTITY,UNIT_OF_MEASURE,MAX_PER_ORDER_THRESH,SPECIAL_PRODUCT_THRESH,ORIGIN_MODIFICATION_TSTAMP,COMPANY_ID,UPDATE_DATE,CREATION_DATE,IDX,FUTURE_AVAILABLE_QUANTITY,FIRST_FUTURE_AVAILABLE_DATE,FUTURE_AVAILABLE_DATE,IDX_2) values ('0090','000000000141099964','1000',null,'0','0',null,'001',to_date('09/07/2019','DD/MM/YYYY'),to_date('09/07/2019','DD/MM/YYYY'),null,null,null,null,'26635');

Insert into ECI_INVENTORY.ECI_INVENTORY (CENTRE_ID,CATALOG_REF_ID,ON_HAND_AVAILABLE_QUANTITY,UNIT_OF_MEASURE,MAX_PER_ORDER_THRESH,SPECIAL_PRODUCT_THRESH,ORIGIN_MODIFICATION_TSTAMP,COMPANY_ID,UPDATE_DATE,CREATION_DATE,IDX,FUTURE_AVAILABLE_QUANTITY,FIRST_FUTURE_AVAILABLE_DATE,FUTURE_AVAILABLE_DATE,IDX_2) values ('0090','000000000103382669','1000',null,'0','0',null,'001',to_date('19/03/2019','DD/MM/YYYY'),to_date('19/03/2019','DD/MM/YYYY'),null,null,null,null,'65441');
Insert into ECI_INVENTORY.ECI_INVENTORY (CENTRE_ID,CATALOG_REF_ID,ON_HAND_AVAILABLE_QUANTITY,UNIT_OF_MEASURE,MAX_PER_ORDER_THRESH,SPECIAL_PRODUCT_THRESH,ORIGIN_MODIFICATION_TSTAMP,COMPANY_ID,UPDATE_DATE,CREATION_DATE,IDX,FUTURE_AVAILABLE_QUANTITY,FIRST_FUTURE_AVAILABLE_DATE,FUTURE_AVAILABLE_DATE,IDX_2) values ('0050','000000000103382669','1000',null,'0','0',null,'001',to_date('19/03/2019','DD/MM/YYYY'),to_date('19/03/2019','DD/MM/YYYY'),null,null,null,null,'65441');
Insert into ECI_INVENTORY.ECI_INVENTORY (CENTRE_ID,CATALOG_REF_ID,ON_HAND_AVAILABLE_QUANTITY,UNIT_OF_MEASURE,MAX_PER_ORDER_THRESH,SPECIAL_PRODUCT_THRESH,ORIGIN_MODIFICATION_TSTAMP,COMPANY_ID,UPDATE_DATE,CREATION_DATE,IDX,FUTURE_AVAILABLE_QUANTITY,FIRST_FUTURE_AVAILABLE_DATE,FUTURE_AVAILABLE_DATE,IDX_2) values ('S050','000000000103382669','1000',null,'0','0',null,'001',to_date('19/03/2019','DD/MM/YYYY'),to_date('19/03/2019','DD/MM/YYYY'),null,null,null,null,'65441');
Insert into ECI_INVENTORY.ECI_INVENTORY (CENTRE_ID,CATALOG_REF_ID,ON_HAND_AVAILABLE_QUANTITY,UNIT_OF_MEASURE,MAX_PER_ORDER_THRESH,SPECIAL_PRODUCT_THRESH,ORIGIN_MODIFICATION_TSTAMP,COMPANY_ID,UPDATE_DATE,CREATION_DATE,IDX,FUTURE_AVAILABLE_QUANTITY,FIRST_FUTURE_AVAILABLE_DATE,FUTURE_AVAILABLE_DATE,IDX_2) values ('0003','000000000103382669','1000',null,'0','0',null,'001',to_date('19/03/2019','DD/MM/YYYY'),to_date('19/03/2019','DD/MM/YYYY'),null,null,null,null,'65441');
Insert into ECI_INVENTORY.ECI_INVENTORY (CENTRE_ID,CATALOG_REF_ID,ON_HAND_AVAILABLE_QUANTITY,UNIT_OF_MEASURE,MAX_PER_ORDER_THRESH,SPECIAL_PRODUCT_THRESH,ORIGIN_MODIFICATION_TSTAMP,COMPANY_ID,UPDATE_DATE,CREATION_DATE,IDX,FUTURE_AVAILABLE_QUANTITY,FIRST_FUTURE_AVAILABLE_DATE,FUTURE_AVAILABLE_DATE,IDX_2) values ('0006','000000000103382669','1000',null,'0','0',null,'001',to_date('19/03/2019','DD/MM/YYYY'),to_date('19/03/2019','DD/MM/YYYY'),null,null,null,null,'65441');


commit;


-- Referencias no documentadas explotacion digital- se da STS y CnC
  DELETE
  FROM ECI_INVENTORY.ECI_INDEXED_REFERENCES E
  Where
  CATALOG_REF_ID in (
'001010660402024   ',
'001010660402032   ',
'001010660402040   ',
'001010660402057   ',
'001010660402065   ',
'001010660402073   ',
'001010660402099   '
);


Insert into ECI_INVENTORY.ECI_INDEXED_REFERENCES (UNIQUE_CODE, CATALOG_REF_ID, SITE, COMPANY_ID, ECI_EXPRESS, IDX, PRODUCT_ID, CLICK_AND_COLLECT, LOCALES, ECI_EXPRESS_THRESHOLD, CONVERSION_FACTOR)
Values ('000000000142465574', '001010660402024   ', 'eciStore', '001', 1, 6752, 'A18310614', 1, 'es', 2, 1);
Insert into ECI_INVENTORY.ECI_INDEXED_REFERENCES (UNIQUE_CODE, CATALOG_REF_ID, SITE, COMPANY_ID, ECI_EXPRESS, IDX, PRODUCT_ID, CLICK_AND_COLLECT, LOCALES, ECI_EXPRESS_THRESHOLD, CONVERSION_FACTOR)
Values ('000000000142465575', '001010660402032   ', 'eciStore', '001', 1, 6752, 'A18310616', 1, 'es', 2, 1);
Insert into ECI_INVENTORY.ECI_INDEXED_REFERENCES (UNIQUE_CODE, CATALOG_REF_ID, SITE, COMPANY_ID, ECI_EXPRESS, IDX, PRODUCT_ID, CLICK_AND_COLLECT, LOCALES, ECI_EXPRESS_THRESHOLD, CONVERSION_FACTOR)
Values ('000000000142465576', '001010660402040   ', 'eciStore', '001', 1, 6752, 'A18310618', 1, 'es', 2, 1);
Insert into ECI_INVENTORY.ECI_INDEXED_REFERENCES (UNIQUE_CODE, CATALOG_REF_ID, SITE, COMPANY_ID, ECI_EXPRESS, IDX, PRODUCT_ID, CLICK_AND_COLLECT, LOCALES, ECI_EXPRESS_THRESHOLD, CONVERSION_FACTOR)
Values ('000000000142465577', '001010660402057   ', 'eciStore', '001', 1, 6752, 'A18310620', 1, 'es', 2, 1);
Insert into ECI_INVENTORY.ECI_INDEXED_REFERENCES (UNIQUE_CODE, CATALOG_REF_ID, SITE, COMPANY_ID, ECI_EXPRESS, IDX, PRODUCT_ID, CLICK_AND_COLLECT, LOCALES, ECI_EXPRESS_THRESHOLD, CONVERSION_FACTOR)
Values ('000000000142465579', '001010660402065   ', 'eciStore', '001', 1, 6752, 'A18310622', 1, 'es', 2, 1);
Insert into ECI_INVENTORY.ECI_INDEXED_REFERENCES (UNIQUE_CODE, CATALOG_REF_ID, SITE, COMPANY_ID, ECI_EXPRESS, IDX, PRODUCT_ID, CLICK_AND_COLLECT, LOCALES, ECI_EXPRESS_THRESHOLD, CONVERSION_FACTOR)
Values ('000000000143846840', '001010660402073   ', 'eciStore', '001', 1, 6752, 'A20594535', 1, 'es', 2, 1);
Insert into ECI_INVENTORY.ECI_INDEXED_REFERENCES (UNIQUE_CODE, CATALOG_REF_ID, SITE, COMPANY_ID, ECI_EXPRESS, IDX, PRODUCT_ID, CLICK_AND_COLLECT, LOCALES, ECI_EXPRESS_THRESHOLD, CONVERSION_FACTOR)
Values ('000000000143846842', '001010660402099   ', 'eciStore', '001', 1, 6752, 'A20594541', 1, 'es', 2, 1);

commit;
-------------------------------------------------------------

delete FROM ECI_INVENTORY.ECI_IND_EXPRESS_REFS E
Where UNIQUE_CODE in (
'000000000142465574',
'000000000142465575',
'000000000142465576',
'000000000142465577',
'000000000142465579',
'000000000143846840',
'000000000143846842'
);



Insert into ECI_INVENTORY.ECI_IND_EXPRESS_REFS (UNIQUE_CODE, SITE, COMPANY_ID, ECI_EXPRESS_THRESHOLD, IDX)
Values ('000000000142465574', 'eciStore', '001', 2, 8461);
Insert into ECI_INVENTORY.ECI_IND_EXPRESS_REFS (UNIQUE_CODE, SITE, COMPANY_ID, ECI_EXPRESS_THRESHOLD, IDX)
Values ('000000000142465575', 'eciStore', '001', 2, 8461);
Insert into ECI_INVENTORY.ECI_IND_EXPRESS_REFS (UNIQUE_CODE, SITE, COMPANY_ID, ECI_EXPRESS_THRESHOLD, IDX)
Values ('000000000142465576', 'eciStore', '001', 2, 8461);
Insert into ECI_INVENTORY.ECI_IND_EXPRESS_REFS (UNIQUE_CODE, SITE, COMPANY_ID, ECI_EXPRESS_THRESHOLD, IDX)
Values ('000000000142465577', 'eciStore', '001', 2, 8461);
Insert into ECI_INVENTORY.ECI_IND_EXPRESS_REFS (UNIQUE_CODE, SITE, COMPANY_ID, ECI_EXPRESS_THRESHOLD, IDX)
Values ('000000000142465579', 'eciStore', '001', 2, 8461);
Insert into ECI_INVENTORY.ECI_IND_EXPRESS_REFS (UNIQUE_CODE, SITE, COMPANY_ID, ECI_EXPRESS_THRESHOLD, IDX)
Values ('000000000143846840', 'eciStore', '001', 2, 8461);
Insert into ECI_INVENTORY.ECI_IND_EXPRESS_REFS (UNIQUE_CODE, SITE, COMPANY_ID, ECI_EXPRESS_THRESHOLD, IDX)
Values ('000000000143846842', 'eciStore', '001', 2, 8461);
 
commit;
------------------------------------------------------------------
delete FROM ECI_INVENTORY.ECI_INVENTORY E
Where catalog_ref_id in (
'000000000142465574',
'000000000142465575',
'000000000142465576',
'000000000142465577',
'000000000142465579',
'000000000143846840',
'000000000143846842'
);

Insert into ECI_INVENTORY.ECI_INVENTORY
   (CENTRE_ID, CATALOG_REF_ID, ON_HAND_AVAILABLE_QUANTITY, UNIT_OF_MEASURE, MAX_PER_ORDER_THRESH, SPECIAL_PRODUCT_THRESH, ORIGIN_MODIFICATION_TSTAMP, COMPANY_ID, UPDATE_DATE, CREATION_DATE, IDX, FUTURE_AVAILABLE_QUANTITY, FIRST_FUTURE_AVAILABLE_DATE, FUTURE_AVAILABLE_DATE, IDX_2)
 Values
   ('0006', '000000000142465574', 2000, NULL, 
    0, 0, TO_DATE('05/04/2016 00:00:00', 'MM/DD/YYYY HH24:MI:SS'), '001', TO_DATE('05/04/2016 16:07:56', 'MM/DD/YYYY HH24:MI:SS'), 
    TO_DATE('05/04/2016 16:07:56', 'MM/DD/YYYY HH24:MI:SS'), NULL, 999997999, TO_DATE('04/24/2018 00:00:00', 'MM/DD/YYYY HH24:MI:SS'), TO_DATE('04/24/2018 00:00:00', 'MM/DD/YYYY HH24:MI:SS'), 
    51829);
Insert into ECI_INVENTORY.ECI_INVENTORY
   (CENTRE_ID, CATALOG_REF_ID, ON_HAND_AVAILABLE_QUANTITY, UNIT_OF_MEASURE, MAX_PER_ORDER_THRESH, SPECIAL_PRODUCT_THRESH, ORIGIN_MODIFICATION_TSTAMP, COMPANY_ID, UPDATE_DATE, CREATION_DATE, IDX, FUTURE_AVAILABLE_QUANTITY, FIRST_FUTURE_AVAILABLE_DATE, FUTURE_AVAILABLE_DATE, IDX_2)
 Values
   ('0003', '000000000142465574', 2000, NULL, 
    0, 0, TO_DATE('05/04/2016 00:00:00', 'MM/DD/YYYY HH24:MI:SS'), '001', TO_DATE('05/04/2016 16:07:56', 'MM/DD/YYYY HH24:MI:SS'), 
    TO_DATE('05/04/2016 16:07:56', 'MM/DD/YYYY HH24:MI:SS'), NULL, 999997999, TO_DATE('04/24/2018 00:00:00', 'MM/DD/YYYY HH24:MI:SS'), TO_DATE('04/24/2018 00:00:00', 'MM/DD/YYYY HH24:MI:SS'), 
    51829);
Insert into ECI_INVENTORY.ECI_INVENTORY
   (CENTRE_ID, CATALOG_REF_ID, ON_HAND_AVAILABLE_QUANTITY, UNIT_OF_MEASURE, MAX_PER_ORDER_THRESH, SPECIAL_PRODUCT_THRESH, ORIGIN_MODIFICATION_TSTAMP, COMPANY_ID, UPDATE_DATE, CREATION_DATE, IDX, FUTURE_AVAILABLE_QUANTITY, FIRST_FUTURE_AVAILABLE_DATE, FUTURE_AVAILABLE_DATE, IDX_2)
 Values
   ('0090', '000000000142465574', 2000, NULL, 
    0, 0, TO_DATE('05/04/2016 00:00:00', 'MM/DD/YYYY HH24:MI:SS'), '001', TO_DATE('05/04/2016 16:07:56', 'MM/DD/YYYY HH24:MI:SS'), 
    TO_DATE('05/04/2016 16:07:56', 'MM/DD/YYYY HH24:MI:SS'), NULL, 999997999, TO_DATE('04/24/2018 00:00:00', 'MM/DD/YYYY HH24:MI:SS'), TO_DATE('04/24/2018 00:00:00', 'MM/DD/YYYY HH24:MI:SS'), 
    51829);
Insert into ECI_INVENTORY.ECI_INVENTORY
   (CENTRE_ID, CATALOG_REF_ID, ON_HAND_AVAILABLE_QUANTITY, UNIT_OF_MEASURE, MAX_PER_ORDER_THRESH, SPECIAL_PRODUCT_THRESH, ORIGIN_MODIFICATION_TSTAMP, COMPANY_ID, UPDATE_DATE, CREATION_DATE, IDX, FUTURE_AVAILABLE_QUANTITY, FIRST_FUTURE_AVAILABLE_DATE, FUTURE_AVAILABLE_DATE, IDX_2)
 Values
   ('0012', '000000000142465574', 2000, NULL, 
    0, 0, TO_DATE('05/04/2016 00:00:00', 'MM/DD/YYYY HH24:MI:SS'), '001', TO_DATE('05/04/2016 16:07:56', 'MM/DD/YYYY HH24:MI:SS'), 
    TO_DATE('05/04/2016 16:07:56', 'MM/DD/YYYY HH24:MI:SS'), NULL, 999997999, TO_DATE('04/24/2018 00:00:00', 'MM/DD/YYYY HH24:MI:SS'), TO_DATE('04/24/2018 00:00:00', 'MM/DD/YYYY HH24:MI:SS'), 
    51829);
Insert into ECI_INVENTORY.ECI_INVENTORY
   (CENTRE_ID, CATALOG_REF_ID, ON_HAND_AVAILABLE_QUANTITY, UNIT_OF_MEASURE, MAX_PER_ORDER_THRESH, SPECIAL_PRODUCT_THRESH, ORIGIN_MODIFICATION_TSTAMP, COMPANY_ID, UPDATE_DATE, CREATION_DATE, IDX, FUTURE_AVAILABLE_QUANTITY, FIRST_FUTURE_AVAILABLE_DATE, FUTURE_AVAILABLE_DATE, IDX_2)
 Values
   ('0072', '000000000142465574', 2000, NULL, 
    0, 0, TO_DATE('05/04/2016 00:00:00', 'MM/DD/YYYY HH24:MI:SS'), '001', TO_DATE('05/04/2016 16:07:56', 'MM/DD/YYYY HH24:MI:SS'), 
    TO_DATE('05/04/2016 16:07:56', 'MM/DD/YYYY HH24:MI:SS'), NULL, 999997999, TO_DATE('04/24/2018 00:00:00', 'MM/DD/YYYY HH24:MI:SS'), TO_DATE('04/24/2018 00:00:00', 'MM/DD/YYYY HH24:MI:SS'), 
    51829);
Insert into ECI_INVENTORY.ECI_INVENTORY
   (CENTRE_ID, CATALOG_REF_ID, ON_HAND_AVAILABLE_QUANTITY, UNIT_OF_MEASURE, MAX_PER_ORDER_THRESH, SPECIAL_PRODUCT_THRESH, ORIGIN_MODIFICATION_TSTAMP, COMPANY_ID, UPDATE_DATE, CREATION_DATE, IDX, FUTURE_AVAILABLE_QUANTITY, FIRST_FUTURE_AVAILABLE_DATE, FUTURE_AVAILABLE_DATE, IDX_2)
 Values
   ('0098', '000000000142465574', 2000, NULL, 
    0, 0, TO_DATE('05/04/2016 00:00:00', 'MM/DD/YYYY HH24:MI:SS'), '001', TO_DATE('05/04/2016 16:07:56', 'MM/DD/YYYY HH24:MI:SS'), 
    TO_DATE('05/04/2016 16:07:56', 'MM/DD/YYYY HH24:MI:SS'), NULL, 999997999, TO_DATE('04/24/2018 00:00:00', 'MM/DD/YYYY HH24:MI:SS'), TO_DATE('04/24/2018 00:00:00', 'MM/DD/YYYY HH24:MI:SS'), 
    51829);


    
Insert into ECI_INVENTORY.ECI_INVENTORY
   (CENTRE_ID, CATALOG_REF_ID, ON_HAND_AVAILABLE_QUANTITY, UNIT_OF_MEASURE, MAX_PER_ORDER_THRESH, SPECIAL_PRODUCT_THRESH, ORIGIN_MODIFICATION_TSTAMP, COMPANY_ID, UPDATE_DATE, CREATION_DATE, IDX, FUTURE_AVAILABLE_QUANTITY, FIRST_FUTURE_AVAILABLE_DATE, FUTURE_AVAILABLE_DATE, IDX_2)
 Values
   ('0006', '000000000142465575', 2000, NULL, 
    0, 0, TO_DATE('05/04/2016 00:00:00', 'MM/DD/YYYY HH24:MI:SS'), '001', TO_DATE('05/04/2016 16:07:56', 'MM/DD/YYYY HH24:MI:SS'), 
    TO_DATE('05/04/2016 16:07:56', 'MM/DD/YYYY HH24:MI:SS'), NULL, 999997999, TO_DATE('04/24/2018 00:00:00', 'MM/DD/YYYY HH24:MI:SS'), TO_DATE('04/24/2018 00:00:00', 'MM/DD/YYYY HH24:MI:SS'), 
    51829);
Insert into ECI_INVENTORY.ECI_INVENTORY
   (CENTRE_ID, CATALOG_REF_ID, ON_HAND_AVAILABLE_QUANTITY, UNIT_OF_MEASURE, MAX_PER_ORDER_THRESH, SPECIAL_PRODUCT_THRESH, ORIGIN_MODIFICATION_TSTAMP, COMPANY_ID, UPDATE_DATE, CREATION_DATE, IDX, FUTURE_AVAILABLE_QUANTITY, FIRST_FUTURE_AVAILABLE_DATE, FUTURE_AVAILABLE_DATE, IDX_2)
 Values
   ('0003', '000000000142465575', 2000, NULL, 
    0, 0, TO_DATE('05/04/2016 00:00:00', 'MM/DD/YYYY HH24:MI:SS'), '001', TO_DATE('05/04/2016 16:07:56', 'MM/DD/YYYY HH24:MI:SS'), 
    TO_DATE('05/04/2016 16:07:56', 'MM/DD/YYYY HH24:MI:SS'), NULL, 999997999, TO_DATE('04/24/2018 00:00:00', 'MM/DD/YYYY HH24:MI:SS'), TO_DATE('04/24/2018 00:00:00', 'MM/DD/YYYY HH24:MI:SS'), 
    51829);
Insert into ECI_INVENTORY.ECI_INVENTORY
   (CENTRE_ID, CATALOG_REF_ID, ON_HAND_AVAILABLE_QUANTITY, UNIT_OF_MEASURE, MAX_PER_ORDER_THRESH, SPECIAL_PRODUCT_THRESH, ORIGIN_MODIFICATION_TSTAMP, COMPANY_ID, UPDATE_DATE, CREATION_DATE, IDX, FUTURE_AVAILABLE_QUANTITY, FIRST_FUTURE_AVAILABLE_DATE, FUTURE_AVAILABLE_DATE, IDX_2)
 Values
   ('0012', '000000000142465575', 2000, NULL, 
    0, 0, TO_DATE('05/04/2016 00:00:00', 'MM/DD/YYYY HH24:MI:SS'), '001', TO_DATE('05/04/2016 16:07:56', 'MM/DD/YYYY HH24:MI:SS'), 
    TO_DATE('05/04/2016 16:07:56', 'MM/DD/YYYY HH24:MI:SS'), NULL, 999997999, TO_DATE('04/24/2018 00:00:00', 'MM/DD/YYYY HH24:MI:SS'), TO_DATE('04/24/2018 00:00:00', 'MM/DD/YYYY HH24:MI:SS'), 
    51829);
Insert into ECI_INVENTORY.ECI_INVENTORY
   (CENTRE_ID, CATALOG_REF_ID, ON_HAND_AVAILABLE_QUANTITY, UNIT_OF_MEASURE, MAX_PER_ORDER_THRESH, SPECIAL_PRODUCT_THRESH, ORIGIN_MODIFICATION_TSTAMP, COMPANY_ID, UPDATE_DATE, CREATION_DATE, IDX, FUTURE_AVAILABLE_QUANTITY, FIRST_FUTURE_AVAILABLE_DATE, FUTURE_AVAILABLE_DATE, IDX_2)
 Values
   ('0072', '000000000142465575', 2000, NULL, 
    0, 0, TO_DATE('05/04/2016 00:00:00', 'MM/DD/YYYY HH24:MI:SS'), '001', TO_DATE('05/04/2016 16:07:56', 'MM/DD/YYYY HH24:MI:SS'), 
    TO_DATE('05/04/2016 16:07:56', 'MM/DD/YYYY HH24:MI:SS'), NULL, 999997999, TO_DATE('04/24/2018 00:00:00', 'MM/DD/YYYY HH24:MI:SS'), TO_DATE('04/24/2018 00:00:00', 'MM/DD/YYYY HH24:MI:SS'), 
    51829);
Insert into ECI_INVENTORY.ECI_INVENTORY
   (CENTRE_ID, CATALOG_REF_ID, ON_HAND_AVAILABLE_QUANTITY, UNIT_OF_MEASURE, MAX_PER_ORDER_THRESH, SPECIAL_PRODUCT_THRESH, ORIGIN_MODIFICATION_TSTAMP, COMPANY_ID, UPDATE_DATE, CREATION_DATE, IDX, FUTURE_AVAILABLE_QUANTITY, FIRST_FUTURE_AVAILABLE_DATE, FUTURE_AVAILABLE_DATE, IDX_2)
 Values
   ('0098', '000000000142465575', 2000, NULL, 
    0, 0, TO_DATE('05/04/2016 00:00:00', 'MM/DD/YYYY HH24:MI:SS'), '001', TO_DATE('05/04/2016 16:07:56', 'MM/DD/YYYY HH24:MI:SS'), 
    TO_DATE('05/04/2016 16:07:56', 'MM/DD/YYYY HH24:MI:SS'), NULL, 999997999, TO_DATE('04/24/2018 00:00:00', 'MM/DD/YYYY HH24:MI:SS'), TO_DATE('04/24/2018 00:00:00', 'MM/DD/YYYY HH24:MI:SS'), 
    51829);


    
Insert into ECI_INVENTORY.ECI_INVENTORY
   (CENTRE_ID, CATALOG_REF_ID, ON_HAND_AVAILABLE_QUANTITY, UNIT_OF_MEASURE, MAX_PER_ORDER_THRESH, SPECIAL_PRODUCT_THRESH, ORIGIN_MODIFICATION_TSTAMP, COMPANY_ID, UPDATE_DATE, CREATION_DATE, IDX, FUTURE_AVAILABLE_QUANTITY, FIRST_FUTURE_AVAILABLE_DATE, FUTURE_AVAILABLE_DATE, IDX_2)
 Values
   ('0006', '000000000142465576', 2000, NULL, 
    0, 0, TO_DATE('05/04/2016 00:00:00', 'MM/DD/YYYY HH24:MI:SS'), '001', TO_DATE('05/04/2016 16:07:56', 'MM/DD/YYYY HH24:MI:SS'), 
    TO_DATE('05/04/2016 16:07:56', 'MM/DD/YYYY HH24:MI:SS'), NULL, 999997999, TO_DATE('04/24/2018 00:00:00', 'MM/DD/YYYY HH24:MI:SS'), TO_DATE('04/24/2018 00:00:00', 'MM/DD/YYYY HH24:MI:SS'), 
    51829);
Insert into ECI_INVENTORY.ECI_INVENTORY
   (CENTRE_ID, CATALOG_REF_ID, ON_HAND_AVAILABLE_QUANTITY, UNIT_OF_MEASURE, MAX_PER_ORDER_THRESH, SPECIAL_PRODUCT_THRESH, ORIGIN_MODIFICATION_TSTAMP, COMPANY_ID, UPDATE_DATE, CREATION_DATE, IDX, FUTURE_AVAILABLE_QUANTITY, FIRST_FUTURE_AVAILABLE_DATE, FUTURE_AVAILABLE_DATE, IDX_2)
 Values
   ('0003', '000000000142465576', 2000, NULL, 
    0, 0, TO_DATE('05/04/2016 00:00:00', 'MM/DD/YYYY HH24:MI:SS'), '001', TO_DATE('05/04/2016 16:07:56', 'MM/DD/YYYY HH24:MI:SS'), 
    TO_DATE('05/04/2016 16:07:56', 'MM/DD/YYYY HH24:MI:SS'), NULL, 999997999, TO_DATE('04/24/2018 00:00:00', 'MM/DD/YYYY HH24:MI:SS'), TO_DATE('04/24/2018 00:00:00', 'MM/DD/YYYY HH24:MI:SS'), 
    51829);
Insert into ECI_INVENTORY.ECI_INVENTORY
   (CENTRE_ID, CATALOG_REF_ID, ON_HAND_AVAILABLE_QUANTITY, UNIT_OF_MEASURE, MAX_PER_ORDER_THRESH, SPECIAL_PRODUCT_THRESH, ORIGIN_MODIFICATION_TSTAMP, COMPANY_ID, UPDATE_DATE, CREATION_DATE, IDX, FUTURE_AVAILABLE_QUANTITY, FIRST_FUTURE_AVAILABLE_DATE, FUTURE_AVAILABLE_DATE, IDX_2)
 Values
   ('0012', '000000000142465576', 2000, NULL, 
    0, 0, TO_DATE('05/04/2016 00:00:00', 'MM/DD/YYYY HH24:MI:SS'), '001', TO_DATE('05/04/2016 16:07:56', 'MM/DD/YYYY HH24:MI:SS'), 
    TO_DATE('05/04/2016 16:07:56', 'MM/DD/YYYY HH24:MI:SS'), NULL, 999997999, TO_DATE('04/24/2018 00:00:00', 'MM/DD/YYYY HH24:MI:SS'), TO_DATE('04/24/2018 00:00:00', 'MM/DD/YYYY HH24:MI:SS'), 
    51829);
Insert into ECI_INVENTORY.ECI_INVENTORY
   (CENTRE_ID, CATALOG_REF_ID, ON_HAND_AVAILABLE_QUANTITY, UNIT_OF_MEASURE, MAX_PER_ORDER_THRESH, SPECIAL_PRODUCT_THRESH, ORIGIN_MODIFICATION_TSTAMP, COMPANY_ID, UPDATE_DATE, CREATION_DATE, IDX, FUTURE_AVAILABLE_QUANTITY, FIRST_FUTURE_AVAILABLE_DATE, FUTURE_AVAILABLE_DATE, IDX_2)
 Values
   ('0072', '000000000142465576', 2000, NULL, 
    0, 0, TO_DATE('05/04/2016 00:00:00', 'MM/DD/YYYY HH24:MI:SS'), '001', TO_DATE('05/04/2016 16:07:56', 'MM/DD/YYYY HH24:MI:SS'), 
    TO_DATE('05/04/2016 16:07:56', 'MM/DD/YYYY HH24:MI:SS'), NULL, 999997999, TO_DATE('04/24/2018 00:00:00', 'MM/DD/YYYY HH24:MI:SS'), TO_DATE('04/24/2018 00:00:00', 'MM/DD/YYYY HH24:MI:SS'), 
    51829);
Insert into ECI_INVENTORY.ECI_INVENTORY
   (CENTRE_ID, CATALOG_REF_ID, ON_HAND_AVAILABLE_QUANTITY, UNIT_OF_MEASURE, MAX_PER_ORDER_THRESH, SPECIAL_PRODUCT_THRESH, ORIGIN_MODIFICATION_TSTAMP, COMPANY_ID, UPDATE_DATE, CREATION_DATE, IDX, FUTURE_AVAILABLE_QUANTITY, FIRST_FUTURE_AVAILABLE_DATE, FUTURE_AVAILABLE_DATE, IDX_2)
 Values
   ('0098', '000000000142465576', 2000, NULL, 
    0, 0, TO_DATE('05/04/2016 00:00:00', 'MM/DD/YYYY HH24:MI:SS'), '001', TO_DATE('05/04/2016 16:07:56', 'MM/DD/YYYY HH24:MI:SS'), 
    TO_DATE('05/04/2016 16:07:56', 'MM/DD/YYYY HH24:MI:SS'), NULL, 999997999, TO_DATE('04/24/2018 00:00:00', 'MM/DD/YYYY HH24:MI:SS'), TO_DATE('04/24/2018 00:00:00', 'MM/DD/YYYY HH24:MI:SS'), 
    51829);
Insert into ECI_INVENTORY.ECI_INVENTORY (CENTRE_ID,CATALOG_REF_ID,ON_HAND_AVAILABLE_QUANTITY,UNIT_OF_MEASURE,MAX_PER_ORDER_THRESH,SPECIAL_PRODUCT_THRESH,ORIGIN_MODIFICATION_TSTAMP,COMPANY_ID,UPDATE_DATE,CREATION_DATE,IDX,FUTURE_AVAILABLE_QUANTITY,FIRST_FUTURE_AVAILABLE_DATE,FUTURE_AVAILABLE_DATE,IDX_2) values ('0090','000000000142465576','1000',null,'0','0',null,'001',to_date('09/07/2019','DD/MM/YYYY'),to_date('09/07/2019','DD/MM/YYYY'),null,null,null,null,'26635');



Insert into ECI_INVENTORY.ECI_INVENTORY
   (CENTRE_ID, CATALOG_REF_ID, ON_HAND_AVAILABLE_QUANTITY, UNIT_OF_MEASURE, MAX_PER_ORDER_THRESH, SPECIAL_PRODUCT_THRESH, ORIGIN_MODIFICATION_TSTAMP, COMPANY_ID, UPDATE_DATE, CREATION_DATE, IDX, FUTURE_AVAILABLE_QUANTITY, FIRST_FUTURE_AVAILABLE_DATE, FUTURE_AVAILABLE_DATE, IDX_2)
 Values
   ('0006', '000000000142465577', 2000, NULL, 
    0, 0, TO_DATE('05/04/2016 00:00:00', 'MM/DD/YYYY HH24:MI:SS'), '001', TO_DATE('05/04/2016 16:07:56', 'MM/DD/YYYY HH24:MI:SS'), 
    TO_DATE('05/04/2016 16:07:56', 'MM/DD/YYYY HH24:MI:SS'), NULL, 999997999, TO_DATE('04/24/2018 00:00:00', 'MM/DD/YYYY HH24:MI:SS'), TO_DATE('04/24/2018 00:00:00', 'MM/DD/YYYY HH24:MI:SS'), 
    51829);
Insert into ECI_INVENTORY.ECI_INVENTORY
   (CENTRE_ID, CATALOG_REF_ID, ON_HAND_AVAILABLE_QUANTITY, UNIT_OF_MEASURE, MAX_PER_ORDER_THRESH, SPECIAL_PRODUCT_THRESH, ORIGIN_MODIFICATION_TSTAMP, COMPANY_ID, UPDATE_DATE, CREATION_DATE, IDX, FUTURE_AVAILABLE_QUANTITY, FIRST_FUTURE_AVAILABLE_DATE, FUTURE_AVAILABLE_DATE, IDX_2)
 Values
   ('0003', '000000000142465577', 2000, NULL, 
    0, 0, TO_DATE('05/04/2016 00:00:00', 'MM/DD/YYYY HH24:MI:SS'), '001', TO_DATE('05/04/2016 16:07:56', 'MM/DD/YYYY HH24:MI:SS'), 
    TO_DATE('05/04/2016 16:07:56', 'MM/DD/YYYY HH24:MI:SS'), NULL, 999997999, TO_DATE('04/24/2018 00:00:00', 'MM/DD/YYYY HH24:MI:SS'), TO_DATE('04/24/2018 00:00:00', 'MM/DD/YYYY HH24:MI:SS'), 
    51829);
Insert into ECI_INVENTORY.ECI_INVENTORY (CENTRE_ID,CATALOG_REF_ID,ON_HAND_AVAILABLE_QUANTITY,UNIT_OF_MEASURE,MAX_PER_ORDER_THRESH,SPECIAL_PRODUCT_THRESH,ORIGIN_MODIFICATION_TSTAMP,COMPANY_ID,UPDATE_DATE,CREATION_DATE,IDX,FUTURE_AVAILABLE_QUANTITY,FIRST_FUTURE_AVAILABLE_DATE,FUTURE_AVAILABLE_DATE,IDX_2) values ('0090','000000000142465577','1000',null,'0','0',null,'001',to_date('09/07/2019','DD/MM/YYYY'),to_date('09/07/2019','DD/MM/YYYY'),null,null,null,null,'26635');



Insert into ECI_INVENTORY.ECI_INVENTORY
   (CENTRE_ID, CATALOG_REF_ID, ON_HAND_AVAILABLE_QUANTITY, UNIT_OF_MEASURE, MAX_PER_ORDER_THRESH, SPECIAL_PRODUCT_THRESH, ORIGIN_MODIFICATION_TSTAMP, COMPANY_ID, UPDATE_DATE, CREATION_DATE, IDX, FUTURE_AVAILABLE_QUANTITY, FIRST_FUTURE_AVAILABLE_DATE, FUTURE_AVAILABLE_DATE, IDX_2)
 Values
   ('0006', '000000000142465579', 2000, NULL, 
    0, 0, TO_DATE('05/04/2016 00:00:00', 'MM/DD/YYYY HH24:MI:SS'), '001', TO_DATE('05/04/2016 16:07:56', 'MM/DD/YYYY HH24:MI:SS'), 
    TO_DATE('05/04/2016 16:07:56', 'MM/DD/YYYY HH24:MI:SS'), NULL, 999997999, TO_DATE('04/24/2018 00:00:00', 'MM/DD/YYYY HH24:MI:SS'), TO_DATE('04/24/2018 00:00:00', 'MM/DD/YYYY HH24:MI:SS'), 
    51829);
Insert into ECI_INVENTORY.ECI_INVENTORY
   (CENTRE_ID, CATALOG_REF_ID, ON_HAND_AVAILABLE_QUANTITY, UNIT_OF_MEASURE, MAX_PER_ORDER_THRESH, SPECIAL_PRODUCT_THRESH, ORIGIN_MODIFICATION_TSTAMP, COMPANY_ID, UPDATE_DATE, CREATION_DATE, IDX, FUTURE_AVAILABLE_QUANTITY, FIRST_FUTURE_AVAILABLE_DATE, FUTURE_AVAILABLE_DATE, IDX_2)
 Values
   ('0003', '000000000142465579', 2000, NULL, 
    0, 0, TO_DATE('05/04/2016 00:00:00', 'MM/DD/YYYY HH24:MI:SS'), '001', TO_DATE('05/04/2016 16:07:56', 'MM/DD/YYYY HH24:MI:SS'), 
    TO_DATE('05/04/2016 16:07:56', 'MM/DD/YYYY HH24:MI:SS'), NULL, 999997999, TO_DATE('04/24/2018 00:00:00', 'MM/DD/YYYY HH24:MI:SS'), TO_DATE('04/24/2018 00:00:00', 'MM/DD/YYYY HH24:MI:SS'), 
    51829);
Insert into ECI_INVENTORY.ECI_INVENTORY
   (CENTRE_ID, CATALOG_REF_ID, ON_HAND_AVAILABLE_QUANTITY, UNIT_OF_MEASURE, MAX_PER_ORDER_THRESH, SPECIAL_PRODUCT_THRESH, ORIGIN_MODIFICATION_TSTAMP, COMPANY_ID, UPDATE_DATE, CREATION_DATE, IDX, FUTURE_AVAILABLE_QUANTITY, FIRST_FUTURE_AVAILABLE_DATE, FUTURE_AVAILABLE_DATE, IDX_2)
 Values
   ('0090', '000000000142465579', 2000, NULL, 
    0, 0, TO_DATE('05/04/2016 00:00:00', 'MM/DD/YYYY HH24:MI:SS'), '001', TO_DATE('05/04/2016 16:07:56', 'MM/DD/YYYY HH24:MI:SS'), 
    TO_DATE('05/04/2016 16:07:56', 'MM/DD/YYYY HH24:MI:SS'), NULL, 999997999, TO_DATE('04/24/2018 00:00:00', 'MM/DD/YYYY HH24:MI:SS'), TO_DATE('04/24/2018 00:00:00', 'MM/DD/YYYY HH24:MI:SS'), 
    51829);
    


Insert into ECI_INVENTORY.ECI_INVENTORY
   (CENTRE_ID, CATALOG_REF_ID, ON_HAND_AVAILABLE_QUANTITY, UNIT_OF_MEASURE, MAX_PER_ORDER_THRESH, SPECIAL_PRODUCT_THRESH, ORIGIN_MODIFICATION_TSTAMP, COMPANY_ID, UPDATE_DATE, CREATION_DATE, IDX, FUTURE_AVAILABLE_QUANTITY, FIRST_FUTURE_AVAILABLE_DATE, FUTURE_AVAILABLE_DATE, IDX_2)
 Values
   ('0003', '000000000143846840', 2000, NULL, 
    0, 0, TO_DATE('05/04/2016 00:00:00', 'MM/DD/YYYY HH24:MI:SS'), '001', TO_DATE('05/04/2016 16:07:56', 'MM/DD/YYYY HH24:MI:SS'), 
    TO_DATE('05/04/2016 16:07:56', 'MM/DD/YYYY HH24:MI:SS'), NULL, 999997999, TO_DATE('04/24/2018 00:00:00', 'MM/DD/YYYY HH24:MI:SS'), TO_DATE('04/24/2018 00:00:00', 'MM/DD/YYYY HH24:MI:SS'), 
    51829);
Insert into ECI_INVENTORY.ECI_INVENTORY
   (CENTRE_ID, CATALOG_REF_ID, ON_HAND_AVAILABLE_QUANTITY, UNIT_OF_MEASURE, MAX_PER_ORDER_THRESH, SPECIAL_PRODUCT_THRESH, ORIGIN_MODIFICATION_TSTAMP, COMPANY_ID, UPDATE_DATE, CREATION_DATE, IDX, FUTURE_AVAILABLE_QUANTITY, FIRST_FUTURE_AVAILABLE_DATE, FUTURE_AVAILABLE_DATE, IDX_2)
 Values
   ('0006', '000000000143846840', 2000, NULL, 
    0, 0, TO_DATE('05/04/2016 00:00:00', 'MM/DD/YYYY HH24:MI:SS'), '001', TO_DATE('05/04/2016 16:07:56', 'MM/DD/YYYY HH24:MI:SS'), 
    TO_DATE('05/04/2016 16:07:56', 'MM/DD/YYYY HH24:MI:SS'), NULL, 999997999, TO_DATE('04/24/2018 00:00:00', 'MM/DD/YYYY HH24:MI:SS'), TO_DATE('04/24/2018 00:00:00', 'MM/DD/YYYY HH24:MI:SS'), 
    51829);
Insert into ECI_INVENTORY.ECI_INVENTORY (CENTRE_ID,CATALOG_REF_ID,ON_HAND_AVAILABLE_QUANTITY,UNIT_OF_MEASURE,MAX_PER_ORDER_THRESH,SPECIAL_PRODUCT_THRESH,ORIGIN_MODIFICATION_TSTAMP,COMPANY_ID,UPDATE_DATE,CREATION_DATE,IDX,FUTURE_AVAILABLE_QUANTITY,FIRST_FUTURE_AVAILABLE_DATE,FUTURE_AVAILABLE_DATE,IDX_2) values ('0090','000000000143846840','1000',null,'0','0',null,'001',to_date('09/07/2019','DD/MM/YYYY'),to_date('09/07/2019','DD/MM/YYYY'),null,null,null,null,'26635');
    
    
Insert into ECI_INVENTORY.ECI_INVENTORY
   (CENTRE_ID, CATALOG_REF_ID, ON_HAND_AVAILABLE_QUANTITY, UNIT_OF_MEASURE, MAX_PER_ORDER_THRESH, SPECIAL_PRODUCT_THRESH, ORIGIN_MODIFICATION_TSTAMP, COMPANY_ID, UPDATE_DATE, CREATION_DATE, IDX, FUTURE_AVAILABLE_QUANTITY, FIRST_FUTURE_AVAILABLE_DATE, FUTURE_AVAILABLE_DATE, IDX_2)
 Values
   ('0003', '000000000143846842', 2000, NULL, 
    0, 0, TO_DATE('05/04/2016 00:00:00', 'MM/DD/YYYY HH24:MI:SS'), '001', TO_DATE('05/04/2016 16:07:56', 'MM/DD/YYYY HH24:MI:SS'), 
    TO_DATE('05/04/2016 16:07:56', 'MM/DD/YYYY HH24:MI:SS'), NULL, 999997999, TO_DATE('04/24/2018 00:00:00', 'MM/DD/YYYY HH24:MI:SS'), TO_DATE('04/24/2018 00:00:00', 'MM/DD/YYYY HH24:MI:SS'), 
    51829);
Insert into ECI_INVENTORY.ECI_INVENTORY
   (CENTRE_ID, CATALOG_REF_ID, ON_HAND_AVAILABLE_QUANTITY, UNIT_OF_MEASURE, MAX_PER_ORDER_THRESH, SPECIAL_PRODUCT_THRESH, ORIGIN_MODIFICATION_TSTAMP, COMPANY_ID, UPDATE_DATE, CREATION_DATE, IDX, FUTURE_AVAILABLE_QUANTITY, FIRST_FUTURE_AVAILABLE_DATE, FUTURE_AVAILABLE_DATE, IDX_2)
 Values
   ('0006', '000000000143846842', 2000, NULL, 
    0, 0, TO_DATE('05/04/2016 00:00:00', 'MM/DD/YYYY HH24:MI:SS'), '001', TO_DATE('05/04/2016 16:07:56', 'MM/DD/YYYY HH24:MI:SS'), 
    TO_DATE('05/04/2016 16:07:56', 'MM/DD/YYYY HH24:MI:SS'), NULL, 999997999, TO_DATE('04/24/2018 00:00:00', 'MM/DD/YYYY HH24:MI:SS'), TO_DATE('04/24/2018 00:00:00', 'MM/DD/YYYY HH24:MI:SS'), 
    51829);
Insert into ECI_INVENTORY.ECI_INVENTORY
   (CENTRE_ID, CATALOG_REF_ID, ON_HAND_AVAILABLE_QUANTITY, UNIT_OF_MEASURE, MAX_PER_ORDER_THRESH, SPECIAL_PRODUCT_THRESH, ORIGIN_MODIFICATION_TSTAMP, COMPANY_ID, UPDATE_DATE, CREATION_DATE, IDX, FUTURE_AVAILABLE_QUANTITY, FIRST_FUTURE_AVAILABLE_DATE, FUTURE_AVAILABLE_DATE, IDX_2)
 Values
   ('0090', '000000000143846842', 2000, NULL, 
    0, 0, TO_DATE('05/04/2016 00:00:00', 'MM/DD/YYYY HH24:MI:SS'), '001', TO_DATE('05/04/2016 16:07:56', 'MM/DD/YYYY HH24:MI:SS'), 
    TO_DATE('05/04/2016 16:07:56', 'MM/DD/YYYY HH24:MI:SS'), NULL, 999997999, TO_DATE('04/24/2018 00:00:00', 'MM/DD/YYYY HH24:MI:SS'), TO_DATE('04/24/2018 00:00:00', 'MM/DD/YYYY HH24:MI:SS'), 
    51829);
Insert into ECI_INVENTORY.ECI_INVENTORY
   (CENTRE_ID, CATALOG_REF_ID, ON_HAND_AVAILABLE_QUANTITY, UNIT_OF_MEASURE, MAX_PER_ORDER_THRESH, SPECIAL_PRODUCT_THRESH, ORIGIN_MODIFICATION_TSTAMP, COMPANY_ID, UPDATE_DATE, CREATION_DATE, IDX, FUTURE_AVAILABLE_QUANTITY, FIRST_FUTURE_AVAILABLE_DATE, FUTURE_AVAILABLE_DATE, IDX_2)
 Values
   ('0012', '000000000143846842', 2000, NULL, 
    0, 0, TO_DATE('05/04/2016 00:00:00', 'MM/DD/YYYY HH24:MI:SS'), '001', TO_DATE('05/04/2016 16:07:56', 'MM/DD/YYYY HH24:MI:SS'), 
    TO_DATE('05/04/2016 16:07:56', 'MM/DD/YYYY HH24:MI:SS'), NULL, 999997999, TO_DATE('04/24/2018 00:00:00', 'MM/DD/YYYY HH24:MI:SS'), TO_DATE('04/24/2018 00:00:00', 'MM/DD/YYYY HH24:MI:SS'), 
    51829);
Insert into ECI_INVENTORY.ECI_INVENTORY
   (CENTRE_ID, CATALOG_REF_ID, ON_HAND_AVAILABLE_QUANTITY, UNIT_OF_MEASURE, MAX_PER_ORDER_THRESH, SPECIAL_PRODUCT_THRESH, ORIGIN_MODIFICATION_TSTAMP, COMPANY_ID, UPDATE_DATE, CREATION_DATE, IDX, FUTURE_AVAILABLE_QUANTITY, FIRST_FUTURE_AVAILABLE_DATE, FUTURE_AVAILABLE_DATE, IDX_2)
 Values
   ('0072', '000000000143846842', 2000, NULL, 
    0, 0, TO_DATE('05/04/2016 00:00:00', 'MM/DD/YYYY HH24:MI:SS'), '001', TO_DATE('05/04/2016 16:07:56', 'MM/DD/YYYY HH24:MI:SS'), 
    TO_DATE('05/04/2016 16:07:56', 'MM/DD/YYYY HH24:MI:SS'), NULL, 999997999, TO_DATE('04/24/2018 00:00:00', 'MM/DD/YYYY HH24:MI:SS'), TO_DATE('04/24/2018 00:00:00', 'MM/DD/YYYY HH24:MI:SS'), 
    51829);
Insert into ECI_INVENTORY.ECI_INVENTORY
   (CENTRE_ID, CATALOG_REF_ID, ON_HAND_AVAILABLE_QUANTITY, UNIT_OF_MEASURE, MAX_PER_ORDER_THRESH, SPECIAL_PRODUCT_THRESH, ORIGIN_MODIFICATION_TSTAMP, COMPANY_ID, UPDATE_DATE, CREATION_DATE, IDX, FUTURE_AVAILABLE_QUANTITY, FIRST_FUTURE_AVAILABLE_DATE, FUTURE_AVAILABLE_DATE, IDX_2)
 Values
   ('0098', '000000000143846842', 2000, NULL, 
    0, 0, TO_DATE('05/04/2016 00:00:00', 'MM/DD/YYYY HH24:MI:SS'), '001', TO_DATE('05/04/2016 16:07:56', 'MM/DD/YYYY HH24:MI:SS'), 
    TO_DATE('05/04/2016 16:07:56', 'MM/DD/YYYY HH24:MI:SS'), NULL, 999997999, TO_DATE('04/24/2018 00:00:00', 'MM/DD/YYYY HH24:MI:SS'), TO_DATE('04/24/2018 00:00:00', 'MM/DD/YYYY HH24:MI:SS'), 
    51829);

    
commit;
-------------------------------------------------

-------------------------------------------------
--       PD00000516-1362
-------------------------------------------------

-- Inventario para la parte MKP de los productos RnD

delete from ECI_INVENTORY.ECI_MKP_INVENTORY where OFFER_ID in (
'16487',
'16626',
'16736',
'16882',
'18044',
'18131',
'18132',
'18245',
'18246',
'18247',
'18248',
'18752',
'18754'
);

Insert into ECI_INVENTORY.ECI_MKP_INVENTORY (EAN,PROVIDER_ID,OFFER_ID,PRODUCT_ID,CATALOG_REF_ID,STOCK,UPDATE_DATE,CREATION_DATE,IDX,UNIQUE_CODE) values ('4894461253312','0436790','16487','A15270152','001057063407696  9','200',to_date('06/08/2019','DD/MM/YYYY'),to_date('06/08/2019','DD/MM/YYYY'),'814',null);
Insert into ECI_INVENTORY.ECI_MKP_INVENTORY (EAN,PROVIDER_ID,OFFER_ID,PRODUCT_ID,CATALOG_REF_ID,STOCK,UPDATE_DATE,CREATION_DATE,IDX,UNIQUE_CODE) values ('4905524731897','0436790','16626','A15356928','001038545716649   ','65',to_date('07/08/2019','DD/MM/YYYY'),to_date('06/08/2019','DD/MM/YYYY'),'2080',null);
Insert into ECI_INVENTORY.ECI_MKP_INVENTORY (EAN,PROVIDER_ID,OFFER_ID,PRODUCT_ID,CATALOG_REF_ID,STOCK,UPDATE_DATE,CREATION_DATE,IDX,UNIQUE_CODE) values ('0888462564328','0436790','16736','A16608220','001094610600226   ','0',to_date('06/08/2019','DD/MM/YYYY'),to_date('06/08/2019','DD/MM/YYYY'),'781',null);
Insert into ECI_INVENTORY.ECI_MKP_INVENTORY (EAN,PROVIDER_ID,OFFER_ID,PRODUCT_ID,CATALOG_REF_ID,STOCK,UPDATE_DATE,CREATION_DATE,IDX,UNIQUE_CODE) values ('2566134013739','0436790','16882','A4322193','001056613401373   ','26',to_date('13/08/2019','DD/MM/YYYY'),to_date('06/08/2019','DD/MM/YYYY'),'872',null);
Insert into ECI_INVENTORY.ECI_MKP_INVENTORY (EAN,PROVIDER_ID,OFFER_ID,PRODUCT_ID,CATALOG_REF_ID,STOCK,UPDATE_DATE,CREATION_DATE,IDX,UNIQUE_CODE) values ('4975769415630','0538405','18044','A11468209','001038545713539   ','11000',to_date('06/08/2019','DD/MM/YYYY'),to_date('06/08/2019','DD/MM/YYYY'),'98275','4975769415630_000000000143209295');
Insert into ECI_INVENTORY.ECI_MKP_INVENTORY (EAN,PROVIDER_ID,OFFER_ID,PRODUCT_ID,CATALOG_REF_ID,STOCK,UPDATE_DATE,CREATION_DATE,IDX,UNIQUE_CODE) values ('2401551575944','0054791','18131','MP_0054791_REFRND01',null,'1000',to_date('06/08/2019','DD/MM/YYYY'),to_date('06/08/2019','DD/MM/YYYY'),'894','2401551575944_000000000108110862');
Insert into ECI_INVENTORY.ECI_MKP_INVENTORY (EAN,PROVIDER_ID,OFFER_ID,PRODUCT_ID,CATALOG_REF_ID,STOCK,UPDATE_DATE,CREATION_DATE,IDX,UNIQUE_CODE) values ('2401551575951','0054791','18132','MP_0054791_REFRND02',null,'999',to_date('08/08/2019','DD/MM/YYYY'),to_date('06/08/2019','DD/MM/YYYY'),'1465','2401551575951_000000000108110862');
Insert into ECI_INVENTORY.ECI_MKP_INVENTORY (EAN,PROVIDER_ID,OFFER_ID,PRODUCT_ID,CATALOG_REF_ID,STOCK,UPDATE_DATE,CREATION_DATE,IDX,UNIQUE_CODE) values ('2401995970930','0140004','18245','MP_0140004_REFRND21',null,'10000',to_date('07/08/2019','DD/MM/YYYY'),to_date('07/08/2019','DD/MM/YYYY'),'94143','2401995970930_000000000143209106');
Insert into ECI_INVENTORY.ECI_MKP_INVENTORY (EAN,PROVIDER_ID,OFFER_ID,PRODUCT_ID,CATALOG_REF_ID,STOCK,UPDATE_DATE,CREATION_DATE,IDX,UNIQUE_CODE) values ('2401995970947','0140004','18246','MP_0140004_REFRND22',null,'10000',to_date('07/08/2019','DD/MM/YYYY'),to_date('07/08/2019','DD/MM/YYYY'),'12140','2401995970947_000000000143209106');
Insert into ECI_INVENTORY.ECI_MKP_INVENTORY (EAN,PROVIDER_ID,OFFER_ID,PRODUCT_ID,CATALOG_REF_ID,STOCK,UPDATE_DATE,CREATION_DATE,IDX,UNIQUE_CODE) values ('2401995970985','0140004','18247','MP_0140004_REFRND25',null,'10000',to_date('07/08/2019','DD/MM/YYYY'),to_date('07/08/2019','DD/MM/YYYY'),'71561','2401995970985_000000000143209106');
Insert into ECI_INVENTORY.ECI_MKP_INVENTORY (EAN,PROVIDER_ID,OFFER_ID,PRODUCT_ID,CATALOG_REF_ID,STOCK,UPDATE_DATE,CREATION_DATE,IDX,UNIQUE_CODE) values ('2401620890763','0140004','18752','MP_0140004_REFRND28',null,'10000',to_date('06/08/2019','DD/MM/YYYY'),to_date('06/08/2019','DD/MM/YYYY'),'3703','2401620890763_000000000143209106');
Insert into ECI_INVENTORY.ECI_MKP_INVENTORY (EAN,PROVIDER_ID,OFFER_ID,PRODUCT_ID,CATALOG_REF_ID,STOCK,UPDATE_DATE,CREATION_DATE,IDX,UNIQUE_CODE) values ('2401620890749','0140004','18754','MP_0140004_REFRND26',null,'10000',to_date('06/08/2019','DD/MM/YYYY'),to_date('06/08/2019','DD/MM/YYYY'),'2420','2401620890749_000000000143209106');


delete from ECI_INVENTORY.ECI_MKP_INVENTORY_STL where OFFER_ID in (
'16487',
'16626',
'16736',
'16882',
'18044',
'18131',
'18132',
'18245',
'18246',
'18247',
'18248',
'18752',
'18754'
);


Insert into ECI_MKP_INVENTORY_STL (EAN,PROVIDER_ID,OFFER_ID,PRODUCT_ID,CATALOG_REF_ID,STOCK,UNIQUE_CODE,UPDATE_DATE,CREATION_DATE,IDX) values ('2401551575951','0054791','18132','MP_0054791_REFRND02',null,967,'2401551575951_000000000108110862',to_date('11/11/2021','DD/MM/YYYY'),to_date('28/10/2021','DD/MM/YYYY'),2086);
Insert into ECI_MKP_INVENTORY_STL (EAN,PROVIDER_ID,OFFER_ID,PRODUCT_ID,CATALOG_REF_ID,STOCK,UNIQUE_CODE,UPDATE_DATE,CREATION_DATE,IDX) values ('2401995970985','0140004','18247','MP_0140004_REFRND25',null,10003,'2401995970985_000000000143209106',to_date('11/11/2021','DD/MM/YYYY'),to_date('28/10/2021','DD/MM/YYYY'),2113);
Insert into ECI_MKP_INVENTORY_STL (EAN,PROVIDER_ID,OFFER_ID,PRODUCT_ID,CATALOG_REF_ID,STOCK,UNIQUE_CODE,UPDATE_DATE,CREATION_DATE,IDX) values ('4975769415630','0538405','18044','A11468209','001086638773593974',10000,'4975769415630_000000000143209295',to_date('11/11/2021','DD/MM/YYYY'),to_date('28/10/2021','DD/MM/YYYY'),2156);
Insert into ECI_MKP_INVENTORY_STL (EAN,PROVIDER_ID,OFFER_ID,PRODUCT_ID,CATALOG_REF_ID,STOCK,UNIQUE_CODE,UPDATE_DATE,CREATION_DATE,IDX) values ('2401995970930','0140004','18245','MP_0140004_REFRND21',null,9976,'2401995970930_000000000143209106',to_date('11/11/2021','DD/MM/YYYY'),to_date('28/10/2021','DD/MM/YYYY'),3465);
Insert into ECI_MKP_INVENTORY_STL (EAN,PROVIDER_ID,OFFER_ID,PRODUCT_ID,CATALOG_REF_ID,STOCK,UNIQUE_CODE,UPDATE_DATE,CREATION_DATE,IDX) values ('2401620890763','0140004','18752','MP_0140004_REFRND28',null,10001,'2401620890763_000000000143209106',to_date('11/11/2021','DD/MM/YYYY'),to_date('28/10/2021','DD/MM/YYYY'),2894);
Insert into ECI_MKP_INVENTORY_STL (EAN,PROVIDER_ID,OFFER_ID,PRODUCT_ID,CATALOG_REF_ID,STOCK,UNIQUE_CODE,UPDATE_DATE,CREATION_DATE,IDX) values ('2401620890749','0140004','18754','MP_0140004_REFRND26',null,10003,'2401620890749_000000000143209106',to_date('11/11/2021','DD/MM/YYYY'),to_date('28/10/2021','DD/MM/YYYY'),3865);
Insert into ECI_MKP_INVENTORY_STL (EAN,PROVIDER_ID,OFFER_ID,PRODUCT_ID,CATALOG_REF_ID,STOCK,UNIQUE_CODE,UPDATE_DATE,CREATION_DATE,IDX) values ('2401995970947','0140004','18246','MP_0140004_REFRND22',null,9999,'2401995970947_000000000143209106',to_date('11/11/2021','DD/MM/YYYY'),to_date('28/10/2021','DD/MM/YYYY'),3945);
Insert into ECI_MKP_INVENTORY_STL (EAN,PROVIDER_ID,OFFER_ID,PRODUCT_ID,CATALOG_REF_ID,STOCK,UNIQUE_CODE,UPDATE_DATE,CREATION_DATE,IDX) values ('2566134013739','0436790','16882','A4322193','001056613401373   ',25,'2566134013739_000000000106186216',to_date('11/11/2021','DD/MM/YYYY'),to_date('11/11/2021','DD/MM/YYYY'),42041);
Insert into ECI_MKP_INVENTORY_STL (EAN,PROVIDER_ID,OFFER_ID,PRODUCT_ID,CATALOG_REF_ID,STOCK,UNIQUE_CODE,UPDATE_DATE,CREATION_DATE,IDX) values ('4894461253312','0436790','16487','A15270152','001057063407696  9',199,'4894461253312_000000000106186216',to_date('11/11/2021','DD/MM/YYYY'),to_date('11/11/2021','DD/MM/YYYY'),15687);
Insert into ECI_MKP_INVENTORY_STL (EAN,PROVIDER_ID,OFFER_ID,PRODUCT_ID,CATALOG_REF_ID,STOCK,UNIQUE_CODE,UPDATE_DATE,CREATION_DATE,IDX) values ('4905524731897','0436790','16626','A15356928','001038545716649   ',1498,'4905524731897_000000000106186216',to_date('11/11/2021','DD/MM/YYYY'),to_date('11/11/2021','DD/MM/YYYY'),16772);
Insert into ECI_MKP_INVENTORY_STL (EAN,PROVIDER_ID,OFFER_ID,PRODUCT_ID,CATALOG_REF_ID,STOCK,UNIQUE_CODE,UPDATE_DATE,CREATION_DATE,IDX) values ('0888462564328','0436790','16736','A16608220','001094610600226   ',1458,'0888462564328_000000000106186216',to_date('11/11/2021','DD/MM/YYYY'),to_date('11/11/2021','DD/MM/YYYY'),67134);

commit;
-------------------------------------------------