SET DEFINE OFF;


-------------------------------------------------
--       PD00000460-10002466
-------------------------------------------------

-- Uniformes 2h
DELETE FROM ECI_INVENTORY.ECI_INVENTORY WHERE CATALOG_REF_ID IN (
'000001002861750008',
'000001002861840002',
'000001002861860002'
);


Insert into ECI_INVENTORY.ECI_INVENTORY (CENTRE_ID,CATALOG_REF_ID,ON_HAND_AVAILABLE_QUANTITY,UNIT_OF_MEASURE,MAX_PER_ORDER_THRESH,SPECIAL_PRODUCT_THRESH,ORIGIN_MODIFICATION_TSTAMP,COMPANY_ID,UPDATE_DATE,CREATION_DATE,IDX,FUTURE_AVAILABLE_QUANTITY,FIRST_FUTURE_AVAILABLE_DATE,FUTURE_AVAILABLE_DATE,IDX_2) values ('0003','000001002861750008','1000',null,'0','0',null,'001',to_date('19/03/2019','DD/MM/YYYY'),to_date('19/03/2019','DD/MM/YYYY'),null,null,null,null,'65441');
Insert into ECI_INVENTORY.ECI_INVENTORY (CENTRE_ID,CATALOG_REF_ID,ON_HAND_AVAILABLE_QUANTITY,UNIT_OF_MEASURE,MAX_PER_ORDER_THRESH,SPECIAL_PRODUCT_THRESH,ORIGIN_MODIFICATION_TSTAMP,COMPANY_ID,UPDATE_DATE,CREATION_DATE,IDX,FUTURE_AVAILABLE_QUANTITY,FIRST_FUTURE_AVAILABLE_DATE,FUTURE_AVAILABLE_DATE,IDX_2) values ('0006','000001002861750008','1000',null,'0','0',null,'001',to_date('19/03/2019','DD/MM/YYYY'),to_date('19/03/2019','DD/MM/YYYY'),null,null,null,null,'17931');
Insert into ECI_INVENTORY.ECI_INVENTORY (CENTRE_ID,CATALOG_REF_ID,ON_HAND_AVAILABLE_QUANTITY,UNIT_OF_MEASURE,MAX_PER_ORDER_THRESH,SPECIAL_PRODUCT_THRESH,ORIGIN_MODIFICATION_TSTAMP,COMPANY_ID,UPDATE_DATE,CREATION_DATE,IDX,FUTURE_AVAILABLE_QUANTITY,FIRST_FUTURE_AVAILABLE_DATE,FUTURE_AVAILABLE_DATE,IDX_2) values ('0090','000001002861750008','1000',null,'0','0',null,'001',to_date('19/03/2019','DD/MM/YYYY'),to_date('19/03/2019','DD/MM/YYYY'),null,null,null,null,'17931');

Insert into ECI_INVENTORY.ECI_INVENTORY (CENTRE_ID,CATALOG_REF_ID,ON_HAND_AVAILABLE_QUANTITY,UNIT_OF_MEASURE,MAX_PER_ORDER_THRESH,SPECIAL_PRODUCT_THRESH,ORIGIN_MODIFICATION_TSTAMP,COMPANY_ID,UPDATE_DATE,CREATION_DATE,IDX,FUTURE_AVAILABLE_QUANTITY,FIRST_FUTURE_AVAILABLE_DATE,FUTURE_AVAILABLE_DATE,IDX_2) values ('0003','000001002861840002','1000',null,'0','0',null,'001',to_date('19/03/2019','DD/MM/YYYY'),to_date('19/03/2019','DD/MM/YYYY'),null,null,null,null,'65441');
Insert into ECI_INVENTORY.ECI_INVENTORY (CENTRE_ID,CATALOG_REF_ID,ON_HAND_AVAILABLE_QUANTITY,UNIT_OF_MEASURE,MAX_PER_ORDER_THRESH,SPECIAL_PRODUCT_THRESH,ORIGIN_MODIFICATION_TSTAMP,COMPANY_ID,UPDATE_DATE,CREATION_DATE,IDX,FUTURE_AVAILABLE_QUANTITY,FIRST_FUTURE_AVAILABLE_DATE,FUTURE_AVAILABLE_DATE,IDX_2) values ('0006','000001002861840002','1000',null,'0','0',null,'001',to_date('19/03/2019','DD/MM/YYYY'),to_date('19/03/2019','DD/MM/YYYY'),null,null,null,null,'17931');
Insert into ECI_INVENTORY.ECI_INVENTORY (CENTRE_ID,CATALOG_REF_ID,ON_HAND_AVAILABLE_QUANTITY,UNIT_OF_MEASURE,MAX_PER_ORDER_THRESH,SPECIAL_PRODUCT_THRESH,ORIGIN_MODIFICATION_TSTAMP,COMPANY_ID,UPDATE_DATE,CREATION_DATE,IDX,FUTURE_AVAILABLE_QUANTITY,FIRST_FUTURE_AVAILABLE_DATE,FUTURE_AVAILABLE_DATE,IDX_2) values ('0090','000001002861840002','1000',null,'0','0',null,'001',to_date('19/03/2019','DD/MM/YYYY'),to_date('19/03/2019','DD/MM/YYYY'),null,null,null,null,'17931');

Insert into ECI_INVENTORY.ECI_INVENTORY (CENTRE_ID,CATALOG_REF_ID,ON_HAND_AVAILABLE_QUANTITY,UNIT_OF_MEASURE,MAX_PER_ORDER_THRESH,SPECIAL_PRODUCT_THRESH,ORIGIN_MODIFICATION_TSTAMP,COMPANY_ID,UPDATE_DATE,CREATION_DATE,IDX,FUTURE_AVAILABLE_QUANTITY,FIRST_FUTURE_AVAILABLE_DATE,FUTURE_AVAILABLE_DATE,IDX_2) values ('0003','000001002861860002','1000',null,'0','0',null,'001',to_date('19/03/2019','DD/MM/YYYY'),to_date('19/03/2019','DD/MM/YYYY'),null,null,null,null,'65441');
Insert into ECI_INVENTORY.ECI_INVENTORY (CENTRE_ID,CATALOG_REF_ID,ON_HAND_AVAILABLE_QUANTITY,UNIT_OF_MEASURE,MAX_PER_ORDER_THRESH,SPECIAL_PRODUCT_THRESH,ORIGIN_MODIFICATION_TSTAMP,COMPANY_ID,UPDATE_DATE,CREATION_DATE,IDX,FUTURE_AVAILABLE_QUANTITY,FIRST_FUTURE_AVAILABLE_DATE,FUTURE_AVAILABLE_DATE,IDX_2) values ('0006','000001002861860002','1000',null,'0','0',null,'001',to_date('19/03/2019','DD/MM/YYYY'),to_date('19/03/2019','DD/MM/YYYY'),null,null,null,null,'17931');
Insert into ECI_INVENTORY.ECI_INVENTORY (CENTRE_ID,CATALOG_REF_ID,ON_HAND_AVAILABLE_QUANTITY,UNIT_OF_MEASURE,MAX_PER_ORDER_THRESH,SPECIAL_PRODUCT_THRESH,ORIGIN_MODIFICATION_TSTAMP,COMPANY_ID,UPDATE_DATE,CREATION_DATE,IDX,FUTURE_AVAILABLE_QUANTITY,FIRST_FUTURE_AVAILABLE_DATE,FUTURE_AVAILABLE_DATE,IDX_2) values ('0090','000001002861860002','1000',null,'0','0',null,'001',to_date('19/03/2019','DD/MM/YYYY'),to_date('19/03/2019','DD/MM/YYYY'),null,null,null,null,'17931');

COMMIT;

-------------------------------------------------

-------------------------------------------------
--       PD00000460-10002310
-------------------------------------------------

-- Inventario para referencias mixtas
DELETE FROM ECI_INVENTORY.ECI_INVENTORY 
WHERE CATALOG_REF_ID in (
'000000000107580933',
'000000000141938154',
'000000000141217282',
'000000000141099966',
'000000000107927099',
'000001077385330042'
);

Insert into ECI_INVENTORY.ECI_INVENTORY (CENTRE_ID,CATALOG_REF_ID,ON_HAND_AVAILABLE_QUANTITY,UNIT_OF_MEASURE,MAX_PER_ORDER_THRESH,SPECIAL_PRODUCT_THRESH,ORIGIN_MODIFICATION_TSTAMP,COMPANY_ID,UPDATE_DATE,CREATION_DATE,IDX,FUTURE_AVAILABLE_QUANTITY,FIRST_FUTURE_AVAILABLE_DATE,FUTURE_AVAILABLE_DATE,IDX_2) values ('0003','000000000107580933','1000',null,'0','0',null,'001',to_date('19/03/2019','DD/MM/YYYY'),to_date('19/03/2019','DD/MM/YYYY'),null,null,null,null,'65441');
Insert into ECI_INVENTORY.ECI_INVENTORY (CENTRE_ID,CATALOG_REF_ID,ON_HAND_AVAILABLE_QUANTITY,UNIT_OF_MEASURE,MAX_PER_ORDER_THRESH,SPECIAL_PRODUCT_THRESH,ORIGIN_MODIFICATION_TSTAMP,COMPANY_ID,UPDATE_DATE,CREATION_DATE,IDX,FUTURE_AVAILABLE_QUANTITY,FIRST_FUTURE_AVAILABLE_DATE,FUTURE_AVAILABLE_DATE,IDX_2) values ('0006','000000000107580933','1000',null,'0','0',null,'001',to_date('19/03/2019','DD/MM/YYYY'),to_date('19/03/2019','DD/MM/YYYY'),null,null,null,null,'17931');
Insert into ECI_INVENTORY.ECI_INVENTORY (CENTRE_ID,CATALOG_REF_ID,ON_HAND_AVAILABLE_QUANTITY,UNIT_OF_MEASURE,MAX_PER_ORDER_THRESH,SPECIAL_PRODUCT_THRESH,ORIGIN_MODIFICATION_TSTAMP,COMPANY_ID,UPDATE_DATE,CREATION_DATE,IDX,FUTURE_AVAILABLE_QUANTITY,FIRST_FUTURE_AVAILABLE_DATE,FUTURE_AVAILABLE_DATE,IDX_2) values ('0012','000000000107580933','1000',null,'0','0',null,'001',to_date('20/05/2019','DD/MM/YYYY'),to_date('20/05/2019','DD/MM/YYYY'),null,null,null,null,'85695');
Insert into ECI_INVENTORY.ECI_INVENTORY (CENTRE_ID,CATALOG_REF_ID,ON_HAND_AVAILABLE_QUANTITY,UNIT_OF_MEASURE,MAX_PER_ORDER_THRESH,SPECIAL_PRODUCT_THRESH,ORIGIN_MODIFICATION_TSTAMP,COMPANY_ID,UPDATE_DATE,CREATION_DATE,IDX,FUTURE_AVAILABLE_QUANTITY,FIRST_FUTURE_AVAILABLE_DATE,FUTURE_AVAILABLE_DATE,IDX_2) values ('0072','000000000107580933','1000',null,'0','0',null,'001',to_date('20/05/2019','DD/MM/YYYY'),to_date('20/05/2019','DD/MM/YYYY'),null,null,null,null,'39929');
Insert into ECI_INVENTORY.ECI_INVENTORY (CENTRE_ID,CATALOG_REF_ID,ON_HAND_AVAILABLE_QUANTITY,UNIT_OF_MEASURE,MAX_PER_ORDER_THRESH,SPECIAL_PRODUCT_THRESH,ORIGIN_MODIFICATION_TSTAMP,COMPANY_ID,UPDATE_DATE,CREATION_DATE,IDX,FUTURE_AVAILABLE_QUANTITY,FIRST_FUTURE_AVAILABLE_DATE,FUTURE_AVAILABLE_DATE,IDX_2) values ('0090','000000000107580933','1000',null,'0','0',null,'001',to_date('20/05/2019','DD/MM/YYYY'),to_date('04/03/2016','DD/MM/YYYY'),null,null,null,null,'82216');
Insert into ECI_INVENTORY.ECI_INVENTORY (CENTRE_ID,CATALOG_REF_ID,ON_HAND_AVAILABLE_QUANTITY,UNIT_OF_MEASURE,MAX_PER_ORDER_THRESH,SPECIAL_PRODUCT_THRESH,ORIGIN_MODIFICATION_TSTAMP,COMPANY_ID,UPDATE_DATE,CREATION_DATE,IDX,FUTURE_AVAILABLE_QUANTITY,FIRST_FUTURE_AVAILABLE_DATE,FUTURE_AVAILABLE_DATE,IDX_2) values ('0098','000000000107580933','1000',null,'0','0',null,'001',to_date('20/05/2019','DD/MM/YYYY'),to_date('20/05/2019','DD/MM/YYYY'),null,null,null,null,'46538');

Insert into ECI_INVENTORY.ECI_INVENTORY (CENTRE_ID,CATALOG_REF_ID,ON_HAND_AVAILABLE_QUANTITY,UNIT_OF_MEASURE,MAX_PER_ORDER_THRESH,SPECIAL_PRODUCT_THRESH,ORIGIN_MODIFICATION_TSTAMP,COMPANY_ID,UPDATE_DATE,CREATION_DATE,IDX,FUTURE_AVAILABLE_QUANTITY,FIRST_FUTURE_AVAILABLE_DATE,FUTURE_AVAILABLE_DATE,IDX_2) values ('0003','000000000141938154','1000',null,'0','0',null,'001',to_date('19/03/2019','DD/MM/YYYY'),to_date('19/03/2019','DD/MM/YYYY'),null,null,null,null,'65441');
Insert into ECI_INVENTORY.ECI_INVENTORY (CENTRE_ID,CATALOG_REF_ID,ON_HAND_AVAILABLE_QUANTITY,UNIT_OF_MEASURE,MAX_PER_ORDER_THRESH,SPECIAL_PRODUCT_THRESH,ORIGIN_MODIFICATION_TSTAMP,COMPANY_ID,UPDATE_DATE,CREATION_DATE,IDX,FUTURE_AVAILABLE_QUANTITY,FIRST_FUTURE_AVAILABLE_DATE,FUTURE_AVAILABLE_DATE,IDX_2) values ('0006','000000000141938154','1000',null,'0','0',null,'001',to_date('19/03/2019','DD/MM/YYYY'),to_date('19/03/2019','DD/MM/YYYY'),null,null,null,null,'17931');
Insert into ECI_INVENTORY.ECI_INVENTORY (CENTRE_ID,CATALOG_REF_ID,ON_HAND_AVAILABLE_QUANTITY,UNIT_OF_MEASURE,MAX_PER_ORDER_THRESH,SPECIAL_PRODUCT_THRESH,ORIGIN_MODIFICATION_TSTAMP,COMPANY_ID,UPDATE_DATE,CREATION_DATE,IDX,FUTURE_AVAILABLE_QUANTITY,FIRST_FUTURE_AVAILABLE_DATE,FUTURE_AVAILABLE_DATE,IDX_2) values ('0012','000000000141938154','1000',null,'0','0',null,'001',to_date('20/05/2019','DD/MM/YYYY'),to_date('20/05/2019','DD/MM/YYYY'),null,null,null,null,'85695');
Insert into ECI_INVENTORY.ECI_INVENTORY (CENTRE_ID,CATALOG_REF_ID,ON_HAND_AVAILABLE_QUANTITY,UNIT_OF_MEASURE,MAX_PER_ORDER_THRESH,SPECIAL_PRODUCT_THRESH,ORIGIN_MODIFICATION_TSTAMP,COMPANY_ID,UPDATE_DATE,CREATION_DATE,IDX,FUTURE_AVAILABLE_QUANTITY,FIRST_FUTURE_AVAILABLE_DATE,FUTURE_AVAILABLE_DATE,IDX_2) values ('0072','000000000141938154','1000',null,'0','0',null,'001',to_date('20/05/2019','DD/MM/YYYY'),to_date('20/05/2019','DD/MM/YYYY'),null,null,null,null,'39929');
Insert into ECI_INVENTORY.ECI_INVENTORY (CENTRE_ID,CATALOG_REF_ID,ON_HAND_AVAILABLE_QUANTITY,UNIT_OF_MEASURE,MAX_PER_ORDER_THRESH,SPECIAL_PRODUCT_THRESH,ORIGIN_MODIFICATION_TSTAMP,COMPANY_ID,UPDATE_DATE,CREATION_DATE,IDX,FUTURE_AVAILABLE_QUANTITY,FIRST_FUTURE_AVAILABLE_DATE,FUTURE_AVAILABLE_DATE,IDX_2) values ('0098','000000000141938154','1000',null,'0','0',null,'001',to_date('20/05/2019','DD/MM/YYYY'),to_date('20/05/2019','DD/MM/YYYY'),null,null,null,null,'46538');

Insert into ECI_INVENTORY.ECI_INVENTORY (CENTRE_ID,CATALOG_REF_ID,ON_HAND_AVAILABLE_QUANTITY,UNIT_OF_MEASURE,MAX_PER_ORDER_THRESH,SPECIAL_PRODUCT_THRESH,ORIGIN_MODIFICATION_TSTAMP,COMPANY_ID,UPDATE_DATE,CREATION_DATE,IDX,FUTURE_AVAILABLE_QUANTITY,FIRST_FUTURE_AVAILABLE_DATE,FUTURE_AVAILABLE_DATE,IDX_2) values ('0003','000000000141217282','1000',null,'0','0',null,'001',to_date('19/03/2019','DD/MM/YYYY'),to_date('19/03/2019','DD/MM/YYYY'),null,null,null,null,'65441');
Insert into ECI_INVENTORY.ECI_INVENTORY (CENTRE_ID,CATALOG_REF_ID,ON_HAND_AVAILABLE_QUANTITY,UNIT_OF_MEASURE,MAX_PER_ORDER_THRESH,SPECIAL_PRODUCT_THRESH,ORIGIN_MODIFICATION_TSTAMP,COMPANY_ID,UPDATE_DATE,CREATION_DATE,IDX,FUTURE_AVAILABLE_QUANTITY,FIRST_FUTURE_AVAILABLE_DATE,FUTURE_AVAILABLE_DATE,IDX_2) values ('0006','000000000141217282','1000',null,'0','0',null,'001',to_date('19/03/2019','DD/MM/YYYY'),to_date('19/03/2019','DD/MM/YYYY'),null,null,null,null,'17931');
Insert into ECI_INVENTORY.ECI_INVENTORY (CENTRE_ID,CATALOG_REF_ID,ON_HAND_AVAILABLE_QUANTITY,UNIT_OF_MEASURE,MAX_PER_ORDER_THRESH,SPECIAL_PRODUCT_THRESH,ORIGIN_MODIFICATION_TSTAMP,COMPANY_ID,UPDATE_DATE,CREATION_DATE,IDX,FUTURE_AVAILABLE_QUANTITY,FIRST_FUTURE_AVAILABLE_DATE,FUTURE_AVAILABLE_DATE,IDX_2) values ('0012','000000000141217282','1000',null,'0','0',null,'001',to_date('20/05/2019','DD/MM/YYYY'),to_date('20/05/2019','DD/MM/YYYY'),null,null,null,null,'85695');
Insert into ECI_INVENTORY.ECI_INVENTORY (CENTRE_ID,CATALOG_REF_ID,ON_HAND_AVAILABLE_QUANTITY,UNIT_OF_MEASURE,MAX_PER_ORDER_THRESH,SPECIAL_PRODUCT_THRESH,ORIGIN_MODIFICATION_TSTAMP,COMPANY_ID,UPDATE_DATE,CREATION_DATE,IDX,FUTURE_AVAILABLE_QUANTITY,FIRST_FUTURE_AVAILABLE_DATE,FUTURE_AVAILABLE_DATE,IDX_2) values ('0072','000000000141217282','1000',null,'0','0',null,'001',to_date('20/05/2019','DD/MM/YYYY'),to_date('20/05/2019','DD/MM/YYYY'),null,null,null,null,'39929');
Insert into ECI_INVENTORY.ECI_INVENTORY (CENTRE_ID,CATALOG_REF_ID,ON_HAND_AVAILABLE_QUANTITY,UNIT_OF_MEASURE,MAX_PER_ORDER_THRESH,SPECIAL_PRODUCT_THRESH,ORIGIN_MODIFICATION_TSTAMP,COMPANY_ID,UPDATE_DATE,CREATION_DATE,IDX,FUTURE_AVAILABLE_QUANTITY,FIRST_FUTURE_AVAILABLE_DATE,FUTURE_AVAILABLE_DATE,IDX_2) values ('0090','000000000141217282','1000',null,'0','0',null,'001',to_date('20/05/2019','DD/MM/YYYY'),to_date('04/03/2016','DD/MM/YYYY'),null,null,null,null,'82216');
Insert into ECI_INVENTORY.ECI_INVENTORY (CENTRE_ID,CATALOG_REF_ID,ON_HAND_AVAILABLE_QUANTITY,UNIT_OF_MEASURE,MAX_PER_ORDER_THRESH,SPECIAL_PRODUCT_THRESH,ORIGIN_MODIFICATION_TSTAMP,COMPANY_ID,UPDATE_DATE,CREATION_DATE,IDX,FUTURE_AVAILABLE_QUANTITY,FIRST_FUTURE_AVAILABLE_DATE,FUTURE_AVAILABLE_DATE,IDX_2) values ('0098','000000000141217282','1000',null,'0','0',null,'001',to_date('20/05/2019','DD/MM/YYYY'),to_date('20/05/2019','DD/MM/YYYY'),null,null,null,null,'46538');

Insert into ECI_INVENTORY.ECI_INVENTORY (CENTRE_ID,CATALOG_REF_ID,ON_HAND_AVAILABLE_QUANTITY,UNIT_OF_MEASURE,MAX_PER_ORDER_THRESH,SPECIAL_PRODUCT_THRESH,ORIGIN_MODIFICATION_TSTAMP,COMPANY_ID,UPDATE_DATE,CREATION_DATE,IDX,FUTURE_AVAILABLE_QUANTITY,FIRST_FUTURE_AVAILABLE_DATE,FUTURE_AVAILABLE_DATE,IDX_2) values ('0012','000000000141099966','1000',null,'0','0',null,'001',to_date('20/05/2019','DD/MM/YYYY'),to_date('20/05/2019','DD/MM/YYYY'),null,null,null,null,'85695');
Insert into ECI_INVENTORY.ECI_INVENTORY (CENTRE_ID,CATALOG_REF_ID,ON_HAND_AVAILABLE_QUANTITY,UNIT_OF_MEASURE,MAX_PER_ORDER_THRESH,SPECIAL_PRODUCT_THRESH,ORIGIN_MODIFICATION_TSTAMP,COMPANY_ID,UPDATE_DATE,CREATION_DATE,IDX,FUTURE_AVAILABLE_QUANTITY,FIRST_FUTURE_AVAILABLE_DATE,FUTURE_AVAILABLE_DATE,IDX_2) values ('0072','000000000141099966','1000',null,'0','0',null,'001',to_date('20/05/2019','DD/MM/YYYY'),to_date('20/05/2019','DD/MM/YYYY'),null,null,null,null,'39929');
Insert into ECI_INVENTORY.ECI_INVENTORY (CENTRE_ID,CATALOG_REF_ID,ON_HAND_AVAILABLE_QUANTITY,UNIT_OF_MEASURE,MAX_PER_ORDER_THRESH,SPECIAL_PRODUCT_THRESH,ORIGIN_MODIFICATION_TSTAMP,COMPANY_ID,UPDATE_DATE,CREATION_DATE,IDX,FUTURE_AVAILABLE_QUANTITY,FIRST_FUTURE_AVAILABLE_DATE,FUTURE_AVAILABLE_DATE,IDX_2) values ('0098','000000000141099966','1000',null,'0','0',null,'001',to_date('20/05/2019','DD/MM/YYYY'),to_date('20/05/2019','DD/MM/YYYY'),null,null,null,null,'46538');

Insert into ECI_INVENTORY.ECI_INVENTORY (CENTRE_ID,CATALOG_REF_ID,ON_HAND_AVAILABLE_QUANTITY,UNIT_OF_MEASURE,MAX_PER_ORDER_THRESH,SPECIAL_PRODUCT_THRESH,ORIGIN_MODIFICATION_TSTAMP,COMPANY_ID,UPDATE_DATE,CREATION_DATE,IDX,FUTURE_AVAILABLE_QUANTITY,FIRST_FUTURE_AVAILABLE_DATE,FUTURE_AVAILABLE_DATE,IDX_2) values ('0003','000000000107927099','1000',null,'0','0',null,'001',to_date('19/03/2019','DD/MM/YYYY'),to_date('19/03/2019','DD/MM/YYYY'),null,null,null,null,'65441');
Insert into ECI_INVENTORY.ECI_INVENTORY (CENTRE_ID,CATALOG_REF_ID,ON_HAND_AVAILABLE_QUANTITY,UNIT_OF_MEASURE,MAX_PER_ORDER_THRESH,SPECIAL_PRODUCT_THRESH,ORIGIN_MODIFICATION_TSTAMP,COMPANY_ID,UPDATE_DATE,CREATION_DATE,IDX,FUTURE_AVAILABLE_QUANTITY,FIRST_FUTURE_AVAILABLE_DATE,FUTURE_AVAILABLE_DATE,IDX_2) values ('0006','000000000107927099','1000',null,'0','0',null,'001',to_date('19/03/2019','DD/MM/YYYY'),to_date('19/03/2019','DD/MM/YYYY'),null,null,null,null,'17931');
Insert into ECI_INVENTORY.ECI_INVENTORY (CENTRE_ID,CATALOG_REF_ID,ON_HAND_AVAILABLE_QUANTITY,UNIT_OF_MEASURE,MAX_PER_ORDER_THRESH,SPECIAL_PRODUCT_THRESH,ORIGIN_MODIFICATION_TSTAMP,COMPANY_ID,UPDATE_DATE,CREATION_DATE,IDX,FUTURE_AVAILABLE_QUANTITY,FIRST_FUTURE_AVAILABLE_DATE,FUTURE_AVAILABLE_DATE,IDX_2) values ('0090','000000000107927099','1000',null,'0','0',null,'001',to_date('20/05/2019','DD/MM/YYYY'),to_date('20/05/2019','DD/MM/YYYY'),null,null,null,null,'39929');

Insert into ECI_INVENTORY.ECI_INVENTORY (CENTRE_ID,CATALOG_REF_ID,ON_HAND_AVAILABLE_QUANTITY,UNIT_OF_MEASURE,MAX_PER_ORDER_THRESH,SPECIAL_PRODUCT_THRESH,ORIGIN_MODIFICATION_TSTAMP,COMPANY_ID,UPDATE_DATE,CREATION_DATE,IDX,FUTURE_AVAILABLE_QUANTITY,FIRST_FUTURE_AVAILABLE_DATE,FUTURE_AVAILABLE_DATE,IDX_2) values ('0003','000001077385330042','1000',null,'0','0',null,'001',to_date('19/03/2019','DD/MM/YYYY'),to_date('19/03/2019','DD/MM/YYYY'),null,null,null,null,'65441');
Insert into ECI_INVENTORY.ECI_INVENTORY (CENTRE_ID,CATALOG_REF_ID,ON_HAND_AVAILABLE_QUANTITY,UNIT_OF_MEASURE,MAX_PER_ORDER_THRESH,SPECIAL_PRODUCT_THRESH,ORIGIN_MODIFICATION_TSTAMP,COMPANY_ID,UPDATE_DATE,CREATION_DATE,IDX,FUTURE_AVAILABLE_QUANTITY,FIRST_FUTURE_AVAILABLE_DATE,FUTURE_AVAILABLE_DATE,IDX_2) values ('0006','000001077385330042','1000',null,'0','0',null,'001',to_date('19/03/2019','DD/MM/YYYY'),to_date('19/03/2019','DD/MM/YYYY'),null,null,null,null,'17931');


commit;
-------------------------------------------------
-- Inventario para referencias no documentadas - Indexacion, eciexpress e inventario
  DELETE
  FROM ECI_INVENTORY.ECI_INDEXED_REFERENCES E
  Where
  CATALOG_REF_ID in (
'001010660401828   ',
'001010660401836   ',
'001010660401869   ',
'001010660401877   ',
'001010660401885   ',
'001010660401893   ',
'001010660401901   ',
'001010660401919   ',
'001010660401927   ',
'001010660401935   ',
'001010660401943   ',
'001010660401950   ',
'001010660401968   ',
'001010660401976   ',
'001010660401984   ',
'001010660401992   ',
'001010660402008   ',
'001010660402016   '
);


Insert into ECI_INVENTORY.ECI_INDEXED_REFERENCES (UNIQUE_CODE, CATALOG_REF_ID, SITE, COMPANY_ID, ECI_EXPRESS, IDX, PRODUCT_ID, CLICK_AND_COLLECT, LOCALES, ECI_EXPRESS_THRESHOLD, CONVERSION_FACTOR)
Values ('000000000107657296', '001010660401828   ', 'eciStore', '001', 1, 6752, 'A14747267', 1, 'es', 2, 1);
Insert into ECI_INVENTORY.ECI_INDEXED_REFERENCES (UNIQUE_CODE, CATALOG_REF_ID, SITE, COMPANY_ID, ECI_EXPRESS, IDX, PRODUCT_ID, CLICK_AND_COLLECT, LOCALES, ECI_EXPRESS_THRESHOLD, CONVERSION_FACTOR)
Values ('000000000107657297', '001010660401836   ', 'eciStore', '001', 1, 6752, 'A14747270', 1, 'es', 2, 1);
Insert into ECI_INVENTORY.ECI_INDEXED_REFERENCES (UNIQUE_CODE, CATALOG_REF_ID, SITE, COMPANY_ID, ECI_EXPRESS, IDX, PRODUCT_ID, CLICK_AND_COLLECT, LOCALES, ECI_EXPRESS_THRESHOLD, CONVERSION_FACTOR)
Values ('000000000141061700', '001010660401869   ', 'eciStore', '001', 1, 6752, 'A16566926', 1, 'es', 2, 1);
Insert into ECI_INVENTORY.ECI_INDEXED_REFERENCES (UNIQUE_CODE, CATALOG_REF_ID, SITE, COMPANY_ID, ECI_EXPRESS, IDX, PRODUCT_ID, CLICK_AND_COLLECT, LOCALES, ECI_EXPRESS_THRESHOLD, CONVERSION_FACTOR)
Values ('000000000141061708', '001010660401877   ', 'eciStore', '001', 1, 6752, 'A16566928', 1, 'es', 2, 1);
Insert into ECI_INVENTORY.ECI_INDEXED_REFERENCES (UNIQUE_CODE, CATALOG_REF_ID, SITE, COMPANY_ID, ECI_EXPRESS, IDX, PRODUCT_ID, CLICK_AND_COLLECT, LOCALES, ECI_EXPRESS_THRESHOLD, CONVERSION_FACTOR)
Values ('000000000141061714', '001010660401885   ', 'eciStore', '001', 1, 6752, 'A16566930', 1, 'es', 2, 1);
Insert into ECI_INVENTORY.ECI_INDEXED_REFERENCES (UNIQUE_CODE, CATALOG_REF_ID, SITE, COMPANY_ID, ECI_EXPRESS, IDX, PRODUCT_ID, CLICK_AND_COLLECT, LOCALES, ECI_EXPRESS_THRESHOLD, CONVERSION_FACTOR)
Values ('000000000141061719', '001010660401893   ', 'eciStore', '001', 1, 6752, 'A16566932', 1, 'es', 2, 1);
Insert into ECI_INVENTORY.ECI_INDEXED_REFERENCES (UNIQUE_CODE, CATALOG_REF_ID, SITE, COMPANY_ID, ECI_EXPRESS, IDX, PRODUCT_ID, CLICK_AND_COLLECT, LOCALES, ECI_EXPRESS_THRESHOLD, CONVERSION_FACTOR)
Values ('000000000141061724', '001010660401901   ', 'eciStore', '001', 1, 6752, 'A16566935', 1, 'es', 2, 1);
Insert into ECI_INVENTORY.ECI_INDEXED_REFERENCES (UNIQUE_CODE, CATALOG_REF_ID, SITE, COMPANY_ID, ECI_EXPRESS, IDX, PRODUCT_ID, CLICK_AND_COLLECT, LOCALES, ECI_EXPRESS_THRESHOLD, CONVERSION_FACTOR)
Values ('000000000141061728', '001010660401919   ', 'eciStore', '001', 1, 6752, 'A16566939', 1, 'es', 2, 1);
Insert into ECI_INVENTORY.ECI_INDEXED_REFERENCES (UNIQUE_CODE, CATALOG_REF_ID, SITE, COMPANY_ID, ECI_EXPRESS, IDX, PRODUCT_ID, CLICK_AND_COLLECT, LOCALES, ECI_EXPRESS_THRESHOLD, CONVERSION_FACTOR)
Values ('000000000141061733', '001010660401927   ', 'eciStore', '001', 1, 6752, 'A16566942', 1, 'es', 2, 1);
Insert into ECI_INVENTORY.ECI_INDEXED_REFERENCES (UNIQUE_CODE, CATALOG_REF_ID, SITE, COMPANY_ID, ECI_EXPRESS, IDX, PRODUCT_ID, CLICK_AND_COLLECT, LOCALES, ECI_EXPRESS_THRESHOLD, CONVERSION_FACTOR)
Values ('000000000141442627', '001010660401935   ', 'eciStore', '001', 1, 6752, 'A17324131', 1, 'es', 2, 1);
Insert into ECI_INVENTORY.ECI_INDEXED_REFERENCES (UNIQUE_CODE, CATALOG_REF_ID, SITE, COMPANY_ID, ECI_EXPRESS, IDX, PRODUCT_ID, CLICK_AND_COLLECT, LOCALES, ECI_EXPRESS_THRESHOLD, CONVERSION_FACTOR)
Values ('000000000141442806', '001010660401943   ', 'eciStore', '001', 1, 6752, 'A17324136', 1, 'es', 2, 1);
Insert into ECI_INVENTORY.ECI_INDEXED_REFERENCES (UNIQUE_CODE, CATALOG_REF_ID, SITE, COMPANY_ID, ECI_EXPRESS, IDX, PRODUCT_ID, CLICK_AND_COLLECT, LOCALES, ECI_EXPRESS_THRESHOLD, CONVERSION_FACTOR)
Values ('000000000142167968', '001010660401950   ', 'eciStore', '001', 1, 6752, 'A18063017', 1, 'es', 2, 1);
Insert into ECI_INVENTORY.ECI_INDEXED_REFERENCES (UNIQUE_CODE, CATALOG_REF_ID, SITE, COMPANY_ID, ECI_EXPRESS, IDX, PRODUCT_ID, CLICK_AND_COLLECT, LOCALES, ECI_EXPRESS_THRESHOLD, CONVERSION_FACTOR)
Values ('000000000142167969', '001010660401968   ', 'eciStore', '001', 1, 6752, 'A18063018', 1, 'es', 2, 1);
Insert into ECI_INVENTORY.ECI_INDEXED_REFERENCES (UNIQUE_CODE, CATALOG_REF_ID, SITE, COMPANY_ID, ECI_EXPRESS, IDX, PRODUCT_ID, CLICK_AND_COLLECT, LOCALES, ECI_EXPRESS_THRESHOLD, CONVERSION_FACTOR)
Values ('000000000142167970', '001010660401976   ', 'eciStore', '001', 1, 6752, 'A18063019', 1, 'es', 2, 1);
Insert into ECI_INVENTORY.ECI_INDEXED_REFERENCES (UNIQUE_CODE, CATALOG_REF_ID, SITE, COMPANY_ID, ECI_EXPRESS, IDX, PRODUCT_ID, CLICK_AND_COLLECT, LOCALES, ECI_EXPRESS_THRESHOLD, CONVERSION_FACTOR)
Values ('000000000142167971', '001010660401984   ', 'eciStore', '001', 1, 6752, 'A18063020', 1, 'es', 2, 1);
Insert into ECI_INVENTORY.ECI_INDEXED_REFERENCES (UNIQUE_CODE, CATALOG_REF_ID, SITE, COMPANY_ID, ECI_EXPRESS, IDX, PRODUCT_ID, CLICK_AND_COLLECT, LOCALES, ECI_EXPRESS_THRESHOLD, CONVERSION_FACTOR)
Values ('000000000142465570', '001010660401992   ', 'eciStore', '001', 1, 6752, 'A18310607', 1, 'es', 2, 1);
Insert into ECI_INVENTORY.ECI_INDEXED_REFERENCES (UNIQUE_CODE, CATALOG_REF_ID, SITE, COMPANY_ID, ECI_EXPRESS, IDX, PRODUCT_ID, CLICK_AND_COLLECT, LOCALES, ECI_EXPRESS_THRESHOLD, CONVERSION_FACTOR)
Values ('000000000142465572', '001010660402008   ', 'eciStore', '001', 1, 6752, 'A18310610', 1, 'es', 2, 1);
Insert into ECI_INVENTORY.ECI_INDEXED_REFERENCES (UNIQUE_CODE, CATALOG_REF_ID, SITE, COMPANY_ID, ECI_EXPRESS, IDX, PRODUCT_ID, CLICK_AND_COLLECT, LOCALES, ECI_EXPRESS_THRESHOLD, CONVERSION_FACTOR)
Values ('000000000142465573', '001010660402016   ', 'eciStore', '001', 1, 6752, 'A18310612', 1, 'es', 2, 1);

commit;
-------------------------------------------------------------

delete FROM ECI_INVENTORY.ECI_IND_EXPRESS_REFS E
Where UNIQUE_CODE in (
'000000000107657296',
'000000000107657297',
'000000000141061700',
'000000000141061708',
'000000000141061714',
'000000000141061719',
'000000000141061724',
'000000000141061728',
'000000000141061733',
'000000000141442627',
'000000000141442806',
'000000000142167968',
'000000000142167969',
'000000000142167970',
'000000000142167971',
'000000000142465570',
'000000000142465572',
'000000000142465573'
);



Insert into ECI_INVENTORY.ECI_IND_EXPRESS_REFS (UNIQUE_CODE, SITE, COMPANY_ID, ECI_EXPRESS_THRESHOLD, IDX)
Values ('000000000107657296', 'eciStore', '001', 2, 8461);
Insert into ECI_INVENTORY.ECI_IND_EXPRESS_REFS (UNIQUE_CODE, SITE, COMPANY_ID, ECI_EXPRESS_THRESHOLD, IDX)
Values ('000000000107657297', 'eciStore', '001', 2, 8461);
Insert into ECI_INVENTORY.ECI_IND_EXPRESS_REFS (UNIQUE_CODE, SITE, COMPANY_ID, ECI_EXPRESS_THRESHOLD, IDX)
Values ('000000000141061700', 'eciStore', '001', 2, 8461);
Insert into ECI_INVENTORY.ECI_IND_EXPRESS_REFS (UNIQUE_CODE, SITE, COMPANY_ID, ECI_EXPRESS_THRESHOLD, IDX)
Values ('000000000141061708', 'eciStore', '001', 2, 8461);
Insert into ECI_INVENTORY.ECI_IND_EXPRESS_REFS (UNIQUE_CODE, SITE, COMPANY_ID, ECI_EXPRESS_THRESHOLD, IDX)
Values ('000000000141061714', 'eciStore', '001', 2, 8461);
Insert into ECI_INVENTORY.ECI_IND_EXPRESS_REFS (UNIQUE_CODE, SITE, COMPANY_ID, ECI_EXPRESS_THRESHOLD, IDX)
Values ('000000000141061719', 'eciStore', '001', 2, 8461);
Insert into ECI_INVENTORY.ECI_IND_EXPRESS_REFS (UNIQUE_CODE, SITE, COMPANY_ID, ECI_EXPRESS_THRESHOLD, IDX)
Values ('000000000141061724', 'eciStore', '001', 2, 8461);
Insert into ECI_INVENTORY.ECI_IND_EXPRESS_REFS (UNIQUE_CODE, SITE, COMPANY_ID, ECI_EXPRESS_THRESHOLD, IDX)
Values ('000000000141061728', 'eciStore', '001', 2, 8461);
Insert into ECI_INVENTORY.ECI_IND_EXPRESS_REFS (UNIQUE_CODE, SITE, COMPANY_ID, ECI_EXPRESS_THRESHOLD, IDX)
Values ('000000000141061733', 'eciStore', '001', 2, 8461);
Insert into ECI_INVENTORY.ECI_IND_EXPRESS_REFS (UNIQUE_CODE, SITE, COMPANY_ID, ECI_EXPRESS_THRESHOLD, IDX)
Values ('000000000141442627', 'eciStore', '001', 2, 8461);
Insert into ECI_INVENTORY.ECI_IND_EXPRESS_REFS (UNIQUE_CODE, SITE, COMPANY_ID, ECI_EXPRESS_THRESHOLD, IDX)
Values ('000000000141442806', 'eciStore', '001', 2, 8461);
Insert into ECI_INVENTORY.ECI_IND_EXPRESS_REFS (UNIQUE_CODE, SITE, COMPANY_ID, ECI_EXPRESS_THRESHOLD, IDX)
Values ('000000000142167968', 'eciStore', '001', 2, 8461);
Insert into ECI_INVENTORY.ECI_IND_EXPRESS_REFS (UNIQUE_CODE, SITE, COMPANY_ID, ECI_EXPRESS_THRESHOLD, IDX)
Values ('000000000142167969', 'eciStore', '001', 2, 8461);
Insert into ECI_INVENTORY.ECI_IND_EXPRESS_REFS (UNIQUE_CODE, SITE, COMPANY_ID, ECI_EXPRESS_THRESHOLD, IDX)
Values ('000000000142167970', 'eciStore', '001', 2, 8461);
Insert into ECI_INVENTORY.ECI_IND_EXPRESS_REFS (UNIQUE_CODE, SITE, COMPANY_ID, ECI_EXPRESS_THRESHOLD, IDX)
Values ('000000000142167971', 'eciStore', '001', 2, 8461);
Insert into ECI_INVENTORY.ECI_IND_EXPRESS_REFS (UNIQUE_CODE, SITE, COMPANY_ID, ECI_EXPRESS_THRESHOLD, IDX)
Values ('000000000142465570', 'eciStore', '001', 2, 8461);
Insert into ECI_INVENTORY.ECI_IND_EXPRESS_REFS (UNIQUE_CODE, SITE, COMPANY_ID, ECI_EXPRESS_THRESHOLD, IDX)
Values ('000000000142465572', 'eciStore', '001', 2, 8461);
Insert into ECI_INVENTORY.ECI_IND_EXPRESS_REFS (UNIQUE_CODE, SITE, COMPANY_ID, ECI_EXPRESS_THRESHOLD, IDX)
Values ('000000000142465573', 'eciStore', '001', 2, 8461);
 
commit;
------------------------------------------------------------------
delete FROM ECI_INVENTORY.ECI_INVENTORY E
Where catalog_ref_id in (
'000000000107657296',
'000000000107657297',
'000000000141061700',
'000000000141061708',
'000000000141061714',
'000000000141061719',
'000000000141061724',
'000000000141061728',
'000000000141061733',
'000000000141442627',
'000000000141442806',
'000000000142167968',
'000000000142167969',
'000000000142167970',
'000000000142167971',
'000000000142465570',
'000000000142465572',
'000000000142465573'
);


    
Insert into ECI_INVENTORY.ECI_INVENTORY
   (CENTRE_ID, CATALOG_REF_ID, ON_HAND_AVAILABLE_QUANTITY, UNIT_OF_MEASURE, MAX_PER_ORDER_THRESH, SPECIAL_PRODUCT_THRESH, ORIGIN_MODIFICATION_TSTAMP, COMPANY_ID, UPDATE_DATE, CREATION_DATE, IDX, FUTURE_AVAILABLE_QUANTITY, FIRST_FUTURE_AVAILABLE_DATE, FUTURE_AVAILABLE_DATE, IDX_2)
 Values
   ('0006', '000000000107657296', 2000, NULL, 
    0, 0, TO_DATE('05/04/2016 00:00:00', 'MM/DD/YYYY HH24:MI:SS'), '001', TO_DATE('05/04/2016 16:07:56', 'MM/DD/YYYY HH24:MI:SS'), 
    TO_DATE('05/04/2016 16:07:56', 'MM/DD/YYYY HH24:MI:SS'), NULL, 999997999, TO_DATE('04/24/2018 00:00:00', 'MM/DD/YYYY HH24:MI:SS'), TO_DATE('04/24/2018 00:00:00', 'MM/DD/YYYY HH24:MI:SS'), 
    51829);
Insert into ECI_INVENTORY.ECI_INVENTORY
   (CENTRE_ID, CATALOG_REF_ID, ON_HAND_AVAILABLE_QUANTITY, UNIT_OF_MEASURE, MAX_PER_ORDER_THRESH, SPECIAL_PRODUCT_THRESH, ORIGIN_MODIFICATION_TSTAMP, COMPANY_ID, UPDATE_DATE, CREATION_DATE, IDX, FUTURE_AVAILABLE_QUANTITY, FIRST_FUTURE_AVAILABLE_DATE, FUTURE_AVAILABLE_DATE, IDX_2)
 Values
   ('0003', '000000000107657296', 2000, NULL, 
    0, 0, TO_DATE('05/04/2016 00:00:00', 'MM/DD/YYYY HH24:MI:SS'), '001', TO_DATE('05/04/2016 16:07:56', 'MM/DD/YYYY HH24:MI:SS'), 
    TO_DATE('05/04/2016 16:07:56', 'MM/DD/YYYY HH24:MI:SS'), NULL, 999997999, TO_DATE('04/24/2018 00:00:00', 'MM/DD/YYYY HH24:MI:SS'), TO_DATE('04/24/2018 00:00:00', 'MM/DD/YYYY HH24:MI:SS'), 
    51829);
Insert into ECI_INVENTORY.ECI_INVENTORY
   (CENTRE_ID, CATALOG_REF_ID, ON_HAND_AVAILABLE_QUANTITY, UNIT_OF_MEASURE, MAX_PER_ORDER_THRESH, SPECIAL_PRODUCT_THRESH, ORIGIN_MODIFICATION_TSTAMP, COMPANY_ID, UPDATE_DATE, CREATION_DATE, IDX, FUTURE_AVAILABLE_QUANTITY, FIRST_FUTURE_AVAILABLE_DATE, FUTURE_AVAILABLE_DATE, IDX_2)
 Values
   ('0012', '000000000107657296', 2000, NULL, 
    0, 0, TO_DATE('05/04/2016 00:00:00', 'MM/DD/YYYY HH24:MI:SS'), '001', TO_DATE('05/04/2016 16:07:56', 'MM/DD/YYYY HH24:MI:SS'), 
    TO_DATE('05/04/2016 16:07:56', 'MM/DD/YYYY HH24:MI:SS'), NULL, 999997999, TO_DATE('04/24/2018 00:00:00', 'MM/DD/YYYY HH24:MI:SS'), TO_DATE('04/24/2018 00:00:00', 'MM/DD/YYYY HH24:MI:SS'), 
    51829);
Insert into ECI_INVENTORY.ECI_INVENTORY
   (CENTRE_ID, CATALOG_REF_ID, ON_HAND_AVAILABLE_QUANTITY, UNIT_OF_MEASURE, MAX_PER_ORDER_THRESH, SPECIAL_PRODUCT_THRESH, ORIGIN_MODIFICATION_TSTAMP, COMPANY_ID, UPDATE_DATE, CREATION_DATE, IDX, FUTURE_AVAILABLE_QUANTITY, FIRST_FUTURE_AVAILABLE_DATE, FUTURE_AVAILABLE_DATE, IDX_2)
 Values
   ('0072', '000000000107657296', 2000, NULL, 
    0, 0, TO_DATE('05/04/2016 00:00:00', 'MM/DD/YYYY HH24:MI:SS'), '001', TO_DATE('05/04/2016 16:07:56', 'MM/DD/YYYY HH24:MI:SS'), 
    TO_DATE('05/04/2016 16:07:56', 'MM/DD/YYYY HH24:MI:SS'), NULL, 999997999, TO_DATE('04/24/2018 00:00:00', 'MM/DD/YYYY HH24:MI:SS'), TO_DATE('04/24/2018 00:00:00', 'MM/DD/YYYY HH24:MI:SS'), 
    51829);
Insert into ECI_INVENTORY.ECI_INVENTORY
   (CENTRE_ID, CATALOG_REF_ID, ON_HAND_AVAILABLE_QUANTITY, UNIT_OF_MEASURE, MAX_PER_ORDER_THRESH, SPECIAL_PRODUCT_THRESH, ORIGIN_MODIFICATION_TSTAMP, COMPANY_ID, UPDATE_DATE, CREATION_DATE, IDX, FUTURE_AVAILABLE_QUANTITY, FIRST_FUTURE_AVAILABLE_DATE, FUTURE_AVAILABLE_DATE, IDX_2)
 Values
   ('0098', '000000000107657296', 2000, NULL, 
    0, 0, TO_DATE('05/04/2016 00:00:00', 'MM/DD/YYYY HH24:MI:SS'), '001', TO_DATE('05/04/2016 16:07:56', 'MM/DD/YYYY HH24:MI:SS'), 
    TO_DATE('05/04/2016 16:07:56', 'MM/DD/YYYY HH24:MI:SS'), NULL, 999997999, TO_DATE('04/24/2018 00:00:00', 'MM/DD/YYYY HH24:MI:SS'), TO_DATE('04/24/2018 00:00:00', 'MM/DD/YYYY HH24:MI:SS'), 
    51829);


Insert into ECI_INVENTORY.ECI_INVENTORY
   (CENTRE_ID, CATALOG_REF_ID, ON_HAND_AVAILABLE_QUANTITY, UNIT_OF_MEASURE, MAX_PER_ORDER_THRESH, SPECIAL_PRODUCT_THRESH, ORIGIN_MODIFICATION_TSTAMP, COMPANY_ID, UPDATE_DATE, CREATION_DATE, IDX, FUTURE_AVAILABLE_QUANTITY, FIRST_FUTURE_AVAILABLE_DATE, FUTURE_AVAILABLE_DATE, IDX_2)
 Values
   ('0006', '000000000107657297', 2000, NULL, 
    0, 0, TO_DATE('05/04/2016 00:00:00', 'MM/DD/YYYY HH24:MI:SS'), '001', TO_DATE('05/04/2016 16:07:56', 'MM/DD/YYYY HH24:MI:SS'), 
    TO_DATE('05/04/2016 16:07:56', 'MM/DD/YYYY HH24:MI:SS'), NULL, 999997999, TO_DATE('04/24/2018 00:00:00', 'MM/DD/YYYY HH24:MI:SS'), TO_DATE('04/24/2018 00:00:00', 'MM/DD/YYYY HH24:MI:SS'), 
    51829);
Insert into ECI_INVENTORY.ECI_INVENTORY
   (CENTRE_ID, CATALOG_REF_ID, ON_HAND_AVAILABLE_QUANTITY, UNIT_OF_MEASURE, MAX_PER_ORDER_THRESH, SPECIAL_PRODUCT_THRESH, ORIGIN_MODIFICATION_TSTAMP, COMPANY_ID, UPDATE_DATE, CREATION_DATE, IDX, FUTURE_AVAILABLE_QUANTITY, FIRST_FUTURE_AVAILABLE_DATE, FUTURE_AVAILABLE_DATE, IDX_2)
 Values
   ('0003', '000000000107657297', 2000, NULL, 
    0, 0, TO_DATE('05/04/2016 00:00:00', 'MM/DD/YYYY HH24:MI:SS'), '001', TO_DATE('05/04/2016 16:07:56', 'MM/DD/YYYY HH24:MI:SS'), 
    TO_DATE('05/04/2016 16:07:56', 'MM/DD/YYYY HH24:MI:SS'), NULL, 999997999, TO_DATE('04/24/2018 00:00:00', 'MM/DD/YYYY HH24:MI:SS'), TO_DATE('04/24/2018 00:00:00', 'MM/DD/YYYY HH24:MI:SS'), 
    51829);
Insert into ECI_INVENTORY.ECI_INVENTORY
   (CENTRE_ID, CATALOG_REF_ID, ON_HAND_AVAILABLE_QUANTITY, UNIT_OF_MEASURE, MAX_PER_ORDER_THRESH, SPECIAL_PRODUCT_THRESH, ORIGIN_MODIFICATION_TSTAMP, COMPANY_ID, UPDATE_DATE, CREATION_DATE, IDX, FUTURE_AVAILABLE_QUANTITY, FIRST_FUTURE_AVAILABLE_DATE, FUTURE_AVAILABLE_DATE, IDX_2)
 Values
   ('0012', '000000000107657297', 2000, NULL, 
    0, 0, TO_DATE('05/04/2016 00:00:00', 'MM/DD/YYYY HH24:MI:SS'), '001', TO_DATE('05/04/2016 16:07:56', 'MM/DD/YYYY HH24:MI:SS'), 
    TO_DATE('05/04/2016 16:07:56', 'MM/DD/YYYY HH24:MI:SS'), NULL, 999997999, TO_DATE('04/24/2018 00:00:00', 'MM/DD/YYYY HH24:MI:SS'), TO_DATE('04/24/2018 00:00:00', 'MM/DD/YYYY HH24:MI:SS'), 
    51829);
Insert into ECI_INVENTORY.ECI_INVENTORY
   (CENTRE_ID, CATALOG_REF_ID, ON_HAND_AVAILABLE_QUANTITY, UNIT_OF_MEASURE, MAX_PER_ORDER_THRESH, SPECIAL_PRODUCT_THRESH, ORIGIN_MODIFICATION_TSTAMP, COMPANY_ID, UPDATE_DATE, CREATION_DATE, IDX, FUTURE_AVAILABLE_QUANTITY, FIRST_FUTURE_AVAILABLE_DATE, FUTURE_AVAILABLE_DATE, IDX_2)
 Values
   ('0072', '000000000107657297', 2000, NULL, 
    0, 0, TO_DATE('05/04/2016 00:00:00', 'MM/DD/YYYY HH24:MI:SS'), '001', TO_DATE('05/04/2016 16:07:56', 'MM/DD/YYYY HH24:MI:SS'), 
    TO_DATE('05/04/2016 16:07:56', 'MM/DD/YYYY HH24:MI:SS'), NULL, 999997999, TO_DATE('04/24/2018 00:00:00', 'MM/DD/YYYY HH24:MI:SS'), TO_DATE('04/24/2018 00:00:00', 'MM/DD/YYYY HH24:MI:SS'), 
    51829);
Insert into ECI_INVENTORY.ECI_INVENTORY
   (CENTRE_ID, CATALOG_REF_ID, ON_HAND_AVAILABLE_QUANTITY, UNIT_OF_MEASURE, MAX_PER_ORDER_THRESH, SPECIAL_PRODUCT_THRESH, ORIGIN_MODIFICATION_TSTAMP, COMPANY_ID, UPDATE_DATE, CREATION_DATE, IDX, FUTURE_AVAILABLE_QUANTITY, FIRST_FUTURE_AVAILABLE_DATE, FUTURE_AVAILABLE_DATE, IDX_2)
 Values
   ('0098', '000000000107657297', 2000, NULL, 
    0, 0, TO_DATE('05/04/2016 00:00:00', 'MM/DD/YYYY HH24:MI:SS'), '001', TO_DATE('05/04/2016 16:07:56', 'MM/DD/YYYY HH24:MI:SS'), 
    TO_DATE('05/04/2016 16:07:56', 'MM/DD/YYYY HH24:MI:SS'), NULL, 999997999, TO_DATE('04/24/2018 00:00:00', 'MM/DD/YYYY HH24:MI:SS'), TO_DATE('04/24/2018 00:00:00', 'MM/DD/YYYY HH24:MI:SS'), 
    51829);

    
Insert into ECI_INVENTORY.ECI_INVENTORY
   (CENTRE_ID, CATALOG_REF_ID, ON_HAND_AVAILABLE_QUANTITY, UNIT_OF_MEASURE, MAX_PER_ORDER_THRESH, SPECIAL_PRODUCT_THRESH, ORIGIN_MODIFICATION_TSTAMP, COMPANY_ID, UPDATE_DATE, CREATION_DATE, IDX, FUTURE_AVAILABLE_QUANTITY, FIRST_FUTURE_AVAILABLE_DATE, FUTURE_AVAILABLE_DATE, IDX_2)
 Values
   ('0006', '000000000141061700', 2000, NULL, 
    0, 0, TO_DATE('05/04/2016 00:00:00', 'MM/DD/YYYY HH24:MI:SS'), '001', TO_DATE('05/04/2016 16:07:56', 'MM/DD/YYYY HH24:MI:SS'), 
    TO_DATE('05/04/2016 16:07:56', 'MM/DD/YYYY HH24:MI:SS'), NULL, 999997999, TO_DATE('04/24/2018 00:00:00', 'MM/DD/YYYY HH24:MI:SS'), TO_DATE('04/24/2018 00:00:00', 'MM/DD/YYYY HH24:MI:SS'), 
    51829);
Insert into ECI_INVENTORY.ECI_INVENTORY
   (CENTRE_ID, CATALOG_REF_ID, ON_HAND_AVAILABLE_QUANTITY, UNIT_OF_MEASURE, MAX_PER_ORDER_THRESH, SPECIAL_PRODUCT_THRESH, ORIGIN_MODIFICATION_TSTAMP, COMPANY_ID, UPDATE_DATE, CREATION_DATE, IDX, FUTURE_AVAILABLE_QUANTITY, FIRST_FUTURE_AVAILABLE_DATE, FUTURE_AVAILABLE_DATE, IDX_2)
 Values
   ('0003', '000000000141061700', 2000, NULL, 
    0, 0, TO_DATE('05/04/2016 00:00:00', 'MM/DD/YYYY HH24:MI:SS'), '001', TO_DATE('05/04/2016 16:07:56', 'MM/DD/YYYY HH24:MI:SS'), 
    TO_DATE('05/04/2016 16:07:56', 'MM/DD/YYYY HH24:MI:SS'), NULL, 999997999, TO_DATE('04/24/2018 00:00:00', 'MM/DD/YYYY HH24:MI:SS'), TO_DATE('04/24/2018 00:00:00', 'MM/DD/YYYY HH24:MI:SS'), 
    51829);
Insert into ECI_INVENTORY.ECI_INVENTORY
   (CENTRE_ID, CATALOG_REF_ID, ON_HAND_AVAILABLE_QUANTITY, UNIT_OF_MEASURE, MAX_PER_ORDER_THRESH, SPECIAL_PRODUCT_THRESH, ORIGIN_MODIFICATION_TSTAMP, COMPANY_ID, UPDATE_DATE, CREATION_DATE, IDX, FUTURE_AVAILABLE_QUANTITY, FIRST_FUTURE_AVAILABLE_DATE, FUTURE_AVAILABLE_DATE, IDX_2)
 Values
   ('0012', '000000000141061700', 2000, NULL, 
    0, 0, TO_DATE('05/04/2016 00:00:00', 'MM/DD/YYYY HH24:MI:SS'), '001', TO_DATE('05/04/2016 16:07:56', 'MM/DD/YYYY HH24:MI:SS'), 
    TO_DATE('05/04/2016 16:07:56', 'MM/DD/YYYY HH24:MI:SS'), NULL, 999997999, TO_DATE('04/24/2018 00:00:00', 'MM/DD/YYYY HH24:MI:SS'), TO_DATE('04/24/2018 00:00:00', 'MM/DD/YYYY HH24:MI:SS'), 
    51829);
Insert into ECI_INVENTORY.ECI_INVENTORY
   (CENTRE_ID, CATALOG_REF_ID, ON_HAND_AVAILABLE_QUANTITY, UNIT_OF_MEASURE, MAX_PER_ORDER_THRESH, SPECIAL_PRODUCT_THRESH, ORIGIN_MODIFICATION_TSTAMP, COMPANY_ID, UPDATE_DATE, CREATION_DATE, IDX, FUTURE_AVAILABLE_QUANTITY, FIRST_FUTURE_AVAILABLE_DATE, FUTURE_AVAILABLE_DATE, IDX_2)
 Values
   ('0072', '000000000141061700', 2000, NULL, 
    0, 0, TO_DATE('05/04/2016 00:00:00', 'MM/DD/YYYY HH24:MI:SS'), '001', TO_DATE('05/04/2016 16:07:56', 'MM/DD/YYYY HH24:MI:SS'), 
    TO_DATE('05/04/2016 16:07:56', 'MM/DD/YYYY HH24:MI:SS'), NULL, 999997999, TO_DATE('04/24/2018 00:00:00', 'MM/DD/YYYY HH24:MI:SS'), TO_DATE('04/24/2018 00:00:00', 'MM/DD/YYYY HH24:MI:SS'), 
    51829);
Insert into ECI_INVENTORY.ECI_INVENTORY
   (CENTRE_ID, CATALOG_REF_ID, ON_HAND_AVAILABLE_QUANTITY, UNIT_OF_MEASURE, MAX_PER_ORDER_THRESH, SPECIAL_PRODUCT_THRESH, ORIGIN_MODIFICATION_TSTAMP, COMPANY_ID, UPDATE_DATE, CREATION_DATE, IDX, FUTURE_AVAILABLE_QUANTITY, FIRST_FUTURE_AVAILABLE_DATE, FUTURE_AVAILABLE_DATE, IDX_2)
 Values
   ('0098', '000000000141061700', 2000, NULL, 
    0, 0, TO_DATE('05/04/2016 00:00:00', 'MM/DD/YYYY HH24:MI:SS'), '001', TO_DATE('05/04/2016 16:07:56', 'MM/DD/YYYY HH24:MI:SS'), 
    TO_DATE('05/04/2016 16:07:56', 'MM/DD/YYYY HH24:MI:SS'), NULL, 999997999, TO_DATE('04/24/2018 00:00:00', 'MM/DD/YYYY HH24:MI:SS'), TO_DATE('04/24/2018 00:00:00', 'MM/DD/YYYY HH24:MI:SS'), 
    51829);


Insert into ECI_INVENTORY.ECI_INVENTORY
   (CENTRE_ID, CATALOG_REF_ID, ON_HAND_AVAILABLE_QUANTITY, UNIT_OF_MEASURE, MAX_PER_ORDER_THRESH, SPECIAL_PRODUCT_THRESH, ORIGIN_MODIFICATION_TSTAMP, COMPANY_ID, UPDATE_DATE, CREATION_DATE, IDX, FUTURE_AVAILABLE_QUANTITY, FIRST_FUTURE_AVAILABLE_DATE, FUTURE_AVAILABLE_DATE, IDX_2)
 Values
   ('0006', '000000000141061708', 2000, NULL, 
    0, 0, TO_DATE('05/04/2016 00:00:00', 'MM/DD/YYYY HH24:MI:SS'), '001', TO_DATE('05/04/2016 16:07:56', 'MM/DD/YYYY HH24:MI:SS'), 
    TO_DATE('05/04/2016 16:07:56', 'MM/DD/YYYY HH24:MI:SS'), NULL, 999997999, TO_DATE('04/24/2018 00:00:00', 'MM/DD/YYYY HH24:MI:SS'), TO_DATE('04/24/2018 00:00:00', 'MM/DD/YYYY HH24:MI:SS'), 
    51829);
Insert into ECI_INVENTORY.ECI_INVENTORY
   (CENTRE_ID, CATALOG_REF_ID, ON_HAND_AVAILABLE_QUANTITY, UNIT_OF_MEASURE, MAX_PER_ORDER_THRESH, SPECIAL_PRODUCT_THRESH, ORIGIN_MODIFICATION_TSTAMP, COMPANY_ID, UPDATE_DATE, CREATION_DATE, IDX, FUTURE_AVAILABLE_QUANTITY, FIRST_FUTURE_AVAILABLE_DATE, FUTURE_AVAILABLE_DATE, IDX_2)
 Values
   ('0003', '000000000141061708', 2000, NULL, 
    0, 0, TO_DATE('05/04/2016 00:00:00', 'MM/DD/YYYY HH24:MI:SS'), '001', TO_DATE('05/04/2016 16:07:56', 'MM/DD/YYYY HH24:MI:SS'), 
    TO_DATE('05/04/2016 16:07:56', 'MM/DD/YYYY HH24:MI:SS'), NULL, 999997999, TO_DATE('04/24/2018 00:00:00', 'MM/DD/YYYY HH24:MI:SS'), TO_DATE('04/24/2018 00:00:00', 'MM/DD/YYYY HH24:MI:SS'), 
    51829);
Insert into ECI_INVENTORY.ECI_INVENTORY
   (CENTRE_ID, CATALOG_REF_ID, ON_HAND_AVAILABLE_QUANTITY, UNIT_OF_MEASURE, MAX_PER_ORDER_THRESH, SPECIAL_PRODUCT_THRESH, ORIGIN_MODIFICATION_TSTAMP, COMPANY_ID, UPDATE_DATE, CREATION_DATE, IDX, FUTURE_AVAILABLE_QUANTITY, FIRST_FUTURE_AVAILABLE_DATE, FUTURE_AVAILABLE_DATE, IDX_2)
 Values
   ('0012', '000000000141061708', 2000, NULL, 
    0, 0, TO_DATE('05/04/2016 00:00:00', 'MM/DD/YYYY HH24:MI:SS'), '001', TO_DATE('05/04/2016 16:07:56', 'MM/DD/YYYY HH24:MI:SS'), 
    TO_DATE('05/04/2016 16:07:56', 'MM/DD/YYYY HH24:MI:SS'), NULL, 999997999, TO_DATE('04/24/2018 00:00:00', 'MM/DD/YYYY HH24:MI:SS'), TO_DATE('04/24/2018 00:00:00', 'MM/DD/YYYY HH24:MI:SS'), 
    51829);
Insert into ECI_INVENTORY.ECI_INVENTORY
   (CENTRE_ID, CATALOG_REF_ID, ON_HAND_AVAILABLE_QUANTITY, UNIT_OF_MEASURE, MAX_PER_ORDER_THRESH, SPECIAL_PRODUCT_THRESH, ORIGIN_MODIFICATION_TSTAMP, COMPANY_ID, UPDATE_DATE, CREATION_DATE, IDX, FUTURE_AVAILABLE_QUANTITY, FIRST_FUTURE_AVAILABLE_DATE, FUTURE_AVAILABLE_DATE, IDX_2)
 Values
   ('0072', '000000000141061708', 2000, NULL, 
    0, 0, TO_DATE('05/04/2016 00:00:00', 'MM/DD/YYYY HH24:MI:SS'), '001', TO_DATE('05/04/2016 16:07:56', 'MM/DD/YYYY HH24:MI:SS'), 
    TO_DATE('05/04/2016 16:07:56', 'MM/DD/YYYY HH24:MI:SS'), NULL, 999997999, TO_DATE('04/24/2018 00:00:00', 'MM/DD/YYYY HH24:MI:SS'), TO_DATE('04/24/2018 00:00:00', 'MM/DD/YYYY HH24:MI:SS'), 
    51829);
Insert into ECI_INVENTORY.ECI_INVENTORY
   (CENTRE_ID, CATALOG_REF_ID, ON_HAND_AVAILABLE_QUANTITY, UNIT_OF_MEASURE, MAX_PER_ORDER_THRESH, SPECIAL_PRODUCT_THRESH, ORIGIN_MODIFICATION_TSTAMP, COMPANY_ID, UPDATE_DATE, CREATION_DATE, IDX, FUTURE_AVAILABLE_QUANTITY, FIRST_FUTURE_AVAILABLE_DATE, FUTURE_AVAILABLE_DATE, IDX_2)
 Values
   ('0098', '000000000141061708', 2000, NULL, 
    0, 0, TO_DATE('05/04/2016 00:00:00', 'MM/DD/YYYY HH24:MI:SS'), '001', TO_DATE('05/04/2016 16:07:56', 'MM/DD/YYYY HH24:MI:SS'), 
    TO_DATE('05/04/2016 16:07:56', 'MM/DD/YYYY HH24:MI:SS'), NULL, 999997999, TO_DATE('04/24/2018 00:00:00', 'MM/DD/YYYY HH24:MI:SS'), TO_DATE('04/24/2018 00:00:00', 'MM/DD/YYYY HH24:MI:SS'), 
    51829);


Insert into ECI_INVENTORY.ECI_INVENTORY
   (CENTRE_ID, CATALOG_REF_ID, ON_HAND_AVAILABLE_QUANTITY, UNIT_OF_MEASURE, MAX_PER_ORDER_THRESH, SPECIAL_PRODUCT_THRESH, ORIGIN_MODIFICATION_TSTAMP, COMPANY_ID, UPDATE_DATE, CREATION_DATE, IDX, FUTURE_AVAILABLE_QUANTITY, FIRST_FUTURE_AVAILABLE_DATE, FUTURE_AVAILABLE_DATE, IDX_2)
 Values
   ('0006', '000000000141061714', 2000, NULL, 
    0, 0, TO_DATE('05/04/2016 00:00:00', 'MM/DD/YYYY HH24:MI:SS'), '001', TO_DATE('05/04/2016 16:07:56', 'MM/DD/YYYY HH24:MI:SS'), 
    TO_DATE('05/04/2016 16:07:56', 'MM/DD/YYYY HH24:MI:SS'), NULL, 999997999, TO_DATE('04/24/2018 00:00:00', 'MM/DD/YYYY HH24:MI:SS'), TO_DATE('04/24/2018 00:00:00', 'MM/DD/YYYY HH24:MI:SS'), 
    51829);
Insert into ECI_INVENTORY.ECI_INVENTORY
   (CENTRE_ID, CATALOG_REF_ID, ON_HAND_AVAILABLE_QUANTITY, UNIT_OF_MEASURE, MAX_PER_ORDER_THRESH, SPECIAL_PRODUCT_THRESH, ORIGIN_MODIFICATION_TSTAMP, COMPANY_ID, UPDATE_DATE, CREATION_DATE, IDX, FUTURE_AVAILABLE_QUANTITY, FIRST_FUTURE_AVAILABLE_DATE, FUTURE_AVAILABLE_DATE, IDX_2)
 Values
   ('0003', '000000000141061714', 2000, NULL, 
    0, 0, TO_DATE('05/04/2016 00:00:00', 'MM/DD/YYYY HH24:MI:SS'), '001', TO_DATE('05/04/2016 16:07:56', 'MM/DD/YYYY HH24:MI:SS'), 
    TO_DATE('05/04/2016 16:07:56', 'MM/DD/YYYY HH24:MI:SS'), NULL, 999997999, TO_DATE('04/24/2018 00:00:00', 'MM/DD/YYYY HH24:MI:SS'), TO_DATE('04/24/2018 00:00:00', 'MM/DD/YYYY HH24:MI:SS'), 
    51829);


Insert into ECI_INVENTORY.ECI_INVENTORY
   (CENTRE_ID, CATALOG_REF_ID, ON_HAND_AVAILABLE_QUANTITY, UNIT_OF_MEASURE, MAX_PER_ORDER_THRESH, SPECIAL_PRODUCT_THRESH, ORIGIN_MODIFICATION_TSTAMP, COMPANY_ID, UPDATE_DATE, CREATION_DATE, IDX, FUTURE_AVAILABLE_QUANTITY, FIRST_FUTURE_AVAILABLE_DATE, FUTURE_AVAILABLE_DATE, IDX_2)
 Values
   ('0006', '000000000141061719', 2000, NULL, 
    0, 0, TO_DATE('05/04/2016 00:00:00', 'MM/DD/YYYY HH24:MI:SS'), '001', TO_DATE('05/04/2016 16:07:56', 'MM/DD/YYYY HH24:MI:SS'), 
    TO_DATE('05/04/2016 16:07:56', 'MM/DD/YYYY HH24:MI:SS'), NULL, 999997999, TO_DATE('04/24/2018 00:00:00', 'MM/DD/YYYY HH24:MI:SS'), TO_DATE('04/24/2018 00:00:00', 'MM/DD/YYYY HH24:MI:SS'), 
    51829);
Insert into ECI_INVENTORY.ECI_INVENTORY
   (CENTRE_ID, CATALOG_REF_ID, ON_HAND_AVAILABLE_QUANTITY, UNIT_OF_MEASURE, MAX_PER_ORDER_THRESH, SPECIAL_PRODUCT_THRESH, ORIGIN_MODIFICATION_TSTAMP, COMPANY_ID, UPDATE_DATE, CREATION_DATE, IDX, FUTURE_AVAILABLE_QUANTITY, FIRST_FUTURE_AVAILABLE_DATE, FUTURE_AVAILABLE_DATE, IDX_2)
 Values
   ('0003', '000000000141061719', 2000, NULL, 
    0, 0, TO_DATE('05/04/2016 00:00:00', 'MM/DD/YYYY HH24:MI:SS'), '001', TO_DATE('05/04/2016 16:07:56', 'MM/DD/YYYY HH24:MI:SS'), 
    TO_DATE('05/04/2016 16:07:56', 'MM/DD/YYYY HH24:MI:SS'), NULL, 999997999, TO_DATE('04/24/2018 00:00:00', 'MM/DD/YYYY HH24:MI:SS'), TO_DATE('04/24/2018 00:00:00', 'MM/DD/YYYY HH24:MI:SS'), 
    51829);


Insert into ECI_INVENTORY.ECI_INVENTORY
   (CENTRE_ID, CATALOG_REF_ID, ON_HAND_AVAILABLE_QUANTITY, UNIT_OF_MEASURE, MAX_PER_ORDER_THRESH, SPECIAL_PRODUCT_THRESH, ORIGIN_MODIFICATION_TSTAMP, COMPANY_ID, UPDATE_DATE, CREATION_DATE, IDX, FUTURE_AVAILABLE_QUANTITY, FIRST_FUTURE_AVAILABLE_DATE, FUTURE_AVAILABLE_DATE, IDX_2)
 Values
   ('0006', '000000000141061724', 2000, NULL, 
    0, 0, TO_DATE('05/04/2016 00:00:00', 'MM/DD/YYYY HH24:MI:SS'), '001', TO_DATE('05/04/2016 16:07:56', 'MM/DD/YYYY HH24:MI:SS'), 
    TO_DATE('05/04/2016 16:07:56', 'MM/DD/YYYY HH24:MI:SS'), NULL, 999997999, TO_DATE('04/24/2018 00:00:00', 'MM/DD/YYYY HH24:MI:SS'), TO_DATE('04/24/2018 00:00:00', 'MM/DD/YYYY HH24:MI:SS'), 
    51829);
Insert into ECI_INVENTORY.ECI_INVENTORY
   (CENTRE_ID, CATALOG_REF_ID, ON_HAND_AVAILABLE_QUANTITY, UNIT_OF_MEASURE, MAX_PER_ORDER_THRESH, SPECIAL_PRODUCT_THRESH, ORIGIN_MODIFICATION_TSTAMP, COMPANY_ID, UPDATE_DATE, CREATION_DATE, IDX, FUTURE_AVAILABLE_QUANTITY, FIRST_FUTURE_AVAILABLE_DATE, FUTURE_AVAILABLE_DATE, IDX_2)
 Values
   ('0003', '000000000141061724', 2000, NULL, 
    0, 0, TO_DATE('05/04/2016 00:00:00', 'MM/DD/YYYY HH24:MI:SS'), '001', TO_DATE('05/04/2016 16:07:56', 'MM/DD/YYYY HH24:MI:SS'), 
    TO_DATE('05/04/2016 16:07:56', 'MM/DD/YYYY HH24:MI:SS'), NULL, 999997999, TO_DATE('04/24/2018 00:00:00', 'MM/DD/YYYY HH24:MI:SS'), TO_DATE('04/24/2018 00:00:00', 'MM/DD/YYYY HH24:MI:SS'), 
    51829);
Insert into ECI_INVENTORY.ECI_INVENTORY
   (CENTRE_ID, CATALOG_REF_ID, ON_HAND_AVAILABLE_QUANTITY, UNIT_OF_MEASURE, MAX_PER_ORDER_THRESH, SPECIAL_PRODUCT_THRESH, ORIGIN_MODIFICATION_TSTAMP, COMPANY_ID, UPDATE_DATE, CREATION_DATE, IDX, FUTURE_AVAILABLE_QUANTITY, FIRST_FUTURE_AVAILABLE_DATE, FUTURE_AVAILABLE_DATE, IDX_2)
 Values
   ('0090', '000000000141061724', 2000, NULL, 
    0, 0, TO_DATE('05/04/2016 00:00:00', 'MM/DD/YYYY HH24:MI:SS'), '001', TO_DATE('05/04/2016 16:07:56', 'MM/DD/YYYY HH24:MI:SS'), 
    TO_DATE('05/04/2016 16:07:56', 'MM/DD/YYYY HH24:MI:SS'), NULL, 999997999, TO_DATE('04/24/2018 00:00:00', 'MM/DD/YYYY HH24:MI:SS'), TO_DATE('04/24/2018 00:00:00', 'MM/DD/YYYY HH24:MI:SS'), 
    51829);
    
    
Insert into ECI_INVENTORY.ECI_INVENTORY
   (CENTRE_ID, CATALOG_REF_ID, ON_HAND_AVAILABLE_QUANTITY, UNIT_OF_MEASURE, MAX_PER_ORDER_THRESH, SPECIAL_PRODUCT_THRESH, ORIGIN_MODIFICATION_TSTAMP, COMPANY_ID, UPDATE_DATE, CREATION_DATE, IDX, FUTURE_AVAILABLE_QUANTITY, FIRST_FUTURE_AVAILABLE_DATE, FUTURE_AVAILABLE_DATE, IDX_2)
 Values
   ('0006', '000000000141061728', 2000, NULL, 
    0, 0, TO_DATE('05/04/2016 00:00:00', 'MM/DD/YYYY HH24:MI:SS'), '001', TO_DATE('05/04/2016 16:07:56', 'MM/DD/YYYY HH24:MI:SS'), 
    TO_DATE('05/04/2016 16:07:56', 'MM/DD/YYYY HH24:MI:SS'), NULL, 999997999, TO_DATE('04/24/2018 00:00:00', 'MM/DD/YYYY HH24:MI:SS'), TO_DATE('04/24/2018 00:00:00', 'MM/DD/YYYY HH24:MI:SS'), 
    51829);
Insert into ECI_INVENTORY.ECI_INVENTORY
   (CENTRE_ID, CATALOG_REF_ID, ON_HAND_AVAILABLE_QUANTITY, UNIT_OF_MEASURE, MAX_PER_ORDER_THRESH, SPECIAL_PRODUCT_THRESH, ORIGIN_MODIFICATION_TSTAMP, COMPANY_ID, UPDATE_DATE, CREATION_DATE, IDX, FUTURE_AVAILABLE_QUANTITY, FIRST_FUTURE_AVAILABLE_DATE, FUTURE_AVAILABLE_DATE, IDX_2)
 Values
   ('0003', '000000000141061728', 2000, NULL, 
    0, 0, TO_DATE('05/04/2016 00:00:00', 'MM/DD/YYYY HH24:MI:SS'), '001', TO_DATE('05/04/2016 16:07:56', 'MM/DD/YYYY HH24:MI:SS'), 
    TO_DATE('05/04/2016 16:07:56', 'MM/DD/YYYY HH24:MI:SS'), NULL, 999997999, TO_DATE('04/24/2018 00:00:00', 'MM/DD/YYYY HH24:MI:SS'), TO_DATE('04/24/2018 00:00:00', 'MM/DD/YYYY HH24:MI:SS'), 
    51829);
Insert into ECI_INVENTORY.ECI_INVENTORY
   (CENTRE_ID, CATALOG_REF_ID, ON_HAND_AVAILABLE_QUANTITY, UNIT_OF_MEASURE, MAX_PER_ORDER_THRESH, SPECIAL_PRODUCT_THRESH, ORIGIN_MODIFICATION_TSTAMP, COMPANY_ID, UPDATE_DATE, CREATION_DATE, IDX, FUTURE_AVAILABLE_QUANTITY, FIRST_FUTURE_AVAILABLE_DATE, FUTURE_AVAILABLE_DATE, IDX_2)
 Values
   ('0090', '000000000141061728', 2000, NULL, 
    0, 0, TO_DATE('05/04/2016 00:00:00', 'MM/DD/YYYY HH24:MI:SS'), '001', TO_DATE('05/04/2016 16:07:56', 'MM/DD/YYYY HH24:MI:SS'), 
    TO_DATE('05/04/2016 16:07:56', 'MM/DD/YYYY HH24:MI:SS'), NULL, 999997999, TO_DATE('04/24/2018 00:00:00', 'MM/DD/YYYY HH24:MI:SS'), TO_DATE('04/24/2018 00:00:00', 'MM/DD/YYYY HH24:MI:SS'), 
    51829);


Insert into ECI_INVENTORY.ECI_INVENTORY
   (CENTRE_ID, CATALOG_REF_ID, ON_HAND_AVAILABLE_QUANTITY, UNIT_OF_MEASURE, MAX_PER_ORDER_THRESH, SPECIAL_PRODUCT_THRESH, ORIGIN_MODIFICATION_TSTAMP, COMPANY_ID, UPDATE_DATE, CREATION_DATE, IDX, FUTURE_AVAILABLE_QUANTITY, FIRST_FUTURE_AVAILABLE_DATE, FUTURE_AVAILABLE_DATE, IDX_2)
 Values
   ('0003', '000000000141061733', 2000, NULL, 
    0, 0, TO_DATE('05/04/2016 00:00:00', 'MM/DD/YYYY HH24:MI:SS'), '001', TO_DATE('05/04/2016 16:07:56', 'MM/DD/YYYY HH24:MI:SS'), 
    TO_DATE('05/04/2016 16:07:56', 'MM/DD/YYYY HH24:MI:SS'), NULL, 999997999, TO_DATE('04/24/2018 00:00:00', 'MM/DD/YYYY HH24:MI:SS'), TO_DATE('04/24/2018 00:00:00', 'MM/DD/YYYY HH24:MI:SS'), 
    51829);
Insert into ECI_INVENTORY.ECI_INVENTORY
   (CENTRE_ID, CATALOG_REF_ID, ON_HAND_AVAILABLE_QUANTITY, UNIT_OF_MEASURE, MAX_PER_ORDER_THRESH, SPECIAL_PRODUCT_THRESH, ORIGIN_MODIFICATION_TSTAMP, COMPANY_ID, UPDATE_DATE, CREATION_DATE, IDX, FUTURE_AVAILABLE_QUANTITY, FIRST_FUTURE_AVAILABLE_DATE, FUTURE_AVAILABLE_DATE, IDX_2)
 Values
   ('0006', '000000000141061733', 2000, NULL, 
    0, 0, TO_DATE('05/04/2016 00:00:00', 'MM/DD/YYYY HH24:MI:SS'), '001', TO_DATE('05/04/2016 16:07:56', 'MM/DD/YYYY HH24:MI:SS'), 
    TO_DATE('05/04/2016 16:07:56', 'MM/DD/YYYY HH24:MI:SS'), NULL, 999997999, TO_DATE('04/24/2018 00:00:00', 'MM/DD/YYYY HH24:MI:SS'), TO_DATE('04/24/2018 00:00:00', 'MM/DD/YYYY HH24:MI:SS'), 
    51829);


Insert into ECI_INVENTORY.ECI_INVENTORY
   (CENTRE_ID, CATALOG_REF_ID, ON_HAND_AVAILABLE_QUANTITY, UNIT_OF_MEASURE, MAX_PER_ORDER_THRESH, SPECIAL_PRODUCT_THRESH, ORIGIN_MODIFICATION_TSTAMP, COMPANY_ID, UPDATE_DATE, CREATION_DATE, IDX, FUTURE_AVAILABLE_QUANTITY, FIRST_FUTURE_AVAILABLE_DATE, FUTURE_AVAILABLE_DATE, IDX_2)
 Values
   ('0003', '000000000141442627', 2000, NULL, 
    0, 0, TO_DATE('05/04/2016 00:00:00', 'MM/DD/YYYY HH24:MI:SS'), '001', TO_DATE('05/04/2016 16:07:56', 'MM/DD/YYYY HH24:MI:SS'), 
    TO_DATE('05/04/2016 16:07:56', 'MM/DD/YYYY HH24:MI:SS'), NULL, 999997999, TO_DATE('04/24/2018 00:00:00', 'MM/DD/YYYY HH24:MI:SS'), TO_DATE('04/24/2018 00:00:00', 'MM/DD/YYYY HH24:MI:SS'), 
    51829);
Insert into ECI_INVENTORY.ECI_INVENTORY
   (CENTRE_ID, CATALOG_REF_ID, ON_HAND_AVAILABLE_QUANTITY, UNIT_OF_MEASURE, MAX_PER_ORDER_THRESH, SPECIAL_PRODUCT_THRESH, ORIGIN_MODIFICATION_TSTAMP, COMPANY_ID, UPDATE_DATE, CREATION_DATE, IDX, FUTURE_AVAILABLE_QUANTITY, FIRST_FUTURE_AVAILABLE_DATE, FUTURE_AVAILABLE_DATE, IDX_2)
 Values
   ('0006', '000000000141442627', 2000, NULL, 
    0, 0, TO_DATE('05/04/2016 00:00:00', 'MM/DD/YYYY HH24:MI:SS'), '001', TO_DATE('05/04/2016 16:07:56', 'MM/DD/YYYY HH24:MI:SS'), 
    TO_DATE('05/04/2016 16:07:56', 'MM/DD/YYYY HH24:MI:SS'), NULL, 999997999, TO_DATE('04/24/2018 00:00:00', 'MM/DD/YYYY HH24:MI:SS'), TO_DATE('04/24/2018 00:00:00', 'MM/DD/YYYY HH24:MI:SS'), 
    51829);
    
    
Insert into ECI_INVENTORY.ECI_INVENTORY
   (CENTRE_ID, CATALOG_REF_ID, ON_HAND_AVAILABLE_QUANTITY, UNIT_OF_MEASURE, MAX_PER_ORDER_THRESH, SPECIAL_PRODUCT_THRESH, ORIGIN_MODIFICATION_TSTAMP, COMPANY_ID, UPDATE_DATE, CREATION_DATE, IDX, FUTURE_AVAILABLE_QUANTITY, FIRST_FUTURE_AVAILABLE_DATE, FUTURE_AVAILABLE_DATE, IDX_2)
 Values
   ('0003', '000000000141442806', 2000, NULL, 
    0, 0, TO_DATE('05/04/2016 00:00:00', 'MM/DD/YYYY HH24:MI:SS'), '001', TO_DATE('05/04/2016 16:07:56', 'MM/DD/YYYY HH24:MI:SS'), 
    TO_DATE('05/04/2016 16:07:56', 'MM/DD/YYYY HH24:MI:SS'), NULL, 999997999, TO_DATE('04/24/2018 00:00:00', 'MM/DD/YYYY HH24:MI:SS'), TO_DATE('04/24/2018 00:00:00', 'MM/DD/YYYY HH24:MI:SS'), 
    51829);
Insert into ECI_INVENTORY.ECI_INVENTORY
   (CENTRE_ID, CATALOG_REF_ID, ON_HAND_AVAILABLE_QUANTITY, UNIT_OF_MEASURE, MAX_PER_ORDER_THRESH, SPECIAL_PRODUCT_THRESH, ORIGIN_MODIFICATION_TSTAMP, COMPANY_ID, UPDATE_DATE, CREATION_DATE, IDX, FUTURE_AVAILABLE_QUANTITY, FIRST_FUTURE_AVAILABLE_DATE, FUTURE_AVAILABLE_DATE, IDX_2)
 Values
   ('0006', '000000000141442806', 2000, NULL, 
    0, 0, TO_DATE('05/04/2016 00:00:00', 'MM/DD/YYYY HH24:MI:SS'), '001', TO_DATE('05/04/2016 16:07:56', 'MM/DD/YYYY HH24:MI:SS'), 
    TO_DATE('05/04/2016 16:07:56', 'MM/DD/YYYY HH24:MI:SS'), NULL, 999997999, TO_DATE('04/24/2018 00:00:00', 'MM/DD/YYYY HH24:MI:SS'), TO_DATE('04/24/2018 00:00:00', 'MM/DD/YYYY HH24:MI:SS'), 
    51829);
    
    
Insert into ECI_INVENTORY.ECI_INVENTORY
   (CENTRE_ID, CATALOG_REF_ID, ON_HAND_AVAILABLE_QUANTITY, UNIT_OF_MEASURE, MAX_PER_ORDER_THRESH, SPECIAL_PRODUCT_THRESH, ORIGIN_MODIFICATION_TSTAMP, COMPANY_ID, UPDATE_DATE, CREATION_DATE, IDX, FUTURE_AVAILABLE_QUANTITY, FIRST_FUTURE_AVAILABLE_DATE, FUTURE_AVAILABLE_DATE, IDX_2)
 Values
   ('0003', '000000000142167968', 2000, NULL, 
    0, 0, TO_DATE('05/04/2016 00:00:00', 'MM/DD/YYYY HH24:MI:SS'), '001', TO_DATE('05/04/2016 16:07:56', 'MM/DD/YYYY HH24:MI:SS'), 
    TO_DATE('05/04/2016 16:07:56', 'MM/DD/YYYY HH24:MI:SS'), NULL, 999997999, TO_DATE('04/24/2018 00:00:00', 'MM/DD/YYYY HH24:MI:SS'), TO_DATE('04/24/2018 00:00:00', 'MM/DD/YYYY HH24:MI:SS'), 
    51829);
Insert into ECI_INVENTORY.ECI_INVENTORY
   (CENTRE_ID, CATALOG_REF_ID, ON_HAND_AVAILABLE_QUANTITY, UNIT_OF_MEASURE, MAX_PER_ORDER_THRESH, SPECIAL_PRODUCT_THRESH, ORIGIN_MODIFICATION_TSTAMP, COMPANY_ID, UPDATE_DATE, CREATION_DATE, IDX, FUTURE_AVAILABLE_QUANTITY, FIRST_FUTURE_AVAILABLE_DATE, FUTURE_AVAILABLE_DATE, IDX_2)
 Values
   ('0006', '000000000142167968', 2000, NULL, 
    0, 0, TO_DATE('05/04/2016 00:00:00', 'MM/DD/YYYY HH24:MI:SS'), '001', TO_DATE('05/04/2016 16:07:56', 'MM/DD/YYYY HH24:MI:SS'), 
    TO_DATE('05/04/2016 16:07:56', 'MM/DD/YYYY HH24:MI:SS'), NULL, 999997999, TO_DATE('04/24/2018 00:00:00', 'MM/DD/YYYY HH24:MI:SS'), TO_DATE('04/24/2018 00:00:00', 'MM/DD/YYYY HH24:MI:SS'), 
    51829);
    
    
Insert into ECI_INVENTORY.ECI_INVENTORY
   (CENTRE_ID, CATALOG_REF_ID, ON_HAND_AVAILABLE_QUANTITY, UNIT_OF_MEASURE, MAX_PER_ORDER_THRESH, SPECIAL_PRODUCT_THRESH, ORIGIN_MODIFICATION_TSTAMP, COMPANY_ID, UPDATE_DATE, CREATION_DATE, IDX, FUTURE_AVAILABLE_QUANTITY, FIRST_FUTURE_AVAILABLE_DATE, FUTURE_AVAILABLE_DATE, IDX_2)
 Values
   ('0003', '000000000142167969', 2000, NULL, 
    0, 0, TO_DATE('05/04/2016 00:00:00', 'MM/DD/YYYY HH24:MI:SS'), '001', TO_DATE('05/04/2016 16:07:56', 'MM/DD/YYYY HH24:MI:SS'), 
    TO_DATE('05/04/2016 16:07:56', 'MM/DD/YYYY HH24:MI:SS'), NULL, 999997999, TO_DATE('04/24/2018 00:00:00', 'MM/DD/YYYY HH24:MI:SS'), TO_DATE('04/24/2018 00:00:00', 'MM/DD/YYYY HH24:MI:SS'), 
    51829);
Insert into ECI_INVENTORY.ECI_INVENTORY
   (CENTRE_ID, CATALOG_REF_ID, ON_HAND_AVAILABLE_QUANTITY, UNIT_OF_MEASURE, MAX_PER_ORDER_THRESH, SPECIAL_PRODUCT_THRESH, ORIGIN_MODIFICATION_TSTAMP, COMPANY_ID, UPDATE_DATE, CREATION_DATE, IDX, FUTURE_AVAILABLE_QUANTITY, FIRST_FUTURE_AVAILABLE_DATE, FUTURE_AVAILABLE_DATE, IDX_2)
 Values
   ('0006', '000000000142167969', 2000, NULL, 
    0, 0, TO_DATE('05/04/2016 00:00:00', 'MM/DD/YYYY HH24:MI:SS'), '001', TO_DATE('05/04/2016 16:07:56', 'MM/DD/YYYY HH24:MI:SS'), 
    TO_DATE('05/04/2016 16:07:56', 'MM/DD/YYYY HH24:MI:SS'), NULL, 999997999, TO_DATE('04/24/2018 00:00:00', 'MM/DD/YYYY HH24:MI:SS'), TO_DATE('04/24/2018 00:00:00', 'MM/DD/YYYY HH24:MI:SS'), 
    51829);
Insert into ECI_INVENTORY.ECI_INVENTORY
   (CENTRE_ID, CATALOG_REF_ID, ON_HAND_AVAILABLE_QUANTITY, UNIT_OF_MEASURE, MAX_PER_ORDER_THRESH, SPECIAL_PRODUCT_THRESH, ORIGIN_MODIFICATION_TSTAMP, COMPANY_ID, UPDATE_DATE, CREATION_DATE, IDX, FUTURE_AVAILABLE_QUANTITY, FIRST_FUTURE_AVAILABLE_DATE, FUTURE_AVAILABLE_DATE, IDX_2)
 Values
   ('0090', '000000000142167969', 2000, NULL, 
    0, 0, TO_DATE('05/04/2016 00:00:00', 'MM/DD/YYYY HH24:MI:SS'), '001', TO_DATE('05/04/2016 16:07:56', 'MM/DD/YYYY HH24:MI:SS'), 
    TO_DATE('05/04/2016 16:07:56', 'MM/DD/YYYY HH24:MI:SS'), NULL, 999997999, TO_DATE('04/24/2018 00:00:00', 'MM/DD/YYYY HH24:MI:SS'), TO_DATE('04/24/2018 00:00:00', 'MM/DD/YYYY HH24:MI:SS'), 
    51829);
Insert into ECI_INVENTORY.ECI_INVENTORY
   (CENTRE_ID, CATALOG_REF_ID, ON_HAND_AVAILABLE_QUANTITY, UNIT_OF_MEASURE, MAX_PER_ORDER_THRESH, SPECIAL_PRODUCT_THRESH, ORIGIN_MODIFICATION_TSTAMP, COMPANY_ID, UPDATE_DATE, CREATION_DATE, IDX, FUTURE_AVAILABLE_QUANTITY, FIRST_FUTURE_AVAILABLE_DATE, FUTURE_AVAILABLE_DATE, IDX_2)
 Values
   ('0012', '000000000142167969', 2000, NULL, 
    0, 0, TO_DATE('05/04/2016 00:00:00', 'MM/DD/YYYY HH24:MI:SS'), '001', TO_DATE('05/04/2016 16:07:56', 'MM/DD/YYYY HH24:MI:SS'), 
    TO_DATE('05/04/2016 16:07:56', 'MM/DD/YYYY HH24:MI:SS'), NULL, 999997999, TO_DATE('04/24/2018 00:00:00', 'MM/DD/YYYY HH24:MI:SS'), TO_DATE('04/24/2018 00:00:00', 'MM/DD/YYYY HH24:MI:SS'), 
    51829);
Insert into ECI_INVENTORY.ECI_INVENTORY
   (CENTRE_ID, CATALOG_REF_ID, ON_HAND_AVAILABLE_QUANTITY, UNIT_OF_MEASURE, MAX_PER_ORDER_THRESH, SPECIAL_PRODUCT_THRESH, ORIGIN_MODIFICATION_TSTAMP, COMPANY_ID, UPDATE_DATE, CREATION_DATE, IDX, FUTURE_AVAILABLE_QUANTITY, FIRST_FUTURE_AVAILABLE_DATE, FUTURE_AVAILABLE_DATE, IDX_2)
 Values
   ('0072', '000000000142167969', 2000, NULL, 
    0, 0, TO_DATE('05/04/2016 00:00:00', 'MM/DD/YYYY HH24:MI:SS'), '001', TO_DATE('05/04/2016 16:07:56', 'MM/DD/YYYY HH24:MI:SS'), 
    TO_DATE('05/04/2016 16:07:56', 'MM/DD/YYYY HH24:MI:SS'), NULL, 999997999, TO_DATE('04/24/2018 00:00:00', 'MM/DD/YYYY HH24:MI:SS'), TO_DATE('04/24/2018 00:00:00', 'MM/DD/YYYY HH24:MI:SS'), 
    51829);
Insert into ECI_INVENTORY.ECI_INVENTORY
   (CENTRE_ID, CATALOG_REF_ID, ON_HAND_AVAILABLE_QUANTITY, UNIT_OF_MEASURE, MAX_PER_ORDER_THRESH, SPECIAL_PRODUCT_THRESH, ORIGIN_MODIFICATION_TSTAMP, COMPANY_ID, UPDATE_DATE, CREATION_DATE, IDX, FUTURE_AVAILABLE_QUANTITY, FIRST_FUTURE_AVAILABLE_DATE, FUTURE_AVAILABLE_DATE, IDX_2)
 Values
   ('0098', '000000000142167969', 2000, NULL, 
    0, 0, TO_DATE('05/04/2016 00:00:00', 'MM/DD/YYYY HH24:MI:SS'), '001', TO_DATE('05/04/2016 16:07:56', 'MM/DD/YYYY HH24:MI:SS'), 
    TO_DATE('05/04/2016 16:07:56', 'MM/DD/YYYY HH24:MI:SS'), NULL, 999997999, TO_DATE('04/24/2018 00:00:00', 'MM/DD/YYYY HH24:MI:SS'), TO_DATE('04/24/2018 00:00:00', 'MM/DD/YYYY HH24:MI:SS'), 
    51829);


Insert into ECI_INVENTORY.ECI_INVENTORY
   (CENTRE_ID, CATALOG_REF_ID, ON_HAND_AVAILABLE_QUANTITY, UNIT_OF_MEASURE, MAX_PER_ORDER_THRESH, SPECIAL_PRODUCT_THRESH, ORIGIN_MODIFICATION_TSTAMP, COMPANY_ID, UPDATE_DATE, CREATION_DATE, IDX, FUTURE_AVAILABLE_QUANTITY, FIRST_FUTURE_AVAILABLE_DATE, FUTURE_AVAILABLE_DATE, IDX_2)
 Values
   ('0003', '000000000142167970', 2000, NULL, 
    0, 0, TO_DATE('05/04/2016 00:00:00', 'MM/DD/YYYY HH24:MI:SS'), '001', TO_DATE('05/04/2016 16:07:56', 'MM/DD/YYYY HH24:MI:SS'), 
    TO_DATE('05/04/2016 16:07:56', 'MM/DD/YYYY HH24:MI:SS'), NULL, 999997999, TO_DATE('04/24/2018 00:00:00', 'MM/DD/YYYY HH24:MI:SS'), TO_DATE('04/24/2018 00:00:00', 'MM/DD/YYYY HH24:MI:SS'), 
    51829);
Insert into ECI_INVENTORY.ECI_INVENTORY
   (CENTRE_ID, CATALOG_REF_ID, ON_HAND_AVAILABLE_QUANTITY, UNIT_OF_MEASURE, MAX_PER_ORDER_THRESH, SPECIAL_PRODUCT_THRESH, ORIGIN_MODIFICATION_TSTAMP, COMPANY_ID, UPDATE_DATE, CREATION_DATE, IDX, FUTURE_AVAILABLE_QUANTITY, FIRST_FUTURE_AVAILABLE_DATE, FUTURE_AVAILABLE_DATE, IDX_2)
 Values
   ('0006', '000000000142167970', 2000, NULL, 
    0, 0, TO_DATE('05/04/2016 00:00:00', 'MM/DD/YYYY HH24:MI:SS'), '001', TO_DATE('05/04/2016 16:07:56', 'MM/DD/YYYY HH24:MI:SS'), 
    TO_DATE('05/04/2016 16:07:56', 'MM/DD/YYYY HH24:MI:SS'), NULL, 999997999, TO_DATE('04/24/2018 00:00:00', 'MM/DD/YYYY HH24:MI:SS'), TO_DATE('04/24/2018 00:00:00', 'MM/DD/YYYY HH24:MI:SS'), 
    51829);
Insert into ECI_INVENTORY.ECI_INVENTORY
   (CENTRE_ID, CATALOG_REF_ID, ON_HAND_AVAILABLE_QUANTITY, UNIT_OF_MEASURE, MAX_PER_ORDER_THRESH, SPECIAL_PRODUCT_THRESH, ORIGIN_MODIFICATION_TSTAMP, COMPANY_ID, UPDATE_DATE, CREATION_DATE, IDX, FUTURE_AVAILABLE_QUANTITY, FIRST_FUTURE_AVAILABLE_DATE, FUTURE_AVAILABLE_DATE, IDX_2)
 Values
   ('0090', '000000000142167970', 2000, NULL, 
    0, 0, TO_DATE('05/04/2016 00:00:00', 'MM/DD/YYYY HH24:MI:SS'), '001', TO_DATE('05/04/2016 16:07:56', 'MM/DD/YYYY HH24:MI:SS'), 
    TO_DATE('05/04/2016 16:07:56', 'MM/DD/YYYY HH24:MI:SS'), NULL, 999997999, TO_DATE('04/24/2018 00:00:00', 'MM/DD/YYYY HH24:MI:SS'), TO_DATE('04/24/2018 00:00:00', 'MM/DD/YYYY HH24:MI:SS'), 
    51829);
Insert into ECI_INVENTORY.ECI_INVENTORY
   (CENTRE_ID, CATALOG_REF_ID, ON_HAND_AVAILABLE_QUANTITY, UNIT_OF_MEASURE, MAX_PER_ORDER_THRESH, SPECIAL_PRODUCT_THRESH, ORIGIN_MODIFICATION_TSTAMP, COMPANY_ID, UPDATE_DATE, CREATION_DATE, IDX, FUTURE_AVAILABLE_QUANTITY, FIRST_FUTURE_AVAILABLE_DATE, FUTURE_AVAILABLE_DATE, IDX_2)
 Values
   ('0012', '000000000142167970', 2000, NULL, 
    0, 0, TO_DATE('05/04/2016 00:00:00', 'MM/DD/YYYY HH24:MI:SS'), '001', TO_DATE('05/04/2016 16:07:56', 'MM/DD/YYYY HH24:MI:SS'), 
    TO_DATE('05/04/2016 16:07:56', 'MM/DD/YYYY HH24:MI:SS'), NULL, 999997999, TO_DATE('04/24/2018 00:00:00', 'MM/DD/YYYY HH24:MI:SS'), TO_DATE('04/24/2018 00:00:00', 'MM/DD/YYYY HH24:MI:SS'), 
    51829);
Insert into ECI_INVENTORY.ECI_INVENTORY
   (CENTRE_ID, CATALOG_REF_ID, ON_HAND_AVAILABLE_QUANTITY, UNIT_OF_MEASURE, MAX_PER_ORDER_THRESH, SPECIAL_PRODUCT_THRESH, ORIGIN_MODIFICATION_TSTAMP, COMPANY_ID, UPDATE_DATE, CREATION_DATE, IDX, FUTURE_AVAILABLE_QUANTITY, FIRST_FUTURE_AVAILABLE_DATE, FUTURE_AVAILABLE_DATE, IDX_2)
 Values
   ('0072', '000000000142167970', 2000, NULL, 
    0, 0, TO_DATE('05/04/2016 00:00:00', 'MM/DD/YYYY HH24:MI:SS'), '001', TO_DATE('05/04/2016 16:07:56', 'MM/DD/YYYY HH24:MI:SS'), 
    TO_DATE('05/04/2016 16:07:56', 'MM/DD/YYYY HH24:MI:SS'), NULL, 999997999, TO_DATE('04/24/2018 00:00:00', 'MM/DD/YYYY HH24:MI:SS'), TO_DATE('04/24/2018 00:00:00', 'MM/DD/YYYY HH24:MI:SS'), 
    51829);
Insert into ECI_INVENTORY.ECI_INVENTORY
   (CENTRE_ID, CATALOG_REF_ID, ON_HAND_AVAILABLE_QUANTITY, UNIT_OF_MEASURE, MAX_PER_ORDER_THRESH, SPECIAL_PRODUCT_THRESH, ORIGIN_MODIFICATION_TSTAMP, COMPANY_ID, UPDATE_DATE, CREATION_DATE, IDX, FUTURE_AVAILABLE_QUANTITY, FIRST_FUTURE_AVAILABLE_DATE, FUTURE_AVAILABLE_DATE, IDX_2)
 Values
   ('0098', '000000000142167970', 2000, NULL, 
    0, 0, TO_DATE('05/04/2016 00:00:00', 'MM/DD/YYYY HH24:MI:SS'), '001', TO_DATE('05/04/2016 16:07:56', 'MM/DD/YYYY HH24:MI:SS'), 
    TO_DATE('05/04/2016 16:07:56', 'MM/DD/YYYY HH24:MI:SS'), NULL, 999997999, TO_DATE('04/24/2018 00:00:00', 'MM/DD/YYYY HH24:MI:SS'), TO_DATE('04/24/2018 00:00:00', 'MM/DD/YYYY HH24:MI:SS'), 
    51829);    
    
Insert into ECI_INVENTORY.ECI_INVENTORY
   (CENTRE_ID, CATALOG_REF_ID, ON_HAND_AVAILABLE_QUANTITY, UNIT_OF_MEASURE, MAX_PER_ORDER_THRESH, SPECIAL_PRODUCT_THRESH, ORIGIN_MODIFICATION_TSTAMP, COMPANY_ID, UPDATE_DATE, CREATION_DATE, IDX, FUTURE_AVAILABLE_QUANTITY, FIRST_FUTURE_AVAILABLE_DATE, FUTURE_AVAILABLE_DATE, IDX_2)
 Values
   ('0003', '000000000142167971', 2000, NULL, 
    0, 0, TO_DATE('05/04/2016 00:00:00', 'MM/DD/YYYY HH24:MI:SS'), '001', TO_DATE('05/04/2016 16:07:56', 'MM/DD/YYYY HH24:MI:SS'), 
    TO_DATE('05/04/2016 16:07:56', 'MM/DD/YYYY HH24:MI:SS'), NULL, 999997999, TO_DATE('04/24/2018 00:00:00', 'MM/DD/YYYY HH24:MI:SS'), TO_DATE('04/24/2018 00:00:00', 'MM/DD/YYYY HH24:MI:SS'), 
    51829);
Insert into ECI_INVENTORY.ECI_INVENTORY
   (CENTRE_ID, CATALOG_REF_ID, ON_HAND_AVAILABLE_QUANTITY, UNIT_OF_MEASURE, MAX_PER_ORDER_THRESH, SPECIAL_PRODUCT_THRESH, ORIGIN_MODIFICATION_TSTAMP, COMPANY_ID, UPDATE_DATE, CREATION_DATE, IDX, FUTURE_AVAILABLE_QUANTITY, FIRST_FUTURE_AVAILABLE_DATE, FUTURE_AVAILABLE_DATE, IDX_2)
 Values
   ('0006', '000000000142167971', 2000, NULL, 
    0, 0, TO_DATE('05/04/2016 00:00:00', 'MM/DD/YYYY HH24:MI:SS'), '001', TO_DATE('05/04/2016 16:07:56', 'MM/DD/YYYY HH24:MI:SS'), 
    TO_DATE('05/04/2016 16:07:56', 'MM/DD/YYYY HH24:MI:SS'), NULL, 999997999, TO_DATE('04/24/2018 00:00:00', 'MM/DD/YYYY HH24:MI:SS'), TO_DATE('04/24/2018 00:00:00', 'MM/DD/YYYY HH24:MI:SS'), 
    51829);
Insert into ECI_INVENTORY.ECI_INVENTORY
   (CENTRE_ID, CATALOG_REF_ID, ON_HAND_AVAILABLE_QUANTITY, UNIT_OF_MEASURE, MAX_PER_ORDER_THRESH, SPECIAL_PRODUCT_THRESH, ORIGIN_MODIFICATION_TSTAMP, COMPANY_ID, UPDATE_DATE, CREATION_DATE, IDX, FUTURE_AVAILABLE_QUANTITY, FIRST_FUTURE_AVAILABLE_DATE, FUTURE_AVAILABLE_DATE, IDX_2)
 Values
   ('0090', '000000000142167971', 2000, NULL, 
    0, 0, TO_DATE('05/04/2016 00:00:00', 'MM/DD/YYYY HH24:MI:SS'), '001', TO_DATE('05/04/2016 16:07:56', 'MM/DD/YYYY HH24:MI:SS'), 
    TO_DATE('05/04/2016 16:07:56', 'MM/DD/YYYY HH24:MI:SS'), NULL, 999997999, TO_DATE('04/24/2018 00:00:00', 'MM/DD/YYYY HH24:MI:SS'), TO_DATE('04/24/2018 00:00:00', 'MM/DD/YYYY HH24:MI:SS'), 
    51829);
Insert into ECI_INVENTORY.ECI_INVENTORY
   (CENTRE_ID, CATALOG_REF_ID, ON_HAND_AVAILABLE_QUANTITY, UNIT_OF_MEASURE, MAX_PER_ORDER_THRESH, SPECIAL_PRODUCT_THRESH, ORIGIN_MODIFICATION_TSTAMP, COMPANY_ID, UPDATE_DATE, CREATION_DATE, IDX, FUTURE_AVAILABLE_QUANTITY, FIRST_FUTURE_AVAILABLE_DATE, FUTURE_AVAILABLE_DATE, IDX_2)
 Values
   ('0012', '000000000142167971', 2000, NULL, 
    0, 0, TO_DATE('05/04/2016 00:00:00', 'MM/DD/YYYY HH24:MI:SS'), '001', TO_DATE('05/04/2016 16:07:56', 'MM/DD/YYYY HH24:MI:SS'), 
    TO_DATE('05/04/2016 16:07:56', 'MM/DD/YYYY HH24:MI:SS'), NULL, 999997999, TO_DATE('04/24/2018 00:00:00', 'MM/DD/YYYY HH24:MI:SS'), TO_DATE('04/24/2018 00:00:00', 'MM/DD/YYYY HH24:MI:SS'), 
    51829);
Insert into ECI_INVENTORY.ECI_INVENTORY
   (CENTRE_ID, CATALOG_REF_ID, ON_HAND_AVAILABLE_QUANTITY, UNIT_OF_MEASURE, MAX_PER_ORDER_THRESH, SPECIAL_PRODUCT_THRESH, ORIGIN_MODIFICATION_TSTAMP, COMPANY_ID, UPDATE_DATE, CREATION_DATE, IDX, FUTURE_AVAILABLE_QUANTITY, FIRST_FUTURE_AVAILABLE_DATE, FUTURE_AVAILABLE_DATE, IDX_2)
 Values
   ('0072', '000000000142167971', 2000, NULL, 
    0, 0, TO_DATE('05/04/2016 00:00:00', 'MM/DD/YYYY HH24:MI:SS'), '001', TO_DATE('05/04/2016 16:07:56', 'MM/DD/YYYY HH24:MI:SS'), 
    TO_DATE('05/04/2016 16:07:56', 'MM/DD/YYYY HH24:MI:SS'), NULL, 999997999, TO_DATE('04/24/2018 00:00:00', 'MM/DD/YYYY HH24:MI:SS'), TO_DATE('04/24/2018 00:00:00', 'MM/DD/YYYY HH24:MI:SS'), 
    51829);
Insert into ECI_INVENTORY.ECI_INVENTORY
   (CENTRE_ID, CATALOG_REF_ID, ON_HAND_AVAILABLE_QUANTITY, UNIT_OF_MEASURE, MAX_PER_ORDER_THRESH, SPECIAL_PRODUCT_THRESH, ORIGIN_MODIFICATION_TSTAMP, COMPANY_ID, UPDATE_DATE, CREATION_DATE, IDX, FUTURE_AVAILABLE_QUANTITY, FIRST_FUTURE_AVAILABLE_DATE, FUTURE_AVAILABLE_DATE, IDX_2)
 Values
   ('0098', '000000000142167971', 2000, NULL, 
    0, 0, TO_DATE('05/04/2016 00:00:00', 'MM/DD/YYYY HH24:MI:SS'), '001', TO_DATE('05/04/2016 16:07:56', 'MM/DD/YYYY HH24:MI:SS'), 
    TO_DATE('05/04/2016 16:07:56', 'MM/DD/YYYY HH24:MI:SS'), NULL, 999997999, TO_DATE('04/24/2018 00:00:00', 'MM/DD/YYYY HH24:MI:SS'), TO_DATE('04/24/2018 00:00:00', 'MM/DD/YYYY HH24:MI:SS'), 
    51829);      
    
Insert into ECI_INVENTORY.ECI_INVENTORY
   (CENTRE_ID, CATALOG_REF_ID, ON_HAND_AVAILABLE_QUANTITY, UNIT_OF_MEASURE, MAX_PER_ORDER_THRESH, SPECIAL_PRODUCT_THRESH, ORIGIN_MODIFICATION_TSTAMP, COMPANY_ID, UPDATE_DATE, CREATION_DATE, IDX, FUTURE_AVAILABLE_QUANTITY, FIRST_FUTURE_AVAILABLE_DATE, FUTURE_AVAILABLE_DATE, IDX_2)
 Values
   ('0003', '000000000142465570', 2000, NULL, 
    0, 0, TO_DATE('05/04/2016 00:00:00', 'MM/DD/YYYY HH24:MI:SS'), '001', TO_DATE('05/04/2016 16:07:56', 'MM/DD/YYYY HH24:MI:SS'), 
    TO_DATE('05/04/2016 16:07:56', 'MM/DD/YYYY HH24:MI:SS'), NULL, 999997999, TO_DATE('04/24/2018 00:00:00', 'MM/DD/YYYY HH24:MI:SS'), TO_DATE('04/24/2018 00:00:00', 'MM/DD/YYYY HH24:MI:SS'), 
    51829);
Insert into ECI_INVENTORY.ECI_INVENTORY
   (CENTRE_ID, CATALOG_REF_ID, ON_HAND_AVAILABLE_QUANTITY, UNIT_OF_MEASURE, MAX_PER_ORDER_THRESH, SPECIAL_PRODUCT_THRESH, ORIGIN_MODIFICATION_TSTAMP, COMPANY_ID, UPDATE_DATE, CREATION_DATE, IDX, FUTURE_AVAILABLE_QUANTITY, FIRST_FUTURE_AVAILABLE_DATE, FUTURE_AVAILABLE_DATE, IDX_2)
 Values
   ('0006', '000000000142465570', 2000, NULL, 
    0, 0, TO_DATE('05/04/2016 00:00:00', 'MM/DD/YYYY HH24:MI:SS'), '001', TO_DATE('05/04/2016 16:07:56', 'MM/DD/YYYY HH24:MI:SS'), 
    TO_DATE('05/04/2016 16:07:56', 'MM/DD/YYYY HH24:MI:SS'), NULL, 999997999, TO_DATE('04/24/2018 00:00:00', 'MM/DD/YYYY HH24:MI:SS'), TO_DATE('04/24/2018 00:00:00', 'MM/DD/YYYY HH24:MI:SS'), 
    51829);
Insert into ECI_INVENTORY.ECI_INVENTORY
   (CENTRE_ID, CATALOG_REF_ID, ON_HAND_AVAILABLE_QUANTITY, UNIT_OF_MEASURE, MAX_PER_ORDER_THRESH, SPECIAL_PRODUCT_THRESH, ORIGIN_MODIFICATION_TSTAMP, COMPANY_ID, UPDATE_DATE, CREATION_DATE, IDX, FUTURE_AVAILABLE_QUANTITY, FIRST_FUTURE_AVAILABLE_DATE, FUTURE_AVAILABLE_DATE, IDX_2)
 Values
   ('0090', '000000000142465570', 2000, NULL, 
    0, 0, TO_DATE('05/04/2016 00:00:00', 'MM/DD/YYYY HH24:MI:SS'), '001', TO_DATE('05/04/2016 16:07:56', 'MM/DD/YYYY HH24:MI:SS'), 
    TO_DATE('05/04/2016 16:07:56', 'MM/DD/YYYY HH24:MI:SS'), NULL, 999997999, TO_DATE('04/24/2018 00:00:00', 'MM/DD/YYYY HH24:MI:SS'), TO_DATE('04/24/2018 00:00:00', 'MM/DD/YYYY HH24:MI:SS'), 
    51829);
Insert into ECI_INVENTORY.ECI_INVENTORY
   (CENTRE_ID, CATALOG_REF_ID, ON_HAND_AVAILABLE_QUANTITY, UNIT_OF_MEASURE, MAX_PER_ORDER_THRESH, SPECIAL_PRODUCT_THRESH, ORIGIN_MODIFICATION_TSTAMP, COMPANY_ID, UPDATE_DATE, CREATION_DATE, IDX, FUTURE_AVAILABLE_QUANTITY, FIRST_FUTURE_AVAILABLE_DATE, FUTURE_AVAILABLE_DATE, IDX_2)
 Values
   ('0012', '000000000142465570', 2000, NULL, 
    0, 0, TO_DATE('05/04/2016 00:00:00', 'MM/DD/YYYY HH24:MI:SS'), '001', TO_DATE('05/04/2016 16:07:56', 'MM/DD/YYYY HH24:MI:SS'), 
    TO_DATE('05/04/2016 16:07:56', 'MM/DD/YYYY HH24:MI:SS'), NULL, 999997999, TO_DATE('04/24/2018 00:00:00', 'MM/DD/YYYY HH24:MI:SS'), TO_DATE('04/24/2018 00:00:00', 'MM/DD/YYYY HH24:MI:SS'), 
    51829);
Insert into ECI_INVENTORY.ECI_INVENTORY
   (CENTRE_ID, CATALOG_REF_ID, ON_HAND_AVAILABLE_QUANTITY, UNIT_OF_MEASURE, MAX_PER_ORDER_THRESH, SPECIAL_PRODUCT_THRESH, ORIGIN_MODIFICATION_TSTAMP, COMPANY_ID, UPDATE_DATE, CREATION_DATE, IDX, FUTURE_AVAILABLE_QUANTITY, FIRST_FUTURE_AVAILABLE_DATE, FUTURE_AVAILABLE_DATE, IDX_2)
 Values
   ('0072', '000000000142465570', 2000, NULL, 
    0, 0, TO_DATE('05/04/2016 00:00:00', 'MM/DD/YYYY HH24:MI:SS'), '001', TO_DATE('05/04/2016 16:07:56', 'MM/DD/YYYY HH24:MI:SS'), 
    TO_DATE('05/04/2016 16:07:56', 'MM/DD/YYYY HH24:MI:SS'), NULL, 999997999, TO_DATE('04/24/2018 00:00:00', 'MM/DD/YYYY HH24:MI:SS'), TO_DATE('04/24/2018 00:00:00', 'MM/DD/YYYY HH24:MI:SS'), 
    51829);
Insert into ECI_INVENTORY.ECI_INVENTORY
   (CENTRE_ID, CATALOG_REF_ID, ON_HAND_AVAILABLE_QUANTITY, UNIT_OF_MEASURE, MAX_PER_ORDER_THRESH, SPECIAL_PRODUCT_THRESH, ORIGIN_MODIFICATION_TSTAMP, COMPANY_ID, UPDATE_DATE, CREATION_DATE, IDX, FUTURE_AVAILABLE_QUANTITY, FIRST_FUTURE_AVAILABLE_DATE, FUTURE_AVAILABLE_DATE, IDX_2)
 Values
   ('0098', '000000000142465570', 2000, NULL, 
    0, 0, TO_DATE('05/04/2016 00:00:00', 'MM/DD/YYYY HH24:MI:SS'), '001', TO_DATE('05/04/2016 16:07:56', 'MM/DD/YYYY HH24:MI:SS'), 
    TO_DATE('05/04/2016 16:07:56', 'MM/DD/YYYY HH24:MI:SS'), NULL, 999997999, TO_DATE('04/24/2018 00:00:00', 'MM/DD/YYYY HH24:MI:SS'), TO_DATE('04/24/2018 00:00:00', 'MM/DD/YYYY HH24:MI:SS'), 
    51829);  
    
    
Insert into ECI_INVENTORY.ECI_INVENTORY
   (CENTRE_ID, CATALOG_REF_ID, ON_HAND_AVAILABLE_QUANTITY, UNIT_OF_MEASURE, MAX_PER_ORDER_THRESH, SPECIAL_PRODUCT_THRESH, ORIGIN_MODIFICATION_TSTAMP, COMPANY_ID, UPDATE_DATE, CREATION_DATE, IDX, FUTURE_AVAILABLE_QUANTITY, FIRST_FUTURE_AVAILABLE_DATE, FUTURE_AVAILABLE_DATE, IDX_2)
 Values
   ('0003', '000000000142465572', 2000, NULL, 
    0, 0, TO_DATE('05/04/2016 00:00:00', 'MM/DD/YYYY HH24:MI:SS'), '001', TO_DATE('05/04/2016 16:07:56', 'MM/DD/YYYY HH24:MI:SS'), 
    TO_DATE('05/04/2016 16:07:56', 'MM/DD/YYYY HH24:MI:SS'), NULL, 999997999, TO_DATE('04/24/2018 00:00:00', 'MM/DD/YYYY HH24:MI:SS'), TO_DATE('04/24/2018 00:00:00', 'MM/DD/YYYY HH24:MI:SS'), 
    51829);
Insert into ECI_INVENTORY.ECI_INVENTORY
   (CENTRE_ID, CATALOG_REF_ID, ON_HAND_AVAILABLE_QUANTITY, UNIT_OF_MEASURE, MAX_PER_ORDER_THRESH, SPECIAL_PRODUCT_THRESH, ORIGIN_MODIFICATION_TSTAMP, COMPANY_ID, UPDATE_DATE, CREATION_DATE, IDX, FUTURE_AVAILABLE_QUANTITY, FIRST_FUTURE_AVAILABLE_DATE, FUTURE_AVAILABLE_DATE, IDX_2)
 Values
   ('0006', '000000000142465572', 2000, NULL, 
    0, 0, TO_DATE('05/04/2016 00:00:00', 'MM/DD/YYYY HH24:MI:SS'), '001', TO_DATE('05/04/2016 16:07:56', 'MM/DD/YYYY HH24:MI:SS'), 
    TO_DATE('05/04/2016 16:07:56', 'MM/DD/YYYY HH24:MI:SS'), NULL, 999997999, TO_DATE('04/24/2018 00:00:00', 'MM/DD/YYYY HH24:MI:SS'), TO_DATE('04/24/2018 00:00:00', 'MM/DD/YYYY HH24:MI:SS'), 
    51829);
    
    
Insert into ECI_INVENTORY.ECI_INVENTORY
   (CENTRE_ID, CATALOG_REF_ID, ON_HAND_AVAILABLE_QUANTITY, UNIT_OF_MEASURE, MAX_PER_ORDER_THRESH, SPECIAL_PRODUCT_THRESH, ORIGIN_MODIFICATION_TSTAMP, COMPANY_ID, UPDATE_DATE, CREATION_DATE, IDX, FUTURE_AVAILABLE_QUANTITY, FIRST_FUTURE_AVAILABLE_DATE, FUTURE_AVAILABLE_DATE, IDX_2)
 Values
   ('0003', '000000000142465573', 2000, NULL, 
    0, 0, TO_DATE('05/04/2016 00:00:00', 'MM/DD/YYYY HH24:MI:SS'), '001', TO_DATE('05/04/2016 16:07:56', 'MM/DD/YYYY HH24:MI:SS'), 
    TO_DATE('05/04/2016 16:07:56', 'MM/DD/YYYY HH24:MI:SS'), NULL, 999997999, TO_DATE('04/24/2018 00:00:00', 'MM/DD/YYYY HH24:MI:SS'), TO_DATE('04/24/2018 00:00:00', 'MM/DD/YYYY HH24:MI:SS'), 
    51829);
Insert into ECI_INVENTORY.ECI_INVENTORY
   (CENTRE_ID, CATALOG_REF_ID, ON_HAND_AVAILABLE_QUANTITY, UNIT_OF_MEASURE, MAX_PER_ORDER_THRESH, SPECIAL_PRODUCT_THRESH, ORIGIN_MODIFICATION_TSTAMP, COMPANY_ID, UPDATE_DATE, CREATION_DATE, IDX, FUTURE_AVAILABLE_QUANTITY, FIRST_FUTURE_AVAILABLE_DATE, FUTURE_AVAILABLE_DATE, IDX_2)
 Values
   ('0006', '000000000142465573', 2000, NULL, 
    0, 0, TO_DATE('05/04/2016 00:00:00', 'MM/DD/YYYY HH24:MI:SS'), '001', TO_DATE('05/04/2016 16:07:56', 'MM/DD/YYYY HH24:MI:SS'), 
    TO_DATE('05/04/2016 16:07:56', 'MM/DD/YYYY HH24:MI:SS'), NULL, 999997999, TO_DATE('04/24/2018 00:00:00', 'MM/DD/YYYY HH24:MI:SS'), TO_DATE('04/24/2018 00:00:00', 'MM/DD/YYYY HH24:MI:SS'), 
    51829);

commit;
-------------------------------------------------

-------------------------------------------------
--       PD00000460-10002819
-------------------------------------------------
-- Dar CnC y stock a referencias mixtas
DELETE FROM ECI_INVENTORY.ECI_INVENTORY 
WHERE CATALOG_REF_ID in (
'000000000100533114'
);

Insert into ECI_INVENTORY.ECI_INVENTORY (CENTRE_ID,CATALOG_REF_ID,ON_HAND_AVAILABLE_QUANTITY,UNIT_OF_MEASURE,MAX_PER_ORDER_THRESH,SPECIAL_PRODUCT_THRESH,ORIGIN_MODIFICATION_TSTAMP,COMPANY_ID,UPDATE_DATE,CREATION_DATE,IDX,FUTURE_AVAILABLE_QUANTITY,FIRST_FUTURE_AVAILABLE_DATE,FUTURE_AVAILABLE_DATE,IDX_2) values ('0003','000000000100533114','1000',null,'0','0',null,'001',to_date('19/03/2019','DD/MM/YYYY'),to_date('19/03/2019','DD/MM/YYYY'),null,null,null,null,'65441');
Insert into ECI_INVENTORY.ECI_INVENTORY (CENTRE_ID,CATALOG_REF_ID,ON_HAND_AVAILABLE_QUANTITY,UNIT_OF_MEASURE,MAX_PER_ORDER_THRESH,SPECIAL_PRODUCT_THRESH,ORIGIN_MODIFICATION_TSTAMP,COMPANY_ID,UPDATE_DATE,CREATION_DATE,IDX,FUTURE_AVAILABLE_QUANTITY,FIRST_FUTURE_AVAILABLE_DATE,FUTURE_AVAILABLE_DATE,IDX_2) values ('0006','000000000100533114','1000',null,'0','0',null,'001',to_date('19/03/2019','DD/MM/YYYY'),to_date('19/03/2019','DD/MM/YYYY'),null,null,null,null,'65441');

commit;


-- Referencias no documentadas explotacion digital- se da STS y CnC
  DELETE
  FROM ECI_INVENTORY.ECI_INDEXED_REFERENCES E
  Where
  CATALOG_REF_ID in (
'001010660402081   ',
'001010660402107   ',
'001010660402115   '
);


Insert into ECI_INVENTORY.ECI_INDEXED_REFERENCES (UNIQUE_CODE, CATALOG_REF_ID, SITE, COMPANY_ID, ECI_EXPRESS, IDX, PRODUCT_ID, CLICK_AND_COLLECT, LOCALES, ECI_EXPRESS_THRESHOLD, CONVERSION_FACTOR)
Values ('000000000143846841', '001010660402081   ', 'eciStore', '001', 1, 6752, 'A20594539', 1, 'es', 2, 1);
Insert into ECI_INVENTORY.ECI_INDEXED_REFERENCES (UNIQUE_CODE, CATALOG_REF_ID, SITE, COMPANY_ID, ECI_EXPRESS, IDX, PRODUCT_ID, CLICK_AND_COLLECT, LOCALES, ECI_EXPRESS_THRESHOLD, CONVERSION_FACTOR)
Values ('000000000143846843', '001010660402107   ', 'eciStore', '001', 1, 6752, 'A20594544', 1, 'es', 2, 1);
Insert into ECI_INVENTORY.ECI_INDEXED_REFERENCES (UNIQUE_CODE, CATALOG_REF_ID, SITE, COMPANY_ID, ECI_EXPRESS, IDX, PRODUCT_ID, CLICK_AND_COLLECT, LOCALES, ECI_EXPRESS_THRESHOLD, CONVERSION_FACTOR)
Values ('000000000143846845', '001010660402115   ', 'eciStore', '001', 1, 6752, 'A20594547', 1, 'es', 2, 1);

commit;
-------------------------------------------------------------

delete FROM ECI_INVENTORY.ECI_IND_EXPRESS_REFS E
Where UNIQUE_CODE in (
'000000000143846841',
'000000000143846843',
'000000000143846845'
);



Insert into ECI_INVENTORY.ECI_IND_EXPRESS_REFS (UNIQUE_CODE, SITE, COMPANY_ID, ECI_EXPRESS_THRESHOLD, IDX)
Values ('000000000143846841', 'eciStore', '001', 2, 8461);
Insert into ECI_INVENTORY.ECI_IND_EXPRESS_REFS (UNIQUE_CODE, SITE, COMPANY_ID, ECI_EXPRESS_THRESHOLD, IDX)
Values ('000000000143846843', 'eciStore', '001', 2, 8461);
Insert into ECI_INVENTORY.ECI_IND_EXPRESS_REFS (UNIQUE_CODE, SITE, COMPANY_ID, ECI_EXPRESS_THRESHOLD, IDX)
Values ('000000000143846845', 'eciStore', '001', 2, 8461);
 
commit;
------------------------------------------------------------------
delete FROM ECI_INVENTORY.ECI_INVENTORY E
Where catalog_ref_id in (
'000000000143846841',
'000000000143846843',
'000000000143846845'
);

    
Insert into ECI_INVENTORY.ECI_INVENTORY
   (CENTRE_ID, CATALOG_REF_ID, ON_HAND_AVAILABLE_QUANTITY, UNIT_OF_MEASURE, MAX_PER_ORDER_THRESH, SPECIAL_PRODUCT_THRESH, ORIGIN_MODIFICATION_TSTAMP, COMPANY_ID, UPDATE_DATE, CREATION_DATE, IDX, FUTURE_AVAILABLE_QUANTITY, FIRST_FUTURE_AVAILABLE_DATE, FUTURE_AVAILABLE_DATE, IDX_2)
 Values
   ('0003', '000000000143846841', 2000, NULL, 
    0, 0, TO_DATE('05/04/2016 00:00:00', 'MM/DD/YYYY HH24:MI:SS'), '001', TO_DATE('05/04/2016 16:07:56', 'MM/DD/YYYY HH24:MI:SS'), 
    TO_DATE('05/04/2016 16:07:56', 'MM/DD/YYYY HH24:MI:SS'), NULL, 999997999, TO_DATE('04/24/2018 00:00:00', 'MM/DD/YYYY HH24:MI:SS'), TO_DATE('04/24/2018 00:00:00', 'MM/DD/YYYY HH24:MI:SS'), 
    51829);
Insert into ECI_INVENTORY.ECI_INVENTORY
   (CENTRE_ID, CATALOG_REF_ID, ON_HAND_AVAILABLE_QUANTITY, UNIT_OF_MEASURE, MAX_PER_ORDER_THRESH, SPECIAL_PRODUCT_THRESH, ORIGIN_MODIFICATION_TSTAMP, COMPANY_ID, UPDATE_DATE, CREATION_DATE, IDX, FUTURE_AVAILABLE_QUANTITY, FIRST_FUTURE_AVAILABLE_DATE, FUTURE_AVAILABLE_DATE, IDX_2)
 Values
   ('0006', '000000000143846841', 2000, NULL, 
    0, 0, TO_DATE('05/04/2016 00:00:00', 'MM/DD/YYYY HH24:MI:SS'), '001', TO_DATE('05/04/2016 16:07:56', 'MM/DD/YYYY HH24:MI:SS'), 
    TO_DATE('05/04/2016 16:07:56', 'MM/DD/YYYY HH24:MI:SS'), NULL, 999997999, TO_DATE('04/24/2018 00:00:00', 'MM/DD/YYYY HH24:MI:SS'), TO_DATE('04/24/2018 00:00:00', 'MM/DD/YYYY HH24:MI:SS'), 
    51829);
    

    
Insert into ECI_INVENTORY.ECI_INVENTORY
   (CENTRE_ID, CATALOG_REF_ID, ON_HAND_AVAILABLE_QUANTITY, UNIT_OF_MEASURE, MAX_PER_ORDER_THRESH, SPECIAL_PRODUCT_THRESH, ORIGIN_MODIFICATION_TSTAMP, COMPANY_ID, UPDATE_DATE, CREATION_DATE, IDX, FUTURE_AVAILABLE_QUANTITY, FIRST_FUTURE_AVAILABLE_DATE, FUTURE_AVAILABLE_DATE, IDX_2)
 Values
   ('0003', '000000000143846843', 2000, NULL, 
    0, 0, TO_DATE('05/04/2016 00:00:00', 'MM/DD/YYYY HH24:MI:SS'), '001', TO_DATE('05/04/2016 16:07:56', 'MM/DD/YYYY HH24:MI:SS'), 
    TO_DATE('05/04/2016 16:07:56', 'MM/DD/YYYY HH24:MI:SS'), NULL, 999997999, TO_DATE('04/24/2018 00:00:00', 'MM/DD/YYYY HH24:MI:SS'), TO_DATE('04/24/2018 00:00:00', 'MM/DD/YYYY HH24:MI:SS'), 
    51829);
Insert into ECI_INVENTORY.ECI_INVENTORY
   (CENTRE_ID, CATALOG_REF_ID, ON_HAND_AVAILABLE_QUANTITY, UNIT_OF_MEASURE, MAX_PER_ORDER_THRESH, SPECIAL_PRODUCT_THRESH, ORIGIN_MODIFICATION_TSTAMP, COMPANY_ID, UPDATE_DATE, CREATION_DATE, IDX, FUTURE_AVAILABLE_QUANTITY, FIRST_FUTURE_AVAILABLE_DATE, FUTURE_AVAILABLE_DATE, IDX_2)
 Values
   ('0006', '000000000143846843', 2000, NULL, 
    0, 0, TO_DATE('05/04/2016 00:00:00', 'MM/DD/YYYY HH24:MI:SS'), '001', TO_DATE('05/04/2016 16:07:56', 'MM/DD/YYYY HH24:MI:SS'), 
    TO_DATE('05/04/2016 16:07:56', 'MM/DD/YYYY HH24:MI:SS'), NULL, 999997999, TO_DATE('04/24/2018 00:00:00', 'MM/DD/YYYY HH24:MI:SS'), TO_DATE('04/24/2018 00:00:00', 'MM/DD/YYYY HH24:MI:SS'), 
    51829);
Insert into ECI_INVENTORY.ECI_INVENTORY
   (CENTRE_ID, CATALOG_REF_ID, ON_HAND_AVAILABLE_QUANTITY, UNIT_OF_MEASURE, MAX_PER_ORDER_THRESH, SPECIAL_PRODUCT_THRESH, ORIGIN_MODIFICATION_TSTAMP, COMPANY_ID, UPDATE_DATE, CREATION_DATE, IDX, FUTURE_AVAILABLE_QUANTITY, FIRST_FUTURE_AVAILABLE_DATE, FUTURE_AVAILABLE_DATE, IDX_2)
 Values
   ('0090', '000000000143846843', 2000, NULL, 
    0, 0, TO_DATE('05/04/2016 00:00:00', 'MM/DD/YYYY HH24:MI:SS'), '001', TO_DATE('05/04/2016 16:07:56', 'MM/DD/YYYY HH24:MI:SS'), 
    TO_DATE('05/04/2016 16:07:56', 'MM/DD/YYYY HH24:MI:SS'), NULL, 999997999, TO_DATE('04/24/2018 00:00:00', 'MM/DD/YYYY HH24:MI:SS'), TO_DATE('04/24/2018 00:00:00', 'MM/DD/YYYY HH24:MI:SS'), 
    51829);
Insert into ECI_INVENTORY.ECI_INVENTORY
   (CENTRE_ID, CATALOG_REF_ID, ON_HAND_AVAILABLE_QUANTITY, UNIT_OF_MEASURE, MAX_PER_ORDER_THRESH, SPECIAL_PRODUCT_THRESH, ORIGIN_MODIFICATION_TSTAMP, COMPANY_ID, UPDATE_DATE, CREATION_DATE, IDX, FUTURE_AVAILABLE_QUANTITY, FIRST_FUTURE_AVAILABLE_DATE, FUTURE_AVAILABLE_DATE, IDX_2)
 Values
   ('0012', '000000000143846843', 2000, NULL, 
    0, 0, TO_DATE('05/04/2016 00:00:00', 'MM/DD/YYYY HH24:MI:SS'), '001', TO_DATE('05/04/2016 16:07:56', 'MM/DD/YYYY HH24:MI:SS'), 
    TO_DATE('05/04/2016 16:07:56', 'MM/DD/YYYY HH24:MI:SS'), NULL, 999997999, TO_DATE('04/24/2018 00:00:00', 'MM/DD/YYYY HH24:MI:SS'), TO_DATE('04/24/2018 00:00:00', 'MM/DD/YYYY HH24:MI:SS'), 
    51829);
Insert into ECI_INVENTORY.ECI_INVENTORY
   (CENTRE_ID, CATALOG_REF_ID, ON_HAND_AVAILABLE_QUANTITY, UNIT_OF_MEASURE, MAX_PER_ORDER_THRESH, SPECIAL_PRODUCT_THRESH, ORIGIN_MODIFICATION_TSTAMP, COMPANY_ID, UPDATE_DATE, CREATION_DATE, IDX, FUTURE_AVAILABLE_QUANTITY, FIRST_FUTURE_AVAILABLE_DATE, FUTURE_AVAILABLE_DATE, IDX_2)
 Values
   ('0072', '000000000143846843', 2000, NULL, 
    0, 0, TO_DATE('05/04/2016 00:00:00', 'MM/DD/YYYY HH24:MI:SS'), '001', TO_DATE('05/04/2016 16:07:56', 'MM/DD/YYYY HH24:MI:SS'), 
    TO_DATE('05/04/2016 16:07:56', 'MM/DD/YYYY HH24:MI:SS'), NULL, 999997999, TO_DATE('04/24/2018 00:00:00', 'MM/DD/YYYY HH24:MI:SS'), TO_DATE('04/24/2018 00:00:00', 'MM/DD/YYYY HH24:MI:SS'), 
    51829);
Insert into ECI_INVENTORY.ECI_INVENTORY
   (CENTRE_ID, CATALOG_REF_ID, ON_HAND_AVAILABLE_QUANTITY, UNIT_OF_MEASURE, MAX_PER_ORDER_THRESH, SPECIAL_PRODUCT_THRESH, ORIGIN_MODIFICATION_TSTAMP, COMPANY_ID, UPDATE_DATE, CREATION_DATE, IDX, FUTURE_AVAILABLE_QUANTITY, FIRST_FUTURE_AVAILABLE_DATE, FUTURE_AVAILABLE_DATE, IDX_2)
 Values
   ('0098', '000000000143846843', 2000, NULL, 
    0, 0, TO_DATE('05/04/2016 00:00:00', 'MM/DD/YYYY HH24:MI:SS'), '001', TO_DATE('05/04/2016 16:07:56', 'MM/DD/YYYY HH24:MI:SS'), 
    TO_DATE('05/04/2016 16:07:56', 'MM/DD/YYYY HH24:MI:SS'), NULL, 999997999, TO_DATE('04/24/2018 00:00:00', 'MM/DD/YYYY HH24:MI:SS'), TO_DATE('04/24/2018 00:00:00', 'MM/DD/YYYY HH24:MI:SS'), 
    51829);      
    
    
    
Insert into ECI_INVENTORY.ECI_INVENTORY
   (CENTRE_ID, CATALOG_REF_ID, ON_HAND_AVAILABLE_QUANTITY, UNIT_OF_MEASURE, MAX_PER_ORDER_THRESH, SPECIAL_PRODUCT_THRESH, ORIGIN_MODIFICATION_TSTAMP, COMPANY_ID, UPDATE_DATE, CREATION_DATE, IDX, FUTURE_AVAILABLE_QUANTITY, FIRST_FUTURE_AVAILABLE_DATE, FUTURE_AVAILABLE_DATE, IDX_2)
 Values
   ('0003', '000000000143846845', 2000, NULL, 
    0, 0, TO_DATE('05/04/2016 00:00:00', 'MM/DD/YYYY HH24:MI:SS'), '001', TO_DATE('05/04/2016 16:07:56', 'MM/DD/YYYY HH24:MI:SS'), 
    TO_DATE('05/04/2016 16:07:56', 'MM/DD/YYYY HH24:MI:SS'), NULL, 999997999, TO_DATE('04/24/2018 00:00:00', 'MM/DD/YYYY HH24:MI:SS'), TO_DATE('04/24/2018 00:00:00', 'MM/DD/YYYY HH24:MI:SS'), 
    51829);
Insert into ECI_INVENTORY.ECI_INVENTORY
   (CENTRE_ID, CATALOG_REF_ID, ON_HAND_AVAILABLE_QUANTITY, UNIT_OF_MEASURE, MAX_PER_ORDER_THRESH, SPECIAL_PRODUCT_THRESH, ORIGIN_MODIFICATION_TSTAMP, COMPANY_ID, UPDATE_DATE, CREATION_DATE, IDX, FUTURE_AVAILABLE_QUANTITY, FIRST_FUTURE_AVAILABLE_DATE, FUTURE_AVAILABLE_DATE, IDX_2)
 Values
   ('0006', '000000000143846845', 2000, NULL, 
    0, 0, TO_DATE('05/04/2016 00:00:00', 'MM/DD/YYYY HH24:MI:SS'), '001', TO_DATE('05/04/2016 16:07:56', 'MM/DD/YYYY HH24:MI:SS'), 
    TO_DATE('05/04/2016 16:07:56', 'MM/DD/YYYY HH24:MI:SS'), NULL, 999997999, TO_DATE('04/24/2018 00:00:00', 'MM/DD/YYYY HH24:MI:SS'), TO_DATE('04/24/2018 00:00:00', 'MM/DD/YYYY HH24:MI:SS'), 
    51829);
    
    
commit;
-------------------------------------------------

-------------------------------------------------
--       PD00000516-1362
-------------------------------------------------

-- Inventario para la parte MKP de los productos RnD

delete from ECI_INVENTORY.ECI_MKP_INVENTORY where OFFER_ID in (
'15211',
'16374',
'16790',
'17627',
'17629',
'17799',
'17894',
'17937',
'18043',
'18079',
'18082',
'18088',
'18097',
'18133',
'18134',
'18135',
'18136',
'18137',
'18138',
'18144',
'18176',
'18232'
);

Insert into ECI_INVENTORY.ECI_MKP_INVENTORY (EAN,PROVIDER_ID,OFFER_ID,PRODUCT_ID,CATALOG_REF_ID,STOCK,UPDATE_DATE,CREATION_DATE,IDX,UNIQUE_CODE) values ('5051040688524','0499772','17937','A13440575','001003384400713 80','120000',to_date('06/08/2019','DD/MM/YYYY'),to_date('06/08/2019','DD/MM/YYYY'),'369',null);
Insert into ECI_INVENTORY.ECI_MKP_INVENTORY (EAN,PROVIDER_ID,OFFER_ID,PRODUCT_ID,CATALOG_REF_ID,STOCK,UPDATE_DATE,CREATION_DATE,IDX,UNIQUE_CODE) values ('0888462565042','0324319','18097','A16608228','001094610600259   ','10002',to_date('06/08/2019','DD/MM/YYYY'),to_date('06/08/2019','DD/MM/YYYY'),'412','0888462565042_000000000142832087');
Insert into ECI_INVENTORY.ECI_MKP_INVENTORY (EAN,PROVIDER_ID,OFFER_ID,PRODUCT_ID,CATALOG_REF_ID,STOCK,UPDATE_DATE,CREATION_DATE,IDX,UNIQUE_CODE) values ('1111111113755','0499772','17629','A13710316',null,'99999',to_date('06/08/2019','DD/MM/YYYY'),to_date('06/08/2019','DD/MM/YYYY'),'22',null);
Insert into ECI_INVENTORY.ECI_MKP_INVENTORY (EAN,PROVIDER_ID,OFFER_ID,PRODUCT_ID,CATALOG_REF_ID,STOCK,UPDATE_DATE,CREATION_DATE,IDX,UNIQUE_CODE) values ('9782849070680','0000572','15211','A11261331','001005113409543   ','120001',to_date('06/08/2019','DD/MM/YYYY'),to_date('06/08/2019','DD/MM/YYYY'),'85',null);
Insert into ECI_INVENTORY.ECI_MKP_INVENTORY (EAN,PROVIDER_ID,OFFER_ID,PRODUCT_ID,CATALOG_REF_ID,STOCK,UPDATE_DATE,CREATION_DATE,IDX,UNIQUE_CODE) values ('8806084983497','0008272','18082','A15325011','001057063407787  9','9999',to_date('09/08/2019','DD/MM/YYYY'),to_date('06/08/2019','DD/MM/YYYY'),'101','0498723561041_000000000108290647');
Insert into ECI_INVENTORY.ECI_MKP_INVENTORY (EAN,PROVIDER_ID,OFFER_ID,PRODUCT_ID,CATALOG_REF_ID,STOCK,UPDATE_DATE,CREATION_DATE,IDX,UNIQUE_CODE) values ('8055680486103','0499772','17627','A13710316','001009228800448 44','100000',to_date('06/08/2019','DD/MM/YYYY'),to_date('06/08/2019','DD/MM/YYYY'),'450',null);
Insert into ECI_INVENTORY.ECI_MKP_INVENTORY (EAN,PROVIDER_ID,OFFER_ID,PRODUCT_ID,CATALOG_REF_ID,STOCK,UPDATE_DATE,CREATION_DATE,IDX,UNIQUE_CODE) values ('0888462567718','0008272','18088','A16608160','001094610200613   ','10000',to_date('06/08/2019','DD/MM/YYYY'),to_date('06/08/2019','DD/MM/YYYY'),'452','0888462501286_000000000108290647');
Insert into ECI_INVENTORY.ECI_MKP_INVENTORY (EAN,PROVIDER_ID,OFFER_ID,PRODUCT_ID,CATALOG_REF_ID,STOCK,UPDATE_DATE,CREATION_DATE,IDX,UNIQUE_CODE) values ('8806088137377','0054791','17894','A17847000','001057063409338009','10000',to_date('08/08/2019','DD/MM/YYYY'),to_date('06/08/2019','DD/MM/YYYY'),'579','0498723016542_000000000108110862');
Insert into ECI_INVENTORY.ECI_MKP_INVENTORY (EAN,PROVIDER_ID,OFFER_ID,PRODUCT_ID,CATALOG_REF_ID,STOCK,UPDATE_DATE,CREATION_DATE,IDX,UNIQUE_CODE) values ('8806088137377','0008272','18079','A17847000','001057063409338009','10000',to_date('06/08/2019','DD/MM/YYYY'),to_date('06/08/2019','DD/MM/YYYY'),'592','0498723016542_000000000108290647');
Insert into ECI_INVENTORY.ECI_MKP_INVENTORY (EAN,PROVIDER_ID,OFFER_ID,PRODUCT_ID,CATALOG_REF_ID,STOCK,UPDATE_DATE,CREATION_DATE,IDX,UNIQUE_CODE) values ('2401976575932','0054791','18136','MP_0054791_REFRND10',null,'1000',to_date('06/08/2019','DD/MM/YYYY'),to_date('06/08/2019','DD/MM/YYYY'),'903','2401976575932_000000000108110862');
Insert into ECI_INVENTORY.ECI_MKP_INVENTORY (EAN,PROVIDER_ID,OFFER_ID,PRODUCT_ID,CATALOG_REF_ID,STOCK,UPDATE_DATE,CREATION_DATE,IDX,UNIQUE_CODE) values ('2401551575968','0054791','18133','MP_0054791_REFRND03',null,'1000',to_date('06/08/2019','DD/MM/YYYY'),to_date('06/08/2019','DD/MM/YYYY'),'934','2401551575968_000000000108110862');
Insert into ECI_INVENTORY.ECI_MKP_INVENTORY (EAN,PROVIDER_ID,OFFER_ID,PRODUCT_ID,CATALOG_REF_ID,STOCK,UPDATE_DATE,CREATION_DATE,IDX,UNIQUE_CODE) values ('2401976575949','0054791','18137','MP_0054791_REFRND11',null,'1000',to_date('06/08/2019','DD/MM/YYYY'),to_date('06/08/2019','DD/MM/YYYY'),'1053','2401976575949_000000000108110862');
Insert into ECI_INVENTORY.ECI_MKP_INVENTORY (EAN,PROVIDER_ID,OFFER_ID,PRODUCT_ID,CATALOG_REF_ID,STOCK,UPDATE_DATE,CREATION_DATE,IDX,UNIQUE_CODE) values ('2401976575925','0054791','18135','MP_0054791_REFRND09',null,'1000',to_date('06/08/2019','DD/MM/YYYY'),to_date('06/08/2019','DD/MM/YYYY'),'1528','2401976575925_000000000108110862');
Insert into ECI_INVENTORY.ECI_MKP_INVENTORY (EAN,PROVIDER_ID,OFFER_ID,PRODUCT_ID,CATALOG_REF_ID,STOCK,UPDATE_DATE,CREATION_DATE,IDX,UNIQUE_CODE) values ('2401551575975','0054791','18134','MP_0054791_REFRND04',null,'1000',to_date('06/08/2019','DD/MM/YYYY'),to_date('06/08/2019','DD/MM/YYYY'),'1638','2401551575975_000000000108110862');
Insert into ECI_INVENTORY.ECI_MKP_INVENTORY (EAN,PROVIDER_ID,OFFER_ID,PRODUCT_ID,CATALOG_REF_ID,STOCK,UPDATE_DATE,CREATION_DATE,IDX,UNIQUE_CODE) values ('2401982498843','0054791','18176','MP_0054791_REFRND12',null,'5',to_date('06/08/2019','DD/MM/YYYY'),to_date('06/08/2019','DD/MM/YYYY'),'1454','2401982498843_000000000108110862');
Insert into ECI_INVENTORY.ECI_MKP_INVENTORY (EAN,PROVIDER_ID,OFFER_ID,PRODUCT_ID,CATALOG_REF_ID,STOCK,UPDATE_DATE,CREATION_DATE,IDX,UNIQUE_CODE) values ('2401992831081','0054791','18144','MP_0054791_REFRND17',null,'10004',to_date('13/08/2019','DD/MM/YYYY'),to_date('06/08/2019','DD/MM/YYYY'),'1457','2401992831081_000000000108110862');
Insert into ECI_INVENTORY.ECI_MKP_INVENTORY (EAN,PROVIDER_ID,OFFER_ID,PRODUCT_ID,CATALOG_REF_ID,STOCK,UPDATE_DATE,CREATION_DATE,IDX,UNIQUE_CODE) values ('8433311258716','0538405','18043','A11301553','001005400903034   ','10001',to_date('06/08/2019','DD/MM/YYYY'),to_date('06/08/2019','DD/MM/YYYY'),'3106','8433311258716_000000000143209295');
Insert into ECI_INVENTORY.ECI_MKP_INVENTORY (EAN,PROVIDER_ID,OFFER_ID,PRODUCT_ID,CATALOG_REF_ID,STOCK,UPDATE_DATE,CREATION_DATE,IDX,UNIQUE_CODE) values ('8301038666151','0140004','17799','A9809469',null,'10000',to_date('06/08/2019','DD/MM/YYYY'),to_date('06/08/2019','DD/MM/YYYY'),'29206','8301038666151_000000000143209106');

delete from ECI_INVENTORY.ECI_MKP_INVENTORY_STL where OFFER_ID in (
'15211',
'16374',
'16790',
'17627',
'17629',
'17799',
'17894',
'17937',
'18043',
'18079',
'18082',
'18088',
'18097',
'18133',
'18134',
'18135',
'18136',
'18137',
'18138',
'18144',
'18176',
'18232'
);

Insert into ECI_INVENTORY.ECI_MKP_INVENTORY_STL (EAN,PROVIDER_ID,OFFER_ID,PRODUCT_ID,CATALOG_REF_ID,STOCK,UPDATE_DATE,CREATION_DATE,IDX,UNIQUE_CODE) values ('0888462565042','0324319','18097','A16608228','001094610600259   ','10002',to_date('06/08/2019','DD/MM/YYYY'),to_date('06/08/2019','DD/MM/YYYY'),'412','0888462565042_000000000142832087');
Insert into ECI_INVENTORY.ECI_MKP_INVENTORY_STL (EAN,PROVIDER_ID,OFFER_ID,PRODUCT_ID,CATALOG_REF_ID,STOCK,UPDATE_DATE,CREATION_DATE,IDX,UNIQUE_CODE) values ('8806084983497','0008272','18082','A15325011','001057063407787  9','9999',to_date('09/08/2019','DD/MM/YYYY'),to_date('06/08/2019','DD/MM/YYYY'),'101','0498723561041_000000000108290647');
Insert into ECI_INVENTORY.ECI_MKP_INVENTORY_STL (EAN,PROVIDER_ID,OFFER_ID,PRODUCT_ID,CATALOG_REF_ID,STOCK,UPDATE_DATE,CREATION_DATE,IDX,UNIQUE_CODE) values ('0888462567718','0008272','18088','A16608160','001094610200613   ','10000',to_date('06/08/2019','DD/MM/YYYY'),to_date('06/08/2019','DD/MM/YYYY'),'452','0888462501286_000000000108290647');
Insert into ECI_INVENTORY.ECI_MKP_INVENTORY_STL (EAN,PROVIDER_ID,OFFER_ID,PRODUCT_ID,CATALOG_REF_ID,STOCK,UPDATE_DATE,CREATION_DATE,IDX,UNIQUE_CODE) values ('8806088137377','0054791','17894','A17847000','001057063409338009','10000',to_date('08/08/2019','DD/MM/YYYY'),to_date('06/08/2019','DD/MM/YYYY'),'579','0498723016542_000000000108110862');
Insert into ECI_INVENTORY.ECI_MKP_INVENTORY_STL (EAN,PROVIDER_ID,OFFER_ID,PRODUCT_ID,CATALOG_REF_ID,STOCK,UPDATE_DATE,CREATION_DATE,IDX,UNIQUE_CODE) values ('8806088137377','0008272','18079','A17847000','001057063409338009','10000',to_date('06/08/2019','DD/MM/YYYY'),to_date('06/08/2019','DD/MM/YYYY'),'592','0498723016542_000000000108290647');
Insert into ECI_INVENTORY.ECI_MKP_INVENTORY_STL (EAN,PROVIDER_ID,OFFER_ID,PRODUCT_ID,CATALOG_REF_ID,STOCK,UPDATE_DATE,CREATION_DATE,IDX,UNIQUE_CODE) values ('2401976575932','0054791','18136','MP_0054791_REFRND10',null,'1000',to_date('06/08/2019','DD/MM/YYYY'),to_date('06/08/2019','DD/MM/YYYY'),'903','2401976575932_000000000108110862');
Insert into ECI_INVENTORY.ECI_MKP_INVENTORY_STL (EAN,PROVIDER_ID,OFFER_ID,PRODUCT_ID,CATALOG_REF_ID,STOCK,UPDATE_DATE,CREATION_DATE,IDX,UNIQUE_CODE) values ('2401551575968','0054791','18133','MP_0054791_REFRND03',null,'1000',to_date('06/08/2019','DD/MM/YYYY'),to_date('06/08/2019','DD/MM/YYYY'),'934','2401551575968_000000000108110862');
Insert into ECI_INVENTORY.ECI_MKP_INVENTORY_STL (EAN,PROVIDER_ID,OFFER_ID,PRODUCT_ID,CATALOG_REF_ID,STOCK,UPDATE_DATE,CREATION_DATE,IDX,UNIQUE_CODE) values ('2401976575949','0054791','18137','MP_0054791_REFRND11',null,'1000',to_date('06/08/2019','DD/MM/YYYY'),to_date('06/08/2019','DD/MM/YYYY'),'1053','2401976575949_000000000108110862');
Insert into ECI_INVENTORY.ECI_MKP_INVENTORY_STL (EAN,PROVIDER_ID,OFFER_ID,PRODUCT_ID,CATALOG_REF_ID,STOCK,UPDATE_DATE,CREATION_DATE,IDX,UNIQUE_CODE) values ('2401976575925','0054791','18135','MP_0054791_REFRND09',null,'1000',to_date('06/08/2019','DD/MM/YYYY'),to_date('06/08/2019','DD/MM/YYYY'),'1528','2401976575925_000000000108110862');
Insert into ECI_INVENTORY.ECI_MKP_INVENTORY_STL (EAN,PROVIDER_ID,OFFER_ID,PRODUCT_ID,CATALOG_REF_ID,STOCK,UPDATE_DATE,CREATION_DATE,IDX,UNIQUE_CODE) values ('2401551575975','0054791','18134','MP_0054791_REFRND04',null,'1000',to_date('06/08/2019','DD/MM/YYYY'),to_date('06/08/2019','DD/MM/YYYY'),'1638','2401551575975_000000000108110862');
Insert into ECI_INVENTORY.ECI_MKP_INVENTORY_STL (EAN,PROVIDER_ID,OFFER_ID,PRODUCT_ID,CATALOG_REF_ID,STOCK,UPDATE_DATE,CREATION_DATE,IDX,UNIQUE_CODE) values ('2401982498843','0054791','18176','MP_0054791_REFRND12',null,'5',to_date('06/08/2019','DD/MM/YYYY'),to_date('06/08/2019','DD/MM/YYYY'),'1454','2401982498843_000000000108110862');
Insert into ECI_INVENTORY.ECI_MKP_INVENTORY_STL (EAN,PROVIDER_ID,OFFER_ID,PRODUCT_ID,CATALOG_REF_ID,STOCK,UPDATE_DATE,CREATION_DATE,IDX,UNIQUE_CODE) values ('2401992831081','0054791','18144','MP_0054791_REFRND17',null,'10004',to_date('13/08/2019','DD/MM/YYYY'),to_date('06/08/2019','DD/MM/YYYY'),'1457','2401992831081_000000000108110862');
Insert into ECI_INVENTORY.ECI_MKP_INVENTORY_STL (EAN,PROVIDER_ID,OFFER_ID,PRODUCT_ID,CATALOG_REF_ID,STOCK,UPDATE_DATE,CREATION_DATE,IDX,UNIQUE_CODE) values ('8433311258716','0538405','18043','A11301553','001005400903034   ','10001',to_date('06/08/2019','DD/MM/YYYY'),to_date('06/08/2019','DD/MM/YYYY'),'3106','8433311258716_000000000143209295');
Insert into ECI_INVENTORY.ECI_MKP_INVENTORY_STL (EAN,PROVIDER_ID,OFFER_ID,PRODUCT_ID,CATALOG_REF_ID,STOCK,UPDATE_DATE,CREATION_DATE,IDX,UNIQUE_CODE) values ('8301038666151','0140004','17799','A9809469',null,'10000',to_date('06/08/2019','DD/MM/YYYY'),to_date('06/08/2019','DD/MM/YYYY'),'29206','8301038666151_000000000143209106');

commit;
-------------------------------------------------