SET DEFINE OFF;

-------------------------------------------------
--       PD00000460-10008360
-------------------------------------------------
-- Productos MKP con Disposal name

delete from eci_mkp_inventory where offer_id in (
'21560',
'21561',
'21562',
'21563',
'21564',
'21565',
'21566',
'21567',
'21568'
);

Insert into ECI_MKP_INVENTORY (EAN,PROVIDER_ID,OFFER_ID,PRODUCT_ID,CATALOG_REF_ID,STOCK,UPDATE_DATE,CREATION_DATE,IDX,UNIQUE_CODE) values ('2013714000356','0436790','21564','A17284744','001001371400043030','10000',to_date('01/07/2020','DD/MM/YYYY'),to_date('01/07/2020','DD/MM/YYYY'),'86536',null);
Insert into ECI_MKP_INVENTORY (EAN,PROVIDER_ID,OFFER_ID,PRODUCT_ID,CATALOG_REF_ID,STOCK,UPDATE_DATE,CREATION_DATE,IDX,UNIQUE_CODE) values ('2085237002957','0436790','21563','A5442631','001008523700295   ','10000',to_date('01/07/2020','DD/MM/YYYY'),to_date('01/07/2020','DD/MM/YYYY'),'11811',null);
Insert into ECI_MKP_INVENTORY (EAN,PROVIDER_ID,OFFER_ID,PRODUCT_ID,CATALOG_REF_ID,STOCK,UPDATE_DATE,CREATION_DATE,IDX,UNIQUE_CODE) values ('7332543351923','0436790','21562','A11742814','001004710110190   ','10000',to_date('01/07/2020','DD/MM/YYYY'),to_date('01/07/2020','DD/MM/YYYY'),'82377',null);
Insert into ECI_MKP_INVENTORY (EAN,PROVIDER_ID,OFFER_ID,PRODUCT_ID,CATALOG_REF_ID,STOCK,UPDATE_DATE,CREATION_DATE,IDX,UNIQUE_CODE) values ('3417761134221','0436790','21561','A557062','001056610101463   ','10000',to_date('01/07/2020','DD/MM/YYYY'),to_date('01/07/2020','DD/MM/YYYY'),'1331',null);
Insert into ECI_MKP_INVENTORY (EAN,PROVIDER_ID,OFFER_ID,PRODUCT_ID,CATALOG_REF_ID,STOCK,UPDATE_DATE,CREATION_DATE,IDX,UNIQUE_CODE) values ('2085237002958','0436790','21567','A5442631',null,'10000',to_date('01/07/2020','DD/MM/YYYY'),to_date('01/07/2020','DD/MM/YYYY'),'41326',null);
Insert into ECI_MKP_INVENTORY (EAN,PROVIDER_ID,OFFER_ID,PRODUCT_ID,CATALOG_REF_ID,STOCK,UPDATE_DATE,CREATION_DATE,IDX,UNIQUE_CODE) values ('8017709181820','0436790','21565','A11753448',null,'10000',to_date('01/07/2020','DD/MM/YYYY'),to_date('01/07/2020','DD/MM/YYYY'),'10469',null);
Insert into ECI_MKP_INVENTORY (EAN,PROVIDER_ID,OFFER_ID,PRODUCT_ID,CATALOG_REF_ID,STOCK,UPDATE_DATE,CREATION_DATE,IDX,UNIQUE_CODE) values ('3417761134222','0436790','21566','A557062',null,'10000',to_date('01/07/2020','DD/MM/YYYY'),to_date('01/07/2020','DD/MM/YYYY'),'23209',null);
Insert into ECI_MKP_INVENTORY (EAN,PROVIDER_ID,OFFER_ID,PRODUCT_ID,CATALOG_REF_ID,STOCK,UPDATE_DATE,CREATION_DATE,IDX,UNIQUE_CODE) values ('2013714000357','0436790','21568','A17284744',null,'10000',to_date('01/07/2020','DD/MM/YYYY'),to_date('01/07/2020','DD/MM/YYYY'),'45726',null);
Insert into ECI_MKP_INVENTORY (EAN,PROVIDER_ID,OFFER_ID,PRODUCT_ID,CATALOG_REF_ID,STOCK,UPDATE_DATE,CREATION_DATE,IDX,UNIQUE_CODE) values ('8017709181819','0436790','21560','A11753448','001004720352592   ','10000',to_date('01/07/2020','DD/MM/YYYY'),to_date('01/07/2020','DD/MM/YYYY'),'22682',null);


commit;
-------------------------------------------------

-------------------------------------------------
--       PD00000516-4021
-------------------------------------------------
-- Productos de automatizacion Marketplace
delete from ECI_INVENTORY.ECI_INVENTORY where catalog_ref_id in (
'000001073731490070', --PD00000516-6295
'000001073731490080', --PD00000516-6295
'000001073731490085', --PD00000516-6295
'000001073731490095', --PD00000516-6295
'000001073731490100', --PD00000516-6295
'000001073731490110', --PD00000516-6295
'000001073731490120',
'000001400394370095',
'000001400394370090',
'000001400394370085',
'000001400394370080',
'000001023947510080',
'000001423942910044'
);

delete from eci_mkp_inventory where offer_id in (
'21664',
'21665',
'21666',
'21667',
'21668',
'21669',
'21670',
'21671',
'21672',
'21673',
'21674',
'21675',
'21676',
'21677',
'21678',
'21679',
'21680',
'21681',
'21682',
'21683',
'21684',
'21685'
);

Insert into ECI_MKP_INVENTORY (EAN,PROVIDER_ID,OFFER_ID,PRODUCT_ID,CATALOG_REF_ID,STOCK,UPDATE_DATE,CREATION_DATE,IDX,UNIQUE_CODE) values ('0888376144487','0436790','21681','A14765509','001017730920935095','10000',to_date('07/07/2020','DD/MM/YYYY'),to_date('07/07/2020','DD/MM/YYYY'),'97934','0888376144487_000000000143129951');
Insert into ECI_MKP_INVENTORY (EAN,PROVIDER_ID,OFFER_ID,PRODUCT_ID,CATALOG_REF_ID,STOCK,UPDATE_DATE,CREATION_DATE,IDX,UNIQUE_CODE) values ('8051516132276','0436790','21670','A18232949',null,'10000',to_date('07/07/2020','DD/MM/YYYY'),to_date('07/07/2020','DD/MM/YYYY'),'38192','8051516132276_000000000143129951');
Insert into ECI_MKP_INVENTORY (EAN,PROVIDER_ID,OFFER_ID,PRODUCT_ID,CATALOG_REF_ID,STOCK,UPDATE_DATE,CREATION_DATE,IDX,UNIQUE_CODE) values ('0888376144463','0436790','21679','A14765509','001017730920935085','10000',to_date('07/07/2020','DD/MM/YYYY'),to_date('07/07/2020','DD/MM/YYYY'),'40093','0888376144463_000000000143129951');
Insert into ECI_MKP_INVENTORY (EAN,PROVIDER_ID,OFFER_ID,PRODUCT_ID,CATALOG_REF_ID,STOCK,UPDATE_DATE,CREATION_DATE,IDX,UNIQUE_CODE) values ('4008789047962','0436790','21668','MP_0436790_INTEXC02',null,'10000',to_date('07/07/2020','DD/MM/YYYY'),to_date('07/07/2020','DD/MM/YYYY'),'23850','4008789047962_000000000143129951');
Insert into ECI_MKP_INVENTORY (EAN,PROVIDER_ID,OFFER_ID,PRODUCT_ID,CATALOG_REF_ID,STOCK,UPDATE_DATE,CREATION_DATE,IDX,UNIQUE_CODE) values ('4008789060015','0436790','21665','MP_0436790_INTEXC01',null,'10000',to_date('07/07/2020','DD/MM/YYYY'),to_date('07/07/2020','DD/MM/YYYY'),'79276','4008789060015_000000000143129951');
Insert into ECI_MKP_INVENTORY (EAN,PROVIDER_ID,OFFER_ID,PRODUCT_ID,CATALOG_REF_ID,STOCK,UPDATE_DATE,CREATION_DATE,IDX,UNIQUE_CODE) values ('0888376144472','0436790','21676','MP_0436790_IMGPRIO1',null,'10000',to_date('07/07/2020','DD/MM/YYYY'),to_date('07/07/2020','DD/MM/YYYY'),'38142','0888376144472_000000000143129951');
Insert into ECI_MKP_INVENTORY (EAN,PROVIDER_ID,OFFER_ID,PRODUCT_ID,CATALOG_REF_ID,STOCK,UPDATE_DATE,CREATION_DATE,IDX,UNIQUE_CODE) values ('0888376144489','0436790','21677','MP_0436790_IMGPRIO1',null,'10000',to_date('07/07/2020','DD/MM/YYYY'),to_date('07/07/2020','DD/MM/YYYY'),'52639','0888376144489_000000000143129951');
Insert into ECI_MKP_INVENTORY (EAN,PROVIDER_ID,OFFER_ID,PRODUCT_ID,CATALOG_REF_ID,STOCK,UPDATE_DATE,CREATION_DATE,IDX,UNIQUE_CODE) values ('8051516132275','0436790','21669','A18232949','001003384700690044','10000',to_date('07/07/2020','DD/MM/YYYY'),to_date('07/07/2020','DD/MM/YYYY'),'41130','8051516132275_000000000143129951');
Insert into ECI_MKP_INVENTORY (EAN,PROVIDER_ID,OFFER_ID,PRODUCT_ID,CATALOG_REF_ID,STOCK,UPDATE_DATE,CREATION_DATE,IDX,UNIQUE_CODE) values ('0887682289738','0436790','21672','A630180','001017735208567 80','10000',to_date('07/07/2020','DD/MM/YYYY'),to_date('07/07/2020','DD/MM/YYYY'),'34024','0887682289738_000000000143129951');
Insert into ECI_MKP_INVENTORY (EAN,PROVIDER_ID,OFFER_ID,PRODUCT_ID,CATALOG_REF_ID,STOCK,UPDATE_DATE,CREATION_DATE,IDX,UNIQUE_CODE) values ('0886736622065','0436790','21667','A14262230',null,'10000',to_date('07/07/2020','DD/MM/YYYY'),to_date('07/07/2020','DD/MM/YYYY'),'74919','0886736622065_000000000143129951');
Insert into ECI_MKP_INVENTORY (EAN,PROVIDER_ID,OFFER_ID,PRODUCT_ID,CATALOG_REF_ID,STOCK,UPDATE_DATE,CREATION_DATE,IDX,UNIQUE_CODE) values ('9875641238888','0436790','21664','MP_0436790_PUM00235',null,'10000',to_date('03/07/2020','DD/MM/YYYY'),to_date('03/07/2020','DD/MM/YYYY'),'32679','9875641238888_000000000143129951');
Insert into ECI_MKP_INVENTORY (EAN,PROVIDER_ID,OFFER_ID,PRODUCT_ID,CATALOG_REF_ID,STOCK,UPDATE_DATE,CREATION_DATE,IDX,UNIQUE_CODE) values ('0888376144488','0436790','21685','A14765509',null,'10000',to_date('07/07/2020','DD/MM/YYYY'),to_date('07/07/2020','DD/MM/YYYY'),'29312','0888376144488_000000000143129951');
Insert into ECI_MKP_INVENTORY (EAN,PROVIDER_ID,OFFER_ID,PRODUCT_ID,CATALOG_REF_ID,STOCK,UPDATE_DATE,CREATION_DATE,IDX,UNIQUE_CODE) values ('0888376144465','0436790','21675','MP_0436790_IMGPRIO1',null,'10000',to_date('07/07/2020','DD/MM/YYYY'),to_date('07/07/2020','DD/MM/YYYY'),'30637','0888376144465_000000000143129951');
Insert into ECI_MKP_INVENTORY (EAN,PROVIDER_ID,OFFER_ID,PRODUCT_ID,CATALOG_REF_ID,STOCK,UPDATE_DATE,CREATION_DATE,IDX,UNIQUE_CODE) values ('0886736622064','0436790','21666','A14262230','001017731242776120','10000',to_date('07/07/2020','DD/MM/YYYY'),to_date('07/07/2020','DD/MM/YYYY'),'70928','0886736622064_000000000143129951');
Insert into ECI_MKP_INVENTORY (EAN,PROVIDER_ID,OFFER_ID,PRODUCT_ID,CATALOG_REF_ID,STOCK,UPDATE_DATE,CREATION_DATE,IDX,UNIQUE_CODE) values ('4008789066980','0436790','21671','MP_0436790_NOSEARCH01',null,'10000',to_date('07/07/2020','DD/MM/YYYY'),to_date('07/07/2020','DD/MM/YYYY'),'25360','4008789066980_000000000143129951');
Insert into ECI_MKP_INVENTORY (EAN,PROVIDER_ID,OFFER_ID,PRODUCT_ID,CATALOG_REF_ID,STOCK,UPDATE_DATE,CREATION_DATE,IDX,UNIQUE_CODE) values ('0888376144470','0436790','21680','A14765509','001017730920935090','10000',to_date('07/07/2020','DD/MM/YYYY'),to_date('07/07/2020','DD/MM/YYYY'),'48310','0888376144470_000000000143129951');
Insert into ECI_MKP_INVENTORY (EAN,PROVIDER_ID,OFFER_ID,PRODUCT_ID,CATALOG_REF_ID,STOCK,UPDATE_DATE,CREATION_DATE,IDX,UNIQUE_CODE) values ('0888376144464','0436790','21683','A14765509',null,'10000',to_date('07/07/2020','DD/MM/YYYY'),to_date('07/07/2020','DD/MM/YYYY'),'22866','0888376144464_000000000143129951');
Insert into ECI_MKP_INVENTORY (EAN,PROVIDER_ID,OFFER_ID,PRODUCT_ID,CATALOG_REF_ID,STOCK,UPDATE_DATE,CREATION_DATE,IDX,UNIQUE_CODE) values ('0888376144456','0436790','21678','A14765509','001017730920935080','10000',to_date('07/07/2020','DD/MM/YYYY'),to_date('07/07/2020','DD/MM/YYYY'),'9803','0888376144456_000000000143129951');
Insert into ECI_MKP_INVENTORY (EAN,PROVIDER_ID,OFFER_ID,PRODUCT_ID,CATALOG_REF_ID,STOCK,UPDATE_DATE,CREATION_DATE,IDX,UNIQUE_CODE) values ('0887682289739','0436790','21673','A630180',null,'10000',to_date('07/07/2020','DD/MM/YYYY'),to_date('07/07/2020','DD/MM/YYYY'),'33509','0887682289739_000000000143129951');
Insert into ECI_MKP_INVENTORY (EAN,PROVIDER_ID,OFFER_ID,PRODUCT_ID,CATALOG_REF_ID,STOCK,UPDATE_DATE,CREATION_DATE,IDX,UNIQUE_CODE) values ('0888376144471','0436790','21684','A14765509',null,'10000',to_date('07/07/2020','DD/MM/YYYY'),to_date('07/07/2020','DD/MM/YYYY'),'51667','0888376144471_000000000143129951');
Insert into ECI_MKP_INVENTORY (EAN,PROVIDER_ID,OFFER_ID,PRODUCT_ID,CATALOG_REF_ID,STOCK,UPDATE_DATE,CREATION_DATE,IDX,UNIQUE_CODE) values ('0888376144457','0436790','21682','A14765509',null,'10000',to_date('07/07/2020','DD/MM/YYYY'),to_date('07/07/2020','DD/MM/YYYY'),'50590','0888376144457_000000000143129951');
Insert into ECI_MKP_INVENTORY (EAN,PROVIDER_ID,OFFER_ID,PRODUCT_ID,CATALOG_REF_ID,STOCK,UPDATE_DATE,CREATION_DATE,IDX,UNIQUE_CODE) values ('0888376144458','0436790','21674','MP_0436790_IMGPRIO1',null,'10000',to_date('07/07/2020','DD/MM/YYYY'),to_date('07/07/2020','DD/MM/YYYY'),'61377','0888376144458_000000000143129951');

delete from eci_mkp_inventory_stl where offer_id in (
'21664',
'21665',
'21666',
'21667',
'21668',
'21669',
'21670',
'21671',
'21672',
'21673',
'21674',
'21675',
'21676',
'21677',
'21678',
'21679',
'21680',
'21681',
'21682',
'21683',
'21684',
'21685'
);

Insert into ECI_MKP_INVENTORY_STL (EAN,PROVIDER_ID,OFFER_ID,PRODUCT_ID,CATALOG_REF_ID,STOCK,UNIQUE_CODE,UPDATE_DATE,CREATION_DATE,IDX) values ('0888376144470','0436790','21680','A14765509','001017730920935090','10000','0888376144470_000000000143129951',to_date('07/07/2020','DD/MM/YYYY'),to_date('07/07/2020','DD/MM/YYYY'),'70214');
Insert into ECI_MKP_INVENTORY_STL (EAN,PROVIDER_ID,OFFER_ID,PRODUCT_ID,CATALOG_REF_ID,STOCK,UNIQUE_CODE,UPDATE_DATE,CREATION_DATE,IDX) values ('0888376144472','0436790','21676','MP_0436790_IMGPRIO1',null,'10000','0888376144472_000000000143129951',to_date('07/07/2020','DD/MM/YYYY'),to_date('07/07/2020','DD/MM/YYYY'),'9452');
Insert into ECI_MKP_INVENTORY_STL (EAN,PROVIDER_ID,OFFER_ID,PRODUCT_ID,CATALOG_REF_ID,STOCK,UNIQUE_CODE,UPDATE_DATE,CREATION_DATE,IDX) values ('0888376144471','0436790','21684','A14765509',null,'10000','0888376144471_000000000143129951',to_date('07/07/2020','DD/MM/YYYY'),to_date('07/07/2020','DD/MM/YYYY'),'25912');
Insert into ECI_MKP_INVENTORY_STL (EAN,PROVIDER_ID,OFFER_ID,PRODUCT_ID,CATALOG_REF_ID,STOCK,UNIQUE_CODE,UPDATE_DATE,CREATION_DATE,IDX) values ('0888376144464','0436790','21683','A14765509',null,'10000','0888376144464_000000000143129951',to_date('07/07/2020','DD/MM/YYYY'),to_date('07/07/2020','DD/MM/YYYY'),'14166');
Insert into ECI_MKP_INVENTORY_STL (EAN,PROVIDER_ID,OFFER_ID,PRODUCT_ID,CATALOG_REF_ID,STOCK,UNIQUE_CODE,UPDATE_DATE,CREATION_DATE,IDX) values ('0888376144487','0436790','21681','A14765509','001017730920935095','10000','0888376144487_000000000143129951',to_date('07/07/2020','DD/MM/YYYY'),to_date('07/07/2020','DD/MM/YYYY'),'72813');
Insert into ECI_MKP_INVENTORY_STL (EAN,PROVIDER_ID,OFFER_ID,PRODUCT_ID,CATALOG_REF_ID,STOCK,UNIQUE_CODE,UPDATE_DATE,CREATION_DATE,IDX) values ('8051516132275','0436790','21669','A18232949','001003384700690044','10000','8051516132275_000000000143129951',to_date('07/07/2020','DD/MM/YYYY'),to_date('07/07/2020','DD/MM/YYYY'),'65417');
Insert into ECI_MKP_INVENTORY_STL (EAN,PROVIDER_ID,OFFER_ID,PRODUCT_ID,CATALOG_REF_ID,STOCK,UNIQUE_CODE,UPDATE_DATE,CREATION_DATE,IDX) values ('0887682289739','0436790','21673','A630180',null,'10000','0887682289739_000000000143129951',to_date('07/07/2020','DD/MM/YYYY'),to_date('07/07/2020','DD/MM/YYYY'),'1828');
Insert into ECI_MKP_INVENTORY_STL (EAN,PROVIDER_ID,OFFER_ID,PRODUCT_ID,CATALOG_REF_ID,STOCK,UNIQUE_CODE,UPDATE_DATE,CREATION_DATE,IDX) values ('0888376144488','0436790','21685','A14765509',null,'10000','0888376144488_000000000143129951',to_date('07/07/2020','DD/MM/YYYY'),to_date('07/07/2020','DD/MM/YYYY'),'19488');
Insert into ECI_MKP_INVENTORY_STL (EAN,PROVIDER_ID,OFFER_ID,PRODUCT_ID,CATALOG_REF_ID,STOCK,UNIQUE_CODE,UPDATE_DATE,CREATION_DATE,IDX) values ('0886736622064','0436790','21666','A14262230','001017731242776120','10000','0886736622064_000000000143129951',to_date('07/07/2020','DD/MM/YYYY'),to_date('07/07/2020','DD/MM/YYYY'),'97294');
Insert into ECI_MKP_INVENTORY_STL (EAN,PROVIDER_ID,OFFER_ID,PRODUCT_ID,CATALOG_REF_ID,STOCK,UNIQUE_CODE,UPDATE_DATE,CREATION_DATE,IDX) values ('0888376144456','0436790','21678','A14765509','001017730920935080','10000','0888376144456_000000000143129951',to_date('07/07/2020','DD/MM/YYYY'),to_date('07/07/2020','DD/MM/YYYY'),'63196');
Insert into ECI_MKP_INVENTORY_STL (EAN,PROVIDER_ID,OFFER_ID,PRODUCT_ID,CATALOG_REF_ID,STOCK,UNIQUE_CODE,UPDATE_DATE,CREATION_DATE,IDX) values ('4008789047962','0436790','21668','MP_0436790_INTEXC02',null,'10000','4008789047962_000000000143129951',to_date('07/07/2020','DD/MM/YYYY'),to_date('07/07/2020','DD/MM/YYYY'),'15443');
Insert into ECI_MKP_INVENTORY_STL (EAN,PROVIDER_ID,OFFER_ID,PRODUCT_ID,CATALOG_REF_ID,STOCK,UNIQUE_CODE,UPDATE_DATE,CREATION_DATE,IDX) values ('9875641238888','0436790','21664','MP_0436790_PUM00235',null,'10000','9875641238888_000000000143129951',to_date('03/07/2020','DD/MM/YYYY'),to_date('03/07/2020','DD/MM/YYYY'),'35923');
Insert into ECI_MKP_INVENTORY_STL (EAN,PROVIDER_ID,OFFER_ID,PRODUCT_ID,CATALOG_REF_ID,STOCK,UNIQUE_CODE,UPDATE_DATE,CREATION_DATE,IDX) values ('0887682289738','0436790','21672','A630180','001017735208567 80','10000','0887682289738_000000000143129951',to_date('07/07/2020','DD/MM/YYYY'),to_date('07/07/2020','DD/MM/YYYY'),'61206');
Insert into ECI_MKP_INVENTORY_STL (EAN,PROVIDER_ID,OFFER_ID,PRODUCT_ID,CATALOG_REF_ID,STOCK,UNIQUE_CODE,UPDATE_DATE,CREATION_DATE,IDX) values ('0886736622065','0436790','21667','A14262230',null,'10000','0886736622065_000000000143129951',to_date('07/07/2020','DD/MM/YYYY'),to_date('07/07/2020','DD/MM/YYYY'),'40623');
Insert into ECI_MKP_INVENTORY_STL (EAN,PROVIDER_ID,OFFER_ID,PRODUCT_ID,CATALOG_REF_ID,STOCK,UNIQUE_CODE,UPDATE_DATE,CREATION_DATE,IDX) values ('0888376144463','0436790','21679','A14765509','001017730920935085','10000','0888376144463_000000000143129951',to_date('07/07/2020','DD/MM/YYYY'),to_date('07/07/2020','DD/MM/YYYY'),'67873');
Insert into ECI_MKP_INVENTORY_STL (EAN,PROVIDER_ID,OFFER_ID,PRODUCT_ID,CATALOG_REF_ID,STOCK,UNIQUE_CODE,UPDATE_DATE,CREATION_DATE,IDX) values ('4008789060015','0436790','21665','MP_0436790_INTEXC01',null,'10000','4008789060015_000000000143129951',to_date('07/07/2020','DD/MM/YYYY'),to_date('07/07/2020','DD/MM/YYYY'),'460');
Insert into ECI_MKP_INVENTORY_STL (EAN,PROVIDER_ID,OFFER_ID,PRODUCT_ID,CATALOG_REF_ID,STOCK,UNIQUE_CODE,UPDATE_DATE,CREATION_DATE,IDX) values ('8051516132276','0436790','21670','A18232949',null,'10000','8051516132276_000000000143129951',to_date('07/07/2020','DD/MM/YYYY'),to_date('07/07/2020','DD/MM/YYYY'),'68169');
Insert into ECI_MKP_INVENTORY_STL (EAN,PROVIDER_ID,OFFER_ID,PRODUCT_ID,CATALOG_REF_ID,STOCK,UNIQUE_CODE,UPDATE_DATE,CREATION_DATE,IDX) values ('0888376144489','0436790','21677','MP_0436790_IMGPRIO1',null,'10000','0888376144489_000000000143129951',to_date('07/07/2020','DD/MM/YYYY'),to_date('07/07/2020','DD/MM/YYYY'),'44309');
Insert into ECI_MKP_INVENTORY_STL (EAN,PROVIDER_ID,OFFER_ID,PRODUCT_ID,CATALOG_REF_ID,STOCK,UNIQUE_CODE,UPDATE_DATE,CREATION_DATE,IDX) values ('0888376144458','0436790','21674','MP_0436790_IMGPRIO1',null,'10000','0888376144458_000000000143129951',to_date('07/07/2020','DD/MM/YYYY'),to_date('07/07/2020','DD/MM/YYYY'),'96556');
Insert into ECI_MKP_INVENTORY_STL (EAN,PROVIDER_ID,OFFER_ID,PRODUCT_ID,CATALOG_REF_ID,STOCK,UNIQUE_CODE,UPDATE_DATE,CREATION_DATE,IDX) values ('4008789066980','0436790','21671','MP_0436790_NOSEARCH01',null,'10000','4008789066980_000000000143129951',to_date('07/07/2020','DD/MM/YYYY'),to_date('07/07/2020','DD/MM/YYYY'),'24085');
Insert into ECI_MKP_INVENTORY_STL (EAN,PROVIDER_ID,OFFER_ID,PRODUCT_ID,CATALOG_REF_ID,STOCK,UNIQUE_CODE,UPDATE_DATE,CREATION_DATE,IDX) values ('0888376144457','0436790','21682','A14765509',null,'10000','0888376144457_000000000143129951',to_date('07/07/2020','DD/MM/YYYY'),to_date('07/07/2020','DD/MM/YYYY'),'80719');
Insert into ECI_MKP_INVENTORY_STL (EAN,PROVIDER_ID,OFFER_ID,PRODUCT_ID,CATALOG_REF_ID,STOCK,UNIQUE_CODE,UPDATE_DATE,CREATION_DATE,IDX) values ('0888376144465','0436790','21675','MP_0436790_IMGPRIO1',null,'10000','0888376144465_000000000143129951',to_date('07/07/2020','DD/MM/YYYY'),to_date('07/07/2020','DD/MM/YYYY'),'35694');
	
commit;
-------------------------------------------------

-------------------------------------------------
--       PD00000460-10008936
-------------------------------------------------
-- Categorías alimentación con ordenación de productos
delete from eci_inventory where catalog_ref_id in (
'000000000105903186',
'000000000105861225',
'000000000105861139',
'000000000105891845',
'000000000105809444',
'000000000105863958',
'000000000101163020',
'000000000101163022',
'000000000101163023',
'000000000101163233',
'000000000105792282',
'000000000105792283',
'000000000105792284',
'000000000105792285',
'000000000105792289',
'000000000105792291',
'000000000105792309',
'000000000105792315',
'000000000105792312',
'000000000105792322',
'000000000105887533',
'000000000105865178',
'000000000105863735',
'000000000105863743',
'000000000105863754',
'000000000105863798',
'000000000105863860',
'000000000105864203',
'000000000105865148',
'000000000105865149',
'000000000105865153',
'000000000105865154'
);

Insert into ECI_INVENTORY (CENTRE_ID,CATALOG_REF_ID,ON_HAND_AVAILABLE_QUANTITY,UNIT_OF_MEASURE,MAX_PER_ORDER_THRESH,SPECIAL_PRODUCT_THRESH,ORIGIN_MODIFICATION_TSTAMP,COMPANY_ID,UPDATE_DATE,CREATION_DATE,IDX,FUTURE_AVAILABLE_QUANTITY,FIRST_FUTURE_AVAILABLE_DATE,FUTURE_AVAILABLE_DATE,IDX_2) values ('0090','000000000101163023','1',null,'0','0',to_date('04/03/2016','DD/MM/YYYY'),'001',to_date('04/03/2016','DD/MM/YYYY'),to_date('04/03/2016','DD/MM/YYYY'),null,'999999998',to_date('22/02/2018','DD/MM/YYYY'),to_date('22/02/2018','DD/MM/YYYY'),'21374');
Insert into ECI_INVENTORY (CENTRE_ID,CATALOG_REF_ID,ON_HAND_AVAILABLE_QUANTITY,UNIT_OF_MEASURE,MAX_PER_ORDER_THRESH,SPECIAL_PRODUCT_THRESH,ORIGIN_MODIFICATION_TSTAMP,COMPANY_ID,UPDATE_DATE,CREATION_DATE,IDX,FUTURE_AVAILABLE_QUANTITY,FIRST_FUTURE_AVAILABLE_DATE,FUTURE_AVAILABLE_DATE,IDX_2) values ('0090','000000000101163020','3',null,'0','0',to_date('04/03/2016','DD/MM/YYYY'),'001',to_date('04/03/2016','DD/MM/YYYY'),to_date('04/03/2016','DD/MM/YYYY'),null,'999999996',to_date('22/02/2018','DD/MM/YYYY'),to_date('22/02/2018','DD/MM/YYYY'),'64838');
Insert into ECI_INVENTORY (CENTRE_ID,CATALOG_REF_ID,ON_HAND_AVAILABLE_QUANTITY,UNIT_OF_MEASURE,MAX_PER_ORDER_THRESH,SPECIAL_PRODUCT_THRESH,ORIGIN_MODIFICATION_TSTAMP,COMPANY_ID,UPDATE_DATE,CREATION_DATE,IDX,FUTURE_AVAILABLE_QUANTITY,FIRST_FUTURE_AVAILABLE_DATE,FUTURE_AVAILABLE_DATE,IDX_2) values ('0090','000000000101163022','6',null,'0','0',to_date('08/06/2016','DD/MM/YYYY'),'001',to_date('08/06/2016','DD/MM/YYYY'),to_date('04/03/2016','DD/MM/YYYY'),null,'999999993',to_date('29/05/2018','DD/MM/YYYY'),to_date('29/05/2018','DD/MM/YYYY'),'56688');
Insert into ECI_INVENTORY (CENTRE_ID,CATALOG_REF_ID,ON_HAND_AVAILABLE_QUANTITY,UNIT_OF_MEASURE,MAX_PER_ORDER_THRESH,SPECIAL_PRODUCT_THRESH,ORIGIN_MODIFICATION_TSTAMP,COMPANY_ID,UPDATE_DATE,CREATION_DATE,IDX,FUTURE_AVAILABLE_QUANTITY,FIRST_FUTURE_AVAILABLE_DATE,FUTURE_AVAILABLE_DATE,IDX_2) values ('0090','000000000101163233','6',null,'0','0',to_date('08/06/2016','DD/MM/YYYY'),'001',to_date('08/06/2016','DD/MM/YYYY'),to_date('04/03/2016','DD/MM/YYYY'),null,'999999993',to_date('29/05/2018','DD/MM/YYYY'),to_date('29/05/2018','DD/MM/YYYY'),'96161');

Insert into ECI_INVENTORY (CENTRE_ID,CATALOG_REF_ID,ON_HAND_AVAILABLE_QUANTITY,UNIT_OF_MEASURE,MAX_PER_ORDER_THRESH,SPECIAL_PRODUCT_THRESH,ORIGIN_MODIFICATION_TSTAMP,COMPANY_ID,UPDATE_DATE,CREATION_DATE,IDX,FUTURE_AVAILABLE_QUANTITY,FIRST_FUTURE_AVAILABLE_DATE,FUTURE_AVAILABLE_DATE,IDX_2) values ('0003','000000000105903186','100',null,'0','0',to_date('08/06/2016','DD/MM/YYYY'),'001',to_date('08/06/2016','DD/MM/YYYY'),to_date('04/03/2016','DD/MM/YYYY'),null,'999999993',to_date('29/05/2018','DD/MM/YYYY'),to_date('29/05/2018','DD/MM/YYYY'),'96161');
Insert into ECI_INVENTORY (CENTRE_ID,CATALOG_REF_ID,ON_HAND_AVAILABLE_QUANTITY,UNIT_OF_MEASURE,MAX_PER_ORDER_THRESH,SPECIAL_PRODUCT_THRESH,ORIGIN_MODIFICATION_TSTAMP,COMPANY_ID,UPDATE_DATE,CREATION_DATE,IDX,FUTURE_AVAILABLE_QUANTITY,FIRST_FUTURE_AVAILABLE_DATE,FUTURE_AVAILABLE_DATE,IDX_2) values ('0003','000000000105861225','100',null,'0','0',to_date('08/06/2016','DD/MM/YYYY'),'001',to_date('08/06/2016','DD/MM/YYYY'),to_date('04/03/2016','DD/MM/YYYY'),null,'999999993',to_date('29/05/2018','DD/MM/YYYY'),to_date('29/05/2018','DD/MM/YYYY'),'96161');
Insert into ECI_INVENTORY (CENTRE_ID,CATALOG_REF_ID,ON_HAND_AVAILABLE_QUANTITY,UNIT_OF_MEASURE,MAX_PER_ORDER_THRESH,SPECIAL_PRODUCT_THRESH,ORIGIN_MODIFICATION_TSTAMP,COMPANY_ID,UPDATE_DATE,CREATION_DATE,IDX,FUTURE_AVAILABLE_QUANTITY,FIRST_FUTURE_AVAILABLE_DATE,FUTURE_AVAILABLE_DATE,IDX_2) values ('0003','000000000105861139','100',null,'0','0',to_date('08/06/2016','DD/MM/YYYY'),'001',to_date('08/06/2016','DD/MM/YYYY'),to_date('04/03/2016','DD/MM/YYYY'),null,'999999993',to_date('29/05/2018','DD/MM/YYYY'),to_date('29/05/2018','DD/MM/YYYY'),'96161');
Insert into ECI_INVENTORY (CENTRE_ID,CATALOG_REF_ID,ON_HAND_AVAILABLE_QUANTITY,UNIT_OF_MEASURE,MAX_PER_ORDER_THRESH,SPECIAL_PRODUCT_THRESH,ORIGIN_MODIFICATION_TSTAMP,COMPANY_ID,UPDATE_DATE,CREATION_DATE,IDX,FUTURE_AVAILABLE_QUANTITY,FIRST_FUTURE_AVAILABLE_DATE,FUTURE_AVAILABLE_DATE,IDX_2) values ('0003','000000000105891845','100',null,'0','0',to_date('08/06/2016','DD/MM/YYYY'),'001',to_date('08/06/2016','DD/MM/YYYY'),to_date('04/03/2016','DD/MM/YYYY'),null,'999999993',to_date('29/05/2018','DD/MM/YYYY'),to_date('29/05/2018','DD/MM/YYYY'),'96161');
Insert into ECI_INVENTORY (CENTRE_ID,CATALOG_REF_ID,ON_HAND_AVAILABLE_QUANTITY,UNIT_OF_MEASURE,MAX_PER_ORDER_THRESH,SPECIAL_PRODUCT_THRESH,ORIGIN_MODIFICATION_TSTAMP,COMPANY_ID,UPDATE_DATE,CREATION_DATE,IDX,FUTURE_AVAILABLE_QUANTITY,FIRST_FUTURE_AVAILABLE_DATE,FUTURE_AVAILABLE_DATE,IDX_2) values ('0003','000000000105809444','100',null,'0','0',to_date('08/06/2016','DD/MM/YYYY'),'001',to_date('08/06/2016','DD/MM/YYYY'),to_date('04/03/2016','DD/MM/YYYY'),null,'999999993',to_date('29/05/2018','DD/MM/YYYY'),to_date('29/05/2018','DD/MM/YYYY'),'96161');
Insert into ECI_INVENTORY (CENTRE_ID,CATALOG_REF_ID,ON_HAND_AVAILABLE_QUANTITY,UNIT_OF_MEASURE,MAX_PER_ORDER_THRESH,SPECIAL_PRODUCT_THRESH,ORIGIN_MODIFICATION_TSTAMP,COMPANY_ID,UPDATE_DATE,CREATION_DATE,IDX,FUTURE_AVAILABLE_QUANTITY,FIRST_FUTURE_AVAILABLE_DATE,FUTURE_AVAILABLE_DATE,IDX_2) values ('0003','000000000105863958','100',null,'0','0',to_date('08/06/2016','DD/MM/YYYY'),'001',to_date('08/06/2016','DD/MM/YYYY'),to_date('04/03/2016','DD/MM/YYYY'),null,'999999993',to_date('29/05/2018','DD/MM/YYYY'),to_date('29/05/2018','DD/MM/YYYY'),'96161');
Insert into ECI_INVENTORY (CENTRE_ID,CATALOG_REF_ID,ON_HAND_AVAILABLE_QUANTITY,UNIT_OF_MEASURE,MAX_PER_ORDER_THRESH,SPECIAL_PRODUCT_THRESH,ORIGIN_MODIFICATION_TSTAMP,COMPANY_ID,UPDATE_DATE,CREATION_DATE,IDX,FUTURE_AVAILABLE_QUANTITY,FIRST_FUTURE_AVAILABLE_DATE,FUTURE_AVAILABLE_DATE,IDX_2) values ('0003','000000000101163020','100',null,'0','0',to_date('08/06/2016','DD/MM/YYYY'),'001',to_date('08/06/2016','DD/MM/YYYY'),to_date('04/03/2016','DD/MM/YYYY'),null,'999999993',to_date('29/05/2018','DD/MM/YYYY'),to_date('29/05/2018','DD/MM/YYYY'),'96161');
Insert into ECI_INVENTORY (CENTRE_ID,CATALOG_REF_ID,ON_HAND_AVAILABLE_QUANTITY,UNIT_OF_MEASURE,MAX_PER_ORDER_THRESH,SPECIAL_PRODUCT_THRESH,ORIGIN_MODIFICATION_TSTAMP,COMPANY_ID,UPDATE_DATE,CREATION_DATE,IDX,FUTURE_AVAILABLE_QUANTITY,FIRST_FUTURE_AVAILABLE_DATE,FUTURE_AVAILABLE_DATE,IDX_2) values ('0003','000000000101163022','100',null,'0','0',to_date('08/06/2016','DD/MM/YYYY'),'001',to_date('08/06/2016','DD/MM/YYYY'),to_date('04/03/2016','DD/MM/YYYY'),null,'999999993',to_date('29/05/2018','DD/MM/YYYY'),to_date('29/05/2018','DD/MM/YYYY'),'96161');
Insert into ECI_INVENTORY (CENTRE_ID,CATALOG_REF_ID,ON_HAND_AVAILABLE_QUANTITY,UNIT_OF_MEASURE,MAX_PER_ORDER_THRESH,SPECIAL_PRODUCT_THRESH,ORIGIN_MODIFICATION_TSTAMP,COMPANY_ID,UPDATE_DATE,CREATION_DATE,IDX,FUTURE_AVAILABLE_QUANTITY,FIRST_FUTURE_AVAILABLE_DATE,FUTURE_AVAILABLE_DATE,IDX_2) values ('0003','000000000101163023','100',null,'0','0',to_date('08/06/2016','DD/MM/YYYY'),'001',to_date('08/06/2016','DD/MM/YYYY'),to_date('04/03/2016','DD/MM/YYYY'),null,'999999993',to_date('29/05/2018','DD/MM/YYYY'),to_date('29/05/2018','DD/MM/YYYY'),'96161');
Insert into ECI_INVENTORY (CENTRE_ID,CATALOG_REF_ID,ON_HAND_AVAILABLE_QUANTITY,UNIT_OF_MEASURE,MAX_PER_ORDER_THRESH,SPECIAL_PRODUCT_THRESH,ORIGIN_MODIFICATION_TSTAMP,COMPANY_ID,UPDATE_DATE,CREATION_DATE,IDX,FUTURE_AVAILABLE_QUANTITY,FIRST_FUTURE_AVAILABLE_DATE,FUTURE_AVAILABLE_DATE,IDX_2) values ('0003','000000000101163233','100',null,'0','0',to_date('08/06/2016','DD/MM/YYYY'),'001',to_date('08/06/2016','DD/MM/YYYY'),to_date('04/03/2016','DD/MM/YYYY'),null,'999999993',to_date('29/05/2018','DD/MM/YYYY'),to_date('29/05/2018','DD/MM/YYYY'),'96161');
Insert into ECI_INVENTORY (CENTRE_ID,CATALOG_REF_ID,ON_HAND_AVAILABLE_QUANTITY,UNIT_OF_MEASURE,MAX_PER_ORDER_THRESH,SPECIAL_PRODUCT_THRESH,ORIGIN_MODIFICATION_TSTAMP,COMPANY_ID,UPDATE_DATE,CREATION_DATE,IDX,FUTURE_AVAILABLE_QUANTITY,FIRST_FUTURE_AVAILABLE_DATE,FUTURE_AVAILABLE_DATE,IDX_2) values ('0003','000000000105792282','100',null,'0','0',to_date('08/06/2016','DD/MM/YYYY'),'001',to_date('08/06/2016','DD/MM/YYYY'),to_date('04/03/2016','DD/MM/YYYY'),null,'999999993',to_date('29/05/2018','DD/MM/YYYY'),to_date('29/05/2018','DD/MM/YYYY'),'96161');
Insert into ECI_INVENTORY (CENTRE_ID,CATALOG_REF_ID,ON_HAND_AVAILABLE_QUANTITY,UNIT_OF_MEASURE,MAX_PER_ORDER_THRESH,SPECIAL_PRODUCT_THRESH,ORIGIN_MODIFICATION_TSTAMP,COMPANY_ID,UPDATE_DATE,CREATION_DATE,IDX,FUTURE_AVAILABLE_QUANTITY,FIRST_FUTURE_AVAILABLE_DATE,FUTURE_AVAILABLE_DATE,IDX_2) values ('0003','000000000105792283','100',null,'0','0',to_date('08/06/2016','DD/MM/YYYY'),'001',to_date('08/06/2016','DD/MM/YYYY'),to_date('04/03/2016','DD/MM/YYYY'),null,'999999993',to_date('29/05/2018','DD/MM/YYYY'),to_date('29/05/2018','DD/MM/YYYY'),'96161');
Insert into ECI_INVENTORY (CENTRE_ID,CATALOG_REF_ID,ON_HAND_AVAILABLE_QUANTITY,UNIT_OF_MEASURE,MAX_PER_ORDER_THRESH,SPECIAL_PRODUCT_THRESH,ORIGIN_MODIFICATION_TSTAMP,COMPANY_ID,UPDATE_DATE,CREATION_DATE,IDX,FUTURE_AVAILABLE_QUANTITY,FIRST_FUTURE_AVAILABLE_DATE,FUTURE_AVAILABLE_DATE,IDX_2) values ('0003','000000000105792284','100',null,'0','0',to_date('08/06/2016','DD/MM/YYYY'),'001',to_date('08/06/2016','DD/MM/YYYY'),to_date('04/03/2016','DD/MM/YYYY'),null,'999999993',to_date('29/05/2018','DD/MM/YYYY'),to_date('29/05/2018','DD/MM/YYYY'),'96161');
Insert into ECI_INVENTORY (CENTRE_ID,CATALOG_REF_ID,ON_HAND_AVAILABLE_QUANTITY,UNIT_OF_MEASURE,MAX_PER_ORDER_THRESH,SPECIAL_PRODUCT_THRESH,ORIGIN_MODIFICATION_TSTAMP,COMPANY_ID,UPDATE_DATE,CREATION_DATE,IDX,FUTURE_AVAILABLE_QUANTITY,FIRST_FUTURE_AVAILABLE_DATE,FUTURE_AVAILABLE_DATE,IDX_2) values ('0003','000000000105792285','100',null,'0','0',to_date('08/06/2016','DD/MM/YYYY'),'001',to_date('08/06/2016','DD/MM/YYYY'),to_date('04/03/2016','DD/MM/YYYY'),null,'999999993',to_date('29/05/2018','DD/MM/YYYY'),to_date('29/05/2018','DD/MM/YYYY'),'96161');
Insert into ECI_INVENTORY (CENTRE_ID,CATALOG_REF_ID,ON_HAND_AVAILABLE_QUANTITY,UNIT_OF_MEASURE,MAX_PER_ORDER_THRESH,SPECIAL_PRODUCT_THRESH,ORIGIN_MODIFICATION_TSTAMP,COMPANY_ID,UPDATE_DATE,CREATION_DATE,IDX,FUTURE_AVAILABLE_QUANTITY,FIRST_FUTURE_AVAILABLE_DATE,FUTURE_AVAILABLE_DATE,IDX_2) values ('0003','000000000105792289','100',null,'0','0',to_date('08/06/2016','DD/MM/YYYY'),'001',to_date('08/06/2016','DD/MM/YYYY'),to_date('04/03/2016','DD/MM/YYYY'),null,'999999993',to_date('29/05/2018','DD/MM/YYYY'),to_date('29/05/2018','DD/MM/YYYY'),'96161');
Insert into ECI_INVENTORY (CENTRE_ID,CATALOG_REF_ID,ON_HAND_AVAILABLE_QUANTITY,UNIT_OF_MEASURE,MAX_PER_ORDER_THRESH,SPECIAL_PRODUCT_THRESH,ORIGIN_MODIFICATION_TSTAMP,COMPANY_ID,UPDATE_DATE,CREATION_DATE,IDX,FUTURE_AVAILABLE_QUANTITY,FIRST_FUTURE_AVAILABLE_DATE,FUTURE_AVAILABLE_DATE,IDX_2) values ('0003','000000000105792291','100',null,'0','0',to_date('08/06/2016','DD/MM/YYYY'),'001',to_date('08/06/2016','DD/MM/YYYY'),to_date('04/03/2016','DD/MM/YYYY'),null,'999999993',to_date('29/05/2018','DD/MM/YYYY'),to_date('29/05/2018','DD/MM/YYYY'),'96161');
Insert into ECI_INVENTORY (CENTRE_ID,CATALOG_REF_ID,ON_HAND_AVAILABLE_QUANTITY,UNIT_OF_MEASURE,MAX_PER_ORDER_THRESH,SPECIAL_PRODUCT_THRESH,ORIGIN_MODIFICATION_TSTAMP,COMPANY_ID,UPDATE_DATE,CREATION_DATE,IDX,FUTURE_AVAILABLE_QUANTITY,FIRST_FUTURE_AVAILABLE_DATE,FUTURE_AVAILABLE_DATE,IDX_2) values ('0003','000000000105792309','100',null,'0','0',to_date('08/06/2016','DD/MM/YYYY'),'001',to_date('08/06/2016','DD/MM/YYYY'),to_date('04/03/2016','DD/MM/YYYY'),null,'999999993',to_date('29/05/2018','DD/MM/YYYY'),to_date('29/05/2018','DD/MM/YYYY'),'96161');
Insert into ECI_INVENTORY (CENTRE_ID,CATALOG_REF_ID,ON_HAND_AVAILABLE_QUANTITY,UNIT_OF_MEASURE,MAX_PER_ORDER_THRESH,SPECIAL_PRODUCT_THRESH,ORIGIN_MODIFICATION_TSTAMP,COMPANY_ID,UPDATE_DATE,CREATION_DATE,IDX,FUTURE_AVAILABLE_QUANTITY,FIRST_FUTURE_AVAILABLE_DATE,FUTURE_AVAILABLE_DATE,IDX_2) values ('0003','000000000105792315','100',null,'0','0',to_date('08/06/2016','DD/MM/YYYY'),'001',to_date('08/06/2016','DD/MM/YYYY'),to_date('04/03/2016','DD/MM/YYYY'),null,'999999993',to_date('29/05/2018','DD/MM/YYYY'),to_date('29/05/2018','DD/MM/YYYY'),'96161');
Insert into ECI_INVENTORY (CENTRE_ID,CATALOG_REF_ID,ON_HAND_AVAILABLE_QUANTITY,UNIT_OF_MEASURE,MAX_PER_ORDER_THRESH,SPECIAL_PRODUCT_THRESH,ORIGIN_MODIFICATION_TSTAMP,COMPANY_ID,UPDATE_DATE,CREATION_DATE,IDX,FUTURE_AVAILABLE_QUANTITY,FIRST_FUTURE_AVAILABLE_DATE,FUTURE_AVAILABLE_DATE,IDX_2) values ('0003','000000000105792312','100',null,'0','0',to_date('08/06/2016','DD/MM/YYYY'),'001',to_date('08/06/2016','DD/MM/YYYY'),to_date('04/03/2016','DD/MM/YYYY'),null,'999999993',to_date('29/05/2018','DD/MM/YYYY'),to_date('29/05/2018','DD/MM/YYYY'),'96161');
Insert into ECI_INVENTORY (CENTRE_ID,CATALOG_REF_ID,ON_HAND_AVAILABLE_QUANTITY,UNIT_OF_MEASURE,MAX_PER_ORDER_THRESH,SPECIAL_PRODUCT_THRESH,ORIGIN_MODIFICATION_TSTAMP,COMPANY_ID,UPDATE_DATE,CREATION_DATE,IDX,FUTURE_AVAILABLE_QUANTITY,FIRST_FUTURE_AVAILABLE_DATE,FUTURE_AVAILABLE_DATE,IDX_2) values ('0003','000000000105792322','100',null,'0','0',to_date('08/06/2016','DD/MM/YYYY'),'001',to_date('08/06/2016','DD/MM/YYYY'),to_date('04/03/2016','DD/MM/YYYY'),null,'999999993',to_date('29/05/2018','DD/MM/YYYY'),to_date('29/05/2018','DD/MM/YYYY'),'96161');
Insert into ECI_INVENTORY (CENTRE_ID,CATALOG_REF_ID,ON_HAND_AVAILABLE_QUANTITY,UNIT_OF_MEASURE,MAX_PER_ORDER_THRESH,SPECIAL_PRODUCT_THRESH,ORIGIN_MODIFICATION_TSTAMP,COMPANY_ID,UPDATE_DATE,CREATION_DATE,IDX,FUTURE_AVAILABLE_QUANTITY,FIRST_FUTURE_AVAILABLE_DATE,FUTURE_AVAILABLE_DATE,IDX_2) values ('0003','000000000105887533','100',null,'0','0',to_date('08/06/2016','DD/MM/YYYY'),'001',to_date('08/06/2016','DD/MM/YYYY'),to_date('04/03/2016','DD/MM/YYYY'),null,'999999993',to_date('29/05/2018','DD/MM/YYYY'),to_date('29/05/2018','DD/MM/YYYY'),'96161');
Insert into ECI_INVENTORY (CENTRE_ID,CATALOG_REF_ID,ON_HAND_AVAILABLE_QUANTITY,UNIT_OF_MEASURE,MAX_PER_ORDER_THRESH,SPECIAL_PRODUCT_THRESH,ORIGIN_MODIFICATION_TSTAMP,COMPANY_ID,UPDATE_DATE,CREATION_DATE,IDX,FUTURE_AVAILABLE_QUANTITY,FIRST_FUTURE_AVAILABLE_DATE,FUTURE_AVAILABLE_DATE,IDX_2) values ('0003','000000000105865178','100',null,'0','0',to_date('08/06/2016','DD/MM/YYYY'),'001',to_date('08/06/2016','DD/MM/YYYY'),to_date('04/03/2016','DD/MM/YYYY'),null,'999999993',to_date('29/05/2018','DD/MM/YYYY'),to_date('29/05/2018','DD/MM/YYYY'),'96161');
Insert into ECI_INVENTORY (CENTRE_ID,CATALOG_REF_ID,ON_HAND_AVAILABLE_QUANTITY,UNIT_OF_MEASURE,MAX_PER_ORDER_THRESH,SPECIAL_PRODUCT_THRESH,ORIGIN_MODIFICATION_TSTAMP,COMPANY_ID,UPDATE_DATE,CREATION_DATE,IDX,FUTURE_AVAILABLE_QUANTITY,FIRST_FUTURE_AVAILABLE_DATE,FUTURE_AVAILABLE_DATE,IDX_2) values ('0003','000000000105863735','100',null,'0','0',to_date('08/06/2016','DD/MM/YYYY'),'001',to_date('08/06/2016','DD/MM/YYYY'),to_date('04/03/2016','DD/MM/YYYY'),null,'999999993',to_date('29/05/2018','DD/MM/YYYY'),to_date('29/05/2018','DD/MM/YYYY'),'96161');
Insert into ECI_INVENTORY (CENTRE_ID,CATALOG_REF_ID,ON_HAND_AVAILABLE_QUANTITY,UNIT_OF_MEASURE,MAX_PER_ORDER_THRESH,SPECIAL_PRODUCT_THRESH,ORIGIN_MODIFICATION_TSTAMP,COMPANY_ID,UPDATE_DATE,CREATION_DATE,IDX,FUTURE_AVAILABLE_QUANTITY,FIRST_FUTURE_AVAILABLE_DATE,FUTURE_AVAILABLE_DATE,IDX_2) values ('0003','000000000105863743','100',null,'0','0',to_date('08/06/2016','DD/MM/YYYY'),'001',to_date('08/06/2016','DD/MM/YYYY'),to_date('04/03/2016','DD/MM/YYYY'),null,'999999993',to_date('29/05/2018','DD/MM/YYYY'),to_date('29/05/2018','DD/MM/YYYY'),'96161');
Insert into ECI_INVENTORY (CENTRE_ID,CATALOG_REF_ID,ON_HAND_AVAILABLE_QUANTITY,UNIT_OF_MEASURE,MAX_PER_ORDER_THRESH,SPECIAL_PRODUCT_THRESH,ORIGIN_MODIFICATION_TSTAMP,COMPANY_ID,UPDATE_DATE,CREATION_DATE,IDX,FUTURE_AVAILABLE_QUANTITY,FIRST_FUTURE_AVAILABLE_DATE,FUTURE_AVAILABLE_DATE,IDX_2) values ('0003','000000000105863754','100',null,'0','0',to_date('08/06/2016','DD/MM/YYYY'),'001',to_date('08/06/2016','DD/MM/YYYY'),to_date('04/03/2016','DD/MM/YYYY'),null,'999999993',to_date('29/05/2018','DD/MM/YYYY'),to_date('29/05/2018','DD/MM/YYYY'),'96161');
Insert into ECI_INVENTORY (CENTRE_ID,CATALOG_REF_ID,ON_HAND_AVAILABLE_QUANTITY,UNIT_OF_MEASURE,MAX_PER_ORDER_THRESH,SPECIAL_PRODUCT_THRESH,ORIGIN_MODIFICATION_TSTAMP,COMPANY_ID,UPDATE_DATE,CREATION_DATE,IDX,FUTURE_AVAILABLE_QUANTITY,FIRST_FUTURE_AVAILABLE_DATE,FUTURE_AVAILABLE_DATE,IDX_2) values ('0003','000000000105863798','100',null,'0','0',to_date('08/06/2016','DD/MM/YYYY'),'001',to_date('08/06/2016','DD/MM/YYYY'),to_date('04/03/2016','DD/MM/YYYY'),null,'999999993',to_date('29/05/2018','DD/MM/YYYY'),to_date('29/05/2018','DD/MM/YYYY'),'96161');
Insert into ECI_INVENTORY (CENTRE_ID,CATALOG_REF_ID,ON_HAND_AVAILABLE_QUANTITY,UNIT_OF_MEASURE,MAX_PER_ORDER_THRESH,SPECIAL_PRODUCT_THRESH,ORIGIN_MODIFICATION_TSTAMP,COMPANY_ID,UPDATE_DATE,CREATION_DATE,IDX,FUTURE_AVAILABLE_QUANTITY,FIRST_FUTURE_AVAILABLE_DATE,FUTURE_AVAILABLE_DATE,IDX_2) values ('0003','000000000105863860','100',null,'0','0',to_date('08/06/2016','DD/MM/YYYY'),'001',to_date('08/06/2016','DD/MM/YYYY'),to_date('04/03/2016','DD/MM/YYYY'),null,'999999993',to_date('29/05/2018','DD/MM/YYYY'),to_date('29/05/2018','DD/MM/YYYY'),'96161');
Insert into ECI_INVENTORY (CENTRE_ID,CATALOG_REF_ID,ON_HAND_AVAILABLE_QUANTITY,UNIT_OF_MEASURE,MAX_PER_ORDER_THRESH,SPECIAL_PRODUCT_THRESH,ORIGIN_MODIFICATION_TSTAMP,COMPANY_ID,UPDATE_DATE,CREATION_DATE,IDX,FUTURE_AVAILABLE_QUANTITY,FIRST_FUTURE_AVAILABLE_DATE,FUTURE_AVAILABLE_DATE,IDX_2) values ('0003','000000000105864203','100',null,'0','0',to_date('08/06/2016','DD/MM/YYYY'),'001',to_date('08/06/2016','DD/MM/YYYY'),to_date('04/03/2016','DD/MM/YYYY'),null,'999999993',to_date('29/05/2018','DD/MM/YYYY'),to_date('29/05/2018','DD/MM/YYYY'),'96161');
Insert into ECI_INVENTORY (CENTRE_ID,CATALOG_REF_ID,ON_HAND_AVAILABLE_QUANTITY,UNIT_OF_MEASURE,MAX_PER_ORDER_THRESH,SPECIAL_PRODUCT_THRESH,ORIGIN_MODIFICATION_TSTAMP,COMPANY_ID,UPDATE_DATE,CREATION_DATE,IDX,FUTURE_AVAILABLE_QUANTITY,FIRST_FUTURE_AVAILABLE_DATE,FUTURE_AVAILABLE_DATE,IDX_2) values ('0003','000000000105865148','100',null,'0','0',to_date('08/06/2016','DD/MM/YYYY'),'001',to_date('08/06/2016','DD/MM/YYYY'),to_date('04/03/2016','DD/MM/YYYY'),null,'999999993',to_date('29/05/2018','DD/MM/YYYY'),to_date('29/05/2018','DD/MM/YYYY'),'96161');
Insert into ECI_INVENTORY (CENTRE_ID,CATALOG_REF_ID,ON_HAND_AVAILABLE_QUANTITY,UNIT_OF_MEASURE,MAX_PER_ORDER_THRESH,SPECIAL_PRODUCT_THRESH,ORIGIN_MODIFICATION_TSTAMP,COMPANY_ID,UPDATE_DATE,CREATION_DATE,IDX,FUTURE_AVAILABLE_QUANTITY,FIRST_FUTURE_AVAILABLE_DATE,FUTURE_AVAILABLE_DATE,IDX_2) values ('0003','000000000105865149','100',null,'0','0',to_date('08/06/2016','DD/MM/YYYY'),'001',to_date('08/06/2016','DD/MM/YYYY'),to_date('04/03/2016','DD/MM/YYYY'),null,'999999993',to_date('29/05/2018','DD/MM/YYYY'),to_date('29/05/2018','DD/MM/YYYY'),'96161');
Insert into ECI_INVENTORY (CENTRE_ID,CATALOG_REF_ID,ON_HAND_AVAILABLE_QUANTITY,UNIT_OF_MEASURE,MAX_PER_ORDER_THRESH,SPECIAL_PRODUCT_THRESH,ORIGIN_MODIFICATION_TSTAMP,COMPANY_ID,UPDATE_DATE,CREATION_DATE,IDX,FUTURE_AVAILABLE_QUANTITY,FIRST_FUTURE_AVAILABLE_DATE,FUTURE_AVAILABLE_DATE,IDX_2) values ('0003','000000000105865153','100',null,'0','0',to_date('08/06/2016','DD/MM/YYYY'),'001',to_date('08/06/2016','DD/MM/YYYY'),to_date('04/03/2016','DD/MM/YYYY'),null,'999999993',to_date('29/05/2018','DD/MM/YYYY'),to_date('29/05/2018','DD/MM/YYYY'),'96161');
Insert into ECI_INVENTORY (CENTRE_ID,CATALOG_REF_ID,ON_HAND_AVAILABLE_QUANTITY,UNIT_OF_MEASURE,MAX_PER_ORDER_THRESH,SPECIAL_PRODUCT_THRESH,ORIGIN_MODIFICATION_TSTAMP,COMPANY_ID,UPDATE_DATE,CREATION_DATE,IDX,FUTURE_AVAILABLE_QUANTITY,FIRST_FUTURE_AVAILABLE_DATE,FUTURE_AVAILABLE_DATE,IDX_2) values ('0003','000000000105865154','100',null,'0','0',to_date('08/06/2016','DD/MM/YYYY'),'001',to_date('08/06/2016','DD/MM/YYYY'),to_date('04/03/2016','DD/MM/YYYY'),null,'999999993',to_date('29/05/2018','DD/MM/YYYY'),to_date('29/05/2018','DD/MM/YYYY'),'96161');

Insert into ECI_INVENTORY (CENTRE_ID,CATALOG_REF_ID,ON_HAND_AVAILABLE_QUANTITY,UNIT_OF_MEASURE,MAX_PER_ORDER_THRESH,SPECIAL_PRODUCT_THRESH,ORIGIN_MODIFICATION_TSTAMP,COMPANY_ID,UPDATE_DATE,CREATION_DATE,IDX,FUTURE_AVAILABLE_QUANTITY,FIRST_FUTURE_AVAILABLE_DATE,FUTURE_AVAILABLE_DATE,IDX_2) values ('0006','000000000105903186','100',null,'0','0',to_date('08/06/2016','DD/MM/YYYY'),'001',to_date('08/06/2016','DD/MM/YYYY'),to_date('04/03/2016','DD/MM/YYYY'),null,'999999993',to_date('29/05/2018','DD/MM/YYYY'),to_date('29/05/2018','DD/MM/YYYY'),'96161');
Insert into ECI_INVENTORY (CENTRE_ID,CATALOG_REF_ID,ON_HAND_AVAILABLE_QUANTITY,UNIT_OF_MEASURE,MAX_PER_ORDER_THRESH,SPECIAL_PRODUCT_THRESH,ORIGIN_MODIFICATION_TSTAMP,COMPANY_ID,UPDATE_DATE,CREATION_DATE,IDX,FUTURE_AVAILABLE_QUANTITY,FIRST_FUTURE_AVAILABLE_DATE,FUTURE_AVAILABLE_DATE,IDX_2) values ('0006','000000000105861225','100',null,'0','0',to_date('08/06/2016','DD/MM/YYYY'),'001',to_date('08/06/2016','DD/MM/YYYY'),to_date('04/03/2016','DD/MM/YYYY'),null,'999999993',to_date('29/05/2018','DD/MM/YYYY'),to_date('29/05/2018','DD/MM/YYYY'),'96161');
Insert into ECI_INVENTORY (CENTRE_ID,CATALOG_REF_ID,ON_HAND_AVAILABLE_QUANTITY,UNIT_OF_MEASURE,MAX_PER_ORDER_THRESH,SPECIAL_PRODUCT_THRESH,ORIGIN_MODIFICATION_TSTAMP,COMPANY_ID,UPDATE_DATE,CREATION_DATE,IDX,FUTURE_AVAILABLE_QUANTITY,FIRST_FUTURE_AVAILABLE_DATE,FUTURE_AVAILABLE_DATE,IDX_2) values ('0006','000000000105861139','100',null,'0','0',to_date('08/06/2016','DD/MM/YYYY'),'001',to_date('08/06/2016','DD/MM/YYYY'),to_date('04/03/2016','DD/MM/YYYY'),null,'999999993',to_date('29/05/2018','DD/MM/YYYY'),to_date('29/05/2018','DD/MM/YYYY'),'96161');
Insert into ECI_INVENTORY (CENTRE_ID,CATALOG_REF_ID,ON_HAND_AVAILABLE_QUANTITY,UNIT_OF_MEASURE,MAX_PER_ORDER_THRESH,SPECIAL_PRODUCT_THRESH,ORIGIN_MODIFICATION_TSTAMP,COMPANY_ID,UPDATE_DATE,CREATION_DATE,IDX,FUTURE_AVAILABLE_QUANTITY,FIRST_FUTURE_AVAILABLE_DATE,FUTURE_AVAILABLE_DATE,IDX_2) values ('0006','000000000105891845','100',null,'0','0',to_date('08/06/2016','DD/MM/YYYY'),'001',to_date('08/06/2016','DD/MM/YYYY'),to_date('04/03/2016','DD/MM/YYYY'),null,'999999993',to_date('29/05/2018','DD/MM/YYYY'),to_date('29/05/2018','DD/MM/YYYY'),'96161');
Insert into ECI_INVENTORY (CENTRE_ID,CATALOG_REF_ID,ON_HAND_AVAILABLE_QUANTITY,UNIT_OF_MEASURE,MAX_PER_ORDER_THRESH,SPECIAL_PRODUCT_THRESH,ORIGIN_MODIFICATION_TSTAMP,COMPANY_ID,UPDATE_DATE,CREATION_DATE,IDX,FUTURE_AVAILABLE_QUANTITY,FIRST_FUTURE_AVAILABLE_DATE,FUTURE_AVAILABLE_DATE,IDX_2) values ('0006','000000000105809444','100',null,'0','0',to_date('08/06/2016','DD/MM/YYYY'),'001',to_date('08/06/2016','DD/MM/YYYY'),to_date('04/03/2016','DD/MM/YYYY'),null,'999999993',to_date('29/05/2018','DD/MM/YYYY'),to_date('29/05/2018','DD/MM/YYYY'),'96161');
Insert into ECI_INVENTORY (CENTRE_ID,CATALOG_REF_ID,ON_HAND_AVAILABLE_QUANTITY,UNIT_OF_MEASURE,MAX_PER_ORDER_THRESH,SPECIAL_PRODUCT_THRESH,ORIGIN_MODIFICATION_TSTAMP,COMPANY_ID,UPDATE_DATE,CREATION_DATE,IDX,FUTURE_AVAILABLE_QUANTITY,FIRST_FUTURE_AVAILABLE_DATE,FUTURE_AVAILABLE_DATE,IDX_2) values ('0006','000000000105863958','100',null,'0','0',to_date('08/06/2016','DD/MM/YYYY'),'001',to_date('08/06/2016','DD/MM/YYYY'),to_date('04/03/2016','DD/MM/YYYY'),null,'999999993',to_date('29/05/2018','DD/MM/YYYY'),to_date('29/05/2018','DD/MM/YYYY'),'96161');
Insert into ECI_INVENTORY (CENTRE_ID,CATALOG_REF_ID,ON_HAND_AVAILABLE_QUANTITY,UNIT_OF_MEASURE,MAX_PER_ORDER_THRESH,SPECIAL_PRODUCT_THRESH,ORIGIN_MODIFICATION_TSTAMP,COMPANY_ID,UPDATE_DATE,CREATION_DATE,IDX,FUTURE_AVAILABLE_QUANTITY,FIRST_FUTURE_AVAILABLE_DATE,FUTURE_AVAILABLE_DATE,IDX_2) values ('0006','000000000101163020','100',null,'0','0',to_date('08/06/2016','DD/MM/YYYY'),'001',to_date('08/06/2016','DD/MM/YYYY'),to_date('04/03/2016','DD/MM/YYYY'),null,'999999993',to_date('29/05/2018','DD/MM/YYYY'),to_date('29/05/2018','DD/MM/YYYY'),'96161');
Insert into ECI_INVENTORY (CENTRE_ID,CATALOG_REF_ID,ON_HAND_AVAILABLE_QUANTITY,UNIT_OF_MEASURE,MAX_PER_ORDER_THRESH,SPECIAL_PRODUCT_THRESH,ORIGIN_MODIFICATION_TSTAMP,COMPANY_ID,UPDATE_DATE,CREATION_DATE,IDX,FUTURE_AVAILABLE_QUANTITY,FIRST_FUTURE_AVAILABLE_DATE,FUTURE_AVAILABLE_DATE,IDX_2) values ('0006','000000000101163022','100',null,'0','0',to_date('08/06/2016','DD/MM/YYYY'),'001',to_date('08/06/2016','DD/MM/YYYY'),to_date('04/03/2016','DD/MM/YYYY'),null,'999999993',to_date('29/05/2018','DD/MM/YYYY'),to_date('29/05/2018','DD/MM/YYYY'),'96161');
Insert into ECI_INVENTORY (CENTRE_ID,CATALOG_REF_ID,ON_HAND_AVAILABLE_QUANTITY,UNIT_OF_MEASURE,MAX_PER_ORDER_THRESH,SPECIAL_PRODUCT_THRESH,ORIGIN_MODIFICATION_TSTAMP,COMPANY_ID,UPDATE_DATE,CREATION_DATE,IDX,FUTURE_AVAILABLE_QUANTITY,FIRST_FUTURE_AVAILABLE_DATE,FUTURE_AVAILABLE_DATE,IDX_2) values ('0006','000000000101163023','100',null,'0','0',to_date('08/06/2016','DD/MM/YYYY'),'001',to_date('08/06/2016','DD/MM/YYYY'),to_date('04/03/2016','DD/MM/YYYY'),null,'999999993',to_date('29/05/2018','DD/MM/YYYY'),to_date('29/05/2018','DD/MM/YYYY'),'96161');
Insert into ECI_INVENTORY (CENTRE_ID,CATALOG_REF_ID,ON_HAND_AVAILABLE_QUANTITY,UNIT_OF_MEASURE,MAX_PER_ORDER_THRESH,SPECIAL_PRODUCT_THRESH,ORIGIN_MODIFICATION_TSTAMP,COMPANY_ID,UPDATE_DATE,CREATION_DATE,IDX,FUTURE_AVAILABLE_QUANTITY,FIRST_FUTURE_AVAILABLE_DATE,FUTURE_AVAILABLE_DATE,IDX_2) values ('0006','000000000101163233','100',null,'0','0',to_date('08/06/2016','DD/MM/YYYY'),'001',to_date('08/06/2016','DD/MM/YYYY'),to_date('04/03/2016','DD/MM/YYYY'),null,'999999993',to_date('29/05/2018','DD/MM/YYYY'),to_date('29/05/2018','DD/MM/YYYY'),'96161');
Insert into ECI_INVENTORY (CENTRE_ID,CATALOG_REF_ID,ON_HAND_AVAILABLE_QUANTITY,UNIT_OF_MEASURE,MAX_PER_ORDER_THRESH,SPECIAL_PRODUCT_THRESH,ORIGIN_MODIFICATION_TSTAMP,COMPANY_ID,UPDATE_DATE,CREATION_DATE,IDX,FUTURE_AVAILABLE_QUANTITY,FIRST_FUTURE_AVAILABLE_DATE,FUTURE_AVAILABLE_DATE,IDX_2) values ('0006','000000000105792282','100',null,'0','0',to_date('08/06/2016','DD/MM/YYYY'),'001',to_date('08/06/2016','DD/MM/YYYY'),to_date('04/03/2016','DD/MM/YYYY'),null,'999999993',to_date('29/05/2018','DD/MM/YYYY'),to_date('29/05/2018','DD/MM/YYYY'),'96161');
Insert into ECI_INVENTORY (CENTRE_ID,CATALOG_REF_ID,ON_HAND_AVAILABLE_QUANTITY,UNIT_OF_MEASURE,MAX_PER_ORDER_THRESH,SPECIAL_PRODUCT_THRESH,ORIGIN_MODIFICATION_TSTAMP,COMPANY_ID,UPDATE_DATE,CREATION_DATE,IDX,FUTURE_AVAILABLE_QUANTITY,FIRST_FUTURE_AVAILABLE_DATE,FUTURE_AVAILABLE_DATE,IDX_2) values ('0006','000000000105792283','100',null,'0','0',to_date('08/06/2016','DD/MM/YYYY'),'001',to_date('08/06/2016','DD/MM/YYYY'),to_date('04/03/2016','DD/MM/YYYY'),null,'999999993',to_date('29/05/2018','DD/MM/YYYY'),to_date('29/05/2018','DD/MM/YYYY'),'96161');
Insert into ECI_INVENTORY (CENTRE_ID,CATALOG_REF_ID,ON_HAND_AVAILABLE_QUANTITY,UNIT_OF_MEASURE,MAX_PER_ORDER_THRESH,SPECIAL_PRODUCT_THRESH,ORIGIN_MODIFICATION_TSTAMP,COMPANY_ID,UPDATE_DATE,CREATION_DATE,IDX,FUTURE_AVAILABLE_QUANTITY,FIRST_FUTURE_AVAILABLE_DATE,FUTURE_AVAILABLE_DATE,IDX_2) values ('0006','000000000105792284','100',null,'0','0',to_date('08/06/2016','DD/MM/YYYY'),'001',to_date('08/06/2016','DD/MM/YYYY'),to_date('04/03/2016','DD/MM/YYYY'),null,'999999993',to_date('29/05/2018','DD/MM/YYYY'),to_date('29/05/2018','DD/MM/YYYY'),'96161');
Insert into ECI_INVENTORY (CENTRE_ID,CATALOG_REF_ID,ON_HAND_AVAILABLE_QUANTITY,UNIT_OF_MEASURE,MAX_PER_ORDER_THRESH,SPECIAL_PRODUCT_THRESH,ORIGIN_MODIFICATION_TSTAMP,COMPANY_ID,UPDATE_DATE,CREATION_DATE,IDX,FUTURE_AVAILABLE_QUANTITY,FIRST_FUTURE_AVAILABLE_DATE,FUTURE_AVAILABLE_DATE,IDX_2) values ('0006','000000000105792285','100',null,'0','0',to_date('08/06/2016','DD/MM/YYYY'),'001',to_date('08/06/2016','DD/MM/YYYY'),to_date('04/03/2016','DD/MM/YYYY'),null,'999999993',to_date('29/05/2018','DD/MM/YYYY'),to_date('29/05/2018','DD/MM/YYYY'),'96161');
Insert into ECI_INVENTORY (CENTRE_ID,CATALOG_REF_ID,ON_HAND_AVAILABLE_QUANTITY,UNIT_OF_MEASURE,MAX_PER_ORDER_THRESH,SPECIAL_PRODUCT_THRESH,ORIGIN_MODIFICATION_TSTAMP,COMPANY_ID,UPDATE_DATE,CREATION_DATE,IDX,FUTURE_AVAILABLE_QUANTITY,FIRST_FUTURE_AVAILABLE_DATE,FUTURE_AVAILABLE_DATE,IDX_2) values ('0006','000000000105792289','100',null,'0','0',to_date('08/06/2016','DD/MM/YYYY'),'001',to_date('08/06/2016','DD/MM/YYYY'),to_date('04/03/2016','DD/MM/YYYY'),null,'999999993',to_date('29/05/2018','DD/MM/YYYY'),to_date('29/05/2018','DD/MM/YYYY'),'96161');
Insert into ECI_INVENTORY (CENTRE_ID,CATALOG_REF_ID,ON_HAND_AVAILABLE_QUANTITY,UNIT_OF_MEASURE,MAX_PER_ORDER_THRESH,SPECIAL_PRODUCT_THRESH,ORIGIN_MODIFICATION_TSTAMP,COMPANY_ID,UPDATE_DATE,CREATION_DATE,IDX,FUTURE_AVAILABLE_QUANTITY,FIRST_FUTURE_AVAILABLE_DATE,FUTURE_AVAILABLE_DATE,IDX_2) values ('0006','000000000105792291','100',null,'0','0',to_date('08/06/2016','DD/MM/YYYY'),'001',to_date('08/06/2016','DD/MM/YYYY'),to_date('04/03/2016','DD/MM/YYYY'),null,'999999993',to_date('29/05/2018','DD/MM/YYYY'),to_date('29/05/2018','DD/MM/YYYY'),'96161');
Insert into ECI_INVENTORY (CENTRE_ID,CATALOG_REF_ID,ON_HAND_AVAILABLE_QUANTITY,UNIT_OF_MEASURE,MAX_PER_ORDER_THRESH,SPECIAL_PRODUCT_THRESH,ORIGIN_MODIFICATION_TSTAMP,COMPANY_ID,UPDATE_DATE,CREATION_DATE,IDX,FUTURE_AVAILABLE_QUANTITY,FIRST_FUTURE_AVAILABLE_DATE,FUTURE_AVAILABLE_DATE,IDX_2) values ('0006','000000000105792309','100',null,'0','0',to_date('08/06/2016','DD/MM/YYYY'),'001',to_date('08/06/2016','DD/MM/YYYY'),to_date('04/03/2016','DD/MM/YYYY'),null,'999999993',to_date('29/05/2018','DD/MM/YYYY'),to_date('29/05/2018','DD/MM/YYYY'),'96161');
Insert into ECI_INVENTORY (CENTRE_ID,CATALOG_REF_ID,ON_HAND_AVAILABLE_QUANTITY,UNIT_OF_MEASURE,MAX_PER_ORDER_THRESH,SPECIAL_PRODUCT_THRESH,ORIGIN_MODIFICATION_TSTAMP,COMPANY_ID,UPDATE_DATE,CREATION_DATE,IDX,FUTURE_AVAILABLE_QUANTITY,FIRST_FUTURE_AVAILABLE_DATE,FUTURE_AVAILABLE_DATE,IDX_2) values ('0006','000000000105792315','100',null,'0','0',to_date('08/06/2016','DD/MM/YYYY'),'001',to_date('08/06/2016','DD/MM/YYYY'),to_date('04/03/2016','DD/MM/YYYY'),null,'999999993',to_date('29/05/2018','DD/MM/YYYY'),to_date('29/05/2018','DD/MM/YYYY'),'96161');
Insert into ECI_INVENTORY (CENTRE_ID,CATALOG_REF_ID,ON_HAND_AVAILABLE_QUANTITY,UNIT_OF_MEASURE,MAX_PER_ORDER_THRESH,SPECIAL_PRODUCT_THRESH,ORIGIN_MODIFICATION_TSTAMP,COMPANY_ID,UPDATE_DATE,CREATION_DATE,IDX,FUTURE_AVAILABLE_QUANTITY,FIRST_FUTURE_AVAILABLE_DATE,FUTURE_AVAILABLE_DATE,IDX_2) values ('0006','000000000105792312','100',null,'0','0',to_date('08/06/2016','DD/MM/YYYY'),'001',to_date('08/06/2016','DD/MM/YYYY'),to_date('04/03/2016','DD/MM/YYYY'),null,'999999993',to_date('29/05/2018','DD/MM/YYYY'),to_date('29/05/2018','DD/MM/YYYY'),'96161');
Insert into ECI_INVENTORY (CENTRE_ID,CATALOG_REF_ID,ON_HAND_AVAILABLE_QUANTITY,UNIT_OF_MEASURE,MAX_PER_ORDER_THRESH,SPECIAL_PRODUCT_THRESH,ORIGIN_MODIFICATION_TSTAMP,COMPANY_ID,UPDATE_DATE,CREATION_DATE,IDX,FUTURE_AVAILABLE_QUANTITY,FIRST_FUTURE_AVAILABLE_DATE,FUTURE_AVAILABLE_DATE,IDX_2) values ('0006','000000000105792322','100',null,'0','0',to_date('08/06/2016','DD/MM/YYYY'),'001',to_date('08/06/2016','DD/MM/YYYY'),to_date('04/03/2016','DD/MM/YYYY'),null,'999999993',to_date('29/05/2018','DD/MM/YYYY'),to_date('29/05/2018','DD/MM/YYYY'),'96161');
Insert into ECI_INVENTORY (CENTRE_ID,CATALOG_REF_ID,ON_HAND_AVAILABLE_QUANTITY,UNIT_OF_MEASURE,MAX_PER_ORDER_THRESH,SPECIAL_PRODUCT_THRESH,ORIGIN_MODIFICATION_TSTAMP,COMPANY_ID,UPDATE_DATE,CREATION_DATE,IDX,FUTURE_AVAILABLE_QUANTITY,FIRST_FUTURE_AVAILABLE_DATE,FUTURE_AVAILABLE_DATE,IDX_2) values ('0006','000000000105887533','100',null,'0','0',to_date('08/06/2016','DD/MM/YYYY'),'001',to_date('08/06/2016','DD/MM/YYYY'),to_date('04/03/2016','DD/MM/YYYY'),null,'999999993',to_date('29/05/2018','DD/MM/YYYY'),to_date('29/05/2018','DD/MM/YYYY'),'96161');
Insert into ECI_INVENTORY (CENTRE_ID,CATALOG_REF_ID,ON_HAND_AVAILABLE_QUANTITY,UNIT_OF_MEASURE,MAX_PER_ORDER_THRESH,SPECIAL_PRODUCT_THRESH,ORIGIN_MODIFICATION_TSTAMP,COMPANY_ID,UPDATE_DATE,CREATION_DATE,IDX,FUTURE_AVAILABLE_QUANTITY,FIRST_FUTURE_AVAILABLE_DATE,FUTURE_AVAILABLE_DATE,IDX_2) values ('0006','000000000105865178','100',null,'0','0',to_date('08/06/2016','DD/MM/YYYY'),'001',to_date('08/06/2016','DD/MM/YYYY'),to_date('04/03/2016','DD/MM/YYYY'),null,'999999993',to_date('29/05/2018','DD/MM/YYYY'),to_date('29/05/2018','DD/MM/YYYY'),'96161');
Insert into ECI_INVENTORY (CENTRE_ID,CATALOG_REF_ID,ON_HAND_AVAILABLE_QUANTITY,UNIT_OF_MEASURE,MAX_PER_ORDER_THRESH,SPECIAL_PRODUCT_THRESH,ORIGIN_MODIFICATION_TSTAMP,COMPANY_ID,UPDATE_DATE,CREATION_DATE,IDX,FUTURE_AVAILABLE_QUANTITY,FIRST_FUTURE_AVAILABLE_DATE,FUTURE_AVAILABLE_DATE,IDX_2) values ('0006','000000000105863735','100',null,'0','0',to_date('08/06/2016','DD/MM/YYYY'),'001',to_date('08/06/2016','DD/MM/YYYY'),to_date('04/03/2016','DD/MM/YYYY'),null,'999999993',to_date('29/05/2018','DD/MM/YYYY'),to_date('29/05/2018','DD/MM/YYYY'),'96161');
Insert into ECI_INVENTORY (CENTRE_ID,CATALOG_REF_ID,ON_HAND_AVAILABLE_QUANTITY,UNIT_OF_MEASURE,MAX_PER_ORDER_THRESH,SPECIAL_PRODUCT_THRESH,ORIGIN_MODIFICATION_TSTAMP,COMPANY_ID,UPDATE_DATE,CREATION_DATE,IDX,FUTURE_AVAILABLE_QUANTITY,FIRST_FUTURE_AVAILABLE_DATE,FUTURE_AVAILABLE_DATE,IDX_2) values ('0006','000000000105863743','100',null,'0','0',to_date('08/06/2016','DD/MM/YYYY'),'001',to_date('08/06/2016','DD/MM/YYYY'),to_date('04/03/2016','DD/MM/YYYY'),null,'999999993',to_date('29/05/2018','DD/MM/YYYY'),to_date('29/05/2018','DD/MM/YYYY'),'96161');
Insert into ECI_INVENTORY (CENTRE_ID,CATALOG_REF_ID,ON_HAND_AVAILABLE_QUANTITY,UNIT_OF_MEASURE,MAX_PER_ORDER_THRESH,SPECIAL_PRODUCT_THRESH,ORIGIN_MODIFICATION_TSTAMP,COMPANY_ID,UPDATE_DATE,CREATION_DATE,IDX,FUTURE_AVAILABLE_QUANTITY,FIRST_FUTURE_AVAILABLE_DATE,FUTURE_AVAILABLE_DATE,IDX_2) values ('0006','000000000105863754','100',null,'0','0',to_date('08/06/2016','DD/MM/YYYY'),'001',to_date('08/06/2016','DD/MM/YYYY'),to_date('04/03/2016','DD/MM/YYYY'),null,'999999993',to_date('29/05/2018','DD/MM/YYYY'),to_date('29/05/2018','DD/MM/YYYY'),'96161');
Insert into ECI_INVENTORY (CENTRE_ID,CATALOG_REF_ID,ON_HAND_AVAILABLE_QUANTITY,UNIT_OF_MEASURE,MAX_PER_ORDER_THRESH,SPECIAL_PRODUCT_THRESH,ORIGIN_MODIFICATION_TSTAMP,COMPANY_ID,UPDATE_DATE,CREATION_DATE,IDX,FUTURE_AVAILABLE_QUANTITY,FIRST_FUTURE_AVAILABLE_DATE,FUTURE_AVAILABLE_DATE,IDX_2) values ('0006','000000000105863798','100',null,'0','0',to_date('08/06/2016','DD/MM/YYYY'),'001',to_date('08/06/2016','DD/MM/YYYY'),to_date('04/03/2016','DD/MM/YYYY'),null,'999999993',to_date('29/05/2018','DD/MM/YYYY'),to_date('29/05/2018','DD/MM/YYYY'),'96161');
Insert into ECI_INVENTORY (CENTRE_ID,CATALOG_REF_ID,ON_HAND_AVAILABLE_QUANTITY,UNIT_OF_MEASURE,MAX_PER_ORDER_THRESH,SPECIAL_PRODUCT_THRESH,ORIGIN_MODIFICATION_TSTAMP,COMPANY_ID,UPDATE_DATE,CREATION_DATE,IDX,FUTURE_AVAILABLE_QUANTITY,FIRST_FUTURE_AVAILABLE_DATE,FUTURE_AVAILABLE_DATE,IDX_2) values ('0006','000000000105863860','100',null,'0','0',to_date('08/06/2016','DD/MM/YYYY'),'001',to_date('08/06/2016','DD/MM/YYYY'),to_date('04/03/2016','DD/MM/YYYY'),null,'999999993',to_date('29/05/2018','DD/MM/YYYY'),to_date('29/05/2018','DD/MM/YYYY'),'96161');
Insert into ECI_INVENTORY (CENTRE_ID,CATALOG_REF_ID,ON_HAND_AVAILABLE_QUANTITY,UNIT_OF_MEASURE,MAX_PER_ORDER_THRESH,SPECIAL_PRODUCT_THRESH,ORIGIN_MODIFICATION_TSTAMP,COMPANY_ID,UPDATE_DATE,CREATION_DATE,IDX,FUTURE_AVAILABLE_QUANTITY,FIRST_FUTURE_AVAILABLE_DATE,FUTURE_AVAILABLE_DATE,IDX_2) values ('0006','000000000105864203','100',null,'0','0',to_date('08/06/2016','DD/MM/YYYY'),'001',to_date('08/06/2016','DD/MM/YYYY'),to_date('04/03/2016','DD/MM/YYYY'),null,'999999993',to_date('29/05/2018','DD/MM/YYYY'),to_date('29/05/2018','DD/MM/YYYY'),'96161');
Insert into ECI_INVENTORY (CENTRE_ID,CATALOG_REF_ID,ON_HAND_AVAILABLE_QUANTITY,UNIT_OF_MEASURE,MAX_PER_ORDER_THRESH,SPECIAL_PRODUCT_THRESH,ORIGIN_MODIFICATION_TSTAMP,COMPANY_ID,UPDATE_DATE,CREATION_DATE,IDX,FUTURE_AVAILABLE_QUANTITY,FIRST_FUTURE_AVAILABLE_DATE,FUTURE_AVAILABLE_DATE,IDX_2) values ('0006','000000000105865148','100',null,'0','0',to_date('08/06/2016','DD/MM/YYYY'),'001',to_date('08/06/2016','DD/MM/YYYY'),to_date('04/03/2016','DD/MM/YYYY'),null,'999999993',to_date('29/05/2018','DD/MM/YYYY'),to_date('29/05/2018','DD/MM/YYYY'),'96161');
Insert into ECI_INVENTORY (CENTRE_ID,CATALOG_REF_ID,ON_HAND_AVAILABLE_QUANTITY,UNIT_OF_MEASURE,MAX_PER_ORDER_THRESH,SPECIAL_PRODUCT_THRESH,ORIGIN_MODIFICATION_TSTAMP,COMPANY_ID,UPDATE_DATE,CREATION_DATE,IDX,FUTURE_AVAILABLE_QUANTITY,FIRST_FUTURE_AVAILABLE_DATE,FUTURE_AVAILABLE_DATE,IDX_2) values ('0006','000000000105865149','100',null,'0','0',to_date('08/06/2016','DD/MM/YYYY'),'001',to_date('08/06/2016','DD/MM/YYYY'),to_date('04/03/2016','DD/MM/YYYY'),null,'999999993',to_date('29/05/2018','DD/MM/YYYY'),to_date('29/05/2018','DD/MM/YYYY'),'96161');
Insert into ECI_INVENTORY (CENTRE_ID,CATALOG_REF_ID,ON_HAND_AVAILABLE_QUANTITY,UNIT_OF_MEASURE,MAX_PER_ORDER_THRESH,SPECIAL_PRODUCT_THRESH,ORIGIN_MODIFICATION_TSTAMP,COMPANY_ID,UPDATE_DATE,CREATION_DATE,IDX,FUTURE_AVAILABLE_QUANTITY,FIRST_FUTURE_AVAILABLE_DATE,FUTURE_AVAILABLE_DATE,IDX_2) values ('0006','000000000105865153','100',null,'0','0',to_date('08/06/2016','DD/MM/YYYY'),'001',to_date('08/06/2016','DD/MM/YYYY'),to_date('04/03/2016','DD/MM/YYYY'),null,'999999993',to_date('29/05/2018','DD/MM/YYYY'),to_date('29/05/2018','DD/MM/YYYY'),'96161');
Insert into ECI_INVENTORY (CENTRE_ID,CATALOG_REF_ID,ON_HAND_AVAILABLE_QUANTITY,UNIT_OF_MEASURE,MAX_PER_ORDER_THRESH,SPECIAL_PRODUCT_THRESH,ORIGIN_MODIFICATION_TSTAMP,COMPANY_ID,UPDATE_DATE,CREATION_DATE,IDX,FUTURE_AVAILABLE_QUANTITY,FIRST_FUTURE_AVAILABLE_DATE,FUTURE_AVAILABLE_DATE,IDX_2) values ('0006','000000000105865154','100',null,'0','0',to_date('08/06/2016','DD/MM/YYYY'),'001',to_date('08/06/2016','DD/MM/YYYY'),to_date('04/03/2016','DD/MM/YYYY'),null,'999999993',to_date('29/05/2018','DD/MM/YYYY'),to_date('29/05/2018','DD/MM/YYYY'),'96161');
-- PD00000460-10013820
Insert into ECI_INVENTORY (CENTRE_ID,CATALOG_REF_ID,ON_HAND_AVAILABLE_QUANTITY,UNIT_OF_MEASURE,MAX_PER_ORDER_THRESH,SPECIAL_PRODUCT_THRESH,ORIGIN_MODIFICATION_TSTAMP,COMPANY_ID,UPDATE_DATE,CREATION_DATE,IDX,FUTURE_AVAILABLE_QUANTITY,FIRST_FUTURE_AVAILABLE_DATE,FUTURE_AVAILABLE_DATE,IDX_2) values ('0616','000000000105903186','100',null,'0','0',to_date('08/06/2016','DD/MM/YYYY'),'001',to_date('08/06/2016','DD/MM/YYYY'),to_date('04/03/2016','DD/MM/YYYY'),null,'999999993',to_date('29/05/2018','DD/MM/YYYY'),to_date('29/05/2018','DD/MM/YYYY'),'96161');
Insert into ECI_INVENTORY (CENTRE_ID,CATALOG_REF_ID,ON_HAND_AVAILABLE_QUANTITY,UNIT_OF_MEASURE,MAX_PER_ORDER_THRESH,SPECIAL_PRODUCT_THRESH,ORIGIN_MODIFICATION_TSTAMP,COMPANY_ID,UPDATE_DATE,CREATION_DATE,IDX,FUTURE_AVAILABLE_QUANTITY,FIRST_FUTURE_AVAILABLE_DATE,FUTURE_AVAILABLE_DATE,IDX_2) values ('0733','000000000105903186','100',null,'0','0',to_date('08/06/2016','DD/MM/YYYY'),'001',to_date('08/06/2016','DD/MM/YYYY'),to_date('04/03/2016','DD/MM/YYYY'),null,'999999993',to_date('29/05/2018','DD/MM/YYYY'),to_date('29/05/2018','DD/MM/YYYY'),'96161');
Insert into ECI_INVENTORY (CENTRE_ID,CATALOG_REF_ID,ON_HAND_AVAILABLE_QUANTITY,UNIT_OF_MEASURE,MAX_PER_ORDER_THRESH,SPECIAL_PRODUCT_THRESH,ORIGIN_MODIFICATION_TSTAMP,COMPANY_ID,UPDATE_DATE,CREATION_DATE,IDX,FUTURE_AVAILABLE_QUANTITY,FIRST_FUTURE_AVAILABLE_DATE,FUTURE_AVAILABLE_DATE,IDX_2) values ('0616','000000000105861225','100',null,'0','0',to_date('08/06/2016','DD/MM/YYYY'),'001',to_date('08/06/2016','DD/MM/YYYY'),to_date('04/03/2016','DD/MM/YYYY'),null,'999999993',to_date('29/05/2018','DD/MM/YYYY'),to_date('29/05/2018','DD/MM/YYYY'),'96161');
Insert into ECI_INVENTORY (CENTRE_ID,CATALOG_REF_ID,ON_HAND_AVAILABLE_QUANTITY,UNIT_OF_MEASURE,MAX_PER_ORDER_THRESH,SPECIAL_PRODUCT_THRESH,ORIGIN_MODIFICATION_TSTAMP,COMPANY_ID,UPDATE_DATE,CREATION_DATE,IDX,FUTURE_AVAILABLE_QUANTITY,FIRST_FUTURE_AVAILABLE_DATE,FUTURE_AVAILABLE_DATE,IDX_2) values ('0733','000000000105861225','100',null,'0','0',to_date('08/06/2016','DD/MM/YYYY'),'001',to_date('08/06/2016','DD/MM/YYYY'),to_date('04/03/2016','DD/MM/YYYY'),null,'999999993',to_date('29/05/2018','DD/MM/YYYY'),to_date('29/05/2018','DD/MM/YYYY'),'96161');
Insert into ECI_INVENTORY (CENTRE_ID,CATALOG_REF_ID,ON_HAND_AVAILABLE_QUANTITY,UNIT_OF_MEASURE,MAX_PER_ORDER_THRESH,SPECIAL_PRODUCT_THRESH,ORIGIN_MODIFICATION_TSTAMP,COMPANY_ID,UPDATE_DATE,CREATION_DATE,IDX,FUTURE_AVAILABLE_QUANTITY,FIRST_FUTURE_AVAILABLE_DATE,FUTURE_AVAILABLE_DATE,IDX_2) values ('0616','000000000105861139','100',null,'0','0',to_date('08/06/2016','DD/MM/YYYY'),'001',to_date('08/06/2016','DD/MM/YYYY'),to_date('04/03/2016','DD/MM/YYYY'),null,'999999993',to_date('29/05/2018','DD/MM/YYYY'),to_date('29/05/2018','DD/MM/YYYY'),'96161');
Insert into ECI_INVENTORY (CENTRE_ID,CATALOG_REF_ID,ON_HAND_AVAILABLE_QUANTITY,UNIT_OF_MEASURE,MAX_PER_ORDER_THRESH,SPECIAL_PRODUCT_THRESH,ORIGIN_MODIFICATION_TSTAMP,COMPANY_ID,UPDATE_DATE,CREATION_DATE,IDX,FUTURE_AVAILABLE_QUANTITY,FIRST_FUTURE_AVAILABLE_DATE,FUTURE_AVAILABLE_DATE,IDX_2) values ('0733','000000000105861139','100',null,'0','0',to_date('08/06/2016','DD/MM/YYYY'),'001',to_date('08/06/2016','DD/MM/YYYY'),to_date('04/03/2016','DD/MM/YYYY'),null,'999999993',to_date('29/05/2018','DD/MM/YYYY'),to_date('29/05/2018','DD/MM/YYYY'),'96161');
Insert into ECI_INVENTORY (CENTRE_ID,CATALOG_REF_ID,ON_HAND_AVAILABLE_QUANTITY,UNIT_OF_MEASURE,MAX_PER_ORDER_THRESH,SPECIAL_PRODUCT_THRESH,ORIGIN_MODIFICATION_TSTAMP,COMPANY_ID,UPDATE_DATE,CREATION_DATE,IDX,FUTURE_AVAILABLE_QUANTITY,FIRST_FUTURE_AVAILABLE_DATE,FUTURE_AVAILABLE_DATE,IDX_2) values ('0616','000000000105891845','100',null,'0','0',to_date('08/06/2016','DD/MM/YYYY'),'001',to_date('08/06/2016','DD/MM/YYYY'),to_date('04/03/2016','DD/MM/YYYY'),null,'999999993',to_date('29/05/2018','DD/MM/YYYY'),to_date('29/05/2018','DD/MM/YYYY'),'96161');
Insert into ECI_INVENTORY (CENTRE_ID,CATALOG_REF_ID,ON_HAND_AVAILABLE_QUANTITY,UNIT_OF_MEASURE,MAX_PER_ORDER_THRESH,SPECIAL_PRODUCT_THRESH,ORIGIN_MODIFICATION_TSTAMP,COMPANY_ID,UPDATE_DATE,CREATION_DATE,IDX,FUTURE_AVAILABLE_QUANTITY,FIRST_FUTURE_AVAILABLE_DATE,FUTURE_AVAILABLE_DATE,IDX_2) values ('0733','000000000105891845','100',null,'0','0',to_date('08/06/2016','DD/MM/YYYY'),'001',to_date('08/06/2016','DD/MM/YYYY'),to_date('04/03/2016','DD/MM/YYYY'),null,'999999993',to_date('29/05/2018','DD/MM/YYYY'),to_date('29/05/2018','DD/MM/YYYY'),'96161');
--       PD00000460-10013904
Insert into ECI_INVENTORY (CENTRE_ID,CATALOG_REF_ID,ON_HAND_AVAILABLE_QUANTITY,UNIT_OF_MEASURE,MAX_PER_ORDER_THRESH,SPECIAL_PRODUCT_THRESH,ORIGIN_MODIFICATION_TSTAMP,COMPANY_ID,UPDATE_DATE,CREATION_DATE,IDX,FUTURE_AVAILABLE_QUANTITY,FIRST_FUTURE_AVAILABLE_DATE,FUTURE_AVAILABLE_DATE,IDX_2) values ('0616','000000000105809444','100',null,'0','0',to_date('08/06/2016','DD/MM/YYYY'),'001',to_date('08/06/2016','DD/MM/YYYY'),to_date('04/03/2016','DD/MM/YYYY'),null,'999999993',to_date('29/05/2018','DD/MM/YYYY'),to_date('29/05/2018','DD/MM/YYYY'),'96161');
Insert into ECI_INVENTORY (CENTRE_ID,CATALOG_REF_ID,ON_HAND_AVAILABLE_QUANTITY,UNIT_OF_MEASURE,MAX_PER_ORDER_THRESH,SPECIAL_PRODUCT_THRESH,ORIGIN_MODIFICATION_TSTAMP,COMPANY_ID,UPDATE_DATE,CREATION_DATE,IDX,FUTURE_AVAILABLE_QUANTITY,FIRST_FUTURE_AVAILABLE_DATE,FUTURE_AVAILABLE_DATE,IDX_2) values ('0733','000000000105809444','100',null,'0','0',to_date('08/06/2016','DD/MM/YYYY'),'001',to_date('08/06/2016','DD/MM/YYYY'),to_date('04/03/2016','DD/MM/YYYY'),null,'999999993',to_date('29/05/2018','DD/MM/YYYY'),to_date('29/05/2018','DD/MM/YYYY'),'96161');
Insert into ECI_INVENTORY (CENTRE_ID,CATALOG_REF_ID,ON_HAND_AVAILABLE_QUANTITY,UNIT_OF_MEASURE,MAX_PER_ORDER_THRESH,SPECIAL_PRODUCT_THRESH,ORIGIN_MODIFICATION_TSTAMP,COMPANY_ID,UPDATE_DATE,CREATION_DATE,IDX,FUTURE_AVAILABLE_QUANTITY,FIRST_FUTURE_AVAILABLE_DATE,FUTURE_AVAILABLE_DATE,IDX_2) values ('0616','000000000101163020','100',null,'0','0',to_date('04/03/2016','DD/MM/YYYY'),'001',to_date('04/03/2016','DD/MM/YYYY'),to_date('04/03/2016','DD/MM/YYYY'),null,'999999996',to_date('22/02/2018','DD/MM/YYYY'),to_date('22/02/2018','DD/MM/YYYY'),'64838');
Insert into ECI_INVENTORY (CENTRE_ID,CATALOG_REF_ID,ON_HAND_AVAILABLE_QUANTITY,UNIT_OF_MEASURE,MAX_PER_ORDER_THRESH,SPECIAL_PRODUCT_THRESH,ORIGIN_MODIFICATION_TSTAMP,COMPANY_ID,UPDATE_DATE,CREATION_DATE,IDX,FUTURE_AVAILABLE_QUANTITY,FIRST_FUTURE_AVAILABLE_DATE,FUTURE_AVAILABLE_DATE,IDX_2) values ('0733','000000000101163020','100',null,'0','0',to_date('04/03/2016','DD/MM/YYYY'),'001',to_date('04/03/2016','DD/MM/YYYY'),to_date('04/03/2016','DD/MM/YYYY'),null,'999999996',to_date('22/02/2018','DD/MM/YYYY'),to_date('22/02/2018','DD/MM/YYYY'),'64838');
Insert into ECI_INVENTORY (CENTRE_ID,CATALOG_REF_ID,ON_HAND_AVAILABLE_QUANTITY,UNIT_OF_MEASURE,MAX_PER_ORDER_THRESH,SPECIAL_PRODUCT_THRESH,ORIGIN_MODIFICATION_TSTAMP,COMPANY_ID,UPDATE_DATE,CREATION_DATE,IDX,FUTURE_AVAILABLE_QUANTITY,FIRST_FUTURE_AVAILABLE_DATE,FUTURE_AVAILABLE_DATE,IDX_2) values ('0616','000000000101163022','100',null,'0','0',to_date('08/06/2016','DD/MM/YYYY'),'001',to_date('08/06/2016','DD/MM/YYYY'),to_date('04/03/2016','DD/MM/YYYY'),null,'999999993',to_date('29/05/2018','DD/MM/YYYY'),to_date('29/05/2018','DD/MM/YYYY'),'96161');
Insert into ECI_INVENTORY (CENTRE_ID,CATALOG_REF_ID,ON_HAND_AVAILABLE_QUANTITY,UNIT_OF_MEASURE,MAX_PER_ORDER_THRESH,SPECIAL_PRODUCT_THRESH,ORIGIN_MODIFICATION_TSTAMP,COMPANY_ID,UPDATE_DATE,CREATION_DATE,IDX,FUTURE_AVAILABLE_QUANTITY,FIRST_FUTURE_AVAILABLE_DATE,FUTURE_AVAILABLE_DATE,IDX_2) values ('0733','000000000101163022','100',null,'0','0',to_date('08/06/2016','DD/MM/YYYY'),'001',to_date('08/06/2016','DD/MM/YYYY'),to_date('04/03/2016','DD/MM/YYYY'),null,'999999993',to_date('29/05/2018','DD/MM/YYYY'),to_date('29/05/2018','DD/MM/YYYY'),'96161');
Insert into ECI_INVENTORY (CENTRE_ID,CATALOG_REF_ID,ON_HAND_AVAILABLE_QUANTITY,UNIT_OF_MEASURE,MAX_PER_ORDER_THRESH,SPECIAL_PRODUCT_THRESH,ORIGIN_MODIFICATION_TSTAMP,COMPANY_ID,UPDATE_DATE,CREATION_DATE,IDX,FUTURE_AVAILABLE_QUANTITY,FIRST_FUTURE_AVAILABLE_DATE,FUTURE_AVAILABLE_DATE,IDX_2) values ('0616','000000000101163023','100',null,'0','0',to_date('08/06/2016','DD/MM/YYYY'),'001',to_date('08/06/2016','DD/MM/YYYY'),to_date('04/03/2016','DD/MM/YYYY'),null,'999999993',to_date('29/05/2018','DD/MM/YYYY'),to_date('29/05/2018','DD/MM/YYYY'),'96161');
Insert into ECI_INVENTORY (CENTRE_ID,CATALOG_REF_ID,ON_HAND_AVAILABLE_QUANTITY,UNIT_OF_MEASURE,MAX_PER_ORDER_THRESH,SPECIAL_PRODUCT_THRESH,ORIGIN_MODIFICATION_TSTAMP,COMPANY_ID,UPDATE_DATE,CREATION_DATE,IDX,FUTURE_AVAILABLE_QUANTITY,FIRST_FUTURE_AVAILABLE_DATE,FUTURE_AVAILABLE_DATE,IDX_2) values ('0733','000000000101163023','100',null,'0','0',to_date('08/06/2016','DD/MM/YYYY'),'001',to_date('08/06/2016','DD/MM/YYYY'),to_date('04/03/2016','DD/MM/YYYY'),null,'999999993',to_date('29/05/2018','DD/MM/YYYY'),to_date('29/05/2018','DD/MM/YYYY'),'96161');
Insert into ECI_INVENTORY (CENTRE_ID,CATALOG_REF_ID,ON_HAND_AVAILABLE_QUANTITY,UNIT_OF_MEASURE,MAX_PER_ORDER_THRESH,SPECIAL_PRODUCT_THRESH,ORIGIN_MODIFICATION_TSTAMP,COMPANY_ID,UPDATE_DATE,CREATION_DATE,IDX,FUTURE_AVAILABLE_QUANTITY,FIRST_FUTURE_AVAILABLE_DATE,FUTURE_AVAILABLE_DATE,IDX_2) values ('0616','000000000101163233','100',null,'0','0',to_date('08/06/2016','DD/MM/YYYY'),'001',to_date('08/06/2016','DD/MM/YYYY'),to_date('04/03/2016','DD/MM/YYYY'),null,'999999993',to_date('29/05/2018','DD/MM/YYYY'),to_date('29/05/2018','DD/MM/YYYY'),'96161');
Insert into ECI_INVENTORY (CENTRE_ID,CATALOG_REF_ID,ON_HAND_AVAILABLE_QUANTITY,UNIT_OF_MEASURE,MAX_PER_ORDER_THRESH,SPECIAL_PRODUCT_THRESH,ORIGIN_MODIFICATION_TSTAMP,COMPANY_ID,UPDATE_DATE,CREATION_DATE,IDX,FUTURE_AVAILABLE_QUANTITY,FIRST_FUTURE_AVAILABLE_DATE,FUTURE_AVAILABLE_DATE,IDX_2) values ('0733','000000000101163233','100',null,'0','0',to_date('08/06/2016','DD/MM/YYYY'),'001',to_date('08/06/2016','DD/MM/YYYY'),to_date('04/03/2016','DD/MM/YYYY'),null,'999999993',to_date('29/05/2018','DD/MM/YYYY'),to_date('29/05/2018','DD/MM/YYYY'),'96161');
Insert into ECI_INVENTORY (CENTRE_ID,CATALOG_REF_ID,ON_HAND_AVAILABLE_QUANTITY,UNIT_OF_MEASURE,MAX_PER_ORDER_THRESH,SPECIAL_PRODUCT_THRESH,ORIGIN_MODIFICATION_TSTAMP,COMPANY_ID,UPDATE_DATE,CREATION_DATE,IDX,FUTURE_AVAILABLE_QUANTITY,FIRST_FUTURE_AVAILABLE_DATE,FUTURE_AVAILABLE_DATE,IDX_2) values ('0616','000000000105792282','100',null,'0','0',to_date('08/06/2016','DD/MM/YYYY'),'001',to_date('08/06/2016','DD/MM/YYYY'),to_date('04/03/2016','DD/MM/YYYY'),null,'999999993',to_date('29/05/2018','DD/MM/YYYY'),to_date('29/05/2018','DD/MM/YYYY'),'96161');
Insert into ECI_INVENTORY (CENTRE_ID,CATALOG_REF_ID,ON_HAND_AVAILABLE_QUANTITY,UNIT_OF_MEASURE,MAX_PER_ORDER_THRESH,SPECIAL_PRODUCT_THRESH,ORIGIN_MODIFICATION_TSTAMP,COMPANY_ID,UPDATE_DATE,CREATION_DATE,IDX,FUTURE_AVAILABLE_QUANTITY,FIRST_FUTURE_AVAILABLE_DATE,FUTURE_AVAILABLE_DATE,IDX_2) values ('0733','000000000105792282','100',null,'0','0',to_date('08/06/2016','DD/MM/YYYY'),'001',to_date('08/06/2016','DD/MM/YYYY'),to_date('04/03/2016','DD/MM/YYYY'),null,'999999993',to_date('29/05/2018','DD/MM/YYYY'),to_date('29/05/2018','DD/MM/YYYY'),'96161');
Insert into ECI_INVENTORY (CENTRE_ID,CATALOG_REF_ID,ON_HAND_AVAILABLE_QUANTITY,UNIT_OF_MEASURE,MAX_PER_ORDER_THRESH,SPECIAL_PRODUCT_THRESH,ORIGIN_MODIFICATION_TSTAMP,COMPANY_ID,UPDATE_DATE,CREATION_DATE,IDX,FUTURE_AVAILABLE_QUANTITY,FIRST_FUTURE_AVAILABLE_DATE,FUTURE_AVAILABLE_DATE,IDX_2) values ('0616','000000000105792283','100',null,'0','0',to_date('08/06/2016','DD/MM/YYYY'),'001',to_date('08/06/2016','DD/MM/YYYY'),to_date('04/03/2016','DD/MM/YYYY'),null,'999999993',to_date('29/05/2018','DD/MM/YYYY'),to_date('29/05/2018','DD/MM/YYYY'),'96161');
Insert into ECI_INVENTORY (CENTRE_ID,CATALOG_REF_ID,ON_HAND_AVAILABLE_QUANTITY,UNIT_OF_MEASURE,MAX_PER_ORDER_THRESH,SPECIAL_PRODUCT_THRESH,ORIGIN_MODIFICATION_TSTAMP,COMPANY_ID,UPDATE_DATE,CREATION_DATE,IDX,FUTURE_AVAILABLE_QUANTITY,FIRST_FUTURE_AVAILABLE_DATE,FUTURE_AVAILABLE_DATE,IDX_2) values ('0733','000000000105792283','100',null,'0','0',to_date('08/06/2016','DD/MM/YYYY'),'001',to_date('08/06/2016','DD/MM/YYYY'),to_date('04/03/2016','DD/MM/YYYY'),null,'999999993',to_date('29/05/2018','DD/MM/YYYY'),to_date('29/05/2018','DD/MM/YYYY'),'96161');
Insert into ECI_INVENTORY (CENTRE_ID,CATALOG_REF_ID,ON_HAND_AVAILABLE_QUANTITY,UNIT_OF_MEASURE,MAX_PER_ORDER_THRESH,SPECIAL_PRODUCT_THRESH,ORIGIN_MODIFICATION_TSTAMP,COMPANY_ID,UPDATE_DATE,CREATION_DATE,IDX,FUTURE_AVAILABLE_QUANTITY,FIRST_FUTURE_AVAILABLE_DATE,FUTURE_AVAILABLE_DATE,IDX_2) values ('0616','000000000105792284','100',null,'0','0',to_date('08/06/2016','DD/MM/YYYY'),'001',to_date('08/06/2016','DD/MM/YYYY'),to_date('04/03/2016','DD/MM/YYYY'),null,'999999993',to_date('29/05/2018','DD/MM/YYYY'),to_date('29/05/2018','DD/MM/YYYY'),'96161');
Insert into ECI_INVENTORY (CENTRE_ID,CATALOG_REF_ID,ON_HAND_AVAILABLE_QUANTITY,UNIT_OF_MEASURE,MAX_PER_ORDER_THRESH,SPECIAL_PRODUCT_THRESH,ORIGIN_MODIFICATION_TSTAMP,COMPANY_ID,UPDATE_DATE,CREATION_DATE,IDX,FUTURE_AVAILABLE_QUANTITY,FIRST_FUTURE_AVAILABLE_DATE,FUTURE_AVAILABLE_DATE,IDX_2) values ('0733','000000000105792284','100',null,'0','0',to_date('08/06/2016','DD/MM/YYYY'),'001',to_date('08/06/2016','DD/MM/YYYY'),to_date('04/03/2016','DD/MM/YYYY'),null,'999999993',to_date('29/05/2018','DD/MM/YYYY'),to_date('29/05/2018','DD/MM/YYYY'),'96161');
Insert into ECI_INVENTORY (CENTRE_ID,CATALOG_REF_ID,ON_HAND_AVAILABLE_QUANTITY,UNIT_OF_MEASURE,MAX_PER_ORDER_THRESH,SPECIAL_PRODUCT_THRESH,ORIGIN_MODIFICATION_TSTAMP,COMPANY_ID,UPDATE_DATE,CREATION_DATE,IDX,FUTURE_AVAILABLE_QUANTITY,FIRST_FUTURE_AVAILABLE_DATE,FUTURE_AVAILABLE_DATE,IDX_2) values ('0616','000000000105792285','100',null,'0','0',to_date('08/06/2016','DD/MM/YYYY'),'001',to_date('08/06/2016','DD/MM/YYYY'),to_date('04/03/2016','DD/MM/YYYY'),null,'999999993',to_date('29/05/2018','DD/MM/YYYY'),to_date('29/05/2018','DD/MM/YYYY'),'96161');
Insert into ECI_INVENTORY (CENTRE_ID,CATALOG_REF_ID,ON_HAND_AVAILABLE_QUANTITY,UNIT_OF_MEASURE,MAX_PER_ORDER_THRESH,SPECIAL_PRODUCT_THRESH,ORIGIN_MODIFICATION_TSTAMP,COMPANY_ID,UPDATE_DATE,CREATION_DATE,IDX,FUTURE_AVAILABLE_QUANTITY,FIRST_FUTURE_AVAILABLE_DATE,FUTURE_AVAILABLE_DATE,IDX_2) values ('0733','000000000105792285','100',null,'0','0',to_date('08/06/2016','DD/MM/YYYY'),'001',to_date('08/06/2016','DD/MM/YYYY'),to_date('04/03/2016','DD/MM/YYYY'),null,'999999993',to_date('29/05/2018','DD/MM/YYYY'),to_date('29/05/2018','DD/MM/YYYY'),'96161');
Insert into ECI_INVENTORY (CENTRE_ID,CATALOG_REF_ID,ON_HAND_AVAILABLE_QUANTITY,UNIT_OF_MEASURE,MAX_PER_ORDER_THRESH,SPECIAL_PRODUCT_THRESH,ORIGIN_MODIFICATION_TSTAMP,COMPANY_ID,UPDATE_DATE,CREATION_DATE,IDX,FUTURE_AVAILABLE_QUANTITY,FIRST_FUTURE_AVAILABLE_DATE,FUTURE_AVAILABLE_DATE,IDX_2) values ('0616','000000000105865178','100',null,'0','0',to_date('08/06/2016','DD/MM/YYYY'),'001',to_date('08/06/2016','DD/MM/YYYY'),to_date('04/03/2016','DD/MM/YYYY'),null,'999999993',to_date('29/05/2018','DD/MM/YYYY'),to_date('29/05/2018','DD/MM/YYYY'),'96161');
Insert into ECI_INVENTORY (CENTRE_ID,CATALOG_REF_ID,ON_HAND_AVAILABLE_QUANTITY,UNIT_OF_MEASURE,MAX_PER_ORDER_THRESH,SPECIAL_PRODUCT_THRESH,ORIGIN_MODIFICATION_TSTAMP,COMPANY_ID,UPDATE_DATE,CREATION_DATE,IDX,FUTURE_AVAILABLE_QUANTITY,FIRST_FUTURE_AVAILABLE_DATE,FUTURE_AVAILABLE_DATE,IDX_2) values ('0733','000000000105865178','100',null,'0','0',to_date('08/06/2016','DD/MM/YYYY'),'001',to_date('08/06/2016','DD/MM/YYYY'),to_date('04/03/2016','DD/MM/YYYY'),null,'999999993',to_date('29/05/2018','DD/MM/YYYY'),to_date('29/05/2018','DD/MM/YYYY'),'96161');
Insert into ECI_INVENTORY (CENTRE_ID,CATALOG_REF_ID,ON_HAND_AVAILABLE_QUANTITY,UNIT_OF_MEASURE,MAX_PER_ORDER_THRESH,SPECIAL_PRODUCT_THRESH,ORIGIN_MODIFICATION_TSTAMP,COMPANY_ID,UPDATE_DATE,CREATION_DATE,IDX,FUTURE_AVAILABLE_QUANTITY,FIRST_FUTURE_AVAILABLE_DATE,FUTURE_AVAILABLE_DATE,IDX_2) values ('0616','000000000105863958','100',null,'0','0',to_date('08/06/2016','DD/MM/YYYY'),'001',to_date('08/06/2016','DD/MM/YYYY'),to_date('04/03/2016','DD/MM/YYYY'),null,'999999993',to_date('29/05/2018','DD/MM/YYYY'),to_date('29/05/2018','DD/MM/YYYY'),'96161');
Insert into ECI_INVENTORY (CENTRE_ID,CATALOG_REF_ID,ON_HAND_AVAILABLE_QUANTITY,UNIT_OF_MEASURE,MAX_PER_ORDER_THRESH,SPECIAL_PRODUCT_THRESH,ORIGIN_MODIFICATION_TSTAMP,COMPANY_ID,UPDATE_DATE,CREATION_DATE,IDX,FUTURE_AVAILABLE_QUANTITY,FIRST_FUTURE_AVAILABLE_DATE,FUTURE_AVAILABLE_DATE,IDX_2) values ('0733','000000000105863958','100',null,'0','0',to_date('08/06/2016','DD/MM/YYYY'),'001',to_date('08/06/2016','DD/MM/YYYY'),to_date('04/03/2016','DD/MM/YYYY'),null,'999999993',to_date('29/05/2018','DD/MM/YYYY'),to_date('29/05/2018','DD/MM/YYYY'),'96161');


commit;
-------------------------------------------------